[Connect DataFile][2.1]
Date:	23/04/2026
Time:	09:02:07
Unit:	°C
Resolution:	60,000/0,100
Values:	12
SnapshotTrigger:	0	0,0
MeasurementTrigger:	0	0,0
Time	TProc	TInt	TBox	TAvg	T_2C	T_1C	Attenuation	Eps.	Value	Vcc	TAmb	TAct	CompressionIdx	Time absolute	ImageIdx	ImageValue
000:00:00,000	-50,0	18,5	17,1	-50,0	0,0	0,0	0,0	0,950	0,000	5009,519	0,0	-50,0		09:02:07:724		
000:01:00,000	-50,0	18,9	17,6	-50,0	0,0	0,0	0,0	0,950	0,000	5012,178	0,0	-50,0		09:03:07:724		
000:02:00,000	-50,0	19,1	17,9	-50,0	0,0	0,0	0,0	0,950	0,000	5016,065	0,0	-50,0		09:04:07:724		
000:03:00,000	-50,0	19,0	18,0	-50,0	0,0	0,0	0,0	0,950	0,000	5012,376	0,0	-50,0		09:05:07:724		
000:04:00,000	-50,0	19,4	18,2	-50,0	0,0	0,0	0,0	0,950	0,000	5011,713	0,0	-50,0		09:06:07:724		
000:05:00,000	-50,0	19,7	18,4	-50,0	0,0	0,0	0,0	0,950	0,000	5011,596	0,0	-50,0		09:07:07:724		
000:06:00,000	-50,0	19,9	18,7	-50,0	0,0	0,0	0,0	0,950	0,000	5011,574	0,0	-50,0		09:08:07:724		
000:07:00,000	-50,0	20,0	18,8	-50,0	0,0	0,0	0,0	0,950	0,000	5013,315	0,0	-50,0		09:09:07:724		
000:08:00,000	-50,0	19,3	18,8	-50,0	0,0	0,0	0,0	0,950	0,000	5011,694	0,0	-50,0		09:10:07:724		
000:09:00,000	-50,0	19,0	18,6	-50,0	0,0	0,0	0,0	0,950	0,000	5011,250	0,0	-50,0		09:11:07:724		
000:10:00,000	-50,0	18,9	18,5	-50,0	0,0	0,0	0,0	0,950	0,000	5010,514	0,0	-50,0		09:12:07:724		
000:11:00,000	-50,0	18,7	18,3	-50,0	0,0	0,0	0,0	0,950	0,000	5009,917	0,0	-50,0		09:13:07:724		
000:12:00,000	-50,0	18,6	18,2	-50,0	0,0	0,0	0,0	0,950	0,000	5013,352	0,0	-50,0		09:14:07:724		
000:13:00,000	-50,0	18,4	18,1	-50,0	0,0	0,0	0,0	0,950	0,000	5011,241	0,0	-50,0		09:15:07:724		
000:14:00,000	-50,0	18,5	18,1	-50,0	0,0	0,0	0,0	0,950	0,000	5013,954	0,0	-50,0		09:16:07:724		
000:15:00,000	-50,0	18,6	18,1	-50,0	0,0	0,0	0,0	0,950	0,000	5011,376	0,0	-50,0		09:17:07:724		
000:16:00,000	-50,0	18,7	18,1	-50,0	0,0	0,0	0,0	0,950	0,000	5011,561	0,0	-50,0		09:18:07:724		
000:17:00,000	-50,0	18,7	18,1	-50,0	0,0	0,0	0,0	0,950	0,000	5013,176	0,0	-50,0		09:19:07:724		
000:18:00,000	-50,0	18,7	18,1	-50,0	0,0	0,0	0,0	0,950	0,000	5010,991	0,0	-50,0		09:20:07:724		
000:19:00,000	-50,0	18,6	18,1	-50,0	0,0	0,0	0,0	0,950	0,000	5011,389	0,0	-50,0		09:21:07:724		
000:20:00,000	-50,0	18,5	18,1	-50,0	0,0	0,0	0,0	0,950	0,000	5010,954	0,0	-50,0		09:22:07:724		
000:21:00,000	-50,0	18,5	18,1	-50,0	0,0	0,0	0,0	0,950	0,000	5011,222	0,0	-50,0		09:23:07:724		
000:22:00,000	-50,0	18,3	18,1	-50,0	0,0	0,0	0,0	0,950	0,000	5011,916	0,0	-50,0		09:24:07:724		
000:23:00,000	-50,0	18,2	18,0	-50,0	0,0	0,0	0,0	0,950	0,000	5011,355	0,0	-50,0		09:25:07:724		
000:24:00,000	-50,0	18,7	18,0	-50,0	0,0	0,0	0,0	0,950	0,000	5009,704	0,0	-50,0		09:26:07:724		
000:25:00,000	-50,0	19,2	18,2	-50,0	0,0	0,0	0,0	0,950	0,000	5011,262	0,0	-50,0		09:27:07:724		
000:26:00,000	-50,0	19,5	18,5	-50,0	0,0	0,0	0,0	0,950	0,000	5011,796	0,0	-50,0		09:28:07:724		
000:27:00,000	-50,0	19,0	18,5	-50,0	0,0	0,0	0,0	0,950	0,000	5011,028	0,0	-50,0		09:29:07:724		
000:28:00,000	-50,0	18,8	18,5	-50,0	0,0	0,0	0,0	0,950	0,000	5011,787	0,0	-50,0		09:30:07:724		
000:29:00,000	-50,0	19,1	18,5	-50,0	0,0	0,0	0,0	0,950	0,000	5011,694	0,0	-50,0		09:31:07:724		
000:30:00,000	-50,0	19,3	18,5	-50,0	0,0	0,0	0,0	0,950	0,000	5011,580	0,0	-50,0		09:32:07:724		
000:31:00,000	-50,0	20,1	18,9	-50,0	0,0	0,0	0,0	0,950	0,000	5012,621	0,0	-50,0		09:33:07:724		
000:32:00,000	-50,0	20,4	19,2	-50,0	0,0	0,0	0,0	0,950	0,000	5012,713	0,0	-50,0		09:34:07:724		
000:33:00,000	-50,0	20,8	19,6	-50,0	0,0	0,0	0,0	0,950	0,000	5013,019	0,0	-50,0		09:35:07:724		
000:34:00,000	-50,0	20,5	19,6	-50,0	0,0	0,0	0,0	0,950	0,000	5012,426	0,0	-50,0		09:36:07:724		
000:35:00,000	-50,0	20,4	19,6	-50,0	0,0	0,0	0,0	0,950	0,000	5012,561	0,0	-50,0		09:37:07:724		
000:36:00,000	-50,0	20,3	19,6	-50,0	0,0	0,0	0,0	0,950	0,000	5012,645	0,0	-50,0		09:38:07:724		
000:37:00,000	-50,0	19,8	19,5	-50,0	0,0	0,0	0,0	0,950	0,000	5012,991	0,0	-50,0		09:39:07:724		
000:38:00,000	-50,0	19,6	19,2	-50,0	0,0	0,0	0,0	0,950	0,000	5011,111	0,0	-50,0		09:40:07:724		
000:39:00,000	-50,0	19,8	19,2	-50,0	0,0	0,0	0,0	0,950	0,000	5011,589	0,0	-50,0		09:41:07:724		
000:40:00,000	-50,0	19,4	19,2	-50,0	0,0	0,0	0,0	0,950	0,000	5011,598	0,0	-50,0		09:42:07:724		
000:41:00,000	-50,0	19,4	19,2	-50,0	0,0	0,0	0,0	0,950	0,000	5011,426	0,0	-50,0		09:43:07:724		
000:42:00,000	-50,0	19,5	19,2	-50,0	0,0	0,0	0,0	0,950	0,000	5012,435	0,0	-50,0		09:44:07:724		
000:43:00,000	-50,0	19,7	19,2	-50,0	0,0	0,0	0,0	0,950	0,000	5013,639	0,0	-50,0		09:45:07:724		
000:44:00,000	-50,0	20,2	19,3	-50,0	0,0	0,0	0,0	0,950	0,000	5013,187	0,0	-50,0		09:46:07:724		
000:45:00,000	-50,0	20,8	19,7	-50,0	0,0	0,0	0,0	0,950	0,000	5013,336	0,0	-49,9		09:47:07:724		
000:46:00,000	-50,0	20,6	19,8	-50,0	0,0	0,0	0,0	0,950	0,000	5012,889	0,0	-49,9		09:48:07:724		
000:47:00,000	-50,0	20,4	19,8	-50,0	0,0	0,0	0,0	0,950	0,000	5013,542	0,0	-50,0		09:49:07:724		
000:48:00,000	-50,0	20,4	19,8	-50,0	0,0	0,0	0,0	0,950	0,000	5013,343	0,0	-50,0		09:50:07:724		
000:49:00,000	-50,0	20,4	19,8	-50,0	0,0	0,0	0,0	0,950	0,000	5013,822	0,0	-50,0		09:51:07:724		
000:50:00,000	-50,0	20,6	19,8	-50,0	0,0	0,0	0,0	0,950	0,000	5012,481	0,0	-50,0		09:52:07:724		
000:51:00,000	-50,0	20,5	19,8	-50,0	0,0	0,0	0,0	0,950	0,000	5013,629	0,0	-50,0		09:53:07:724		
000:52:00,000	-50,0	20,1	19,8	-50,0	0,0	0,0	0,0	0,950	0,000	5013,731	0,0	-50,0		09:54:07:724		
000:53:00,000	-50,0	20,3	19,8	-50,0	0,0	0,0	0,0	0,950	0,000	5012,701	0,0	-50,0		09:55:07:724		
000:54:00,000	-50,0	20,5	19,8	-50,0	0,0	0,0	0,0	0,950	0,000	5013,565	0,0	-50,0		09:56:07:724		
000:55:00,000	-49,9	20,6	19,8	-49,9	0,0	0,0	0,0	0,950	0,000	5012,546	0,0	-49,9		09:57:07:724		
000:56:00,000	-50,0	20,6	19,8	-50,0	0,0	0,0	0,0	0,950	0,000	5013,009	0,0	-49,9		09:58:07:724		
000:57:00,000	-50,0	21,1	20,1	-50,0	0,0	0,0	0,0	0,950	0,000	5013,720	0,0	-50,0		09:59:07:724		
000:58:00,000	-50,0	21,5	20,5	-50,0	0,0	0,0	0,0	0,950	0,000	5014,046	0,0	-50,0		10:00:07:724		
000:59:00,000	-50,0	21,5	20,7	-50,0	0,0	0,0	0,0	0,950	0,000	5013,704	0,0	-50,0		10:01:07:724		
001:00:00,000	-50,0	21,3	20,7	-50,0	0,0	0,0	0,0	0,950	0,000	5013,889	0,0	-50,0		10:02:07:724		
001:01:00,000	-50,0	21,5	20,7	-50,0	0,0	0,0	0,0	0,950	0,000	5014,897	0,0	-50,0		10:03:07:724		
001:02:00,000	-50,0	21,1	20,7	-50,0	0,0	0,0	0,0	0,950	0,000	5015,417	0,0	-50,0		10:04:07:724		
001:03:00,000	-50,0	20,9	20,7	-50,0	0,0	0,0	0,0	0,950	0,000	5014,093	0,0	-50,0		10:05:07:724		
001:04:00,000	-50,0	21,0	20,7	-50,0	0,0	0,0	0,0	0,950	0,000	5013,271	0,0	-50,0		10:06:07:724		
001:05:00,000	-50,0	20,9	20,7	-50,0	0,0	0,0	0,0	0,950	0,000	5014,176	0,0	-50,0		10:07:07:724		
001:06:00,000	-50,0	20,8	20,7	-50,0	0,0	0,0	0,0	0,950	0,000	5012,981	0,0	-50,0		10:08:07:724		
001:07:00,000	-50,0	20,8	20,5	-50,0	0,0	0,0	0,0	0,950	0,000	5013,954	0,0	-50,0		10:09:07:724		
001:08:00,000	-50,0	21,2	20,5	-50,0	0,0	0,0	0,0	0,950	0,000	5013,393	0,0	-50,0		10:10:07:724		
001:09:00,000	-50,0	21,8	20,8	-50,0	0,0	0,0	0,0	0,950	0,000	5014,407	0,0	-50,0		10:11:07:724		
001:10:00,000	-49,9	22,5	21,4	-49,9	0,0	0,0	0,0	0,950	0,000	5015,917	0,0	-49,9		10:12:07:724		
001:11:00,000	-49,8	22,9	21,8	-49,8	0,0	0,0	0,0	0,950	0,000	5015,598	0,0	-49,8		10:13:07:724		
001:12:00,000	-49,9	22,5	21,8	-49,9	0,0	0,0	0,0	0,950	0,000	5014,704	0,0	-49,9		10:14:07:724		
001:13:00,000	-50,0	22,1	21,8	-50,0	0,0	0,0	0,0	0,950	0,000	5015,215	0,0	-49,9		10:15:07:724		
001:14:00,000	-49,9	21,7	21,7	-49,9	0,0	0,0	0,0	0,950	0,000	5015,551	0,0	-49,8		10:16:07:724		
001:15:00,000	-50,0	21,1	21,3	-50,0	0,0	0,0	0,0	0,950	0,000	5015,269	0,0	-50,0		10:17:07:724		
001:16:00,000	-50,0	20,9	21,1	-50,0	0,0	0,0	0,0	0,950	0,000	5014,028	0,0	-50,0		10:18:07:724		
001:17:00,000	-50,0	20,8	21,0	-50,0	0,0	0,0	0,0	0,950	0,000	5014,352	0,0	-50,0		10:19:07:724		
001:18:00,000	-50,0	20,8	20,9	-50,0	0,0	0,0	0,0	0,950	0,000	5014,411	0,0	-49,9		10:20:07:724		
001:19:00,000	-50,0	20,9	20,8	-50,0	0,0	0,0	0,0	0,950	0,000	5014,843	0,0	-50,0		10:21:07:724		
001:20:00,000	-50,0	21,7	20,9	-50,0	0,0	0,0	0,0	0,950	0,000	5015,103	0,0	-49,9		10:22:07:724		
001:21:00,000	-50,0	21,4	21,0	-50,0	0,0	0,0	0,0	0,950	0,000	5014,505	0,0	-50,0		10:23:07:724		
001:22:00,000	-50,0	20,8	20,9	-50,0	0,0	0,0	0,0	0,950	0,000	5014,287	0,0	-50,0		10:24:07:724		
001:23:00,000	-50,0	20,7	20,7	-50,0	0,0	0,0	0,0	0,950	0,000	5014,759	0,0	-50,0		10:25:07:724		
001:24:00,000	-50,0	20,6	20,7	-50,0	0,0	0,0	0,0	0,950	0,000	5014,701	0,0	-50,0		10:26:07:724		
001:25:00,000	-50,0	20,9	20,6	-50,0	0,0	0,0	0,0	0,950	0,000	5014,194	0,0	-50,0		10:27:07:724		
001:26:00,000	-50,0	21,5	20,8	-50,0	0,0	0,0	0,0	0,950	0,000	5013,822	0,0	-50,0		10:28:07:724		
001:27:00,000	-49,9	21,9	21,2	-49,9	0,0	0,0	0,0	0,950	0,000	5014,355	0,0	-49,9		10:29:07:724		
001:28:00,000	-50,0	21,6	21,2	-50,0	0,0	0,0	0,0	0,950	0,000	5015,861	0,0	-49,9		10:30:07:724		
001:29:00,000	-50,0	21,3	21,2	-50,0	0,0	0,0	0,0	0,950	0,000	5013,411	0,0	-49,9		10:31:07:724		
001:30:00,000	-50,0	21,2	21,1	-50,0	0,0	0,0	0,0	0,950	0,000	5014,602	0,0	-50,0		10:32:07:724		
001:31:00,000	-49,9	21,3	21,1	-49,9	0,0	0,0	0,0	0,950	0,000	5014,667	0,0	-49,9		10:33:07:724		
001:32:00,000	-50,0	21,3	21,1	-50,0	0,0	0,0	0,0	0,950	0,000	5014,729	0,0	-49,9		10:34:07:724		
001:33:00,000	-49,9	21,6	21,1	-49,9	0,0	0,0	0,0	0,950	0,000	5015,194	0,0	-49,9		10:35:07:724		
001:34:00,000	-49,9	21,7	21,1	-49,9	0,0	0,0	0,0	0,950	0,000	5015,102	0,0	-49,8		10:36:07:724		
001:35:00,000	-49,9	21,8	21,1	-50,0	0,0	0,0	0,0	0,950	0,000	5015,860	0,0	-50,0		10:37:07:724		
001:36:00,000	-50,0	21,5	21,1	-50,0	0,0	0,0	0,0	0,950	0,000	5015,028	0,0	-49,9		10:38:07:724		
001:37:00,000	-49,9	21,1	21,1	-49,9	0,0	0,0	0,0	0,950	0,000	5014,287	0,0	-49,9		10:39:07:724		
001:38:00,000	-50,0	20,5	20,7	-50,0	0,0	0,0	0,0	0,950	0,000	5015,738	0,0	-49,9		10:40:07:724		
001:39:00,000	-50,0	20,7	20,6	-50,0	0,0	0,0	0,0	0,950	0,000	5013,907	0,0	-49,9		10:41:07:724		
001:40:00,000	-50,0	21,2	20,6	-50,0	0,0	0,0	0,0	0,950	0,000	5013,869	0,0	-49,9		10:42:07:724		
001:41:00,000	-50,0	21,1	20,6	-50,0	0,0	0,0	0,0	0,950	0,000	5013,852	0,0	-50,0		10:43:07:724		
001:42:00,000	-50,0	21,3	20,6	-50,0	0,0	0,0	0,0	0,950	0,000	5014,551	0,0	-50,0		10:44:07:724		
001:43:00,000	-50,0	21,8	21,0	-50,0	0,0	0,0	0,0	0,950	0,000	5014,843	0,0	-50,0		10:45:07:724		
001:44:00,000	-50,0	22,0	21,3	-50,0	0,0	0,0	0,0	0,950	0,000	5016,463	0,0	-50,0		10:46:07:724		
001:45:00,000	-50,0	22,7	21,8	-50,0	0,0	0,0	0,0	0,950	0,000	5015,519	0,0	-50,0		10:47:07:724		
001:46:00,000	-49,9	23,3	22,4	-49,9	0,0	0,0	0,0	0,950	0,000	5015,364	0,0	-49,9		10:48:07:724		
001:47:00,000	-49,8	23,0	22,5	-49,8	0,0	0,0	0,0	0,950	0,000	5015,463	0,0	-49,7		10:49:07:724		
001:48:00,000	-49,8	22,7	22,5	-49,8	0,0	0,0	0,0	0,950	0,000	5016,393	0,0	-49,7		10:50:07:724		
001:49:00,000	-50,0	22,5	22,4	-49,9	0,0	0,0	0,0	0,950	0,000	5016,352	0,0	-49,9		10:51:07:724		
001:50:00,000	-50,0	22,7	22,4	-50,0	0,0	0,0	0,0	0,950	0,000	5016,621	0,0	-50,0		10:52:07:724		
001:51:00,000	-49,9	22,9	22,4	-49,9	0,0	0,0	0,0	0,950	0,000	5016,374	0,0	-49,9		10:53:07:724		
001:52:00,000	-49,9	22,7	22,4	-49,9	0,0	0,0	0,0	0,950	0,000	5016,704	0,0	-49,9		10:54:07:724		
001:53:00,000	-50,0	21,4	21,8	-50,0	0,0	0,0	0,0	0,950	0,000	5015,371	0,0	-50,0		10:55:07:724		
001:54:00,000	-50,0	20,7	21,0	-50,0	0,0	0,0	0,0	0,950	0,000	5014,178	0,0	-50,0		10:56:07:724		
001:55:00,000	-49,8	21,0	20,9	-49,8	0,0	0,0	0,0	0,950	0,000	5014,222	0,0	-49,7		10:57:07:724		
001:56:00,000	-49,8	21,6	20,9	-49,8	0,0	0,0	0,0	0,950	0,000	5014,168	0,0	-49,6		10:58:07:724		
001:57:00,000	-49,6	22,5	21,5	-49,6	0,0	0,0	0,0	0,950	0,000	5016,879	0,0	-49,5		10:59:07:724		
001:58:00,000	-49,7	22,4	21,7	-49,7	0,0	0,0	0,0	0,950	0,000	5016,935	0,0	-49,6		11:00:07:724		
001:59:00,000	-49,9	21,9	21,7	-49,8	0,0	0,0	0,0	0,950	0,000	5015,757	0,0	-49,7		11:01:07:724		
002:00:00,000	-49,7	21,6	21,6	-49,7	0,0	0,0	0,0	0,950	0,000	5015,213	0,0	-49,7		11:02:07:724		
002:01:00,000	-49,8	21,4	21,4	-49,8	0,0	0,0	0,0	0,950	0,000	5014,509	0,0	-49,7		11:03:07:724		
002:02:00,000	-49,8	21,4	21,4	-49,8	0,0	0,0	0,0	0,950	0,000	5015,318	0,0	-49,9		11:04:07:724		
002:03:00,000	-49,8	21,4	21,4	-49,8	0,0	0,0	0,0	0,950	0,000	5015,657	0,0	-49,8		11:05:07:724		
002:04:00,000	-49,9	21,4	21,4	-49,9	0,0	0,0	0,0	0,950	0,000	5022,252	0,0	-49,9		11:06:07:724		
002:05:00,000	-50,0	21,8	21,4	-50,0	0,0	0,0	0,0	0,950	0,000	5016,121	0,0	-49,9		11:07:07:724		
002:06:00,000	-49,8	22,3	21,7	-49,8	0,0	0,0	0,0	0,950	0,000	5015,102	0,0	-49,7		11:08:07:724		
002:07:00,000	-49,9	22,4	21,9	-49,9	0,0	0,0	0,0	0,950	0,000	5016,222	0,0	-49,9		11:09:07:724		
002:08:00,000	-50,0	22,8	22,3	-50,0	0,0	0,0	0,0	0,950	0,000	5016,262	0,0	-50,0		11:10:07:724		
002:09:00,000	-50,0	22,3	22,3	-50,0	0,0	0,0	0,0	0,950	0,000	5016,500	0,0	-50,0		11:11:07:724		
002:10:00,000	-49,9	22,2	22,1	-49,9	0,0	0,0	0,0	0,950	0,000	5017,731	0,0	-49,9		11:12:07:724		
002:11:00,000	-50,0	21,7	21,8	-50,0	0,0	0,0	0,0	0,950	0,000	5015,000	0,0	-49,9		11:13:07:724		
002:12:00,000	-49,9	21,9	21,7	-49,9	0,0	0,0	0,0	0,950	0,000	5015,766	0,0	-49,8		11:14:07:724		
002:13:00,000	-49,7	21,8	21,7	-49,7	0,0	0,0	0,0	0,950	0,000	5016,528	0,0	-49,5		11:15:07:724		
002:14:00,000	-50,0	21,7	21,6	-50,0	0,0	0,0	0,0	0,950	0,000	5016,729	0,0	-49,9		11:16:07:724		
002:15:00,000	-49,7	22,2	21,6	-49,7	0,0	0,0	0,0	0,950	0,000	5015,833	0,0	-49,6		11:17:07:724		
002:16:00,000	-49,8	22,3	21,6	-49,8	0,0	0,0	0,0	0,950	0,000	5015,822	0,0	-49,8		11:18:07:724		
002:17:00,000	-49,7	23,0	22,1	-49,7	0,0	0,0	0,0	0,950	0,000	5016,355	0,0	-49,6		11:19:07:724		
002:18:00,000	-49,6	23,8	22,8	-49,6	0,0	0,0	0,0	0,950	0,000	5017,222	0,0	-49,3		11:20:07:724		
002:19:00,000	-49,9	23,2	22,9	-49,9	0,0	0,0	0,0	0,950	0,000	5016,374	0,0	-49,8		11:21:07:724		
002:20:00,000	-49,8	22,8	22,8	-49,8	0,0	0,0	0,0	0,950	0,000	5016,824	0,0	-49,7		11:22:07:724		
002:21:00,000	-49,9	22,3	22,4	-49,9	0,0	0,0	0,0	0,950	0,000	5016,343	0,0	-49,9		11:23:07:724		
002:22:00,000	-49,8	22,3	22,3	-49,8	0,0	0,0	0,0	0,950	0,000	5015,626	0,0	-49,8		11:24:07:724		
002:23:00,000	-49,6	21,8	21,9	-49,6	0,0	0,0	0,0	0,950	0,000	5016,278	0,0	-49,4		11:25:07:724		
002:24:00,000	-49,7	22,1	21,8	-49,7	0,0	0,0	0,0	0,950	0,000	5016,804	0,0	-49,6		11:26:07:724		
002:25:00,000	-49,9	22,6	21,9	-49,9	0,0	0,0	0,0	0,950	0,000	5015,936	0,0	-49,8		11:27:07:724		
002:26:00,000	-49,6	23,5	22,7	-49,6	0,0	0,0	0,0	0,950	0,000	5017,296	0,0	-49,4		11:28:07:724		
002:27:00,000	-49,6	23,5	23,0	-49,6	0,0	0,0	0,0	0,950	0,000	5016,667	0,0	-49,4		11:29:07:724		
002:28:00,000	-49,9	22,9	22,8	-49,8	0,0	0,0	0,0	0,950	0,000	5016,889	0,0	-49,8		11:30:07:724		
002:29:00,000	-50,0	23,4	22,9	-50,0	0,0	0,0	0,0	0,950	0,000	5017,981	0,0	-50,0		11:31:07:724		
002:30:00,000	-49,9	23,7	23,0	-49,9	0,0	0,0	0,0	0,950	0,000	5017,500	0,0	-49,9		11:32:07:724		
002:31:00,000	-49,7	23,2	23,1	-49,7	0,0	0,0	0,0	0,950	0,000	5017,028	0,0	-49,5		11:33:07:724		
002:32:00,000	-49,7	22,1	22,4	-49,7	0,0	0,0	0,0	0,950	0,000	5015,509	0,0	-49,6		11:34:07:724		
002:33:00,000	-49,7	22,4	22,2	-49,7	0,0	0,0	0,0	0,950	0,000	5016,185	0,0	-49,6		11:35:07:724		
002:34:00,000	-49,8	21,9	22,1	-49,8	0,0	0,0	0,0	0,950	0,000	5016,422	0,0	-49,7		11:36:07:724		
002:35:00,000	-49,8	21,1	21,5	-49,8	0,0	0,0	0,0	0,950	0,000	5014,843	0,0	-49,8		11:37:07:724		
002:36:00,000	-49,3	21,2	21,4	-49,3	0,0	0,0	0,0	0,950	0,000	5014,713	0,0	-49,0		11:38:07:724		
002:37:00,000	-49,4	21,3	21,2	-49,4	0,0	0,0	0,0	0,950	0,000	5015,417	0,0	-49,2		11:39:07:724		
002:38:00,000	-49,3	21,7	21,2	-49,3	0,0	0,0	0,0	0,950	0,000	5014,927	0,0	-49,1		11:40:07:724		
002:39:00,000	-49,4	22,1	21,5	-49,4	0,0	0,0	0,0	0,950	0,000	5015,917	0,0	-49,1		11:41:07:724		
002:40:00,000	-49,0	23,1	22,2	-49,0	0,0	0,0	0,0	0,950	0,000	5016,750	0,0	-48,9		11:42:07:724		
002:41:00,000	-49,1	24,3	23,3	-49,1	0,0	0,0	0,0	0,950	0,000	5018,250	0,0	-48,9		11:43:07:724		
002:42:00,000	-49,8	24,5	23,6	-49,8	0,0	0,0	0,0	0,950	0,000	5018,065	0,0	-49,7		11:44:07:724		
002:43:00,000	-49,7	23,9	23,7	-49,7	0,0	0,0	0,0	0,950	0,000	5018,385	0,0	-49,6		11:45:07:724		
002:44:00,000	-49,8	24,1	23,7	-49,8	0,0	0,0	0,0	0,950	0,000	5019,269	0,0	-49,7		11:46:07:724		
002:45:00,000	-49,8	24,8	23,9	-49,8	0,0	0,0	0,0	0,950	0,000	5017,500	0,0	-49,7		11:47:07:724		
002:46:00,000	-49,9	24,9	24,1	-49,9	0,0	0,0	0,0	0,950	0,000	5017,787	0,0	-49,8		11:48:07:724		
002:47:00,000	-49,7	24,9	24,2	-49,7	0,0	0,0	0,0	0,950	0,000	5019,324	0,0	-49,6		11:49:07:724		
002:48:00,000	-50,0	23,8	24,0	-50,0	0,0	0,0	0,0	0,950	0,000	5017,257	0,0	-50,0		11:50:07:724		
002:49:00,000	-50,0	22,4	22,8	-50,0	0,0	0,0	0,0	0,950	0,000	5016,481	0,0	-50,0		11:51:07:724		
002:50:00,000	-50,0	21,6	21,9	-50,0	0,0	0,0	0,0	0,950	0,000	5015,093	0,0	-49,9		11:52:07:724		
002:51:00,000	-49,8	21,4	21,6	-49,8	0,0	0,0	0,0	0,950	0,000	5015,890	0,0	-49,7		11:53:07:724		
002:52:00,000	-49,9	20,8	21,2	-49,9	0,0	0,0	0,0	0,950	0,000	5014,481	0,0	-49,9		11:54:07:724		
002:53:00,000	-49,9	20,9	20,9	-49,9	0,0	0,0	0,0	0,950	0,000	5014,121	0,0	-49,9		11:55:07:724		
002:54:00,000	-49,9	21,7	21,2	-49,9	0,0	0,0	0,0	0,950	0,000	5016,167	0,0	-49,8		11:56:07:724		
002:55:00,000	-50,0	21,5	21,3	-50,0	0,0	0,0	0,0	0,950	0,000	5015,752	0,0	-50,0		11:57:07:724		
002:56:00,000	-49,5	22,2	21,5	-49,5	0,0	0,0	0,0	0,950	0,000	5015,343	0,0	-49,4		11:58:07:724		
002:57:00,000	-49,6	23,1	22,3	-49,6	0,0	0,0	0,0	0,950	0,000	5017,806	0,0	-49,4		11:59:07:724		
002:58:00,000	-50,0	22,2	22,4	-50,0	0,0	0,0	0,0	0,950	0,000	5016,333	0,0	-50,0		12:00:07:724		
002:59:00,000	-50,0	21,5	21,7	-50,0	0,0	0,0	0,0	0,950	0,000	5016,148	0,0	-49,9		12:01:07:724		
003:00:00,000	-50,0	22,2	21,8	-49,9	0,0	0,0	0,0	0,950	0,000	5015,843	0,0	-49,9		12:02:07:724		
003:01:00,000	-49,8	23,1	22,5	-49,8	0,0	0,0	0,0	0,950	0,000	5016,129	0,0	-49,6		12:03:07:724		
003:02:00,000	-50,0	23,3	22,8	-50,0	0,0	0,0	0,0	0,950	0,000	5016,908	0,0	-49,9		12:04:07:724		
003:03:00,000	-50,0	23,7	23,2	-50,0	0,0	0,0	0,0	0,950	0,000	5017,769	0,0	-50,0		12:05:07:724		
003:04:00,000	-50,0	24,0	23,5	-50,0	0,0	0,0	0,0	0,950	0,000	5018,528	0,0	-50,0		12:06:07:724		
003:05:00,000	-50,0	24,2	23,7	-50,0	0,0	0,0	0,0	0,950	0,000	5018,102	0,0	-50,0		12:07:07:724		
003:06:00,000	-50,0	24,3	23,9	-50,0	0,0	0,0	0,0	0,950	0,000	5018,333	0,0	-50,0		12:08:07:724		
003:07:00,000	-50,0	23,8	23,8	-50,0	0,0	0,0	0,0	0,950	0,000	5018,542	0,0	-50,0		12:09:07:724		
003:08:00,000	-50,0	22,9	23,1	-50,0	0,0	0,0	0,0	0,950	0,000	5016,287	0,0	-50,0		12:10:07:724		
003:09:00,000	-49,9	22,8	22,8	-49,9	0,0	0,0	0,0	0,950	0,000	5016,371	0,0	-49,9		12:11:07:724		
003:10:00,000	-50,0	22,7	22,8	-50,0	0,0	0,0	0,0	0,950	0,000	5016,504	0,0	-49,9		12:12:07:724		
003:11:00,000	-50,0	22,2	22,5	-50,0	0,0	0,0	0,0	0,950	0,000	5016,556	0,0	-50,0		12:13:07:724		
003:12:00,000	-50,0	21,2	21,7	-50,0	0,0	0,0	0,0	0,950	0,000	5016,944	0,0	-50,0		12:14:07:724		
003:13:00,000	-50,0	21,6	21,6	-50,0	0,0	0,0	0,0	0,950	0,000	5015,046	0,0	-50,0		12:15:07:724		
003:14:00,000	-50,0	22,0	21,6	-50,0	0,0	0,0	0,0	0,950	0,000	5017,481	0,0	-50,0		12:16:07:724		
003:15:00,000	-50,0	22,0	21,7	-50,0	0,0	0,0	0,0	0,950	0,000	5015,954	0,0	-49,9		12:17:07:724		
003:16:00,000	-49,9	21,9	21,7	-49,9	0,0	0,0	0,0	0,950	0,000	5016,111	0,0	-49,8		12:18:07:724		
003:17:00,000	-50,0	21,6	21,7	-50,0	0,0	0,0	0,0	0,950	0,000	5015,083	0,0	-49,9		12:19:07:724		
003:18:00,000	-49,9	21,3	21,5	-49,9	0,0	0,0	0,0	0,950	0,000	5014,713	0,0	-49,8		12:20:07:724		
003:19:00,000	-49,8	21,3	21,4	-49,8	0,0	0,0	0,0	0,950	0,000	5014,852	0,0	-49,8		12:21:07:724		
003:20:00,000	-49,5	22,2	21,6	-49,5	0,0	0,0	0,0	0,950	0,000	5016,787	0,0	-49,4		12:22:07:724		
003:21:00,000	-49,7	22,7	22,1	-49,7	0,0	0,0	0,0	0,950	0,000	5015,639	0,0	-49,5		12:23:07:724		
003:22:00,000	-49,8	23,4	22,7	-49,8	0,0	0,0	0,0	0,950	0,000	5017,722	0,0	-49,7		12:24:07:724		
003:23:00,000	-50,0	23,6	23,1	-50,0	0,0	0,0	0,0	0,950	0,000	5017,259	0,0	-50,0		12:25:07:724		
003:24:00,000	-50,0	24,4	23,8	-50,0	0,0	0,0	0,0	0,950	0,000	5019,704	0,0	-50,0		12:26:07:724		
003:25:00,000	-50,0	24,4	24,2	-50,0	0,0	0,0	0,0	0,950	0,000	5018,174	0,0	-50,0		12:27:07:724		
003:26:00,000	-50,0	23,5	23,9	-50,0	0,0	0,0	0,0	0,950	0,000	5017,194	0,0	-50,0		12:28:07:724		
003:27:00,000	-49,9	23,5	23,5	-49,8	0,0	0,0	0,0	0,950	0,000	5017,991	0,0	-49,8		12:29:07:724		
003:28:00,000	-49,9	23,7	23,5	-49,8	0,0	0,0	0,0	0,950	0,000	5017,871	0,0	-49,7		12:30:07:724		
003:29:00,000	-50,0	22,9	23,2	-50,0	0,0	0,0	0,0	0,950	0,000	5016,963	0,0	-50,0		12:31:07:724		
003:30:00,000	-50,0	22,2	22,5	-49,9	0,0	0,0	0,0	0,950	0,000	5016,222	0,0	-49,9		12:32:07:724		
003:31:00,000	-50,0	22,1	22,4	-50,0	0,0	0,0	0,0	0,950	0,000	5015,935	0,0	-50,0		12:33:07:724		
003:32:00,000	-50,0	22,7	22,4	-50,0	0,0	0,0	0,0	0,950	0,000	5015,731	0,0	-49,9		12:34:07:724		
003:33:00,000	-48,7	23,2	22,7	-48,7	0,0	0,0	0,0	0,950	0,000	5016,028	0,0	-48,6		12:35:07:724		
003:34:00,000	-45,9	24,4	23,6	-45,9	0,0	0,0	0,0	0,950	0,000	5018,496	0,0	-45,6		12:36:07:724		
003:35:00,000	-49,3	24,9	24,2	-49,2	0,0	0,0	0,0	0,950	0,000	5019,500	0,0	-49,3		12:37:07:724		
003:36:00,000	-49,7	24,3	24,2	-49,7	0,0	0,0	0,0	0,950	0,000	5018,278	0,0	-49,6		12:38:07:724		
003:37:00,000	-45,9	24,4	24,2	-45,9	0,0	0,0	0,0	0,950	0,000	5018,444	0,0	-45,9		12:39:07:724		
003:38:00,000	-42,3	24,3	24,2	-42,3	0,0	0,0	0,0	0,950	0,000	5019,167	0,0	-41,9		12:40:07:724		
003:39:00,000	-42,1	24,2	24,2	-42,1	0,0	0,0	0,0	0,950	0,000	5018,935	0,0	-41,9		12:41:07:724		
003:40:00,000	-42,7	23,5	23,8	-42,6	0,0	0,0	0,0	0,950	0,000	5017,972	0,0	-42,2		12:42:07:724		
003:41:00,000	-42,6	22,5	22,9	-42,6	0,0	0,0	0,0	0,950	0,000	5016,926	0,0	-42,5		12:43:07:724		
003:42:00,000	-41,6	22,5	22,6	-41,6	0,0	0,0	0,0	0,950	0,000	5016,491	0,0	-41,3		12:44:07:724		
003:43:00,000	-41,7	22,6	22,6	-41,7	0,0	0,0	0,0	0,950	0,000	5017,426	0,0	-41,5		12:45:07:724		
003:44:00,000	-42,3	22,4	22,5	-42,3	0,0	0,0	0,0	0,950	0,000	5017,796	0,0	-42,1		12:46:07:724		
003:45:00,000	-47,4	23,1	22,6	-47,4	0,0	0,0	0,0	0,950	0,000	5017,398	0,0	-47,3		12:47:07:724		
003:46:00,000	-48,6	22,4	22,6	-48,6	0,0	0,0	0,0	0,950	0,000	5016,872	0,0	-48,6		12:48:07:724		
003:47:00,000	-44,1	21,7	22,0	-44,1	0,0	0,0	0,0	0,950	0,000	5016,769	0,0	-43,9		12:49:07:724		
003:48:00,000	-42,4	21,8	22,0	-42,4	0,0	0,0	0,0	0,950	0,000	5015,861	0,0	-42,2		12:50:07:724		
003:49:00,000	-42,1	22,0	22,0	-42,1	0,0	0,0	0,0	0,950	0,000	5016,519	0,0	-41,9		12:51:07:724		
003:50:00,000	-41,6	21,7	21,9	-41,6	0,0	0,0	0,0	0,950	0,000	5016,694	0,0	-41,5		12:52:07:724		
003:51:00,000	-39,3	21,7	21,8	-39,3	0,0	0,0	0,0	0,950	0,000	5016,241	0,0	-39,0		12:53:07:724		
003:52:00,000	-39,0	22,6	22,0	-39,0	0,0	0,0	0,0	0,950	0,000	5016,287	0,0	-38,9		12:54:07:724		
003:53:00,000	-39,7	22,6	22,4	-39,7	0,0	0,0	0,0	0,950	0,000	5016,694	0,0	-39,7		12:55:07:724		
003:54:00,000	-40,5	22,2	22,4	-40,5	0,0	0,0	0,0	0,950	0,000	5017,046	0,0	-40,1		12:56:07:724		
003:55:00,000	-40,8	22,2	22,4	-40,8	0,0	0,0	0,0	0,950	0,000	5016,789	0,0	-40,5		12:57:07:724		
003:56:00,000	-41,9	21,7	22,0	-41,9	0,0	0,0	0,0	0,950	0,000	5015,231	0,0	-41,8		12:58:07:724		
003:57:00,000	-42,0	21,9	21,8	-42,0	0,0	0,0	0,0	0,950	0,000	5016,954	0,0	-41,8		12:59:07:724		
003:58:00,000	-46,0	22,2	21,8	-45,9	0,0	0,0	0,0	0,950	0,000	5016,871	0,0	-45,9		13:00:07:724		
003:59:00,000	-44,9	22,6	22,1	-44,9	0,0	0,0	0,0	0,950	0,000	5017,093	0,0	-44,7		13:01:07:724		
004:00:00,000	-38,1	22,9	22,6	-38,1	0,0	0,0	0,0	0,950	0,000	5025,046	0,0	-38,0		13:02:07:724		
004:01:00,000	-39,0	22,2	22,5	-39,0	0,0	0,0	0,0	0,950	0,000	5020,648	0,0	-38,9		13:03:07:724		
004:02:00,000	-42,5	21,9	22,1	-42,5	0,0	0,0	0,0	0,950	0,000	5017,583	0,0	-42,1		13:04:07:724		
004:03:00,000	-48,9	21,7	21,9	-48,9	0,0	0,0	0,0	0,950	0,000	5016,615	0,0	-48,8		13:05:07:724		
004:04:00,000	-38,3	22,1	21,9	-38,3	0,0	0,0	0,0	0,950	0,000	5016,871	0,0	-38,2		13:06:07:724		
004:05:00,000	-38,2	22,2	21,9	-38,2	0,0	0,0	0,0	0,950	0,000	5017,486	0,0	-38,0		13:07:07:724		
004:06:00,000	-38,1	22,6	22,0	-38,1	0,0	0,0	0,0	0,950	0,000	5016,651	0,0	-37,8		13:08:07:724		
004:07:00,000	-38,5	22,8	22,3	-38,5	0,0	0,0	0,0	0,950	0,000	5017,417	0,0	-38,3		13:09:07:724		
004:08:00,000	-39,2	22,1	22,3	-39,2	0,0	0,0	0,0	0,950	0,000	5016,713	0,0	-39,1		13:10:07:724		
004:09:00,000	-39,4	22,0	22,1	-39,4	0,0	0,0	0,0	0,950	0,000	5015,815	0,0	-39,1		13:11:07:724		
004:10:00,000	-43,8	22,6	22,2	-43,7	0,0	0,0	0,0	0,950	0,000	5016,648	0,0	-43,4		13:12:07:724		
004:11:00,000	-36,4	23,1	22,7	-36,4	0,0	0,0	0,0	0,950	0,000	5017,815	0,0	-36,3		13:13:07:724		
004:12:00,000	-37,3	23,5	22,9	-37,3	0,0	0,0	0,0	0,950	0,000	5017,222	0,0	-37,3		13:14:07:724		
004:13:00,000	-35,6	23,4	23,0	-35,6	0,0	0,0	0,0	0,950	0,000	5018,509	0,0	-35,5		13:15:07:724		
004:14:00,000	-36,4	23,3	23,0	-36,4	0,0	0,0	0,0	0,950	0,000	5018,504	0,0	-36,3		13:16:07:724		
004:15:00,000	-36,7	23,1	23,0	-36,7	0,0	0,0	0,0	0,950	0,000	5017,621	0,0	-36,7		13:17:07:724		
004:16:00,000	-38,6	23,2	23,0	-38,6	0,0	0,0	0,0	0,950	0,000	5017,796	0,0	-38,3		13:18:07:724		
004:17:00,000	-39,2	22,5	22,8	-39,2	0,0	0,0	0,0	0,950	0,000	5016,806	0,0	-39,1		13:19:07:724		
004:18:00,000	-40,8	22,6	22,7	-40,8	0,0	0,0	0,0	0,950	0,000	5018,065	0,0	-40,4		13:20:07:724		
004:19:00,000	-38,9	22,9	22,7	-38,9	0,0	0,0	0,0	0,950	0,000	5017,926	0,0	-38,7		13:21:07:724		
004:20:00,000	-37,8	22,9	22,7	-37,8	0,0	0,0	0,0	0,950	0,000	5017,167	0,0	-37,7		13:22:07:724		
004:21:00,000	-37,0	23,5	22,9	-37,0	0,0	0,0	0,0	0,950	0,000	5017,371	0,0	-37,0		13:23:07:724		
004:22:00,000	-39,2	23,5	23,0	-39,2	0,0	0,0	0,0	0,950	0,000	5018,981	0,0	-39,0		13:24:07:724		
004:23:00,000	-37,9	22,8	23,1	-37,9	0,0	0,0	0,0	0,950	0,000	5018,371	0,0	-37,7		13:25:07:724		
004:24:00,000	-39,1	22,2	22,6	-39,0	0,0	0,0	0,0	0,950	0,000	5017,065	0,0	-38,9		13:26:07:724		
004:25:00,000	-40,5	21,7	22,0	-40,5	0,0	0,0	0,0	0,950	0,000	5017,083	0,0	-40,5		13:27:07:724		
004:26:00,000	-40,1	22,2	21,9	-40,1	0,0	0,0	0,0	0,950	0,000	5016,925	0,0	-40,0		13:28:07:724		
004:27:00,000	-40,6	22,3	22,0	-40,6	0,0	0,0	0,0	0,950	0,000	5016,395	0,0	-40,6		13:29:07:724		
004:28:00,000	-39,2	22,6	22,1	-39,2	0,0	0,0	0,0	0,950	0,000	5017,685	0,0	-39,0		13:30:07:724		
004:29:00,000	-40,7	23,3	22,6	-40,7	0,0	0,0	0,0	0,950	0,000	5017,685	0,0	-40,5		13:31:07:724		
004:30:00,000	-49,3	23,5	23,0	-49,3	0,0	0,0	0,0	0,950	0,000	5017,398	0,0	-49,1		13:32:07:724		
004:31:00,000	-49,3	24,4	23,7	-49,3	0,0	0,0	0,0	0,950	0,000	5019,458	0,0	-49,0		13:33:07:724		
004:32:00,000	-49,5	25,3	24,5	-49,5	0,0	0,0	0,0	0,950	0,000	5019,778	0,0	-49,3		13:34:07:724		
004:33:00,000	-49,6	25,3	24,9	-49,6	0,0	0,0	0,0	0,950	0,000	5020,213	0,0	-49,5		13:35:07:724		
004:34:00,000	-49,7	24,7	24,9	-49,7	0,0	0,0	0,0	0,950	0,000	5019,065	0,0	-49,6		13:36:07:724		
004:35:00,000	-49,9	24,7	24,8	-49,9	0,0	0,0	0,0	0,950	0,000	5019,398	0,0	-49,9		13:37:07:724		
004:36:00,000	-50,0	24,6	24,8	-50,0	0,0	0,0	0,0	0,950	0,000	5020,731	0,0	-50,0		13:38:07:724		
004:37:00,000	-49,8	25,1	24,8	-49,8	0,0	0,0	0,0	0,950	0,000	5019,528	0,0	-49,7		13:39:07:724		
004:38:00,000	-50,0	24,8	24,8	-50,0	0,0	0,0	0,0	0,950	0,000	5020,991	0,0	-50,0		13:40:07:724		
004:39:00,000	-50,0	23,1	23,7	-50,0	0,0	0,0	0,0	0,950	0,000	5018,056	0,0	-50,0		13:41:07:724		
004:40:00,000	-50,0	22,6	22,9	-50,0	0,0	0,0	0,0	0,950	0,000	5016,824	0,0	-49,9		13:42:07:724		
004:41:00,000	-49,9	22,7	22,8	-49,9	0,0	0,0	0,0	0,950	0,000	5016,722	0,0	-49,9		13:43:07:724		
004:42:00,000	-50,0	22,5	22,7	-50,0	0,0	0,0	0,0	0,950	0,000	5016,296	0,0	-50,0		13:44:07:724		
004:43:00,000	-49,8	22,4	22,5	-49,8	0,0	0,0	0,0	0,950	0,000	5016,917	0,0	-49,8		13:45:07:724		
004:44:00,000	-49,7	22,5	22,5	-49,7	0,0	0,0	0,0	0,950	0,000	5017,431	0,0	-49,6		13:46:07:724		
004:45:00,000	-49,4	22,8	22,5	-49,4	0,0	0,0	0,0	0,950	0,000	5016,546	0,0	-49,2		13:47:07:724		
004:46:00,000	-49,7	22,6	22,5	-49,7	0,0	0,0	0,0	0,950	0,000	5016,537	0,0	-49,6		13:48:07:724		
004:47:00,000	-49,7	22,6	22,5	-49,7	0,0	0,0	0,0	0,950	0,000	5016,935	0,0	-49,6		13:49:07:724		
004:48:00,000	-50,0	22,4	22,5	-50,0	0,0	0,0	0,0	0,950	0,000	5020,157	0,0	-49,9		13:50:07:724		
004:49:00,000	-50,0	22,2	22,2	-50,0	0,0	0,0	0,0	0,950	0,000	5016,389	0,0	-49,9		13:51:07:724		
004:50:00,000	-50,0	22,1	22,2	-50,0	0,0	0,0	0,0	0,950	0,000	5016,611	0,0	-50,0		13:52:07:724		
004:51:00,000	-49,8	22,6	22,2	-49,8	0,0	0,0	0,0	0,950	0,000	5016,565	0,0	-49,8		13:53:07:724		
004:52:00,000	-49,3	23,9	23,0	-49,3	0,0	0,0	0,0	0,950	0,000	5018,486	0,0	-49,1		13:54:07:724		
004:53:00,000	-49,4	24,6	23,8	-49,3	0,0	0,0	0,0	0,950	0,000	5018,222	0,0	-49,3		13:55:07:724		
004:54:00,000	-49,7	24,4	24,1	-49,7	0,0	0,0	0,0	0,950	0,000	5018,824	0,0	-49,6		13:56:07:724		
004:55:00,000	-50,0	23,1	23,4	-50,0	0,0	0,0	0,0	0,950	0,000	5019,241	0,0	-50,0		13:57:07:724		
004:56:00,000	-49,9	22,5	22,8	-49,9	0,0	0,0	0,0	0,950	0,000	5017,519	0,0	-49,9		13:58:07:724		
004:57:00,000	-49,9	23,0	22,7	-49,9	0,0	0,0	0,0	0,950	0,000	5017,725	0,0	-49,9		13:59:07:724		
004:58:00,000	-49,8	23,3	22,9	-49,8	0,0	0,0	0,0	0,950	0,000	5018,611	0,0	-49,8		14:00:07:724		
004:59:00,000	-49,6	23,3	23,0	-49,6	0,0	0,0	0,0	0,950	0,000	5017,963	0,0	-49,4		14:01:07:724		
005:00:00,000	-49,7	22,7	22,9	-49,7	0,0	0,0	0,0	0,950	0,000	5017,435	0,0	-49,6		14:02:07:724		
005:01:00,000	-49,7	22,4	22,6	-49,7	0,0	0,0	0,0	0,950	0,000	5016,778	0,0	-49,5		14:03:07:724		
005:02:00,000	-49,7	22,8	22,6	-49,7	0,0	0,0	0,0	0,950	0,000	5017,250	0,0	-49,6		14:04:07:724		
005:03:00,000	-49,7	23,0	22,6	-49,7	0,0	0,0	0,0	0,950	0,000	5016,565	0,0	-49,5		14:05:07:724		
005:04:00,000	-49,5	23,5	22,9	-49,4	0,0	0,0	0,0	0,950	0,000	5018,417	0,0	-49,3		14:06:07:724		
005:05:00,000	-49,8	23,6	23,2	-49,8	0,0	0,0	0,0	0,950	0,000	5017,981	0,0	-49,6		14:07:07:724		
005:06:00,000	-49,8	23,3	23,2	-49,8	0,0	0,0	0,0	0,950	0,000	5017,194	0,0	-49,7		14:08:07:724		
005:07:00,000	-49,7	23,3	23,2	-49,7	0,0	0,0	0,0	0,950	0,000	5018,073	0,0	-49,5		14:09:07:724		
005:08:00,000	-49,5	23,3	23,2	-49,5	0,0	0,0	0,0	0,950	0,000	5017,972	0,0	-49,2		14:10:07:724		
005:09:00,000	-50,0	23,5	23,2	-50,0	0,0	0,0	0,0	0,950	0,000	5018,046	0,0	-49,9		14:11:07:724		
005:10:00,000	-50,0	23,4	23,2	-50,0	0,0	0,0	0,0	0,950	0,000	5018,231	0,0	-49,9		14:12:07:724		
005:11:00,000	-49,9	23,7	23,2	-49,9	0,0	0,0	0,0	0,950	0,000	5017,417	0,0	-49,8		14:13:07:724		
005:12:00,000	-49,9	24,1	23,5	-49,9	0,0	0,0	0,0	0,950	0,000	5017,972	0,0	-49,8		14:14:07:724		
005:13:00,000	-50,0	23,7	23,6	-50,0	0,0	0,0	0,0	0,950	0,000	5018,542	0,0	-50,0		14:15:07:724		
005:14:00,000	-50,0	22,8	23,0	-50,0	0,0	0,0	0,0	0,950	0,000	5018,194	0,0	-50,0		14:16:07:724		
005:15:00,000	-50,0	22,7	22,6	-50,0	0,0	0,0	0,0	0,950	0,000	5017,185	0,0	-50,0		14:17:07:724		
005:16:00,000	-50,0	23,4	22,7	-50,0	0,0	0,0	0,0	0,950	0,000	5018,333	0,0	-49,9		14:18:07:724		
005:17:00,000	-50,0	23,4	22,9	-50,0	0,0	0,0	0,0	0,950	0,000	5017,629	0,0	-50,0		14:19:07:724		
005:18:00,000	-50,0	23,4	22,9	-50,0	0,0	0,0	0,0	0,950	0,000	5017,722	0,0	-50,0		14:20:07:724		
005:19:00,000	-50,0	22,9	22,9	-50,0	0,0	0,0	0,0	0,950	0,000	5016,879	0,0	-50,0		14:21:07:724		
005:20:00,000	-50,0	22,6	22,8	-50,0	0,0	0,0	0,0	0,950	0,000	5017,306	0,0	-49,9		14:22:07:724		
005:21:00,000	-49,7	22,4	22,5	-49,7	0,0	0,0	0,0	0,950	0,000	5016,651	0,0	-49,5		14:23:07:724		
005:22:00,000	-49,5	22,8	22,5	-49,5	0,0	0,0	0,0	0,950	0,000	5017,583	0,0	-49,4		14:24:07:724		
005:23:00,000	-49,8	22,9	22,5	-49,8	0,0	0,0	0,0	0,950	0,000	5015,748	0,0	-49,7		14:25:07:724		
005:24:00,000	-49,7	23,2	22,7	-49,7	0,0	0,0	0,0	0,950	0,000	5018,379	0,0	-49,6		14:26:07:724		
005:25:00,000	-50,0	23,9	23,2	-50,0	0,0	0,0	0,0	0,950	0,000	5018,147	0,0	-49,9		14:27:07:724		
005:26:00,000	-49,4	24,4	23,8	-49,4	0,0	0,0	0,0	0,950	0,000	5018,546	0,0	-49,3		14:28:07:724		
005:27:00,000	-49,2	25,5	24,7	-49,2	0,0	0,0	0,0	0,950	0,000	5020,333	0,0	-49,2		14:29:07:724		
005:28:00,000	-49,8	25,6	24,9	-49,8	0,0	0,0	0,0	0,950	0,000	5020,435	0,0	-49,8		14:30:07:724		
005:29:00,000	-50,0	24,6	24,8	-50,0	0,0	0,0	0,0	0,950	0,000	5020,472	0,0	-49,9		14:31:07:724		
005:30:00,000	-50,0	24,3	23,6	-50,0	0,0	0,0	0,0	0,950	0,000	5017,826	0,0	-50,0		14:32:07:724		
005:31:00,000	-50,0	23,0	23,3	-50,0	0,0	0,0	0,0	0,950	0,000	5017,296	0,0	-49,9		14:33:07:724		
005:32:00,000	-49,7	23,2	23,2	-49,7	0,0	0,0	0,0	0,950	0,000	5018,129	0,0	-49,7		14:34:07:724		
005:33:00,000	-49,6	23,1	23,2	-49,6	0,0	0,0	0,0	0,950	0,000	5018,028	0,0	-49,5		14:35:07:724		
005:34:00,000	-49,8	23,5	23,2	-49,8	0,0	0,0	0,0	0,950	0,000	5020,290	0,0	-49,7		14:36:07:724		
005:35:00,000	-49,3	24,3	23,6	-49,3	0,0	0,0	0,0	0,950	0,000	5018,250	0,0	-49,2		14:37:07:724		
005:36:00,000	-49,1	25,3	24,5	-49,1	0,0	0,0	0,0	0,950	0,000	5019,602	0,0	-49,1		14:38:07:724		
005:37:00,000	-49,9	24,3	24,6	-49,9	0,0	0,0	0,0	0,950	0,000	5018,481	0,0	-49,9		14:39:07:724		
005:38:00,000	-49,8	23,4	23,7	-49,8	0,0	0,0	0,0	0,950	0,000	5019,056	0,0	-49,8		14:40:07:724		
005:39:00,000	-49,8	23,1	23,2	-49,8	0,0	0,0	0,0	0,950	0,000	5016,519	0,0	-49,7		14:41:07:724		
005:40:00,000	-49,9	22,9	23,1	-49,9	0,0	0,0	0,0	0,950	0,000	5017,824	0,0	-49,9		14:42:07:724		
005:41:00,000	-50,0	22,6	22,8	-50,0	0,0	0,0	0,0	0,950	0,000	5017,194	0,0	-49,9		14:43:07:724		
005:42:00,000	-49,9	22,6	22,6	-49,9	0,0	0,0	0,0	0,950	0,000	5016,583	0,0	-49,9		14:44:07:724		
005:43:00,000	-49,8	23,1	22,6	-49,8	0,0	0,0	0,0	0,950	0,000	5017,315	0,0	-49,6		14:45:07:724		
005:44:00,000	-49,9	22,9	22,7	-49,9	0,0	0,0	0,0	0,950	0,000	5016,833	0,0	-49,9		14:46:07:724		
005:45:00,000	-49,7	23,2	22,8	-49,7	0,0	0,0	0,0	0,950	0,000	5017,750	0,0	-49,5		14:47:07:724		
005:46:00,000	-49,6	24,0	23,3	-49,6	0,0	0,0	0,0	0,950	0,000	5018,343	0,0	-49,5		14:48:07:724		
005:47:00,000	-49,9	24,0	23,5	-49,9	0,0	0,0	0,0	0,950	0,000	5018,694	0,0	-49,8		14:49:07:724		
005:48:00,000	-49,8	24,0	23,6	-49,8	0,0	0,0	0,0	0,950	0,000	5017,722	0,0	-49,7		14:50:07:724		
005:49:00,000	-49,7	23,7	23,6	-49,7	0,0	0,0	0,0	0,950	0,000	5018,157	0,0	-49,5		14:51:07:724		
005:50:00,000	-49,7	23,9	23,6	-49,7	0,0	0,0	0,0	0,950	0,000	5017,815	0,0	-49,5		14:52:07:724		
005:51:00,000	-49,8	24,7	24,0	-49,8	0,0	0,0	0,0	0,950	0,000	5020,431	0,0	-49,7		14:53:07:724		
005:52:00,000	-49,9	25,2	24,7	-49,9	0,0	0,0	0,0	0,950	0,000	5019,417	0,0	-49,9		14:54:07:724		
005:53:00,000	-49,6	25,6	25,0	-49,5	0,0	0,0	0,0	0,950	0,000	5019,038	0,0	-49,4		14:55:07:724		
005:54:00,000	-49,8	25,1	25,1	-49,8	0,0	0,0	0,0	0,950	0,000	5020,395	0,0	-49,7		14:56:07:724		
005:55:00,000	-50,0	24,6	24,9	-50,0	0,0	0,0	0,0	0,950	0,000	5019,556	0,0	-49,9		14:57:07:724		
005:56:00,000	-49,9	25,1	24,8	-49,9	0,0	0,0	0,0	0,950	0,000	5018,852	0,0	-49,9		14:58:07:724		
005:57:00,000	-50,0	25,7	25,0	-49,9	0,0	0,0	0,0	0,950	0,000	5020,833	0,0	-49,9		14:59:07:724		
005:58:00,000	-50,0	25,9	25,3	-50,0	0,0	0,0	0,0	0,950	0,000	5020,973	0,0	-49,9		15:00:07:724		
005:59:00,000	-50,0	26,0	25,4	-49,9	0,0	0,0	0,0	0,950	0,000	5020,333	0,0	-49,9		15:01:07:724		
006:00:00,000	-50,0	25,5	25,5	-50,0	0,0	0,0	0,0	0,950	0,000	5020,241	0,0	-50,0		15:02:07:724		
006:01:00,000	-50,0	24,8	25,1	-50,0	0,0	0,0	0,0	0,950	0,000	5019,824	0,0	-50,0		15:03:07:724		
006:02:00,000	-50,0	25,1	25,0	-50,0	0,0	0,0	0,0	0,950	0,000	5019,486	0,0	-50,0		15:04:07:724		
006:03:00,000	-50,0	25,6	25,2	-50,0	0,0	0,0	0,0	0,950	0,000	5020,111	0,0	-50,0		15:05:07:724		
006:04:00,000	-49,9	26,5	25,8	-49,9	0,0	0,0	0,0	0,950	0,000	5021,833	0,0	-49,8		15:06:07:724		
006:05:00,000	-50,0	25,8	25,9	-50,0	0,0	0,0	0,0	0,950	0,000	5021,371	0,0	-50,0		15:07:07:724		
006:06:00,000	-50,0	25,2	25,6	-50,0	0,0	0,0	0,0	0,950	0,000	5020,231	0,0	-50,0		15:08:07:724		
006:07:00,000	-50,0	25,1	25,4	-50,0	0,0	0,0	0,0	0,950	0,000	5020,193	0,0	-50,0		15:09:07:724		
006:08:00,000	-50,0	24,3	24,7	-50,0	0,0	0,0	0,0	0,950	0,000	5018,741	0,0	-50,0		15:10:07:724		
006:09:00,000	-50,0	23,4	23,9	-50,0	0,0	0,0	0,0	0,950	0,000	5017,583	0,0	-50,0		15:11:07:724		
006:10:00,000	-50,0	23,2	23,5	-50,0	0,0	0,0	0,0	0,950	0,000	5017,981	0,0	-50,0		15:12:07:724		
006:11:00,000	-50,0	22,9	23,1	-50,0	0,0	0,0	0,0	0,950	0,000	5016,787	0,0	-50,0		15:13:07:724		
006:12:00,000	-50,0	23,3	23,0	-50,0	0,0	0,0	0,0	0,950	0,000	5017,027	0,0	-50,0		15:14:07:724		
006:13:00,000	-50,0	23,9	23,2	-50,0	0,0	0,0	0,0	0,950	0,000	5018,093	0,0	-49,9		15:15:07:724		
006:14:00,000	-50,0	23,4	23,4	-50,0	0,0	0,0	0,0	0,950	0,000	5019,028	0,0	-50,0		15:16:07:724		
006:15:00,000	-50,0	23,4	23,4	-49,9	0,0	0,0	0,0	0,950	0,000	5018,287	0,0	-49,9		15:17:07:724		
006:16:00,000	-49,9	23,8	23,4	-49,8	0,0	0,0	0,0	0,950	0,000	5018,422	0,0	-49,7		15:18:07:724		
006:17:00,000	-49,9	24,7	24,0	-49,9	0,0	0,0	0,0	0,950	0,000	5018,565	0,0	-49,9		15:19:07:724		
006:18:00,000	-49,7	24,9	24,5	-49,7	0,0	0,0	0,0	0,950	0,000	5018,935	0,0	-49,7		15:20:07:724		
006:19:00,000	-49,6	24,1	24,3	-49,6	0,0	0,0	0,0	0,950	0,000	5017,826	0,0	-49,6		15:21:07:724		
006:20:00,000	-49,5	24,3	24,2	-49,5	0,0	0,0	0,0	0,950	0,000	5019,454	0,0	-49,2		15:22:07:724		
006:21:00,000	-49,6	24,5	24,2	-49,6	0,0	0,0	0,0	0,950	0,000	5018,796	0,0	-49,5		15:23:07:724		
006:22:00,000	-49,8	24,5	24,2	-49,8	0,0	0,0	0,0	0,950	0,000	5019,769	0,0	-49,7		15:24:07:724		
006:23:00,000	-49,7	24,6	24,3	-49,7	0,0	0,0	0,0	0,950	0,000	5018,944	0,0	-49,5		15:25:07:724		
006:24:00,000	-50,0	24,0	24,2	-49,9	0,0	0,0	0,0	0,950	0,000	5018,532	0,0	-49,9		15:26:07:724		
006:25:00,000	-49,9	24,1	24,2	-49,9	0,0	0,0	0,0	0,950	0,000	5019,287	0,0	-50,0		15:27:07:724		
006:26:00,000	-50,0	23,5	23,8	-50,0	0,0	0,0	0,0	0,950	0,000	5018,861	0,0	-50,0		15:28:07:724		
006:27:00,000	-49,8	23,3	23,4	-49,8	0,0	0,0	0,0	0,950	0,000	5017,713	0,0	-49,7		15:29:07:724		
006:28:00,000	-49,6	24,3	23,7	-49,6	0,0	0,0	0,0	0,950	0,000	5019,121	0,0	-49,5		15:30:07:724		
006:29:00,000	-49,5	24,9	24,3	-49,5	0,0	0,0	0,0	0,950	0,000	5019,167	0,0	-49,5		15:31:07:724		
006:30:00,000	-49,9	24,9	24,5	-49,9	0,0	0,0	0,0	0,950	0,000	5019,519	0,0	-49,9		15:32:07:724		
006:31:00,000	-50,0	24,3	24,5	-50,0	0,0	0,0	0,0	0,950	0,000	5018,444	0,0	-50,0		15:33:07:724		
006:32:00,000	-50,0	24,2	24,4	-50,0	0,0	0,0	0,0	0,950	0,000	5019,194	0,0	-50,0		15:34:07:724		
006:33:00,000	-50,0	24,6	24,4	-50,0	0,0	0,0	0,0	0,950	0,000	5019,333	0,0	-49,9		15:35:07:724		
006:34:00,000	-49,8	25,1	24,5	-49,8	0,0	0,0	0,0	0,950	0,000	5020,194	0,0	-49,7		15:36:07:724		
006:35:00,000	-49,9	25,0	24,5	-49,9	0,0	0,0	0,0	0,950	0,000	5020,879	0,0	-49,9		15:37:07:724		
006:36:00,000	-50,0	24,2	24,4	-50,0	0,0	0,0	0,0	0,950	0,000	5019,444	0,0	-50,0		15:38:07:724		
006:37:00,000	-50,0	23,4	23,8	-50,0	0,0	0,0	0,0	0,950	0,000	5017,741	0,0	-50,0		15:39:07:724		
006:38:00,000	-50,0	23,3	23,5	-50,0	0,0	0,0	0,0	0,950	0,000	5018,147	0,0	-50,0		15:40:07:724		
006:39:00,000	-50,0	23,7	23,5	-50,0	0,0	0,0	0,0	0,950	0,000	5018,157	0,0	-50,0		15:41:07:724		
006:40:00,000	-50,0	24,2	23,7	-50,0	0,0	0,0	0,0	0,950	0,000	5018,435	0,0	-50,0		15:42:07:724		
006:41:00,000	-50,0	24,7	24,1	-50,0	0,0	0,0	0,0	0,950	0,000	5019,167	0,0	-50,0		15:43:07:724		
006:42:00,000	-50,0	24,5	24,3	-50,0	0,0	0,0	0,0	0,950	0,000	5019,407	0,0	-50,0		15:44:07:724		
006:43:00,000	-50,0	23,8	24,1	-50,0	0,0	0,0	0,0	0,950	0,000	5019,596	0,0	-50,0		15:45:07:724		
006:44:00,000	-50,0	22,9	23,3	-50,0	0,0	0,0	0,0	0,950	0,000	5017,889	0,0	-50,0		15:46:07:724		
006:45:00,000	-50,0	22,8	23,1	-50,0	0,0	0,0	0,0	0,950	0,000	5018,796	0,0	-50,0		15:47:07:724		
006:46:00,000	-50,0	23,0	23,1	-50,0	0,0	0,0	0,0	0,950	0,000	5017,028	0,0	-50,0		15:48:07:724		
006:47:00,000	-50,0	23,6	23,2	-50,0	0,0	0,0	0,0	0,950	0,000	5018,148	0,0	-50,0		15:49:07:724		
006:48:00,000	-50,0	24,0	23,5	-50,0	0,0	0,0	0,0	0,950	0,000	5017,917	0,0	-50,0		15:50:07:724		
006:49:00,000	-50,0	23,6	23,6	-50,0	0,0	0,0	0,0	0,950	0,000	5018,861	0,0	-50,0		15:51:07:724		
006:50:00,000	-50,0	23,5	23,6	-50,0	0,0	0,0	0,0	0,950	0,000	5018,009	0,0	-50,0		15:52:07:724		
006:51:00,000	-50,0	24,0	23,6	-50,0	0,0	0,0	0,0	0,950	0,000	5018,093	0,0	-50,0		15:53:07:724		
006:52:00,000	-50,0	23,3	23,5	-50,0	0,0	0,0	0,0	0,950	0,000	5019,275	0,0	-50,0		15:54:07:724		
006:53:00,000	-50,0	23,0	23,2	-50,0	0,0	0,0	0,0	0,950	0,000	5018,574	0,0	-50,0		15:55:07:724		
006:54:00,000	-50,0	23,4	23,2	-50,0	0,0	0,0	0,0	0,950	0,000	5017,324	0,0	-50,0		15:56:07:724		
006:55:00,000	-50,0	24,6	23,8	-50,0	0,0	0,0	0,0	0,950	0,000	5018,871	0,0	-50,0		15:57:07:724		
006:56:00,000	-50,0	25,3	24,6	-50,0	0,0	0,0	0,0	0,950	0,000	5019,962	0,0	-50,0		15:58:07:724		
006:57:00,000	-50,0	25,0	24,7	-50,0	0,0	0,0	0,0	0,950	0,000	5018,826	0,0	-50,0		15:59:07:724		
006:58:00,000	-50,0	25,3	24,7	-50,0	0,0	0,0	0,0	0,950	0,000	5020,167	0,0	-50,0		16:00:07:724		
006:59:00,000	-50,0	25,0	24,8	-50,0	0,0	0,0	0,0	0,950	0,000	5019,519	0,0	-49,9		16:01:07:724		
007:00:00,000	-50,0	24,8	24,8	-50,0	0,0	0,0	0,0	0,950	0,000	5019,769	0,0	-50,0		16:02:07:724		
007:01:00,000	-50,0	24,5	24,7	-50,0	0,0	0,0	0,0	0,950	0,000	5019,491	0,0	-50,0		16:03:07:724		
007:02:00,000	-50,0	24,1	24,4	-50,0	0,0	0,0	0,0	0,950	0,000	5019,239	0,0	-50,0		16:04:07:724		
007:03:00,000	-50,0	23,9	24,1	-50,0	0,0	0,0	0,0	0,950	0,000	5018,871	0,0	-50,0		16:05:07:724		
007:04:00,000	-50,0	23,9	24,1	-49,9	0,0	0,0	0,0	0,950	0,000	5018,898	0,0	-49,9		16:06:07:724		
007:05:00,000	-50,0	23,5	23,8	-50,0	0,0	0,0	0,0	0,950	0,000	5018,722	0,0	-50,0		16:07:07:724		
007:06:00,000	-50,0	23,2	23,5	-50,0	0,0	0,0	0,0	0,950	0,000	5018,000	0,0	-50,0		16:08:07:724		
007:07:00,000	-50,0	23,9	23,5	-50,0	0,0	0,0	0,0	0,950	0,000	5018,593	0,0	-50,0		16:09:07:724		
007:08:00,000	-50,0	24,3	23,9	-50,0	0,0	0,0	0,0	0,950	0,000	5019,500	0,0	-50,0		16:10:07:724		
007:09:00,000	-50,0	24,0	23,9	-50,0	0,0	0,0	0,0	0,950	0,000	5019,037	0,0	-50,0		16:11:07:724		
007:10:00,000	-50,0	24,4	23,9	-50,0	0,0	0,0	0,0	0,950	0,000	5018,972	0,0	-50,0		16:12:07:724		
007:11:00,000	-50,0	24,8	24,2	-50,0	0,0	0,0	0,0	0,950	0,000	5019,981	0,0	-50,0		16:13:07:724		
007:12:00,000	-50,0	24,7	24,4	-50,0	0,0	0,0	0,0	0,950	0,000	5020,074	0,0	-50,0		16:14:07:724		
007:13:00,000	-50,0	24,6	24,4	-50,0	0,0	0,0	0,0	0,950	0,000	5019,435	0,0	-50,0		16:15:07:724		
007:14:00,000	-50,0	23,5	24,0	-50,0	0,0	0,0	0,0	0,950	0,000	5019,009	0,0	-50,0		16:16:07:724		
007:15:00,000	-50,0	23,7	23,7	-50,0	0,0	0,0	0,0	0,950	0,000	5019,944	0,0	-50,0		16:17:07:724		
007:16:00,000	-50,0	24,0	23,7	-50,0	0,0	0,0	0,0	0,950	0,000	5018,771	0,0	-50,0		16:18:07:724		
007:17:00,000	-50,0	23,9	23,7	-50,0	0,0	0,0	0,0	0,950	0,000	5018,796	0,0	-50,0		16:19:07:724		
007:18:00,000	-50,0	24,7	24,0	-50,0	0,0	0,0	0,0	0,950	0,000	5020,491	0,0	-50,0		16:20:07:724		
007:19:00,000	-50,0	25,5	24,8	-50,0	0,0	0,0	0,0	0,950	0,000	5020,407	0,0	-50,0		16:21:07:724		
007:20:00,000	-50,0	25,4	25,0	-50,0	0,0	0,0	0,0	0,950	0,000	5020,750	0,0	-50,0		16:22:07:724		
007:21:00,000	-50,0	24,6	24,8	-50,0	0,0	0,0	0,0	0,950	0,000	5019,472	0,0	-50,0		16:23:07:724		
007:22:00,000	-50,0	24,4	24,5	-50,0	0,0	0,0	0,0	0,950	0,000	5019,624	0,0	-50,0		16:24:07:724		
007:23:00,000	-50,0	24,2	24,4	-50,0	0,0	0,0	0,0	0,950	0,000	5019,148	0,0	-49,9		16:25:07:724		
007:24:00,000	-50,0	23,9	24,1	-50,0	0,0	0,0	0,0	0,950	0,000	5018,963	0,0	-50,0		16:26:07:724		
007:25:00,000	-50,0	24,4	24,1	-50,0	0,0	0,0	0,0	0,950	0,000	5020,139	0,0	-50,0		16:27:07:724		
007:26:00,000	-50,0	24,8	24,3	-50,0	0,0	0,0	0,0	0,950	0,000	5020,241	0,0	-50,0		16:28:07:724		
007:27:00,000	-50,0	24,6	24,4	-50,0	0,0	0,0	0,0	0,950	0,000	5018,816	0,0	-50,0		16:29:07:724		
007:28:00,000	-50,0	24,3	24,4	-50,0	0,0	0,0	0,0	0,950	0,000	5019,204	0,0	-50,0		16:30:07:724		
007:29:00,000	-50,0	24,0	24,3	-50,0	0,0	0,0	0,0	0,950	0,000	5019,333	0,0	-50,0		16:31:07:724		
007:30:00,000	-50,0	23,9	24,1	-50,0	0,0	0,0	0,0	0,950	0,000	5019,250	0,0	-50,0		16:32:07:724		
007:31:00,000	-50,0	23,6	23,9	-50,0	0,0	0,0	0,0	0,950	0,000	5018,239	0,0	-50,0		16:33:07:724		
007:32:00,000	-50,0	23,5	23,7	-50,0	0,0	0,0	0,0	0,950	0,000	5017,750	0,0	-50,0		16:34:07:724		
007:33:00,000	-50,0	23,5	23,6	-50,0	0,0	0,0	0,0	0,950	0,000	5018,981	0,0	-50,0		16:35:07:724		
007:34:00,000	-50,0	24,1	23,7	-50,0	0,0	0,0	0,0	0,950	0,000	5018,879	0,0	-50,0		16:36:07:724		
007:35:00,000	-50,0	24,8	24,2	-50,0	0,0	0,0	0,0	0,950	0,000	5020,500	0,0	-50,0		16:37:07:724		
007:36:00,000	-50,0	24,9	24,5	-50,0	0,0	0,0	0,0	0,950	0,000	5020,259	0,0	-50,0		16:38:07:724		
007:37:00,000	-50,0	25,1	24,6	-50,0	0,0	0,0	0,0	0,950	0,000	5020,129	0,0	-50,0		16:39:07:724		
007:38:00,000	-50,0	25,0	24,7	-50,0	0,0	0,0	0,0	0,950	0,000	5020,688	0,0	-50,0		16:40:07:724		
007:39:00,000	-50,0	25,3	24,8	-50,0	0,0	0,0	0,0	0,950	0,000	5020,287	0,0	-50,0		16:41:07:724		
007:40:00,000	-50,0	24,8	24,9	-50,0	0,0	0,0	0,0	0,950	0,000	5020,296	0,0	-50,0		16:42:07:724		
007:41:00,000	-50,0	24,1	24,5	-50,0	0,0	0,0	0,0	0,950	0,000	5019,371	0,0	-50,0		16:43:07:724		
007:42:00,000	-50,0	24,0	24,1	-50,0	0,0	0,0	0,0	0,950	0,000	5019,000	0,0	-50,0		16:44:07:724		
007:43:00,000	-50,0	23,9	24,1	-50,0	0,0	0,0	0,0	0,950	0,000	5018,972	0,0	-50,0		16:45:07:724		
007:44:00,000	-50,0	24,0	24,1	-50,0	0,0	0,0	0,0	0,950	0,000	5019,287	0,0	-50,0		16:46:07:724		
007:45:00,000	-50,0	24,0	24,1	-50,0	0,0	0,0	0,0	0,950	0,000	5018,556	0,0	-50,0		16:47:07:724		
007:46:00,000	-50,0	24,7	24,2	-50,0	0,0	0,0	0,0	0,950	0,000	5019,981	0,0	-50,0		16:48:07:724		
007:47:00,000	-50,0	24,9	24,7	-50,0	0,0	0,0	0,0	0,950	0,000	5020,204	0,0	-50,0		16:49:07:724		
007:48:00,000	-50,0	25,1	24,7	-50,0	0,0	0,0	0,0	0,950	0,000	5020,037	0,0	-50,0		16:50:07:724		
007:49:00,000	-50,0	25,4	24,9	-50,0	0,0	0,0	0,0	0,950	0,000	5019,963	0,0	-50,0		16:51:07:724		
007:50:00,000	-50,0	24,6	24,9	-50,0	0,0	0,0	0,0	0,950	0,000	5019,759	0,0	-50,0		16:52:07:724		
007:51:00,000	-50,0	24,7	24,8	-50,0	0,0	0,0	0,0	0,950	0,000	5019,954	0,0	-50,0		16:53:07:724		
007:52:00,000	-50,0	24,8	24,8	-50,0	0,0	0,0	0,0	0,950	0,000	5020,596	0,0	-50,0		16:54:07:724		
007:53:00,000	-50,0	24,5	24,7	-50,0	0,0	0,0	0,0	0,950	0,000	5019,481	0,0	-50,0		16:55:07:724		
007:54:00,000	-50,0	24,8	24,7	-50,0	0,0	0,0	0,0	0,950	0,000	5020,454	0,0	-50,0		16:56:07:724		
007:55:00,000	-50,0	24,4	24,7	-50,0	0,0	0,0	0,0	0,950	0,000	5021,537	0,0	-50,0		16:57:07:724		
007:56:00,000	-50,0	24,4	24,6	-50,0	0,0	0,0	0,0	0,950	0,000	5019,778	0,0	-50,0		16:58:07:724		
007:57:00,000	-50,0	24,8	24,6	-50,0	0,0	0,0	0,0	0,950	0,000	5019,889	0,0	-50,0		16:59:07:724		
007:58:00,000	-50,0	25,4	24,8	-50,0	0,0	0,0	0,0	0,950	0,000	5020,963	0,0	-50,0		17:00:07:724		
007:59:00,000	-50,0	24,9	24,9	-50,0	0,0	0,0	0,0	0,950	0,000	5020,815	0,0	-50,0		17:01:07:724		
008:00:00,000	-50,0	24,3	24,6	-50,0	0,0	0,0	0,0	0,950	0,000	5019,796	0,0	-50,0		17:02:07:724		
008:01:00,000	-50,0	24,4	24,6	-50,0	0,0	0,0	0,0	0,950	0,000	5020,898	0,0	-50,0		17:03:07:724		
008:02:00,000	-50,0	24,4	24,6	-50,0	0,0	0,0	0,0	0,950	0,000	5019,193	0,0	-50,0		17:04:07:724		
008:03:00,000	-50,0	24,4	24,6	-50,0	0,0	0,0	0,0	0,950	0,000	5019,565	0,0	-50,0		17:05:07:724		
008:04:00,000	-50,0	24,8	24,6	-50,0	0,0	0,0	0,0	0,950	0,000	5019,991	0,0	-50,0		17:06:07:724		
008:05:00,000	-50,0	24,1	24,4	-50,0	0,0	0,0	0,0	0,950	0,000	5019,972	0,0	-50,0		17:07:07:724		
008:06:00,000	-50,0	24,2	24,3	-50,0	0,0	0,0	0,0	0,950	0,000	5019,222	0,0	-50,0		17:08:07:724		
008:07:00,000	-50,0	24,7	24,3	-50,0	0,0	0,0	0,0	0,950	0,000	5019,778	0,0	-50,0		17:09:07:724		
008:08:00,000	-50,0	24,7	24,4	-50,0	0,0	0,0	0,0	0,950	0,000	5019,935	0,0	-50,0		17:10:07:724		
008:09:00,000	-50,0	24,2	24,4	-50,0	0,0	0,0	0,0	0,950	0,000	5020,000	0,0	-50,0		17:11:07:724		
008:10:00,000	-50,0	24,0	24,3	-50,0	0,0	0,0	0,0	0,950	0,000	5020,083	0,0	-50,0		17:12:07:724		
008:11:00,000	-50,0	24,3	24,3	-50,0	0,0	0,0	0,0	0,950	0,000	5020,741	0,0	-50,0		17:13:07:724		
008:12:00,000	-50,0	24,7	24,3	-50,0	0,0	0,0	0,0	0,950	0,000	5019,593	0,0	-50,0		17:14:07:724		
008:13:00,000	-50,0	25,1	24,6	-50,0	0,0	0,0	0,0	0,950	0,000	5021,000	0,0	-50,0		17:15:07:724		
008:14:00,000	-50,0	25,0	24,7	-50,0	0,0	0,0	0,0	0,950	0,000	5020,741	0,0	-50,0		17:16:07:724		
008:15:00,000	-50,0	24,9	24,7	-50,0	0,0	0,0	0,0	0,950	0,000	5021,500	0,0	-50,0		17:17:07:724		
008:16:00,000	-50,0	24,6	24,7	-50,0	0,0	0,0	0,0	0,950	0,000	5019,204	0,0	-50,0		17:18:07:724		
008:17:00,000	-50,0	23,9	24,3	-50,0	0,0	0,0	0,0	0,950	0,000	5018,796	0,0	-50,0		17:19:07:724		
008:18:00,000	-50,0	23,7	24,0	-50,0	0,0	0,0	0,0	0,950	0,000	5024,519	0,0	-50,0		17:20:07:724		
008:19:00,000	-50,0	23,9	24,0	-50,0	0,0	0,0	0,0	0,950	0,000	5023,241	0,0	-50,0		17:21:07:724		
008:20:00,000	-50,0	24,8	24,2	-50,0	0,0	0,0	0,0	0,950	0,000	5017,907	0,0	-50,0		17:22:07:724		
008:21:00,000	-50,0	24,7	24,4	-50,0	0,0	0,0	0,0	0,950	0,000	5023,835	0,0	-50,0		17:23:07:724		
008:22:00,000	-50,0	24,5	24,4	-50,0	0,0	0,0	0,0	0,950	0,000	5022,333	0,0	-50,0		17:24:07:724		
008:23:00,000	-50,0	24,6	24,4	-50,0	0,0	0,0	0,0	0,950	0,000	5020,019	0,0	-50,0		17:25:07:724		
008:24:00,000	-50,0	25,2	24,7	-50,0	0,0	0,0	0,0	0,950	0,000	5022,296	0,0	-50,0		17:26:07:724		
008:25:00,000	-50,0	25,2	24,9	-50,0	0,0	0,0	0,0	0,950	0,000	5021,157	0,0	-50,0		17:27:07:724		
008:26:00,000	-50,0	24,8	24,9	-50,0	0,0	0,0	0,0	0,950	0,000	5020,806	0,0	-50,0		17:28:07:724		
008:27:00,000	-50,0	25,1	24,9	-50,0	0,0	0,0	0,0	0,950	0,000	5020,435	0,0	-50,0		17:29:07:724		
008:28:00,000	-50,0	25,3	24,9	-50,0	0,0	0,0	0,0	0,950	0,000	5020,991	0,0	-50,0		17:30:07:724		
008:29:00,000	-50,0	25,1	24,9	-50,0	0,0	0,0	0,0	0,950	0,000	5021,596	0,0	-50,0		17:31:07:724		
008:30:00,000	-50,0	25,0	24,9	-50,0	0,0	0,0	0,0	0,950	0,000	5020,056	0,0	-50,0		17:32:07:724		
008:31:00,000	-50,0	25,0	24,9	-50,0	0,0	0,0	0,0	0,950	0,000	5020,129	0,0	-50,0		17:33:07:724		
008:32:00,000	-50,0	24,7	24,9	-50,0	0,0	0,0	0,0	0,950	0,000	5020,398	0,0	-50,0		17:34:07:724		
008:33:00,000	-50,0	24,5	24,8	-50,0	0,0	0,0	0,0	0,950	0,000	5020,454	0,0	-50,0		17:35:07:724		
008:34:00,000	-50,0	24,1	24,5	-50,0	0,0	0,0	0,0	0,950	0,000	5019,565	0,0	-50,0		17:36:07:724		
008:35:00,000	-50,0	24,0	24,3	-50,0	0,0	0,0	0,0	0,950	0,000	5019,935	0,0	-50,0		17:37:07:724		
008:36:00,000	-50,0	24,0	24,3	-50,0	0,0	0,0	0,0	0,950	0,000	5018,833	0,0	-50,0		17:38:07:724		
008:37:00,000	-50,0	23,9	24,2	-50,0	0,0	0,0	0,0	0,950	0,000	5019,546	0,0	-50,0		17:39:07:724		
008:38:00,000	-50,0	23,9	24,2	-50,0	0,0	0,0	0,0	0,950	0,000	5019,926	0,0	-50,0		17:40:07:724		
008:39:00,000	-50,0	24,0	24,2	-50,0	0,0	0,0	0,0	0,950	0,000	5023,101	0,0	-50,0		17:41:07:724		
008:40:00,000	-50,0	24,4	24,2	-50,0	0,0	0,0	0,0	0,950	0,000	5020,704	0,0	-50,0		17:42:07:724		
008:41:00,000	-50,0	24,5	24,2	-50,0	0,0	0,0	0,0	0,950	0,000	5020,055	0,0	-50,0		17:43:07:724		
008:42:00,000	-50,0	24,7	24,3	-50,0	0,0	0,0	0,0	0,950	0,000	5020,000	0,0	-50,0		17:44:07:724		
008:43:00,000	-50,0	25,7	25,0	-50,0	0,0	0,0	0,0	0,950	0,000	5021,139	0,0	-50,0		17:45:07:724		
008:44:00,000	-50,0	25,6	25,1	-50,0	0,0	0,0	0,0	0,950	0,000	5021,463	0,0	-50,0		17:46:07:724		
008:45:00,000	-50,0	26,0	25,4	-50,0	0,0	0,0	0,0	0,950	0,000	5022,213	0,0	-50,0		17:47:07:724		
008:46:00,000	-50,0	26,5	25,9	-50,0	0,0	0,0	0,0	0,950	0,000	5021,833	0,0	-50,0		17:48:07:724		
008:47:00,000	-50,0	26,9	26,3	-50,0	0,0	0,0	0,0	0,950	0,000	5022,009	0,0	-50,0		17:49:07:724		
008:48:00,000	-50,0	26,7	26,4	-50,0	0,0	0,0	0,0	0,950	0,000	5021,259	0,0	-50,0		17:50:07:724		
008:49:00,000	-50,0	26,1	26,3	-50,0	0,0	0,0	0,0	0,950	0,000	5021,250	0,0	-50,0		17:51:07:724		
008:50:00,000	-50,0	26,2	26,2	-50,0	0,0	0,0	0,0	0,950	0,000	5021,676	0,0	-50,0		17:52:07:724		
008:51:00,000	-50,0	26,4	26,2	-50,0	0,0	0,0	0,0	0,950	0,000	5021,565	0,0	-50,0		17:53:07:724		
008:52:00,000	-50,0	25,6	26,0	-50,0	0,0	0,0	0,0	0,950	0,000	5022,046	0,0	-50,0		17:54:07:724		
008:53:00,000	-50,0	25,0	25,4	-50,0	0,0	0,0	0,0	0,950	0,000	5020,454	0,0	-50,0		17:55:07:724		
008:54:00,000	-50,0	25,2	25,2	-50,0	0,0	0,0	0,0	0,950	0,000	5020,519	0,0	-50,0		17:56:07:724		
008:55:00,000	-50,0	25,8	25,3	-50,0	0,0	0,0	0,0	0,950	0,000	5021,583	0,0	-50,0		17:57:07:724		
008:56:00,000	-50,0	25,8	25,5	-50,0	0,0	0,0	0,0	0,950	0,000	5021,121	0,0	-50,0		17:58:07:724		
008:57:00,000	-50,0	25,7	25,5	-50,0	0,0	0,0	0,0	0,950	0,000	5021,148	0,0	-50,0		17:59:07:724		
008:58:00,000	-50,0	25,7	25,5	-50,0	0,0	0,0	0,0	0,950	0,000	5020,435	0,0	-50,0		18:00:07:724		
008:59:00,000	-50,0	25,2	25,5	-50,0	0,0	0,0	0,0	0,950	0,000	5020,835	0,0	-50,0		18:01:07:724		
009:00:00,000	-50,0	24,9	25,2	-50,0	0,0	0,0	0,0	0,950	0,000	5020,824	0,0	-50,0		18:02:07:724		
009:01:00,000	-50,0	25,0	25,2	-50,0	0,0	0,0	0,0	0,950	0,000	5019,861	0,0	-50,0		18:03:07:724		
009:02:00,000	-50,0	25,0	25,2	-50,0	0,0	0,0	0,0	0,950	0,000	5021,222	0,0	-50,0		18:04:07:724		
009:03:00,000	-50,0	26,0	25,4	-50,0	0,0	0,0	0,0	0,950	0,000	5022,156	0,0	-50,0		18:05:07:724		
009:04:00,000	-50,0	26,3	25,8	-50,0	0,0	0,0	0,0	0,950	0,000	5020,796	0,0	-50,0		18:06:07:724		
009:05:00,000	-50,0	26,1	25,8	-50,0	0,0	0,0	0,0	0,950	0,000	5022,296	0,0	-50,0		18:07:07:724		
009:06:00,000	-50,0	25,9	25,8	-50,0	0,0	0,0	0,0	0,950	0,000	5021,602	0,0	-50,0		18:08:07:724		
009:07:00,000	-50,0	26,1	25,8	-50,0	0,0	0,0	0,0	0,950	0,000	5021,935	0,0	-50,0		18:09:07:724		
009:08:00,000	-50,0	26,0	25,8	-50,0	0,0	0,0	0,0	0,950	0,000	5021,157	0,0	-50,0		18:10:07:724		
009:09:00,000	-50,0	25,6	25,8	-50,0	0,0	0,0	0,0	0,950	0,000	5020,852	0,0	-50,0		18:11:07:724		
009:10:00,000	-50,0	25,8	25,8	-50,0	0,0	0,0	0,0	0,950	0,000	5021,389	0,0	-50,0		18:12:07:724		
009:11:00,000	-50,0	26,6	26,0	-50,0	0,0	0,0	0,0	0,950	0,000	5021,780	0,0	-50,0		18:13:07:724		
009:12:00,000	-50,0	27,2	26,5	-50,0	0,0	0,0	0,0	0,950	0,000	5022,371	0,0	-50,0		18:14:07:724		
009:13:00,000	-50,0	27,3	26,8	-50,0	0,0	0,0	0,0	0,950	0,000	5022,694	0,0	-50,0		18:15:07:724		
009:14:00,000	-50,0	26,4	26,7	-50,0	0,0	0,0	0,0	0,950	0,000	5021,843	0,0	-50,0		18:16:07:724		
009:15:00,000	-50,0	25,1	25,8	-50,0	0,0	0,0	0,0	0,950	0,000	5022,111	0,0	-50,0		18:17:07:724		
009:16:00,000	-50,0	24,5	25,1	-50,0	0,0	0,0	0,0	0,950	0,000	5020,211	0,0	-50,0		18:18:07:724		
009:17:00,000	-50,0	24,3	24,8	-50,0	0,0	0,0	0,0	0,950	0,000	5020,185	0,0	-50,0		18:19:07:724		
009:18:00,000	-50,0	24,6	24,7	-50,0	0,0	0,0	0,0	0,950	0,000	5019,954	0,0	-50,0		18:20:07:724		
009:19:00,000	-50,0	24,7	24,7	-50,0	0,0	0,0	0,0	0,950	0,000	5019,804	0,0	-50,0		18:21:07:724		
009:20:00,000	-50,0	24,9	24,7	-50,0	0,0	0,0	0,0	0,950	0,000	5019,807	0,0	-50,0		18:22:07:724		
009:21:00,000	-50,0	24,7	24,7	-50,0	0,0	0,0	0,0	0,950	0,000	5019,833	0,0	-50,0		18:23:07:724		
009:22:00,000	-50,0	24,9	24,7	-50,0	0,0	0,0	0,0	0,950	0,000	5021,167	0,0	-50,0		18:24:07:724		
009:23:00,000	-50,0	25,2	24,8	-50,0	0,0	0,0	0,0	0,950	0,000	5019,926	0,0	-50,0		18:25:07:724		
009:24:00,000	-50,0	25,6	25,1	-50,0	0,0	0,0	0,0	0,950	0,000	5021,713	0,0	-50,0		18:26:07:724		
009:25:00,000	-50,0	25,3	25,2	-50,0	0,0	0,0	0,0	0,950	0,000	5020,472	0,0	-50,0		18:27:07:724		
009:26:00,000	-50,0	24,8	25,1	-50,0	0,0	0,0	0,0	0,950	0,000	5020,064	0,0	-50,0		18:28:07:724		
009:27:00,000	-50,0	25,0	25,1	-50,0	0,0	0,0	0,0	0,950	0,000	5020,472	0,0	-50,0		18:29:07:724		
009:28:00,000	-50,0	25,1	25,1	-50,0	0,0	0,0	0,0	0,950	0,000	5020,917	0,0	-50,0		18:30:07:724		
009:29:00,000	-50,0	25,3	25,1	-50,0	0,0	0,0	0,0	0,950	0,000	5022,343	0,0	-50,0		18:31:07:724		
009:30:00,000	-50,0	25,6	25,2	-50,0	0,0	0,0	0,0	0,950	0,000	5020,954	0,0	-50,0		18:32:07:724		
009:31:00,000	-50,0	25,3	25,2	-50,0	0,0	0,0	0,0	0,950	0,000	5020,565	0,0	-50,0		18:33:07:724		
009:32:00,000	-50,0	25,1	25,2	-50,0	0,0	0,0	0,0	0,950	0,000	5020,787	0,0	-50,0		18:34:07:724		
009:33:00,000	-50,0	25,4	25,2	-50,0	0,0	0,0	0,0	0,950	0,000	5020,759	0,0	-50,0		18:35:07:724		
009:34:00,000	-50,0	25,6	25,2	-50,0	0,0	0,0	0,0	0,950	0,000	5020,204	0,0	-50,0		18:36:07:724		
009:35:00,000	-50,0	25,6	25,2	-50,0	0,0	0,0	0,0	0,950	0,000	5021,454	0,0	-50,0		18:37:07:724		
009:36:00,000	-50,0	26,2	25,2	-50,0	0,0	0,0	0,0	0,950	0,000	5020,602	0,0	-50,0		18:38:07:724		
009:37:00,000	-50,0	24,7	25,1	-50,0	0,0	0,0	0,0	0,950	0,000	5020,139	0,0	-50,0		18:39:07:724		
009:38:00,000	-50,0	24,7	25,0	-50,0	0,0	0,0	0,0	0,950	0,000	5020,315	0,0	-50,0		18:40:07:724		
009:39:00,000	-50,0	24,5	24,8	-50,0	0,0	0,0	0,0	0,950	0,000	5019,917	0,0	-50,0		18:41:07:724		
009:40:00,000	-50,0	24,6	24,8	-50,0	0,0	0,0	0,0	0,950	0,000	5019,629	0,0	-50,0		18:42:07:724		
009:41:00,000	-50,0	24,5	24,8	-50,0	0,0	0,0	0,0	0,950	0,000	5020,222	0,0	-50,0		18:43:07:724		
009:42:00,000	-50,0	24,5	24,8	-50,0	0,0	0,0	0,0	0,950	0,000	5020,546	0,0	-50,0		18:44:07:724		
009:43:00,000	-50,0	24,3	24,7	-50,0	0,0	0,0	0,0	0,950	0,000	5019,454	0,0	-50,0		18:45:07:724		
009:44:00,000	-50,0	24,0	24,4	-50,0	0,0	0,0	0,0	0,950	0,000	5019,121	0,0	-50,0		18:46:07:724		
009:45:00,000	-50,0	24,1	24,4	-50,0	0,0	0,0	0,0	0,950	0,000	5020,481	0,0	-50,0		18:47:07:724		
009:46:00,000	-50,0	24,5	24,4	-50,0	0,0	0,0	0,0	0,950	0,000	5019,917	0,0	-50,0		18:48:07:724		
009:47:00,000	-50,0	24,8	24,4	-50,0	0,0	0,0	0,0	0,950	0,000	5019,685	0,0	-50,0		18:49:07:724		
009:48:00,000	-50,0	24,6	24,4	-50,0	0,0	0,0	0,0	0,950	0,000	5019,871	0,0	-50,0		18:50:07:724		
009:49:00,000	-50,0	24,1	24,4	-50,0	0,0	0,0	0,0	0,950	0,000	5019,528	0,0	-50,0		18:51:07:724		
009:50:00,000	-50,0	23,9	24,3	-50,0	0,0	0,0	0,0	0,950	0,000	5018,750	0,0	-50,0		18:52:07:724		
009:51:00,000	-50,0	23,8	24,2	-50,0	0,0	0,0	0,0	0,950	0,000	5019,204	0,0	-50,0		18:53:07:724		
009:52:00,000	-50,0	23,7	24,1	-50,0	0,0	0,0	0,0	0,950	0,000	5020,129	0,0	-50,0		18:54:07:724		
009:53:00,000	-50,0	23,5	24,0	-50,0	0,0	0,0	0,0	0,950	0,000	5022,241	0,0	-50,0		18:55:07:724		
009:54:00,000	-50,0	23,5	23,9	-50,0	0,0	0,0	0,0	0,950	0,000	5022,852	0,0	-50,0		18:56:07:724		
009:55:00,000	-50,0	23,5	23,9	-50,0	0,0	0,0	0,0	0,950	0,000	5022,843	0,0	-50,0		18:57:07:724		
009:56:00,000	-50,0	23,4	23,9	-50,0	0,0	0,0	0,0	0,950	0,000	5021,852	0,0	-50,0		18:58:07:724		
009:57:00,000	-50,0	23,4	23,8	-50,0	0,0	0,0	0,0	0,950	0,000	5019,481	0,0	-50,0		18:59:07:724		
009:58:00,000	-50,0	23,4	23,8	-50,0	0,0	0,0	0,0	0,950	0,000	5018,583	0,0	-50,0		19:00:07:724		
009:59:00,000	-50,0	23,4	23,8	-50,0	0,0	0,0	0,0	0,950	0,000	5019,945	0,0	-50,0		19:01:07:724		
010:00:00,000	-50,0	23,3	23,7	-50,0	0,0	0,0	0,0	0,950	0,000	5018,704	0,0	-50,0		19:02:07:724		
010:01:00,000	-50,0	23,5	23,7	-50,0	0,0	0,0	0,0	0,950	0,000	5018,583	0,0	-50,0		19:03:07:724		
010:02:00,000	-50,0	23,7	23,7	-50,0	0,0	0,0	0,0	0,950	0,000	5019,862	0,0	-50,0		19:04:07:724		
010:03:00,000	-50,0	23,6	23,7	-50,0	0,0	0,0	0,0	0,950	0,000	5018,991	0,0	-50,0		19:05:07:724		
010:04:00,000	-50,0	23,5	23,7	-50,0	0,0	0,0	0,0	0,950	0,000	5019,491	0,0	-50,0		19:06:07:724		
010:05:00,000	-50,0	23,5	23,7	-50,0	0,0	0,0	0,0	0,950	0,000	5020,028	0,0	-50,0		19:07:07:724		
010:06:00,000	-50,0	23,3	23,7	-50,0	0,0	0,0	0,0	0,950	0,000	5018,379	0,0	-50,0		19:08:07:724		
010:07:00,000	-50,0	23,1	23,6	-50,0	0,0	0,0	0,0	0,950	0,000	5019,019	0,0	-50,0		19:09:07:724		
010:08:00,000	-50,0	23,0	23,4	-50,0	0,0	0,0	0,0	0,950	0,000	5017,917	0,0	-50,0		19:10:07:724		
010:09:00,000	-50,0	23,1	23,4	-50,0	0,0	0,0	0,0	0,950	0,000	5018,789	0,0	-50,0		19:11:07:724		
010:10:00,000	-50,0	23,3	23,4	-50,0	0,0	0,0	0,0	0,950	0,000	5019,241	0,0	-50,0		19:12:07:724		
010:11:00,000	-50,0	23,4	23,4	-50,0	0,0	0,0	0,0	0,950	0,000	5019,093	0,0	-50,0		19:13:07:724		
010:12:00,000	-50,0	23,4	23,4	-50,0	0,0	0,0	0,0	0,950	0,000	5019,789	0,0	-50,0		19:14:07:724		
010:13:00,000	-50,0	23,4	23,4	-50,0	0,0	0,0	0,0	0,950	0,000	5018,991	0,0	-50,0		19:15:07:724		
010:14:00,000	-50,0	23,4	23,4	-50,0	0,0	0,0	0,0	0,950	0,000	5018,852	0,0	-50,0		19:16:07:724		
010:15:00,000	-50,0	23,4	23,4	-50,0	0,0	0,0	0,0	0,950	0,000	5019,056	0,0	-50,0		19:17:07:724		
010:16:00,000	-50,0	23,1	23,4	-50,0	0,0	0,0	0,0	0,950	0,000	5018,361	0,0	-50,0		19:18:07:724		
010:17:00,000	-50,0	23,2	23,4	-50,0	0,0	0,0	0,0	0,950	0,000	5018,248	0,0	-50,0		19:19:07:724		
010:18:00,000	-50,0	23,7	23,4	-50,0	0,0	0,0	0,0	0,950	0,000	5019,602	0,0	-50,0		19:20:07:724		
010:19:00,000	-50,0	23,8	23,5	-50,0	0,0	0,0	0,0	0,950	0,000	5018,852	0,0	-50,0		19:21:07:724		
010:20:00,000	-50,0	23,6	23,5	-50,0	0,0	0,0	0,0	0,950	0,000	5019,083	0,0	-50,0		19:22:07:724		
010:21:00,000	-50,0	23,8	23,5	-50,0	0,0	0,0	0,0	0,950	0,000	5018,954	0,0	-50,0		19:23:07:724		
010:22:00,000	-50,0	24,0	23,7	-50,0	0,0	0,0	0,0	0,950	0,000	5019,306	0,0	-50,0		19:24:07:724		
010:23:00,000	-50,0	23,7	23,7	-50,0	0,0	0,0	0,0	0,950	0,000	5018,944	0,0	-50,0		19:25:07:724		
010:24:00,000	-50,0	23,1	23,6	-50,0	0,0	0,0	0,0	0,950	0,000	5018,750	0,0	-50,0		19:26:07:724		
010:25:00,000	-50,0	22,9	23,4	-50,0	0,0	0,0	0,0	0,950	0,000	5018,556	0,0	-50,0		19:27:07:724		
010:26:00,000	-50,0	22,8	23,2	-50,0	0,0	0,0	0,0	0,950	0,000	5017,371	0,0	-50,0		19:28:07:724		
010:27:00,000	-50,0	22,6	23,1	-50,0	0,0	0,0	0,0	0,950	0,000	5017,722	0,0	-50,0		19:29:07:724		
010:28:00,000	-50,0	22,8	23,1	-50,0	0,0	0,0	0,0	0,950	0,000	5018,376	0,0	-50,0		19:30:07:724		
010:29:00,000	-50,0	23,1	23,1	-50,0	0,0	0,0	0,0	0,950	0,000	5018,546	0,0	-50,0		19:31:07:724		
010:30:00,000	-50,0	23,0	23,1	-50,0	0,0	0,0	0,0	0,950	0,000	5017,759	0,0	-50,0		19:32:07:724		
010:31:00,000	-50,0	22,9	23,1	-50,0	0,0	0,0	0,0	0,950	0,000	5017,731	0,0	-50,0		19:33:07:724		
010:32:00,000	-50,0	22,8	23,1	-50,0	0,0	0,0	0,0	0,950	0,000	5018,157	0,0	-50,0		19:34:07:724		
010:33:00,000	-50,0	22,7	23,1	-50,0	0,0	0,0	0,0	0,950	0,000	5018,129	0,0	-50,0		19:35:07:724		
010:34:00,000	-50,0	22,5	23,0	-50,0	0,0	0,0	0,0	0,950	0,000	5018,055	0,0	-50,0		19:36:07:724		
010:35:00,000	-50,0	22,3	22,9	-50,0	0,0	0,0	0,0	0,950	0,000	5017,083	0,0	-50,0		19:37:07:724		
010:36:00,000	-50,0	22,3	22,8	-50,0	0,0	0,0	0,0	0,950	0,000	5017,704	0,0	-50,0		19:38:07:724		
010:37:00,000	-50,0	22,3	22,7	-50,0	0,0	0,0	0,0	0,950	0,000	5017,500	0,0	-50,0		19:39:07:724		
010:38:00,000	-50,0	22,3	22,7	-50,0	0,0	0,0	0,0	0,950	0,000	5017,871	0,0	-50,0		19:40:07:724		
010:39:00,000	-50,0	22,4	22,7	-50,0	0,0	0,0	0,0	0,950	0,000	5017,435	0,0	-50,0		19:41:07:724		
010:40:00,000	-50,0	22,2	22,7	-50,0	0,0	0,0	0,0	0,950	0,000	5017,648	0,0	-50,0		19:42:07:724		
010:41:00,000	-50,0	22,2	22,7	-50,0	0,0	0,0	0,0	0,950	0,000	5017,713	0,0	-50,0		19:43:07:724		
010:42:00,000	-50,0	22,2	22,7	-50,0	0,0	0,0	0,0	0,950	0,000	5017,028	0,0	-50,0		19:44:07:724		
010:43:00,000	-50,0	22,3	22,7	-50,0	0,0	0,0	0,0	0,950	0,000	5017,458	0,0	-50,0		19:45:07:724		
010:44:00,000	-50,0	22,3	22,7	-50,0	0,0	0,0	0,0	0,950	0,000	5018,065	0,0	-50,0		19:46:07:724		
010:45:00,000	-50,0	22,2	22,7	-50,0	0,0	0,0	0,0	0,950	0,000	5017,639	0,0	-50,0		19:47:07:724		
010:46:00,000	-50,0	22,0	22,5	-50,0	0,0	0,0	0,0	0,950	0,000	5016,343	0,0	-50,0		19:48:07:724		
010:47:00,000	-50,0	22,0	22,5	-50,0	0,0	0,0	0,0	0,950	0,000	5017,157	0,0	-50,0		19:49:07:724		
010:48:00,000	-50,0	22,0	22,5	-50,0	0,0	0,0	0,0	0,950	0,000	5017,907	0,0	-50,0		19:50:07:724		
010:49:00,000	-50,0	21,9	22,4	-50,0	0,0	0,0	0,0	0,950	0,000	5017,780	0,0	-50,0		19:51:07:724		
010:50:00,000	-50,0	21,7	22,4	-50,0	0,0	0,0	0,0	0,950	0,000	5017,148	0,0	-50,0		19:52:07:724		
010:51:00,000	-50,0	21,7	22,3	-50,0	0,0	0,0	0,0	0,950	0,000	5016,694	0,0	-50,0		19:53:07:724		
010:52:00,000	-50,0	21,7	22,3	-50,0	0,0	0,0	0,0	0,950	0,000	5017,722	0,0	-50,0		19:54:07:724		
010:53:00,000	-50,0	21,6	22,3	-50,0	0,0	0,0	0,0	0,950	0,000	5016,333	0,0	-50,0		19:55:07:724		
010:54:00,000	-50,0	21,6	22,2	-50,0	0,0	0,0	0,0	0,950	0,000	5016,315	0,0	-50,0		19:56:07:724		
010:55:00,000	-50,0	21,5	22,1	-50,0	0,0	0,0	0,0	0,950	0,000	5017,519	0,0	-50,0		19:57:07:724		
010:56:00,000	-50,0	21,4	22,0	-50,0	0,0	0,0	0,0	0,950	0,000	5015,352	0,0	-50,0		19:58:07:724		
010:57:00,000	-50,0	21,4	22,0	-50,0	0,0	0,0	0,0	0,950	0,000	5016,486	0,0	-50,0		19:59:07:724		
010:58:00,000	-50,0	21,3	21,9	-50,0	0,0	0,0	0,0	0,950	0,000	5016,306	0,0	-50,0		20:00:07:724		
010:59:00,000	-50,0	21,2	21,8	-50,0	0,0	0,0	0,0	0,950	0,000	5016,991	0,0	-50,0		20:01:07:724		
011:00:00,000	-50,0	21,3	21,8	-50,0	0,0	0,0	0,0	0,950	0,000	5016,565	0,0	-50,0		20:02:07:724		
011:01:00,000	-50,0	21,2	21,8	-50,0	0,0	0,0	0,0	0,950	0,000	5015,954	0,0	-50,0		20:03:07:724		
011:02:00,000	-50,0	21,0	21,7	-50,0	0,0	0,0	0,0	0,950	0,000	5015,944	0,0	-50,0		20:04:07:724		
011:03:00,000	-50,0	20,8	21,5	-50,0	0,0	0,0	0,0	0,950	0,000	5015,670	0,0	-50,0		20:05:07:724		
011:04:00,000	-50,0	20,6	21,4	-50,0	0,0	0,0	0,0	0,950	0,000	5017,139	0,0	-50,0		20:06:07:724		
011:05:00,000	-50,0	20,4	21,2	-50,0	0,0	0,0	0,0	0,950	0,000	5015,954	0,0	-50,0		20:07:07:724		
011:06:00,000	-50,0	20,1	20,9	-50,0	0,0	0,0	0,0	0,950	0,000	5014,167	0,0	-50,0		20:08:07:724		
011:07:00,000	-50,0	19,9	20,7	-50,0	0,0	0,0	0,0	0,950	0,000	5014,806	0,0	-50,0		20:09:07:724		
011:08:00,000	-50,0	19,7	20,6	-50,0	0,0	0,0	0,0	0,950	0,000	5014,991	0,0	-50,0		20:10:07:724		
011:09:00,000	-50,0	19,6	20,5	-50,0	0,0	0,0	0,0	0,950	0,000	5014,824	0,0	-50,0		20:11:07:724		
011:10:00,000	-50,0	19,6	20,4	-50,0	0,0	0,0	0,0	0,950	0,000	5014,222	0,0	-50,0		20:12:07:724		
011:11:00,000	-50,0	19,6	20,4	-50,0	0,0	0,0	0,0	0,950	0,000	5018,231	0,0	-50,0		20:13:07:724		
011:12:00,000	-50,0	19,5	20,3	-50,0	0,0	0,0	0,0	0,950	0,000	5014,722	0,0	-50,0		20:14:07:724		
011:13:00,000	-50,0	19,4	20,3	-50,0	0,0	0,0	0,0	0,950	0,000	5014,211	0,0	-50,0		20:15:07:724		
011:14:00,000	-50,0	19,3	20,2	-50,0	0,0	0,0	0,0	0,950	0,000	5015,574	0,0	-50,0		20:16:07:724		
011:15:00,000	-50,0	19,3	20,1	-50,0	0,0	0,0	0,0	0,950	0,000	5015,028	0,0	-50,0		20:17:07:724		
011:16:00,000	-50,0	19,2	20,1	-50,0	0,0	0,0	0,0	0,950	0,000	5013,926	0,0	-50,0		20:18:07:724		
011:17:00,000	-50,0	19,2	20,0	-50,0	0,0	0,0	0,0	0,950	0,000	5014,468	0,0	-50,0		20:19:07:724		
011:18:00,000	-50,0	19,1	20,0	-50,0	0,0	0,0	0,0	0,950	0,000	5014,481	0,0	-50,0		20:20:07:724		
011:19:00,000	-50,0	19,1	20,0	-50,0	0,0	0,0	0,0	0,950	0,000	5014,648	0,0	-50,0		20:21:07:724		
011:20:00,000	-50,0	19,1	19,9	-50,0	0,0	0,0	0,0	0,950	0,000	5013,769	0,0	-50,0		20:22:07:724		
011:21:00,000	-50,0	19,0	19,9	-50,0	0,0	0,0	0,0	0,950	0,000	5014,139	0,0	-50,0		20:23:07:724		
011:22:00,000	-50,0	19,0	19,8	-50,0	0,0	0,0	0,0	0,950	0,000	5014,229	0,0	-50,0		20:24:07:724		
011:23:00,000	-50,0	18,9	19,8	-50,0	0,0	0,0	0,0	0,950	0,000	5014,000	0,0	-50,0		20:25:07:724		
011:24:00,000	-50,0	18,9	19,7	-50,0	0,0	0,0	0,0	0,950	0,000	5013,917	0,0	-50,0		20:26:07:724		
011:25:00,000	-50,0	18,8	19,7	-50,0	0,0	0,0	0,0	0,950	0,000	5014,528	0,0	-50,0		20:27:07:724		
011:26:00,000	-50,0	18,8	19,7	-50,0	0,0	0,0	0,0	0,950	0,000	5013,565	0,0	-50,0		20:28:07:724		
011:27:00,000	-50,0	18,8	19,6	-50,0	0,0	0,0	0,0	0,950	0,000	5013,111	0,0	-50,0		20:29:07:724		
011:28:00,000	-50,0	18,8	19,6	-50,0	0,0	0,0	0,0	0,950	0,000	5013,556	0,0	-50,0		20:30:07:724		
011:29:00,000	-50,0	18,8	19,6	-50,0	0,0	0,0	0,0	0,950	0,000	5014,657	0,0	-50,0		20:31:07:724		
011:30:00,000	-50,0	18,8	19,6	-50,0	0,0	0,0	0,0	0,950	0,000	5013,843	0,0	-50,0		20:32:07:724		
011:31:00,000	-50,0	18,7	19,6	-50,0	0,0	0,0	0,0	0,950	0,000	5013,954	0,0	-50,0		20:33:07:724		
011:32:00,000	-50,0	18,7	19,6	-50,0	0,0	0,0	0,0	0,950	0,000	5013,954	0,0	-50,0		20:34:07:724		
011:33:00,000	-50,0	18,7	19,6	-50,0	0,0	0,0	0,0	0,950	0,000	5014,296	0,0	-50,0		20:35:07:724		
011:34:00,000	-50,0	18,7	19,6	-50,0	0,0	0,0	0,0	0,950	0,000	5014,111	0,0	-50,0		20:36:07:724		
011:35:00,000	-50,0	18,7	19,6	-50,0	0,0	0,0	0,0	0,950	0,000	5014,528	0,0	-50,0		20:37:07:724		
011:36:00,000	-50,0	18,7	19,6	-50,0	0,0	0,0	0,0	0,950	0,000	5013,861	0,0	-50,0		20:38:07:724		
011:37:00,000	-50,0	18,7	19,6	-50,0	0,0	0,0	0,0	0,950	0,000	5014,417	0,0	-50,0		20:39:07:724		
011:38:00,000	-50,0	18,7	19,6	-50,0	0,0	0,0	0,0	0,950	0,000	5014,477	0,0	-50,0		20:40:07:724		
011:39:00,000	-50,0	18,7	19,6	-50,0	0,0	0,0	0,0	0,950	0,000	5013,148	0,0	-50,0		20:41:07:724		
011:40:00,000	-50,0	18,7	19,6	-50,0	0,0	0,0	0,0	0,950	0,000	5013,463	0,0	-50,0		20:42:07:724		
011:41:00,000	-50,0	18,7	19,6	-50,0	0,0	0,0	0,0	0,950	0,000	5014,278	0,0	-50,0		20:43:07:724		
011:42:00,000	-50,0	18,7	19,6	-50,0	0,0	0,0	0,0	0,950	0,000	5014,333	0,0	-50,0		20:44:07:724		
011:43:00,000	-50,0	18,7	19,6	-50,0	0,0	0,0	0,0	0,950	0,000	5013,333	0,0	-50,0		20:45:07:724		
011:44:00,000	-50,0	18,7	19,6	-50,0	0,0	0,0	0,0	0,950	0,000	5014,398	0,0	-50,0		20:46:07:724		
011:45:00,000	-50,0	18,7	19,6	-50,0	0,0	0,0	0,0	0,950	0,000	5014,560	0,0	-50,0		20:47:07:724		
011:46:00,000	-50,0	18,7	19,6	-50,0	0,0	0,0	0,0	0,950	0,000	5014,065	0,0	-50,0		20:48:07:724		
011:47:00,000	-50,0	18,7	19,6	-50,0	0,0	0,0	0,0	0,950	0,000	5013,629	0,0	-50,0		20:49:07:724		
011:48:00,000	-50,0	18,7	19,6	-50,0	0,0	0,0	0,0	0,950	0,000	5013,444	0,0	-50,0		20:50:07:724		
011:49:00,000	-50,0	18,6	19,5	-50,0	0,0	0,0	0,0	0,950	0,000	5013,343	0,0	-50,0		20:51:07:724		
011:50:00,000	-50,0	18,6	19,5	-50,0	0,0	0,0	0,0	0,950	0,000	5014,056	0,0	-50,0		20:52:07:724		
011:51:00,000	-50,0	18,5	19,4	-50,0	0,0	0,0	0,0	0,950	0,000	5013,147	0,0	-50,0		20:53:07:724		
011:52:00,000	-50,0	18,5	19,4	-50,0	0,0	0,0	0,0	0,950	0,000	5013,750	0,0	-50,0		20:54:07:724		
011:53:00,000	-50,0	18,5	19,4	-50,0	0,0	0,0	0,0	0,950	0,000	5013,028	0,0	-50,0		20:55:07:724		
011:54:00,000	-50,0	18,5	19,4	-50,0	0,0	0,0	0,0	0,950	0,000	5014,306	0,0	-50,0		20:56:07:724		
011:55:00,000	-50,0	18,5	19,4	-50,0	0,0	0,0	0,0	0,950	0,000	5013,565	0,0	-50,0		20:57:07:724		
011:56:00,000	-50,0	18,5	19,4	-50,0	0,0	0,0	0,0	0,950	0,000	5013,241	0,0	-50,0		20:58:07:724		
011:57:00,000	-50,0	18,5	19,3	-50,0	0,0	0,0	0,0	0,950	0,000	5013,458	0,0	-50,0		20:59:07:724		
011:58:00,000	-50,0	18,5	19,3	-50,0	0,0	0,0	0,0	0,950	0,000	5013,500	0,0	-50,0		21:00:07:724		
011:59:00,000	-50,0	18,5	19,3	-50,0	0,0	0,0	0,0	0,950	0,000	5014,528	0,0	-50,0		21:01:07:724		
012:00:00,000	-50,0	18,5	19,3	-50,0	0,0	0,0	0,0	0,950	0,000	5013,879	0,0	-50,0		21:02:07:724		
012:01:00,000	-50,0	18,5	19,3	-50,0	0,0	0,0	0,0	0,950	0,000	5013,639	0,0	-50,0		21:03:07:724		
012:02:00,000	-50,0	18,4	19,3	-50,0	0,0	0,0	0,0	0,950	0,000	5013,101	0,0	-50,0		21:04:07:724		
012:03:00,000	-50,0	18,4	19,3	-50,0	0,0	0,0	0,0	0,950	0,000	5013,374	0,0	-50,0		21:05:07:724		
012:04:00,000	-50,0	18,4	19,3	-50,0	0,0	0,0	0,0	0,950	0,000	5013,092	0,0	-50,0		21:06:07:724		
012:05:00,000	-50,0	18,4	19,3	-50,0	0,0	0,0	0,0	0,950	0,000	5013,815	0,0	-50,0		21:07:07:724		
012:06:00,000	-50,0	18,4	19,2	-50,0	0,0	0,0	0,0	0,950	0,000	5013,278	0,0	-50,0		21:08:07:724		
012:07:00,000	-50,0	18,4	19,2	-50,0	0,0	0,0	0,0	0,950	0,000	5013,621	0,0	-50,0		21:09:07:724		
012:08:00,000	-50,0	18,4	19,2	-50,0	0,0	0,0	0,0	0,950	0,000	5012,676	0,0	-50,0		21:10:07:724		
012:09:00,000	-50,0	18,3	19,2	-50,0	0,0	0,0	0,0	0,950	0,000	5013,028	0,0	-50,0		21:11:07:724		
012:10:00,000	-50,0	18,3	19,1	-50,0	0,0	0,0	0,0	0,950	0,000	5013,528	0,0	-50,0		21:12:07:724		
012:11:00,000	-50,0	18,3	19,1	-50,0	0,0	0,0	0,0	0,950	0,000	5021,908	0,0	-50,0		21:13:07:724		
012:12:00,000	-50,0	18,2	19,1	-50,0	0,0	0,0	0,0	0,950	0,000	5015,981	0,0	-50,0		21:14:07:724		
012:13:00,000	-50,0	18,2	19,0	-50,0	0,0	0,0	0,0	0,950	0,000	5013,444	0,0	-50,0		21:15:07:724		
012:14:00,000	-50,0	18,1	19,0	-50,0	0,0	0,0	0,0	0,950	0,000	5015,519	0,0	-50,0		21:16:07:724		
012:15:00,000	-50,0	18,1	18,9	-50,0	0,0	0,0	0,0	0,950	0,000	5014,468	0,0	-50,0		21:17:07:724		
012:16:00,000	-50,0	18,1	18,9	-50,0	0,0	0,0	0,0	0,950	0,000	5013,621	0,0	-50,0		21:18:07:724		
012:17:00,000	-50,0	18,0	18,9	-50,0	0,0	0,0	0,0	0,950	0,000	5013,046	0,0	-50,0		21:19:07:724		
012:18:00,000	-50,0	18,0	18,8	-50,0	0,0	0,0	0,0	0,950	0,000	5013,514	0,0	-50,0		21:20:07:724		
012:19:00,000	-50,0	17,9	18,7	-50,0	0,0	0,0	0,0	0,950	0,000	5013,371	0,0	-50,0		21:21:07:724		
012:20:00,000	-50,0	17,9	18,7	-50,0	0,0	0,0	0,0	0,950	0,000	5012,157	0,0	-50,0		21:22:07:724		
012:21:00,000	-50,0	17,8	18,6	-50,0	0,0	0,0	0,0	0,950	0,000	5012,444	0,0	-50,0		21:23:07:724		
012:22:00,000	-50,0	17,7	18,6	-50,0	0,0	0,0	0,0	0,950	0,000	5012,371	0,0	-50,0		21:24:07:724		
012:23:00,000	-50,0	17,7	18,5	-50,0	0,0	0,0	0,0	0,950	0,000	5012,611	0,0	-50,0		21:25:07:724		
012:24:00,000	-50,0	17,7	18,5	-50,0	0,0	0,0	0,0	0,950	0,000	5011,963	0,0	-50,0		21:26:07:724		
012:25:00,000	-50,0	17,7	18,5	-50,0	0,0	0,0	0,0	0,950	0,000	5013,583	0,0	-50,0		21:27:07:724		
012:26:00,000	-50,0	17,7	18,5	-50,0	0,0	0,0	0,0	0,950	0,000	5012,944	0,0	-50,0		21:28:07:724		
012:27:00,000	-50,0	17,7	18,5	-50,0	0,0	0,0	0,0	0,950	0,000	5012,778	0,0	-50,0		21:29:07:724		
012:28:00,000	-50,0	17,7	18,5	-50,0	0,0	0,0	0,0	0,950	0,000	5012,954	0,0	-50,0		21:30:07:724		
012:29:00,000	-50,0	17,7	18,4	-50,0	0,0	0,0	0,0	0,950	0,000	5013,121	0,0	-50,0		21:31:07:724		
012:30:00,000	-50,0	17,6	18,4	-50,0	0,0	0,0	0,0	0,950	0,000	5013,472	0,0	-50,0		21:32:07:724		
012:31:00,000	-50,0	17,5	18,3	-50,0	0,0	0,0	0,0	0,950	0,000	5011,796	0,0	-50,0		21:33:07:724		
012:32:00,000	-50,0	17,5	18,3	-50,0	0,0	0,0	0,0	0,950	0,000	5012,037	0,0	-50,0		21:34:07:724		
012:33:00,000	-50,0	17,5	18,2	-50,0	0,0	0,0	0,0	0,950	0,000	5011,602	0,0	-50,0		21:35:07:724		
012:34:00,000	-50,0	17,4	18,1	-50,0	0,0	0,0	0,0	0,950	0,000	5012,537	0,0	-50,0		21:36:07:724		
012:35:00,000	-50,0	17,4	18,1	-50,0	0,0	0,0	0,0	0,950	0,000	5012,491	0,0	-50,0		21:37:07:724		
012:36:00,000	-50,0	17,4	18,1	-50,0	0,0	0,0	0,0	0,950	0,000	5011,833	0,0	-50,0		21:38:07:724		
012:37:00,000	-50,0	17,3	18,0	-50,0	0,0	0,0	0,0	0,950	0,000	5011,807	0,0	-50,0		21:39:07:724		
012:38:00,000	-50,0	17,2	17,9	-50,0	0,0	0,0	0,0	0,950	0,000	5012,963	0,0	-50,0		21:40:07:724		
012:39:00,000	-50,0	17,2	17,9	-50,0	0,0	0,0	0,0	0,950	0,000	5010,546	0,0	-50,0		21:41:07:724		
012:40:00,000	-50,0	17,2	17,9	-50,0	0,0	0,0	0,0	0,950	0,000	5011,537	0,0	-50,0		21:42:07:724		
012:41:00,000	-50,0	17,2	17,9	-50,0	0,0	0,0	0,0	0,950	0,000	5011,139	0,0	-50,0		21:43:07:724		
012:42:00,000	-50,0	17,2	17,9	-50,0	0,0	0,0	0,0	0,950	0,000	5010,278	0,0	-50,0		21:44:07:724		
012:43:00,000	-50,0	17,2	17,9	-50,0	0,0	0,0	0,0	0,950	0,000	5010,769	0,0	-50,0		21:45:07:724		
012:44:00,000	-50,0	17,1	17,9	-50,0	0,0	0,0	0,0	0,950	0,000	5011,500	0,0	-50,0		21:46:07:724		
012:45:00,000	-50,0	17,1	17,9	-50,0	0,0	0,0	0,0	0,950	0,000	5011,741	0,0	-50,0		21:47:07:724		
012:46:00,000	-50,0	17,1	17,9	-50,0	0,0	0,0	0,0	0,950	0,000	5011,000	0,0	-50,0		21:48:07:724		
012:47:00,000	-50,0	17,1	17,9	-50,0	0,0	0,0	0,0	0,950	0,000	5011,231	0,0	-50,0		21:49:07:724		
012:48:00,000	-50,0	17,2	17,9	-50,0	0,0	0,0	0,0	0,950	0,000	5011,176	0,0	-50,0		21:50:07:724		
012:49:00,000	-50,0	17,2	17,9	-50,0	0,0	0,0	0,0	0,950	0,000	5011,231	0,0	-50,0		21:51:07:724		
012:50:00,000	-50,0	17,3	17,9	-50,0	0,0	0,0	0,0	0,950	0,000	5011,537	0,0	-50,0		21:52:07:724		
012:51:00,000	-50,0	17,3	17,9	-50,0	0,0	0,0	0,0	0,950	0,000	5011,440	0,0	-50,0		21:53:07:724		
012:52:00,000	-50,0	17,3	17,9	-50,0	0,0	0,0	0,0	0,950	0,000	5011,159	0,0	-50,0		21:54:07:724		
012:53:00,000	-50,0	17,3	17,9	-50,0	0,0	0,0	0,0	0,950	0,000	5011,624	0,0	-50,0		21:55:07:724		
012:54:00,000	-50,0	17,3	17,9	-50,0	0,0	0,0	0,0	0,950	0,000	5011,481	0,0	-50,0		21:56:07:724		
012:55:00,000	-50,0	17,4	17,9	-50,0	0,0	0,0	0,0	0,950	0,000	5011,046	0,0	-50,0		21:57:07:724		
012:56:00,000	-50,0	17,5	17,9	-50,0	0,0	0,0	0,0	0,950	0,000	5011,713	0,0	-50,0		21:58:07:724		
012:57:00,000	-50,0	17,5	17,9	-50,0	0,0	0,0	0,0	0,950	0,000	5011,259	0,0	-50,0		21:59:07:724		
012:58:00,000	-50,0	17,5	17,9	-50,0	0,0	0,0	0,0	0,950	0,000	5011,491	0,0	-50,0		22:00:07:724		
012:59:00,000	-50,0	17,6	17,9	-50,0	0,0	0,0	0,0	0,950	0,000	5012,472	0,0	-50,0		22:01:07:724		
013:00:00,000	-50,0	17,6	18,0	-50,0	0,0	0,0	0,0	0,950	0,000	5011,435	0,0	-50,0		22:02:07:724		
013:01:00,000	-50,0	17,6	18,0	-50,0	0,0	0,0	0,0	0,950	0,000	5011,676	0,0	-50,0		22:03:07:724		
013:02:00,000	-50,0	17,6	18,0	-50,0	0,0	0,0	0,0	0,950	0,000	5011,463	0,0	-50,0		22:04:07:724		
013:03:00,000	-50,0	17,6	18,0	-50,0	0,0	0,0	0,0	0,950	0,000	5011,898	0,0	-50,0		22:05:07:724		
013:04:00,000	-50,0	17,6	18,0	-50,0	0,0	0,0	0,0	0,950	0,000	5012,250	0,0	-50,0		22:06:07:724		
013:05:00,000	-50,0	17,6	18,0	-50,0	0,0	0,0	0,0	0,950	0,000	5012,926	0,0	-50,0		22:07:07:724		
013:06:00,000	-50,0	17,5	18,0	-50,0	0,0	0,0	0,0	0,950	0,000	5014,833	0,0	-50,0		22:08:07:724		
013:07:00,000	-50,0	17,5	18,0	-50,0	0,0	0,0	0,0	0,950	0,000	5011,472	0,0	-50,0		22:09:07:724		
013:08:00,000	-50,0	17,4	18,0	-50,0	0,0	0,0	0,0	0,950	0,000	5010,697	0,0	-50,0		22:10:07:724		
013:09:00,000	-50,0	17,4	18,0	-50,0	0,0	0,0	0,0	0,950	0,000	5011,364	0,0	-50,0		22:11:07:724		
013:10:00,000	-50,0	17,3	18,0	-50,0	0,0	0,0	0,0	0,950	0,000	5010,927	0,0	-50,0		22:12:07:724		
013:11:00,000	-50,0	17,2	18,0	-50,0	0,0	0,0	0,0	0,950	0,000	5011,463	0,0	-50,0		22:13:07:724		
013:12:00,000	-50,0	17,1	18,0	-50,0	0,0	0,0	0,0	0,950	0,000	5011,574	0,0	-50,0		22:14:07:724		
013:13:00,000	-50,0	17,1	18,0	-50,0	0,0	0,0	0,0	0,950	0,000	5010,907	0,0	-50,0		22:15:07:724		
013:14:00,000	-50,0	17,1	17,9	-50,0	0,0	0,0	0,0	0,950	0,000	5011,157	0,0	-50,0		22:16:07:724		
013:15:00,000	-50,0	17,1	17,9	-50,0	0,0	0,0	0,0	0,950	0,000	5011,542	0,0	-50,0		22:17:07:724		
013:16:00,000	-50,0	17,0	17,9	-50,0	0,0	0,0	0,0	0,950	0,000	5011,009	0,0	-50,0		22:18:07:724		
013:17:00,000	-50,0	17,0	17,8	-50,0	0,0	0,0	0,0	0,950	0,000	5010,852	0,0	-50,0		22:19:07:724		
013:18:00,000	-50,0	16,9	17,7	-50,0	0,0	0,0	0,0	0,950	0,000	5010,787	0,0	-50,0		22:20:07:724		
013:19:00,000	-50,0	16,8	17,6	-50,0	0,0	0,0	0,0	0,950	0,000	5010,556	0,0	-50,0		22:21:07:724		
013:20:00,000	-50,0	16,8	17,6	-50,0	0,0	0,0	0,0	0,950	0,000	5010,815	0,0	-50,0		22:22:07:724		
013:21:00,000	-50,0	16,8	17,6	-50,0	0,0	0,0	0,0	0,950	0,000	5010,315	0,0	-50,0		22:23:07:724		
013:22:00,000	-50,0	16,8	17,6	-50,0	0,0	0,0	0,0	0,950	0,000	5012,028	0,0	-50,0		22:24:07:724		
013:23:00,000	-50,0	16,8	17,6	-50,0	0,0	0,0	0,0	0,950	0,000	5010,676	0,0	-50,0		22:25:07:724		
013:24:00,000	-50,0	16,8	17,5	-50,0	0,0	0,0	0,0	0,950	0,000	5010,148	0,0	-50,0		22:26:07:724		
013:25:00,000	-50,0	16,7	17,5	-50,0	0,0	0,0	0,0	0,950	0,000	5010,519	0,0	-50,0		22:27:07:724		
013:26:00,000	-50,0	16,7	17,5	-50,0	0,0	0,0	0,0	0,950	0,000	5009,750	0,0	-50,0		22:28:07:724		
013:27:00,000	-50,0	16,7	17,4	-50,0	0,0	0,0	0,0	0,950	0,000	5010,651	0,0	-50,0		22:29:07:724		
013:28:00,000	-50,0	16,6	17,4	-50,0	0,0	0,0	0,0	0,950	0,000	5009,981	0,0	-50,0		22:30:07:724		
013:29:00,000	-50,0	16,5	17,3	-50,0	0,0	0,0	0,0	0,950	0,000	5010,101	0,0	-50,0		22:31:07:724		
013:30:00,000	-50,0	16,5	17,3	-50,0	0,0	0,0	0,0	0,950	0,000	5009,657	0,0	-50,0		22:32:07:724		
013:31:00,000	-50,0	16,6	17,3	-50,0	0,0	0,0	0,0	0,950	0,000	5010,343	0,0	-50,0		22:33:07:724		
013:32:00,000	-50,0	16,6	17,3	-50,0	0,0	0,0	0,0	0,950	0,000	5010,861	0,0	-50,0		22:34:07:724		
013:33:00,000	-50,0	16,7	17,3	-50,0	0,0	0,0	0,0	0,950	0,000	5010,194	0,0	-50,0		22:35:07:724		
013:34:00,000	-50,0	16,6	17,3	-50,0	0,0	0,0	0,0	0,950	0,000	5010,861	0,0	-50,0		22:36:07:724		
013:35:00,000	-50,0	16,4	17,2	-50,0	0,0	0,0	0,0	0,950	0,000	5010,648	0,0	-50,0		22:37:07:724		
013:36:00,000	-50,0	16,2	17,0	-50,0	0,0	0,0	0,0	0,950	0,000	5010,481	0,0	-50,0		22:38:07:724		
013:37:00,000	-50,0	16,2	17,0	-50,0	0,0	0,0	0,0	0,950	0,000	5010,440	0,0	-50,0		22:39:07:724		
013:38:00,000	-50,0	16,2	17,0	-50,0	0,0	0,0	0,0	0,950	0,000	5010,250	0,0	-50,0		22:40:07:724		
013:39:00,000	-50,0	16,3	17,0	-50,0	0,0	0,0	0,0	0,950	0,000	5010,250	0,0	-50,0		22:41:07:724		
013:40:00,000	-50,0	16,3	17,0	-50,0	0,0	0,0	0,0	0,950	0,000	5009,463	0,0	-50,0		22:42:07:724		
013:41:00,000	-50,0	16,4	17,0	-50,0	0,0	0,0	0,0	0,950	0,000	5009,505	0,0	-50,0		22:43:07:724		
013:42:00,000	-50,0	16,4	17,0	-50,0	0,0	0,0	0,0	0,950	0,000	5009,954	0,0	-50,0		22:44:07:724		
013:43:00,000	-50,0	16,3	17,0	-50,0	0,0	0,0	0,0	0,950	0,000	5010,907	0,0	-50,0		22:45:07:724		
013:44:00,000	-50,0	16,3	17,0	-50,0	0,0	0,0	0,0	0,950	0,000	5010,241	0,0	-50,0		22:46:07:724		
013:45:00,000	-50,0	16,3	17,0	-50,0	0,0	0,0	0,0	0,950	0,000	5009,769	0,0	-50,0		22:47:07:724		
013:46:00,000	-50,0	16,3	17,0	-50,0	0,0	0,0	0,0	0,950	0,000	5010,426	0,0	-50,0		22:48:07:724		
013:47:00,000	-50,0	16,2	17,0	-50,0	0,0	0,0	0,0	0,950	0,000	5010,463	0,0	-50,0		22:49:07:724		
013:48:00,000	-50,0	16,2	17,0	-50,0	0,0	0,0	0,0	0,950	0,000	5010,065	0,0	-50,0		22:50:07:724		
013:49:00,000	-50,0	16,2	17,0	-50,0	0,0	0,0	0,0	0,950	0,000	5010,278	0,0	-50,0		22:51:07:724		
013:50:00,000	-50,0	16,2	17,0	-50,0	0,0	0,0	0,0	0,950	0,000	5008,826	0,0	-50,0		22:52:07:724		
013:51:00,000	-50,0	16,1	16,9	-50,0	0,0	0,0	0,0	0,950	0,000	5010,981	0,0	-50,0		22:53:07:724		
013:52:00,000	-50,0	16,0	16,8	-50,0	0,0	0,0	0,0	0,950	0,000	5009,537	0,0	-50,0		22:54:07:724		
013:53:00,000	-50,0	16,0	16,8	-50,0	0,0	0,0	0,0	0,950	0,000	5009,296	0,0	-50,0		22:55:07:724		
013:54:00,000	-50,0	16,0	16,8	-50,0	0,0	0,0	0,0	0,950	0,000	5009,574	0,0	-50,0		22:56:07:724		
013:55:00,000	-50,0	16,0	16,8	-50,0	0,0	0,0	0,0	0,950	0,000	5010,119	0,0	-50,0		22:57:07:724		
013:56:00,000	-50,0	15,9	16,7	-50,0	0,0	0,0	0,0	0,950	0,000	5009,907	0,0	-50,0		22:58:07:724		
013:57:00,000	-50,0	15,8	16,7	-50,0	0,0	0,0	0,0	0,950	0,000	5009,407	0,0	-50,0		22:59:07:724		
013:58:00,000	-50,0	15,8	16,6	-50,0	0,0	0,0	0,0	0,950	0,000	5009,556	0,0	-50,0		23:00:07:724		
013:59:00,000	-50,0	15,8	16,6	-50,0	0,0	0,0	0,0	0,950	0,000	5010,028	0,0	-50,0		23:01:07:724		
014:00:00,000	-50,0	15,8	16,6	-50,0	0,0	0,0	0,0	0,950	0,000	5010,367	0,0	-50,0		23:02:07:724		
014:01:00,000	-50,0	15,8	16,6	-50,0	0,0	0,0	0,0	0,950	0,000	5009,333	0,0	-50,0		23:03:07:724		
014:02:00,000	-50,0	15,8	16,6	-50,0	0,0	0,0	0,0	0,950	0,000	5009,574	0,0	-50,0		23:04:07:724		
014:03:00,000	-50,0	15,8	16,6	-50,0	0,0	0,0	0,0	0,950	0,000	5009,667	0,0	-50,0		23:05:07:724		
014:04:00,000	-50,0	15,7	16,5	-50,0	0,0	0,0	0,0	0,950	0,000	5009,330	0,0	-50,0		23:06:07:724		
014:05:00,000	-50,0	15,7	16,5	-50,0	0,0	0,0	0,0	0,950	0,000	5010,009	0,0	-50,0		23:07:07:724		
014:06:00,000	-50,0	15,7	16,5	-50,0	0,0	0,0	0,0	0,950	0,000	5008,435	0,0	-50,0		23:08:07:724		
014:07:00,000	-50,0	15,7	16,5	-50,0	0,0	0,0	0,0	0,950	0,000	5009,826	0,0	-50,0		23:09:07:724		
014:08:00,000	-50,0	15,5	16,5	-50,0	0,0	0,0	0,0	0,950	0,000	5008,879	0,0	-50,0		23:10:07:724		
014:09:00,000	-50,0	15,3	16,4	-50,0	0,0	0,0	0,0	0,950	0,000	5008,352	0,0	-50,0		23:11:07:724		
014:10:00,000	-50,0	15,3	16,3	-50,0	0,0	0,0	0,0	0,950	0,000	5008,621	0,0	-50,0		23:12:07:724		
014:11:00,000	-50,0	15,3	16,3	-50,0	0,0	0,0	0,0	0,950	0,000	5009,184	0,0	-50,0		23:13:07:724		
014:12:00,000	-50,0	15,3	16,3	-50,0	0,0	0,0	0,0	0,950	0,000	5008,833	0,0	-50,0		23:14:07:724		
014:13:00,000	-50,0	15,3	16,2	-50,0	0,0	0,0	0,0	0,950	0,000	5009,495	0,0	-50,0		23:15:07:724		
014:14:00,000	-50,0	15,3	16,2	-50,0	0,0	0,0	0,0	0,950	0,000	5009,624	0,0	-50,0		23:16:07:724		
014:15:00,000	-50,0	15,4	16,2	-50,0	0,0	0,0	0,0	0,950	0,000	5009,843	0,0	-50,0		23:17:07:724		
014:16:00,000	-50,0	15,3	16,2	-50,0	0,0	0,0	0,0	0,950	0,000	5009,093	0,0	-50,0		23:18:07:724		
014:17:00,000	-50,0	15,2	16,2	-50,0	0,0	0,0	0,0	0,950	0,000	5008,835	0,0	-50,0		23:19:07:724		
014:18:00,000	-50,0	15,2	16,1	-50,0	0,0	0,0	0,0	0,950	0,000	5008,343	0,0	-50,0		23:20:07:724		
014:19:00,000	-50,0	15,1	16,1	-50,0	0,0	0,0	0,0	0,950	0,000	5008,546	0,0	-50,0		23:21:07:724		
014:20:00,000	-50,0	15,1	16,0	-50,0	0,0	0,0	0,0	0,950	0,000	5008,898	0,0	-50,0		23:22:07:724		
014:21:00,000	-50,0	15,1	16,0	-50,0	0,0	0,0	0,0	0,950	0,000	5008,102	0,0	-50,0		23:23:07:724		
014:22:00,000	-50,0	15,0	15,9	-50,0	0,0	0,0	0,0	0,950	0,000	5008,000	0,0	-50,0		23:24:07:724		
014:23:00,000	-50,0	14,9	15,8	-50,0	0,0	0,0	0,0	0,950	0,000	5007,935	0,0	-50,0		23:25:07:724		
014:24:00,000	-50,0	14,7	15,7	-50,0	0,0	0,0	0,0	0,950	0,000	5008,138	0,0	-50,0		23:26:07:724		
014:25:00,000	-50,0	14,6	15,7	-50,0	0,0	0,0	0,0	0,950	0,000	5008,639	0,0	-50,0		23:27:07:724		
014:26:00,000	-50,0	14,5	15,6	-50,0	0,0	0,0	0,0	0,950	0,000	5008,352	0,0	-50,0		23:28:07:724		
014:27:00,000	-50,0	14,4	15,5	-50,0	0,0	0,0	0,0	0,950	0,000	5007,074	0,0	-50,0		23:29:07:724		
014:28:00,000	-50,0	14,3	15,4	-50,0	0,0	0,0	0,0	0,950	0,000	5007,468	0,0	-50,0		23:30:07:724		
014:29:00,000	-50,0	14,2	15,3	-50,0	0,0	0,0	0,0	0,950	0,000	5007,685	0,0	-50,0		23:31:07:724		
014:30:00,000	-50,0	14,1	15,2	-50,0	0,0	0,0	0,0	0,950	0,000	5007,815	0,0	-50,0		23:32:07:724		
014:31:00,000	-50,0	14,1	15,2	-50,0	0,0	0,0	0,0	0,950	0,000	5007,092	0,0	-50,0		23:33:07:724		
014:32:00,000	-50,0	14,1	15,2	-50,0	0,0	0,0	0,0	0,950	0,000	5007,361	0,0	-50,0		23:34:07:724		
014:33:00,000	-50,0	14,0	15,1	-50,0	0,0	0,0	0,0	0,950	0,000	5007,157	0,0	-50,0		23:35:07:724		
014:34:00,000	-50,0	14,0	15,1	-50,0	0,0	0,0	0,0	0,950	0,000	5007,259	0,0	-50,0		23:36:07:724		
014:35:00,000	-50,0	14,0	15,1	-50,0	0,0	0,0	0,0	0,950	0,000	5007,454	0,0	-50,0		23:37:07:724		
014:36:00,000	-50,0	13,9	15,0	-50,0	0,0	0,0	0,0	0,950	0,000	5007,129	0,0	-50,0		23:38:07:724		
014:37:00,000	-50,0	13,8	14,9	-50,0	0,0	0,0	0,0	0,950	0,000	5010,843	0,0	-50,0		23:39:07:724		
014:38:00,000	-50,0	13,8	14,9	-50,0	0,0	0,0	0,0	0,950	0,000	5007,361	0,0	-50,0		23:40:07:724		
014:39:00,000	-50,0	13,8	14,8	-50,0	0,0	0,0	0,0	0,950	0,000	5007,389	0,0	-50,0		23:41:07:724		
014:40:00,000	-50,0	13,8	14,8	-50,0	0,0	0,0	0,0	0,950	0,000	5007,491	0,0	-50,0		23:42:07:724		
014:41:00,000	-50,0	13,8	14,8	-50,0	0,0	0,0	0,0	0,950	0,000	5007,148	0,0	-50,0		23:43:07:724		
014:42:00,000	-50,0	13,8	14,8	-50,0	0,0	0,0	0,0	0,950	0,000	5006,898	0,0	-50,0		23:44:07:724		
014:43:00,000	-50,0	13,8	14,8	-50,0	0,0	0,0	0,0	0,950	0,000	5007,468	0,0	-50,0		23:45:07:724		
014:44:00,000	-50,0	13,8	14,8	-50,0	0,0	0,0	0,0	0,950	0,000	5007,148	0,0	-50,0		23:46:07:724		
014:45:00,000	-50,0	13,9	14,8	-50,0	0,0	0,0	0,0	0,950	0,000	5008,093	0,0	-50,0		23:47:07:724		
014:46:00,000	-50,0	14,0	14,8	-50,0	0,0	0,0	0,0	0,950	0,000	5007,500	0,0	-50,0		23:48:07:724		
014:47:00,000	-50,0	14,0	14,8	-50,0	0,0	0,0	0,0	0,950	0,000	5007,056	0,0	-50,0		23:49:07:724		
014:48:00,000	-50,0	14,0	14,8	-50,0	0,0	0,0	0,0	0,950	0,000	5006,972	0,0	-50,0		23:50:07:724		
014:49:00,000	-50,0	13,9	14,8	-50,0	0,0	0,0	0,0	0,950	0,000	5007,605	0,0	-50,0		23:51:07:724		
014:50:00,000	-50,0	13,9	14,8	-50,0	0,0	0,0	0,0	0,950	0,000	5007,102	0,0	-50,0		23:52:07:724		
014:51:00,000	-50,0	13,9	14,8	-50,0	0,0	0,0	0,0	0,950	0,000	5007,084	0,0	-50,0		23:53:07:724		
014:52:00,000	-50,0	13,9	14,8	-50,0	0,0	0,0	0,0	0,950	0,000	5007,395	0,0	-50,0		23:54:07:724		
014:53:00,000	-50,0	13,8	14,8	-50,0	0,0	0,0	0,0	0,950	0,000	5007,250	0,0	-50,0		23:55:07:724		
014:54:00,000	-50,0	13,8	14,8	-50,0	0,0	0,0	0,0	0,950	0,000	5007,037	0,0	-50,0		23:56:07:724		
014:55:00,000	-50,0	13,8	14,8	-50,0	0,0	0,0	0,0	0,950	0,000	5007,621	0,0	-50,0		23:57:07:724		
014:56:00,000	-50,0	13,7	14,8	-50,0	0,0	0,0	0,0	0,950	0,000	5007,284	0,0	-50,0		23:58:07:724		
014:57:00,000	-50,0	13,7	14,8	-50,0	0,0	0,0	0,0	0,950	0,000	5007,259	0,0	-50,0		23:59:07:724		
014:58:00,000	-50,0	13,6	14,7	-50,0	0,0	0,0	0,0	0,950	0,000	5007,509	0,0	-50,0		00:00:07:724		
014:59:00,000	-50,0	13,6	14,7	-50,0	0,0	0,0	0,0	0,950	0,000	5007,954	0,0	-50,0		00:01:07:724		
015:00:00,000	-50,0	13,6	14,7	-50,0	0,0	0,0	0,0	0,950	0,000	5006,259	0,0	-50,0		00:02:07:724		
015:01:00,000	-50,0	13,6	14,7	-50,0	0,0	0,0	0,0	0,950	0,000	5006,743	0,0	-50,0		00:03:07:724		
015:02:00,000	-50,0	13,6	14,7	-50,0	0,0	0,0	0,0	0,950	0,000	5006,426	0,0	-50,0		00:04:07:724		
015:03:00,000	-50,0	13,6	14,7	-50,0	0,0	0,0	0,0	0,950	0,000	5006,685	0,0	-50,0		00:05:07:724		
015:04:00,000	-50,0	13,6	14,6	-50,0	0,0	0,0	0,0	0,950	0,000	5006,898	0,0	-50,0		00:06:07:724		
015:05:00,000	-50,0	13,6	14,6	-50,0	0,0	0,0	0,0	0,950	0,000	5006,935	0,0	-50,0		00:07:07:724		
015:06:00,000	-50,0	13,7	14,6	-50,0	0,0	0,0	0,0	0,950	0,000	5006,611	0,0	-50,0		00:08:07:724		
015:07:00,000	-50,0	13,8	14,6	-50,0	0,0	0,0	0,0	0,950	0,000	5008,907	0,0	-50,0		00:09:07:724		
015:08:00,000	-50,0	13,9	14,6	-50,0	0,0	0,0	0,0	0,950	0,000	5006,259	0,0	-50,0		00:10:07:724		
015:09:00,000	-50,0	13,9	14,6	-50,0	0,0	0,0	0,0	0,950	0,000	5006,398	0,0	-50,0		00:11:07:724		
015:10:00,000	-50,0	13,9	14,6	-50,0	0,0	0,0	0,0	0,950	0,000	5007,213	0,0	-50,0		00:12:07:724		
015:11:00,000	-50,0	13,9	14,6	-50,0	0,0	0,0	0,0	0,950	0,000	5006,935	0,0	-50,0		00:13:07:724		
015:12:00,000	-50,0	14,0	14,6	-50,0	0,0	0,0	0,0	0,950	0,000	5007,648	0,0	-50,0		00:14:07:724		
015:13:00,000	-50,0	14,0	14,6	-50,0	0,0	0,0	0,0	0,950	0,000	5007,119	0,0	-50,0		00:15:07:724		
015:14:00,000	-50,0	14,0	14,6	-50,0	0,0	0,0	0,0	0,950	0,000	5007,194	0,0	-50,0		00:16:07:724		
015:15:00,000	-50,0	14,0	14,6	-50,0	0,0	0,0	0,0	0,950	0,000	5007,889	0,0	-50,0		00:17:07:724		
015:16:00,000	-50,0	14,0	14,6	-50,0	0,0	0,0	0,0	0,950	0,000	5007,426	0,0	-50,0		00:18:07:724		
015:17:00,000	-50,0	14,0	14,6	-50,0	0,0	0,0	0,0	0,950	0,000	5007,454	0,0	-50,0		00:19:07:724		
015:18:00,000	-50,0	14,0	14,6	-50,0	0,0	0,0	0,0	0,950	0,000	5007,324	0,0	-50,0		00:20:07:724		
015:19:00,000	-50,0	13,9	14,6	-50,0	0,0	0,0	0,0	0,950	0,000	5006,889	0,0	-50,0		00:21:07:724		
015:20:00,000	-50,0	13,9	14,6	-50,0	0,0	0,0	0,0	0,950	0,000	5006,676	0,0	-50,0		00:22:07:724		
015:21:00,000	-50,0	13,9	14,6	-50,0	0,0	0,0	0,0	0,950	0,000	5007,963	0,0	-50,0		00:23:07:724		
015:22:00,000	-50,0	13,9	14,6	-50,0	0,0	0,0	0,0	0,950	0,000	5007,426	0,0	-50,0		00:24:07:724		
015:23:00,000	-50,0	13,9	14,6	-50,0	0,0	0,0	0,0	0,950	0,000	5007,129	0,0	-50,0		00:25:07:724		
015:24:00,000	-50,0	13,9	14,6	-50,0	0,0	0,0	0,0	0,950	0,000	5007,371	0,0	-50,0		00:26:07:724		
015:25:00,000	-50,0	13,8	14,6	-50,0	0,0	0,0	0,0	0,950	0,000	5007,222	0,0	-50,0		00:27:07:724		
015:26:00,000	-50,0	13,7	14,6	-50,0	0,0	0,0	0,0	0,950	0,000	5006,872	0,0	-50,0		00:28:07:724		
015:27:00,000	-50,0	13,7	14,6	-50,0	0,0	0,0	0,0	0,950	0,000	5006,491	0,0	-50,0		00:29:07:724		
015:28:00,000	-50,0	13,6	14,6	-50,0	0,0	0,0	0,0	0,950	0,000	5006,704	0,0	-50,0		00:30:07:724		
015:29:00,000	-50,0	13,5	14,6	-50,0	0,0	0,0	0,0	0,950	0,000	5006,722	0,0	-50,0		00:31:07:724		
015:30:00,000	-50,0	13,5	14,5	-50,0	0,0	0,0	0,0	0,950	0,000	5006,667	0,0	-50,0		00:32:07:724		
015:31:00,000	-50,0	13,4	14,5	-50,0	0,0	0,0	0,0	0,950	0,000	5006,454	0,0	-50,0		00:33:07:724		
015:32:00,000	-50,0	13,4	14,5	-50,0	0,0	0,0	0,0	0,950	0,000	5006,037	0,0	-50,0		00:34:07:724		
015:33:00,000	-50,0	13,4	14,5	-50,0	0,0	0,0	0,0	0,950	0,000	5006,621	0,0	-50,0		00:35:07:724		
015:34:00,000	-50,0	13,3	14,4	-50,0	0,0	0,0	0,0	0,950	0,000	5006,324	0,0	-50,0		00:36:07:724		
015:35:00,000	-50,0	13,2	14,3	-50,0	0,0	0,0	0,0	0,950	0,000	5006,611	0,0	-50,0		00:37:07:724		
015:36:00,000	-50,0	13,1	14,3	-50,0	0,0	0,0	0,0	0,950	0,000	5006,333	0,0	-50,0		00:38:07:724		
015:37:00,000	-50,0	13,1	14,2	-50,0	0,0	0,0	0,0	0,950	0,000	5006,926	0,0	-50,0		00:39:07:724		
015:38:00,000	-50,0	13,0	14,2	-50,0	0,0	0,0	0,0	0,950	0,000	5006,000	0,0	-50,0		00:40:07:724		
015:39:00,000	-50,0	12,9	14,1	-50,0	0,0	0,0	0,0	0,950	0,000	5005,398	0,0	-50,0		00:41:07:724		
015:40:00,000	-50,0	12,8	14,0	-50,0	0,0	0,0	0,0	0,950	0,000	5006,009	0,0	-50,0		00:42:07:724		
015:41:00,000	-50,0	12,7	14,0	-50,0	0,0	0,0	0,0	0,950	0,000	5006,417	0,0	-50,0		00:43:07:724		
015:42:00,000	-50,0	12,6	13,9	-50,0	0,0	0,0	0,0	0,950	0,000	5005,194	0,0	-50,0		00:44:07:724		
015:43:00,000	-50,0	12,5	13,8	-50,0	0,0	0,0	0,0	0,950	0,000	5005,944	0,0	-50,0		00:45:07:724		
015:44:00,000	-50,0	12,5	13,7	-50,0	0,0	0,0	0,0	0,950	0,000	5006,241	0,0	-50,0		00:46:07:724		
015:45:00,000	-50,0	12,5	13,7	-50,0	0,0	0,0	0,0	0,950	0,000	5005,945	0,0	-50,0		00:47:07:724		
015:46:00,000	-50,0	12,5	13,7	-50,0	0,0	0,0	0,0	0,950	0,000	5005,664	0,0	-50,0		00:48:07:724		
015:47:00,000	-50,0	12,5	13,7	-50,0	0,0	0,0	0,0	0,950	0,000	5006,027	0,0	-50,0		00:49:07:724		
015:48:00,000	-50,0	12,4	13,6	-50,0	0,0	0,0	0,0	0,950	0,000	5005,769	0,0	-50,0		00:50:07:724		
015:49:00,000	-50,0	12,4	13,6	-50,0	0,0	0,0	0,0	0,950	0,000	5005,491	0,0	-50,0		00:51:07:724		
015:50:00,000	-50,0	12,3	13,5	-50,0	0,0	0,0	0,0	0,950	0,000	5006,083	0,0	-50,0		00:52:07:724		
015:51:00,000	-50,0	12,3	13,5	-50,0	0,0	0,0	0,0	0,950	0,000	5004,398	0,0	-50,0		00:53:07:724		
015:52:00,000	-50,0	12,2	13,5	-50,0	0,0	0,0	0,0	0,950	0,000	5005,593	0,0	-50,0		00:54:07:724		
015:53:00,000	-50,0	12,2	13,4	-50,0	0,0	0,0	0,0	0,950	0,000	5004,963	0,0	-50,0		00:55:07:724		
015:54:00,000	-50,0	12,2	13,4	-50,0	0,0	0,0	0,0	0,950	0,000	5005,500	0,0	-50,0		00:56:07:724		
015:55:00,000	-50,0	12,2	13,4	-50,0	0,0	0,0	0,0	0,950	0,000	5005,926	0,0	-50,0		00:57:07:724		
015:56:00,000	-50,0	12,2	13,4	-50,0	0,0	0,0	0,0	0,950	0,000	5005,389	0,0	-50,0		00:58:07:724		
015:57:00,000	-50,0	12,1	13,4	-50,0	0,0	0,0	0,0	0,950	0,000	5004,731	0,0	-50,0		00:59:07:724		
015:58:00,000	-50,0	12,1	13,3	-50,0	0,0	0,0	0,0	0,950	0,000	5004,954	0,0	-50,0		01:00:07:724		
015:59:00,000	-50,0	12,0	13,2	-50,0	0,0	0,0	0,0	0,950	0,000	5005,583	0,0	-50,0		01:01:07:724		
016:00:00,000	-50,0	12,0	13,2	-50,0	0,0	0,0	0,0	0,950	0,000	5005,157	0,0	-50,0		01:02:07:724		
016:01:00,000	-50,0	11,9	13,1	-50,0	0,0	0,0	0,0	0,950	0,000	5008,407	0,0	-50,0		01:03:07:724		
016:02:00,000	-50,0	11,9	13,1	-50,0	0,0	0,0	0,0	0,950	0,000	5005,157	0,0	-50,0		01:04:07:724		
016:03:00,000	-50,0	11,9	13,1	-50,0	0,0	0,0	0,0	0,950	0,000	5004,815	0,0	-50,0		01:05:07:724		
016:04:00,000	-50,0	11,9	13,1	-50,0	0,0	0,0	0,0	0,950	0,000	5004,824	0,0	-50,0		01:06:07:724		
016:05:00,000	-50,0	11,8	13,0	-50,0	0,0	0,0	0,0	0,950	0,000	5004,879	0,0	-50,0		01:07:07:724		
016:06:00,000	-50,0	11,8	13,0	-50,0	0,0	0,0	0,0	0,950	0,000	5004,500	0,0	-50,0		01:08:07:724		
016:07:00,000	-50,0	11,8	12,9	-50,0	0,0	0,0	0,0	0,950	0,000	5003,780	0,0	-50,0		01:09:07:724		
016:08:00,000	-50,0	11,7	12,9	-50,0	0,0	0,0	0,0	0,950	0,000	5003,935	0,0	-50,0		01:10:07:724		
016:09:00,000	-50,0	11,7	12,9	-50,0	0,0	0,0	0,0	0,950	0,000	5004,426	0,0	-50,0		01:11:07:724		
016:10:00,000	-50,0	11,7	12,9	-50,0	0,0	0,0	0,0	0,950	0,000	5004,398	0,0	-50,0		01:12:07:724		
016:11:00,000	-50,0	11,7	12,8	-50,0	0,0	0,0	0,0	0,950	0,000	5003,287	0,0	-50,0		01:13:07:724		
016:12:00,000	-50,0	11,7	12,8	-50,0	0,0	0,0	0,0	0,950	0,000	5003,704	0,0	-50,0		01:14:07:724		
016:13:00,000	-50,0	11,7	12,8	-50,0	0,0	0,0	0,0	0,950	0,000	5003,583	0,0	-50,0		01:15:07:724		
016:14:00,000	-50,0	11,7	12,8	-50,0	0,0	0,0	0,0	0,950	0,000	5003,972	0,0	-50,0		01:16:07:724		
016:15:00,000	-50,0	11,6	12,8	-50,0	0,0	0,0	0,0	0,950	0,000	5004,629	0,0	-50,0		01:17:07:724		
016:16:00,000	-50,0	11,6	12,8	-50,0	0,0	0,0	0,0	0,950	0,000	5002,954	0,0	-50,0		01:18:07:724		
016:17:00,000	-50,0	11,6	12,8	-50,0	0,0	0,0	0,0	0,950	0,000	5003,565	0,0	-50,0		01:19:07:724		
016:18:00,000	-50,0	11,5	12,7	-50,0	0,0	0,0	0,0	0,950	0,000	5003,796	0,0	-50,0		01:20:07:724		
016:19:00,000	-50,0	11,5	12,7	-50,0	0,0	0,0	0,0	0,950	0,000	5003,583	0,0	-50,0		01:21:07:724		
016:20:00,000	-50,0	11,5	12,7	-50,0	0,0	0,0	0,0	0,950	0,000	5003,321	0,0	-50,0		01:22:07:724		
016:21:00,000	-50,0	11,5	12,7	-50,0	0,0	0,0	0,0	0,950	0,000	5003,574	0,0	-50,0		01:23:07:724		
016:22:00,000	-50,0	11,5	12,7	-50,0	0,0	0,0	0,0	0,950	0,000	5004,324	0,0	-50,0		01:24:07:724		
016:23:00,000	-50,0	11,5	12,7	-50,0	0,0	0,0	0,0	0,950	0,000	5002,629	0,0	-50,0		01:25:07:724		
016:24:00,000	-50,0	11,5	12,7	-50,0	0,0	0,0	0,0	0,950	0,000	5003,167	0,0	-50,0		01:26:07:724		
016:25:00,000	-50,0	11,5	12,7	-50,0	0,0	0,0	0,0	0,950	0,000	5003,697	0,0	-50,0		01:27:07:724		
016:26:00,000	-50,0	11,5	12,7	-50,0	0,0	0,0	0,0	0,950	0,000	5003,241	0,0	-50,0		01:28:07:724		
016:27:00,000	-50,0	11,5	12,7	-50,0	0,0	0,0	0,0	0,950	0,000	5003,963	0,0	-50,0		01:29:07:724		
016:28:00,000	-50,0	11,5	12,7	-50,0	0,0	0,0	0,0	0,950	0,000	5003,583	0,0	-50,0		01:30:07:724		
016:29:00,000	-50,0	11,5	12,7	-50,0	0,0	0,0	0,0	0,950	0,000	5004,509	0,0	-50,0		01:31:07:724		
016:30:00,000	-50,0	11,5	12,6	-50,0	0,0	0,0	0,0	0,950	0,000	5004,000	0,0	-50,0		01:32:07:724		
016:31:00,000	-50,0	11,5	12,6	-50,0	0,0	0,0	0,0	0,950	0,000	5004,296	0,0	-50,0		01:33:07:724		
016:32:00,000	-50,0	11,5	12,6	-50,0	0,0	0,0	0,0	0,950	0,000	5002,519	0,0	-50,0		01:34:07:724		
016:33:00,000	-50,0	11,5	12,6	-50,0	0,0	0,0	0,0	0,950	0,000	5003,259	0,0	-50,0		01:35:07:724		
016:34:00,000	-50,0	11,5	12,6	-50,0	0,0	0,0	0,0	0,950	0,000	5003,257	0,0	-50,0		01:36:07:724		
016:35:00,000	-50,0	11,5	12,6	-50,0	0,0	0,0	0,0	0,950	0,000	5003,907	0,0	-50,0		01:37:07:724		
016:36:00,000	-50,0	11,5	12,6	-50,0	0,0	0,0	0,0	0,950	0,000	5004,293	0,0	-50,0		01:38:07:724		
016:37:00,000	-50,0	11,5	12,6	-50,0	0,0	0,0	0,0	0,950	0,000	5004,231	0,0	-50,0		01:39:07:724		
016:38:00,000	-50,0	11,5	12,6	-50,0	0,0	0,0	0,0	0,950	0,000	5004,481	0,0	-50,0		01:40:07:724		
016:39:00,000	-50,0	11,5	12,6	-50,0	0,0	0,0	0,0	0,950	0,000	5003,426	0,0	-50,0		01:41:07:724		
016:40:00,000	-50,0	11,5	12,6	-50,0	0,0	0,0	0,0	0,950	0,000	5002,713	0,0	-50,0		01:42:07:724		
016:41:00,000	-50,0	11,5	12,6	-50,0	0,0	0,0	0,0	0,950	0,000	5003,824	0,0	-50,0		01:43:07:724		
016:42:00,000	-50,0	11,4	12,6	-50,0	0,0	0,0	0,0	0,950	0,000	5003,583	0,0	-50,0		01:44:07:724		
016:43:00,000	-50,0	11,4	12,6	-50,0	0,0	0,0	0,0	0,950	0,000	5003,759	0,0	-50,0		01:45:07:724		
016:44:00,000	-50,0	11,4	12,6	-50,0	0,0	0,0	0,0	0,950	0,000	5004,296	0,0	-50,0		01:46:07:724		
016:45:00,000	-50,0	11,4	12,6	-50,0	0,0	0,0	0,0	0,950	0,000	5003,667	0,0	-50,0		01:47:07:724		
016:46:00,000	-50,0	11,4	12,6	-50,0	0,0	0,0	0,0	0,950	0,000	5004,074	0,0	-50,0		01:48:07:724		
016:47:00,000	-50,0	11,4	12,6	-50,0	0,0	0,0	0,0	0,950	0,000	5003,324	0,0	-50,0		01:49:07:724		
016:48:00,000	-50,0	11,4	12,6	-50,0	0,0	0,0	0,0	0,950	0,000	5003,426	0,0	-50,0		01:50:07:724		
016:49:00,000	-50,0	11,4	12,5	-50,0	0,0	0,0	0,0	0,950	0,000	5003,688	0,0	-50,0		01:51:07:724		
016:50:00,000	-50,0	11,3	12,5	-50,0	0,0	0,0	0,0	0,950	0,000	5002,556	0,0	-50,0		01:52:07:724		
016:51:00,000	-50,0	11,3	12,5	-50,0	0,0	0,0	0,0	0,950	0,000	5003,065	0,0	-50,0		01:53:07:724		
016:52:00,000	-50,0	11,3	12,5	-50,0	0,0	0,0	0,0	0,950	0,000	5003,093	0,0	-50,0		01:54:07:724		
016:53:00,000	-50,0	11,3	12,5	-50,0	0,0	0,0	0,0	0,950	0,000	5003,194	0,0	-50,0		01:55:07:724		
016:54:00,000	-50,0	11,3	12,5	-50,0	0,0	0,0	0,0	0,950	0,000	5003,165	0,0	-50,0		01:56:07:724		
016:55:00,000	-50,0	11,3	12,5	-50,0	0,0	0,0	0,0	0,950	0,000	5003,463	0,0	-50,0		01:57:07:724		
016:56:00,000	-50,0	11,3	12,5	-50,0	0,0	0,0	0,0	0,950	0,000	5003,407	0,0	-50,0		01:58:07:724		
016:57:00,000	-50,0	11,3	12,5	-50,0	0,0	0,0	0,0	0,950	0,000	5003,333	0,0	-50,0		01:59:07:724		
016:58:00,000	-50,0	11,3	12,5	-50,0	0,0	0,0	0,0	0,950	0,000	5003,583	0,0	-50,0		02:00:07:724		
016:59:00,000	-50,0	11,3	12,5	-50,0	0,0	0,0	0,0	0,950	0,000	5003,633	0,0	-50,0		02:01:07:724		
017:00:00,000	-50,0	11,3	12,5	-50,0	0,0	0,0	0,0	0,950	0,000	5003,222	0,0	-50,0		02:02:07:724		
017:01:00,000	-50,0	11,3	12,5	-50,0	0,0	0,0	0,0	0,950	0,000	5003,148	0,0	-50,0		02:03:07:724		
017:02:00,000	-50,0	11,3	12,5	-50,0	0,0	0,0	0,0	0,950	0,000	5002,935	0,0	-50,0		02:04:07:724		
017:03:00,000	-50,0	11,3	12,4	-50,0	0,0	0,0	0,0	0,950	0,000	5003,056	0,0	-50,0		02:05:07:724		
017:04:00,000	-50,0	11,3	12,4	-50,0	0,0	0,0	0,0	0,950	0,000	5002,871	0,0	-50,0		02:06:07:724		
017:05:00,000	-50,0	11,3	12,4	-50,0	0,0	0,0	0,0	0,950	0,000	5004,278	0,0	-50,0		02:07:07:724		
017:06:00,000	-50,0	11,3	12,4	-50,0	0,0	0,0	0,0	0,950	0,000	5003,379	0,0	-50,0		02:08:07:724		
017:07:00,000	-50,0	11,3	12,4	-50,0	0,0	0,0	0,0	0,950	0,000	5003,064	0,0	-50,0		02:09:07:724		
017:08:00,000	-50,0	11,3	12,4	-50,0	0,0	0,0	0,0	0,950	0,000	5003,621	0,0	-50,0		02:10:07:724		
017:09:00,000	-50,0	11,3	12,4	-50,0	0,0	0,0	0,0	0,950	0,000	5002,167	0,0	-50,0		02:11:07:724		
017:10:00,000	-50,0	11,2	12,4	-50,0	0,0	0,0	0,0	0,950	0,000	5002,769	0,0	-50,0		02:12:07:724		
017:11:00,000	-50,0	11,2	12,4	-50,0	0,0	0,0	0,0	0,950	0,000	5002,889	0,0	-50,0		02:13:07:724		
017:12:00,000	-50,0	11,2	12,4	-50,0	0,0	0,0	0,0	0,950	0,000	5003,241	0,0	-50,0		02:14:07:724		
017:13:00,000	-50,0	11,2	12,4	-50,0	0,0	0,0	0,0	0,950	0,000	5003,202	0,0	-50,0		02:15:07:724		
017:14:00,000	-50,0	11,2	12,3	-50,0	0,0	0,0	0,0	0,950	0,000	5003,833	0,0	-50,0		02:16:07:724		
017:15:00,000	-50,0	11,2	12,3	-50,0	0,0	0,0	0,0	0,950	0,000	5004,528	0,0	-50,0		02:17:07:724		
017:16:00,000	-50,0	11,2	12,3	-50,0	0,0	0,0	0,0	0,950	0,000	5002,833	0,0	-50,0		02:18:07:724		
017:17:00,000	-50,0	11,1	12,3	-50,0	0,0	0,0	0,0	0,950	0,000	5006,156	0,0	-50,0		02:19:07:724		
017:18:00,000	-50,0	11,1	12,3	-50,0	0,0	0,0	0,0	0,950	0,000	5002,722	0,0	-50,0		02:20:07:724		
017:19:00,000	-50,0	11,1	12,3	-50,0	0,0	0,0	0,0	0,950	0,000	5003,509	0,0	-50,0		02:21:07:724		
017:20:00,000	-50,0	11,0	12,2	-50,0	0,0	0,0	0,0	0,950	0,000	5002,815	0,0	-50,0		02:22:07:724		
017:21:00,000	-50,0	11,0	12,2	-50,0	0,0	0,0	0,0	0,950	0,000	5003,074	0,0	-50,0		02:23:07:724		
017:22:00,000	-50,0	11,0	12,2	-50,0	0,0	0,0	0,0	0,950	0,000	5003,315	0,0	-50,0		02:24:07:724		
017:23:00,000	-50,0	11,0	12,2	-50,0	0,0	0,0	0,0	0,950	0,000	5002,824	0,0	-50,0		02:25:07:724		
017:24:00,000	-50,0	11,0	12,2	-50,0	0,0	0,0	0,0	0,950	0,000	5003,407	0,0	-50,0		02:26:07:724		
017:25:00,000	-50,0	11,0	12,2	-50,0	0,0	0,0	0,0	0,950	0,000	5002,954	0,0	-50,0		02:27:07:724		
017:26:00,000	-50,0	11,0	12,2	-50,0	0,0	0,0	0,0	0,950	0,000	5002,463	0,0	-50,0		02:28:07:724		
017:27:00,000	-50,0	10,9	12,1	-50,0	0,0	0,0	0,0	0,950	0,000	5003,167	0,0	-50,0		02:29:07:724		
017:28:00,000	-50,0	10,8	12,0	-50,0	0,0	0,0	0,0	0,950	0,000	5002,750	0,0	-50,0		02:30:07:724		
017:29:00,000	-50,0	10,8	11,9	-50,0	0,0	0,0	0,0	0,950	0,000	5003,667	0,0	-50,0		02:31:07:724		
017:30:00,000	-50,0	10,7	11,9	-50,0	0,0	0,0	0,0	0,950	0,000	5002,796	0,0	-50,0		02:32:07:724		
017:31:00,000	-50,0	10,7	11,9	-50,0	0,0	0,0	0,0	0,950	0,000	5002,514	0,0	-50,0		02:33:07:724		
017:32:00,000	-50,0	10,6	11,8	-50,0	0,0	0,0	0,0	0,950	0,000	5002,963	0,0	-50,0		02:34:07:724		
017:33:00,000	-50,0	10,6	11,8	-50,0	0,0	0,0	0,0	0,950	0,000	5002,528	0,0	-50,0		02:35:07:724		
017:34:00,000	-50,0	10,5	11,7	-50,0	0,0	0,0	0,0	0,950	0,000	5002,629	0,0	-50,0		02:36:07:724		
017:35:00,000	-50,0	10,5	11,7	-50,0	0,0	0,0	0,0	0,950	0,000	5001,639	0,0	-50,0		02:37:07:724		
017:36:00,000	-50,0	10,5	11,7	-50,0	0,0	0,0	0,0	0,950	0,000	5002,565	0,0	-50,0		02:38:07:724		
017:37:00,000	-50,0	10,5	11,6	-50,0	0,0	0,0	0,0	0,950	0,000	5002,037	0,0	-50,0		02:39:07:724		
017:38:00,000	-50,0	10,4	11,6	-50,0	0,0	0,0	0,0	0,950	0,000	5002,352	0,0	-50,0		02:40:07:724		
017:39:00,000	-50,0	10,4	11,6	-50,0	0,0	0,0	0,0	0,950	0,000	5001,991	0,0	-50,0		02:41:07:724		
017:40:00,000	-50,0	10,4	11,5	-50,0	0,0	0,0	0,0	0,950	0,000	5002,074	0,0	-50,0		02:42:07:724		
017:41:00,000	-50,0	10,4	11,5	-50,0	0,0	0,0	0,0	0,950	0,000	5002,352	0,0	-50,0		02:43:07:724		
017:42:00,000	-50,0	10,4	11,5	-50,0	0,0	0,0	0,0	0,950	0,000	5002,787	0,0	-50,0		02:44:07:724		
017:43:00,000	-50,0	10,4	11,5	-50,0	0,0	0,0	0,0	0,950	0,000	5002,129	0,0	-50,0		02:45:07:724		
017:44:00,000	-50,0	10,3	11,5	-50,0	0,0	0,0	0,0	0,950	0,000	5002,389	0,0	-50,0		02:46:07:724		
017:45:00,000	-50,0	10,3	11,5	-50,0	0,0	0,0	0,0	0,950	0,000	5002,407	0,0	-50,0		02:47:07:724		
017:46:00,000	-50,0	10,3	11,5	-50,0	0,0	0,0	0,0	0,950	0,000	5001,259	0,0	-50,0		02:48:07:724		
017:47:00,000	-50,0	10,3	11,5	-50,0	0,0	0,0	0,0	0,950	0,000	5001,500	0,0	-50,0		02:49:07:724		
017:48:00,000	-50,0	10,3	11,4	-50,0	0,0	0,0	0,0	0,950	0,000	5001,787	0,0	-50,0		02:50:07:724		
017:49:00,000	-50,0	10,3	11,4	-50,0	0,0	0,0	0,0	0,950	0,000	5001,759	0,0	-50,0		02:51:07:724		
017:50:00,000	-50,0	10,3	11,4	-50,0	0,0	0,0	0,0	0,950	0,000	5001,679	0,0	-50,0		02:52:07:724		
017:51:00,000	-50,0	10,3	11,4	-50,0	0,0	0,0	0,0	0,950	0,000	5002,371	0,0	-50,0		02:53:07:724		
017:52:00,000	-50,0	10,3	11,4	-50,0	0,0	0,0	0,0	0,950	0,000	5001,972	0,0	-50,0		02:54:07:724		
017:53:00,000	-50,0	10,3	11,4	-50,0	0,0	0,0	0,0	0,950	0,000	5002,491	0,0	-50,0		02:55:07:724		
017:54:00,000	-50,0	10,3	11,4	-50,0	0,0	0,0	0,0	0,950	0,000	5002,565	0,0	-50,0		02:56:07:724		
017:55:00,000	-50,0	10,3	11,4	-50,0	0,0	0,0	0,0	0,950	0,000	5003,019	0,0	-50,0		02:57:07:724		
017:56:00,000	-50,0	10,3	11,4	-50,0	0,0	0,0	0,0	0,950	0,000	5002,472	0,0	-50,0		02:58:07:724		
017:57:00,000	-50,0	10,3	11,4	-50,0	0,0	0,0	0,0	0,950	0,000	5001,278	0,0	-50,0		02:59:07:724		
017:58:00,000	-50,0	10,3	11,4	-50,0	0,0	0,0	0,0	0,950	0,000	5001,685	0,0	-50,0		03:00:07:724		
017:59:00,000	-50,0	10,2	11,4	-50,0	0,0	0,0	0,0	0,950	0,000	5002,472	0,0	-50,0		03:01:07:724		
018:00:00,000	-50,0	10,2	11,4	-50,0	0,0	0,0	0,0	0,950	0,000	5001,787	0,0	-50,0		03:02:07:724		
018:01:00,000	-50,0	10,2	11,3	-50,0	0,0	0,0	0,0	0,950	0,000	5002,731	0,0	-50,0		03:03:07:724		
018:02:00,000	-50,0	10,2	11,3	-50,0	0,0	0,0	0,0	0,950	0,000	5001,220	0,0	-50,0		03:04:07:724		
018:03:00,000	-50,0	10,1	11,3	-50,0	0,0	0,0	0,0	0,950	0,000	5001,519	0,0	-50,0		03:05:07:724		
018:04:00,000	-50,0	10,1	11,3	-50,0	0,0	0,0	0,0	0,950	0,000	5001,694	0,0	-50,0		03:06:07:724		
018:05:00,000	-50,0	10,1	11,3	-50,0	0,0	0,0	0,0	0,950	0,000	5002,898	0,0	-50,0		03:07:07:724		
018:06:00,000	-50,0	10,1	11,3	-50,0	0,0	0,0	0,0	0,950	0,000	5002,741	0,0	-50,0		03:08:07:724		
018:07:00,000	-50,0	10,1	11,2	-50,0	0,0	0,0	0,0	0,950	0,000	5007,000	0,0	-50,0		03:09:07:724		
018:08:00,000	-50,0	10,1	11,2	-50,0	0,0	0,0	0,0	0,950	0,000	5004,000	0,0	-50,0		03:10:07:724		
018:09:00,000	-50,0	10,1	11,2	-50,0	0,0	0,0	0,0	0,950	0,000	5017,056	0,0	-50,0		03:11:07:724		
018:10:00,000	-50,0	10,0	11,2	-50,0	0,0	0,0	0,0	0,950	0,000	5004,528	0,0	-50,0		03:12:07:724		
018:11:00,000	-50,0	10,0	11,2	-50,0	0,0	0,0	0,0	0,950	0,000	5002,407	0,0	-50,0		03:13:07:724		
018:12:00,000	-50,0	10,0	11,2	-50,0	0,0	0,0	0,0	0,950	0,000	5002,009	0,0	-50,0		03:14:07:724		
018:13:00,000	-50,0	10,0	11,2	-50,0	0,0	0,0	0,0	0,950	0,000	5002,157	0,0	-50,0		03:15:07:724		
018:14:00,000	-50,0	10,0	11,2	-50,0	0,0	0,0	0,0	0,950	0,000	5002,917	0,0	-50,0		03:16:07:724		
018:15:00,000	-50,0	10,0	11,2	-50,0	0,0	0,0	0,0	0,950	0,000	5003,833	0,0	-50,0		03:17:07:724		
018:16:00,000	-50,0	10,0	11,2	-50,0	0,0	0,0	0,0	0,950	0,000	5002,222	0,0	-50,0		03:18:07:724		
018:17:00,000	-50,0	10,0	11,2	-50,0	0,0	0,0	0,0	0,950	0,000	5002,184	0,0	-50,0		03:19:07:724		
018:18:00,000	-50,0	10,0	11,2	-50,0	0,0	0,0	0,0	0,950	0,000	5002,519	0,0	-50,0		03:20:07:724		
018:19:00,000	-50,0	10,0	11,2	-50,0	0,0	0,0	0,0	0,950	0,000	5002,269	0,0	-50,0		03:21:07:724		
018:20:00,000	-50,0	10,0	11,2	-50,0	0,0	0,0	0,0	0,950	0,000	5001,963	0,0	-50,0		03:22:07:724		
018:21:00,000	-50,0	10,0	11,1	-50,0	0,0	0,0	0,0	0,950	0,000	5002,889	0,0	-50,0		03:23:07:724		
018:22:00,000	-50,0	9,9	11,1	-50,0	0,0	0,0	0,0	0,950	0,000	5005,694	0,0	-50,0		03:24:07:724		
018:23:00,000	-50,0	9,9	11,1	-50,0	0,0	0,0	0,0	0,950	0,000	5002,379	0,0	-50,0		03:25:07:724		
018:24:00,000	-50,0	9,9	11,1	-50,0	0,0	0,0	0,0	0,950	0,000	5002,046	0,0	-50,0		03:26:07:724		
018:25:00,000	-50,0	9,9	11,1	-50,0	0,0	0,0	0,0	0,950	0,000	5002,514	0,0	-50,0		03:27:07:724		
018:26:00,000	-50,0	9,9	11,1	-50,0	0,0	0,0	0,0	0,950	0,000	5001,917	0,0	-50,0		03:28:07:724		
018:27:00,000	-50,0	9,9	11,1	-50,0	0,0	0,0	0,0	0,950	0,000	5002,269	0,0	-50,0		03:29:07:724		
018:28:00,000	-50,0	9,9	11,1	-50,0	0,0	0,0	0,0	0,950	0,000	5001,519	0,0	-50,0		03:30:07:724		
018:29:00,000	-50,0	9,9	11,1	-50,0	0,0	0,0	0,0	0,950	0,000	5002,787	0,0	-50,0		03:31:07:724		
018:30:00,000	-50,0	9,9	11,1	-50,0	0,0	0,0	0,0	0,950	0,000	5001,871	0,0	-50,0		03:32:07:724		
018:31:00,000	-50,0	9,9	11,1	-50,0	0,0	0,0	0,0	0,950	0,000	5002,704	0,0	-50,0		03:33:07:724		
018:32:00,000	-50,0	9,9	11,1	-50,0	0,0	0,0	0,0	0,950	0,000	5001,565	0,0	-50,0		03:34:07:724		
018:33:00,000	-50,0	9,8	11,0	-50,0	0,0	0,0	0,0	0,950	0,000	5002,167	0,0	-50,0		03:35:07:724		
018:34:00,000	-50,0	9,8	11,0	-50,0	0,0	0,0	0,0	0,950	0,000	5002,092	0,0	-50,0		03:36:07:724		
018:35:00,000	-50,0	9,8	11,0	-50,0	0,0	0,0	0,0	0,950	0,000	5002,343	0,0	-50,0		03:37:07:724		
018:36:00,000	-50,0	9,8	11,0	-50,0	0,0	0,0	0,0	0,950	0,000	5002,413	0,0	-50,0		03:38:07:724		
018:37:00,000	-50,0	9,8	11,0	-50,0	0,0	0,0	0,0	0,950	0,000	5003,093	0,0	-50,0		03:39:07:724		
018:38:00,000	-50,0	9,8	11,0	-50,0	0,0	0,0	0,0	0,950	0,000	5006,444	0,0	-50,0		03:40:07:724		
018:39:00,000	-50,0	9,8	11,0	-50,0	0,0	0,0	0,0	0,950	0,000	5008,519	0,0	-50,0		03:41:07:724		
018:40:00,000	-50,0	9,8	11,0	-50,0	0,0	0,0	0,0	0,950	0,000	5001,945	0,0	-50,0		03:42:07:724		
018:41:00,000	-50,0	9,8	11,0	-50,0	0,0	0,0	0,0	0,950	0,000	5002,713	0,0	-50,0		03:43:07:724		
018:42:00,000	-50,0	9,8	11,0	-50,0	0,0	0,0	0,0	0,950	0,000	5001,472	0,0	-50,0		03:44:07:724		
018:43:00,000	-50,0	9,8	11,0	-50,0	0,0	0,0	0,0	0,950	0,000	5002,676	0,0	-50,0		03:45:07:724		
018:44:00,000	-50,0	9,8	11,0	-50,0	0,0	0,0	0,0	0,950	0,000	5003,019	0,0	-50,0		03:46:07:724		
018:45:00,000	-50,0	9,8	11,0	-50,0	0,0	0,0	0,0	0,950	0,000	5002,954	0,0	-50,0		03:47:07:724		
018:46:00,000	-50,0	9,9	11,0	-50,0	0,0	0,0	0,0	0,950	0,000	5001,537	0,0	-50,0		03:48:07:724		
018:47:00,000	-50,0	9,9	11,0	-50,0	0,0	0,0	0,0	0,950	0,000	5002,422	0,0	-50,0		03:49:07:724		
018:48:00,000	-50,0	9,9	11,0	-50,0	0,0	0,0	0,0	0,950	0,000	5002,741	0,0	-50,0		03:50:07:724		
018:49:00,000	-50,0	9,9	11,0	-50,0	0,0	0,0	0,0	0,950	0,000	5001,444	0,0	-50,0		03:51:07:724		
018:50:00,000	-50,0	9,9	11,0	-50,0	0,0	0,0	0,0	0,950	0,000	5002,009	0,0	-50,0		03:52:07:724		
018:51:00,000	-50,0	9,9	11,0	-50,0	0,0	0,0	0,0	0,950	0,000	5002,593	0,0	-50,0		03:53:07:724		
018:52:00,000	-50,0	9,9	11,0	-50,0	0,0	0,0	0,0	0,950	0,000	5001,361	0,0	-50,0		03:54:07:724		
018:53:00,000	-50,0	9,9	11,0	-50,0	0,0	0,0	0,0	0,950	0,000	5002,278	0,0	-50,0		03:55:07:724		
018:54:00,000	-50,0	9,9	11,0	-50,0	0,0	0,0	0,0	0,950	0,000	5002,284	0,0	-50,0		03:56:07:724		
018:55:00,000	-50,0	9,9	11,0	-50,0	0,0	0,0	0,0	0,950	0,000	5001,639	0,0	-50,0		03:57:07:724		
018:56:00,000	-50,0	9,9	11,0	-50,0	0,0	0,0	0,0	0,950	0,000	5001,787	0,0	-50,0		03:58:07:724		
018:57:00,000	-50,0	9,9	11,0	-50,0	0,0	0,0	0,0	0,950	0,000	5001,833	0,0	-50,0		03:59:07:724		
018:58:00,000	-50,0	9,8	11,0	-50,0	0,0	0,0	0,0	0,950	0,000	5001,102	0,0	-50,0		04:00:07:724		
018:59:00,000	-50,0	9,8	10,9	-50,0	0,0	0,0	0,0	0,950	0,000	5002,073	0,0	-50,0		04:01:07:724		
019:00:00,000	-50,0	9,8	10,9	-50,0	0,0	0,0	0,0	0,950	0,000	5001,417	0,0	-50,0		04:02:07:724		
019:01:00,000	-50,0	9,7	10,9	-50,0	0,0	0,0	0,0	0,950	0,000	5001,667	0,0	-50,0		04:03:07:724		
019:02:00,000	-50,0	9,7	10,8	-50,0	0,0	0,0	0,0	0,950	0,000	5002,129	0,0	-50,0		04:04:07:724		
019:03:00,000	-50,0	9,7	10,8	-50,0	0,0	0,0	0,0	0,950	0,000	5002,315	0,0	-50,0		04:05:07:724		
019:04:00,000	-50,0	9,7	10,8	-50,0	0,0	0,0	0,0	0,950	0,000	5001,472	0,0	-50,0		04:06:07:724		
019:05:00,000	-50,0	9,7	10,8	-50,0	0,0	0,0	0,0	0,950	0,000	5002,185	0,0	-50,0		04:07:07:724		
019:06:00,000	-50,0	9,7	10,8	-50,0	0,0	0,0	0,0	0,950	0,000	5002,092	0,0	-50,0		04:08:07:724		
019:07:00,000	-50,0	9,7	10,8	-50,0	0,0	0,0	0,0	0,950	0,000	5001,159	0,0	-50,0		04:09:07:724		
019:08:00,000	-50,0	9,7	10,8	-50,0	0,0	0,0	0,0	0,950	0,000	5000,367	0,0	-50,0		04:10:07:724		
019:09:00,000	-50,0	9,7	10,8	-50,0	0,0	0,0	0,0	0,950	0,000	5002,685	0,0	-50,0		04:11:07:724		
019:10:00,000	-50,0	9,7	10,8	-50,0	0,0	0,0	0,0	0,950	0,000	5001,657	0,0	-50,0		04:12:07:724		
019:11:00,000	-50,0	9,7	10,8	-50,0	0,0	0,0	0,0	0,950	0,000	5001,324	0,0	-50,0		04:13:07:724		
019:12:00,000	-50,0	9,7	10,8	-50,0	0,0	0,0	0,0	0,950	0,000	5001,787	0,0	-50,0		04:14:07:724		
019:13:00,000	-50,0	9,7	10,8	-50,0	0,0	0,0	0,0	0,950	0,000	5001,596	0,0	-50,0		04:15:07:724		
019:14:00,000	-50,0	9,7	10,8	-50,0	0,0	0,0	0,0	0,950	0,000	5002,250	0,0	-50,0		04:16:07:724		
019:15:00,000	-50,0	9,7	10,8	-50,0	0,0	0,0	0,0	0,950	0,000	5002,639	0,0	-50,0		04:17:07:724		
019:16:00,000	-50,0	9,7	10,8	-50,0	0,0	0,0	0,0	0,950	0,000	5001,621	0,0	-50,0		04:18:07:724		
019:17:00,000	-50,0	9,7	10,8	-50,0	0,0	0,0	0,0	0,950	0,000	5002,472	0,0	-50,0		04:19:07:724		
019:18:00,000	-50,0	9,7	10,8	-50,0	0,0	0,0	0,0	0,950	0,000	5001,972	0,0	-50,0		04:20:07:724		
019:19:00,000	-50,0	9,7	10,8	-50,0	0,0	0,0	0,0	0,950	0,000	4997,315	0,0	-50,0		04:21:07:724		
019:20:00,000	-50,0	9,7	10,8	-50,0	0,0	0,0	0,0	0,950	0,000	5002,019	0,0	-50,0		04:22:07:724		
019:21:00,000	-50,0	9,7	10,8	-50,0	0,0	0,0	0,0	0,950	0,000	5001,642	0,0	-50,0		04:23:07:724		
019:22:00,000	-50,0	9,7	10,8	-50,0	0,0	0,0	0,0	0,950	0,000	5001,379	0,0	-50,0		04:24:07:724		
019:23:00,000	-50,0	9,7	10,8	-50,0	0,0	0,0	0,0	0,950	0,000	5005,379	0,0	-50,0		04:25:07:724		
019:24:00,000	-50,0	9,7	10,8	-50,0	0,0	0,0	0,0	0,950	0,000	5003,407	0,0	-50,0		04:26:07:724		
019:25:00,000	-50,0	9,6	10,8	-50,0	0,0	0,0	0,0	0,950	0,000	5002,250	0,0	-50,0		04:27:07:724		
019:26:00,000	-50,0	9,6	10,7	-50,0	0,0	0,0	0,0	0,950	0,000	5001,565	0,0	-50,0		04:28:07:724		
019:27:00,000	-50,0	9,5	10,7	-50,0	0,0	0,0	0,0	0,950	0,000	5000,278	0,0	-50,0		04:29:07:724		
019:28:00,000	-50,0	9,5	10,6	-50,0	0,0	0,0	0,0	0,950	0,000	5001,241	0,0	-50,0		04:30:07:724		
019:29:00,000	-50,0	9,5	10,6	-50,0	0,0	0,0	0,0	0,950	0,000	5001,871	0,0	-50,0		04:31:07:724		
019:30:00,000	-50,0	9,5	10,6	-50,0	0,0	0,0	0,0	0,950	0,000	5000,629	0,0	-50,0		04:32:07:724		
019:31:00,000	-50,0	9,6	10,6	-50,0	0,0	0,0	0,0	0,950	0,000	5001,333	0,0	-50,0		04:33:07:724		
019:32:00,000	-50,0	9,6	10,6	-50,0	0,0	0,0	0,0	0,950	0,000	5001,463	0,0	-50,0		04:34:07:724		
019:33:00,000	-50,0	9,6	10,6	-50,0	0,0	0,0	0,0	0,950	0,000	5001,759	0,0	-50,0		04:35:07:724		
019:34:00,000	-50,0	9,6	10,6	-50,0	0,0	0,0	0,0	0,950	0,000	5001,176	0,0	-50,0		04:36:07:724		
019:35:00,000	-50,0	9,7	10,6	-50,0	0,0	0,0	0,0	0,950	0,000	5002,514	0,0	-50,0		04:37:07:724		
019:36:00,000	-50,0	9,7	10,6	-50,0	0,0	0,0	0,0	0,950	0,000	5001,722	0,0	-50,0		04:38:07:724		
019:37:00,000	-50,0	9,7	10,6	-50,0	0,0	0,0	0,0	0,950	0,000	5001,879	0,0	-50,0		04:39:07:724		
019:38:00,000	-50,0	9,8	10,6	-50,0	0,0	0,0	0,0	0,950	0,000	5002,121	0,0	-50,0		04:40:07:724		
019:39:00,000	-50,0	10,0	10,7	-50,0	0,0	0,0	0,0	0,950	0,000	5001,843	0,0	-50,0		04:41:07:724		
019:40:00,000	-50,0	10,0	10,7	-50,0	0,0	0,0	0,0	0,950	0,000	5001,303	0,0	-50,0		04:42:07:724		
019:41:00,000	-50,0	10,0	10,7	-50,0	0,0	0,0	0,0	0,950	0,000	5002,185	0,0	-50,0		04:43:07:724		
019:42:00,000	-50,0	10,0	10,7	-50,0	0,0	0,0	0,0	0,950	0,000	5003,500	0,0	-50,0		04:44:07:724		
019:43:00,000	-50,0	10,1	10,8	-50,0	0,0	0,0	0,0	0,950	0,000	5001,463	0,0	-50,0		04:45:07:724		
019:44:00,000	-50,0	10,1	10,8	-50,0	0,0	0,0	0,0	0,950	0,000	5002,583	0,0	-50,0		04:46:07:724		
019:45:00,000	-50,0	10,2	10,9	-50,0	0,0	0,0	0,0	0,950	0,000	5002,055	0,0	-50,0		04:47:07:724		
019:46:00,000	-50,0	10,3	10,9	-50,0	0,0	0,0	0,0	0,950	0,000	5002,491	0,0	-50,0		04:48:07:724		
019:47:00,000	-50,0	10,5	11,1	-50,0	0,0	0,0	0,0	0,950	0,000	5002,194	0,0	-50,0		04:49:07:724		
019:48:00,000	-50,0	10,7	11,3	-50,0	0,0	0,0	0,0	0,950	0,000	5002,565	0,0	-50,0		04:50:07:724		
019:49:00,000	-50,0	10,7	11,4	-50,0	0,0	0,0	0,0	0,950	0,000	5002,824	0,0	-50,0		04:51:07:724		
019:50:00,000	-50,0	10,4	11,4	-50,0	0,0	0,0	0,0	0,950	0,000	5001,898	0,0	-50,0		04:52:07:724		
019:51:00,000	-50,0	10,2	11,4	-50,0	0,0	0,0	0,0	0,950	0,000	5001,491	0,0	-50,0		04:53:07:724		
019:52:00,000	-50,0	10,0	11,2	-50,0	0,0	0,0	0,0	0,950	0,000	5001,907	0,0	-50,0		04:54:07:724		
019:53:00,000	-50,0	9,9	11,1	-50,0	0,0	0,0	0,0	0,950	0,000	5001,454	0,0	-50,0		04:55:07:724		
019:54:00,000	-50,0	9,7	10,9	-50,0	0,0	0,0	0,0	0,950	0,000	5002,193	0,0	-50,0		04:56:07:724		
019:55:00,000	-50,0	9,5	10,8	-50,0	0,0	0,0	0,0	0,950	0,000	5001,519	0,0	-50,0		04:57:07:724		
019:56:00,000	-50,0	9,4	10,7	-50,0	0,0	0,0	0,0	0,950	0,000	5001,491	0,0	-50,0		04:58:07:724		
019:57:00,000	-50,0	9,3	10,6	-50,0	0,0	0,0	0,0	0,950	0,000	5001,731	0,0	-50,0		04:59:07:724		
019:58:00,000	-50,0	9,2	10,5	-50,0	0,0	0,0	0,0	0,950	0,000	5001,129	0,0	-50,0		05:00:07:724		
019:59:00,000	-50,0	9,1	10,4	-50,0	0,0	0,0	0,0	0,950	0,000	5001,324	0,0	-50,0		05:01:07:724		
020:00:00,000	-50,0	9,1	10,4	-50,0	0,0	0,0	0,0	0,950	0,000	5001,371	0,0	-50,0		05:02:07:724		
020:01:00,000	-50,0	9,0	10,4	-50,0	0,0	0,0	0,0	0,950	0,000	5000,574	0,0	-50,0		05:03:07:724		
020:02:00,000	-50,0	9,0	10,3	-50,0	0,0	0,0	0,0	0,950	0,000	5000,676	0,0	-50,0		05:04:07:724		
020:03:00,000	-50,0	9,0	10,3	-50,0	0,0	0,0	0,0	0,950	0,000	5000,907	0,0	-50,0		05:05:07:724		
020:04:00,000	-50,0	9,0	10,3	-50,0	0,0	0,0	0,0	0,950	0,000	5000,463	0,0	-50,0		05:06:07:724		
020:05:00,000	-50,0	8,9	10,3	-50,0	0,0	0,0	0,0	0,950	0,000	5002,750	0,0	-50,0		05:07:07:724		
020:06:00,000	-50,0	8,9	10,3	-50,0	0,0	0,0	0,0	0,950	0,000	5000,287	0,0	-50,0		05:08:07:724		
020:07:00,000	-50,0	8,9	10,3	-50,0	0,0	0,0	0,0	0,950	0,000	5001,083	0,0	-50,0		05:09:07:724		
020:08:00,000	-50,0	9,0	10,3	-50,0	0,0	0,0	0,0	0,950	0,000	5000,826	0,0	-50,0		05:10:07:724		
020:09:00,000	-50,0	9,0	10,3	-50,0	0,0	0,0	0,0	0,950	0,000	5000,278	0,0	-50,0		05:11:07:724		
020:10:00,000	-50,0	9,0	10,3	-50,0	0,0	0,0	0,0	0,950	0,000	5000,722	0,0	-50,0		05:12:07:724		
020:11:00,000	-50,0	9,0	10,3	-50,0	0,0	0,0	0,0	0,950	0,000	5001,296	0,0	-50,0		05:13:07:724		
020:12:00,000	-50,0	9,0	10,3	-50,0	0,0	0,0	0,0	0,950	0,000	5000,722	0,0	-50,0		05:14:07:724		
020:13:00,000	-50,0	9,0	10,3	-50,0	0,0	0,0	0,0	0,950	0,000	5000,881	0,0	-50,0		05:15:07:724		
020:14:00,000	-50,0	9,0	10,3	-50,0	0,0	0,0	0,0	0,950	0,000	5000,546	0,0	-50,0		05:16:07:724		
020:15:00,000	-50,0	9,0	10,3	-50,0	0,0	0,0	0,0	0,950	0,000	5002,252	0,0	-50,0		05:17:07:724		
020:16:00,000	-50,0	9,0	10,3	-50,0	0,0	0,0	0,0	0,950	0,000	5000,898	0,0	-50,0		05:18:07:724		
020:17:00,000	-50,0	9,0	10,3	-50,0	0,0	0,0	0,0	0,950	0,000	5001,128	0,0	-50,0		05:19:07:724		
020:18:00,000	-50,0	8,9	10,2	-50,0	0,0	0,0	0,0	0,950	0,000	5000,602	0,0	-50,0		05:20:07:724		
020:19:00,000	-50,0	8,9	10,2	-50,0	0,0	0,0	0,0	0,950	0,000	5000,963	0,0	-50,0		05:21:07:724		
020:20:00,000	-50,0	8,9	10,2	-50,0	0,0	0,0	0,0	0,950	0,000	5003,750	0,0	-50,0		05:22:07:724		
020:21:00,000	-50,0	8,8	10,2	-50,0	0,0	0,0	0,0	0,950	0,000	5001,241	0,0	-50,0		05:23:07:724		
020:22:00,000	-50,0	8,8	10,1	-50,0	0,0	0,0	0,0	0,950	0,000	5001,110	0,0	-50,0		05:24:07:724		
020:23:00,000	-50,0	8,8	10,1	-50,0	0,0	0,0	0,0	0,950	0,000	5000,611	0,0	-50,0		05:25:07:724		
020:24:00,000	-50,0	8,8	10,1	-50,0	0,0	0,0	0,0	0,950	0,000	5000,815	0,0	-50,0		05:26:07:724		
020:25:00,000	-50,0	8,8	10,0	-50,0	0,0	0,0	0,0	0,950	0,000	5000,972	0,0	-50,0		05:27:07:724		
020:26:00,000	-50,0	8,8	10,0	-50,0	0,0	0,0	0,0	0,950	0,000	4999,500	0,0	-50,0		05:28:07:724		
020:27:00,000	-50,0	8,8	10,0	-50,0	0,0	0,0	0,0	0,950	0,000	5000,945	0,0	-50,0		05:29:07:724		
020:28:00,000	-50,0	8,7	10,0	-50,0	0,0	0,0	0,0	0,950	0,000	5000,796	0,0	-50,0		05:30:07:724		
020:29:00,000	-50,0	8,7	10,0	-50,0	0,0	0,0	0,0	0,950	0,000	5000,981	0,0	-50,0		05:31:07:724		
020:30:00,000	-50,0	8,7	10,0	-50,0	0,0	0,0	0,0	0,950	0,000	4999,917	0,0	-50,0		05:32:07:724		
020:31:00,000	-50,0	8,7	10,0	-50,0	0,0	0,0	0,0	0,950	0,000	5001,037	0,0	-50,0		05:33:07:724		
020:32:00,000	-50,0	8,7	10,0	-50,0	0,0	0,0	0,0	0,950	0,000	5000,315	0,0	-50,0		05:34:07:724		
020:33:00,000	-50,0	8,7	10,0	-50,0	0,0	0,0	0,0	0,950	0,000	5000,879	0,0	-50,0		05:35:07:724		
020:34:00,000	-50,0	8,7	10,0	-50,0	0,0	0,0	0,0	0,950	0,000	5000,315	0,0	-50,0		05:36:07:724		
020:35:00,000	-50,0	8,7	10,0	-50,0	0,0	0,0	0,0	0,950	0,000	5000,509	0,0	-50,0		05:37:07:724		
020:36:00,000	-50,0	8,7	10,0	-50,0	0,0	0,0	0,0	0,950	0,000	4999,759	0,0	-50,0		05:38:07:724		
020:37:00,000	-50,0	8,7	10,0	-50,0	0,0	0,0	0,0	0,950	0,000	5001,148	0,0	-50,0		05:39:07:724		
020:38:00,000	-50,0	8,7	10,0	-50,0	0,0	0,0	0,0	0,950	0,000	5001,491	0,0	-50,0		05:40:07:724		
020:39:00,000	-50,0	8,7	10,0	-50,0	0,0	0,0	0,0	0,950	0,000	5001,694	0,0	-50,0		05:41:07:724		
020:40:00,000	-50,0	8,7	10,0	-50,0	0,0	0,0	0,0	0,950	0,000	5000,477	0,0	-50,0		05:42:07:724		
020:41:00,000	-50,0	8,7	10,0	-50,0	0,0	0,0	0,0	0,950	0,000	5000,602	0,0	-50,0		05:43:07:724		
020:42:00,000	-50,0	8,7	10,0	-50,0	0,0	0,0	0,0	0,950	0,000	5000,565	0,0	-50,0		05:44:07:724		
020:43:00,000	-50,0	8,7	10,0	-50,0	0,0	0,0	0,0	0,950	0,000	5000,629	0,0	-50,0		05:45:07:724		
020:44:00,000	-50,0	8,7	10,0	-50,0	0,0	0,0	0,0	0,950	0,000	5001,167	0,0	-50,0		05:46:07:724		
020:45:00,000	-50,0	8,7	10,0	-50,0	0,0	0,0	0,0	0,950	0,000	5001,121	0,0	-50,0		05:47:07:724		
020:46:00,000	-50,0	8,8	10,0	-50,0	0,0	0,0	0,0	0,950	0,000	5000,083	0,0	-50,0		05:48:07:724		
020:47:00,000	-50,0	8,8	10,0	-50,0	0,0	0,0	0,0	0,950	0,000	5000,546	0,0	-50,0		05:49:07:724		
020:48:00,000	-50,0	8,8	10,0	-50,0	0,0	0,0	0,0	0,950	0,000	5000,019	0,0	-50,0		05:50:07:724		
020:49:00,000	-50,0	8,7	10,0	-50,0	0,0	0,0	0,0	0,950	0,000	4999,657	0,0	-50,0		05:51:07:724		
020:50:00,000	-50,0	8,7	10,0	-50,0	0,0	0,0	0,0	0,950	0,000	4999,769	0,0	-50,0		05:52:07:724		
020:51:00,000	-50,0	8,7	10,0	-50,0	0,0	0,0	0,0	0,950	0,000	5000,725	0,0	-50,0		05:53:07:724		
020:52:00,000	-50,0	8,7	10,0	-50,0	0,0	0,0	0,0	0,950	0,000	5000,250	0,0	-50,0		05:54:07:724		
020:53:00,000	-50,0	8,7	10,0	-50,0	0,0	0,0	0,0	0,950	0,000	5000,750	0,0	-50,0		05:55:07:724		
020:54:00,000	-50,0	8,7	10,0	-50,0	0,0	0,0	0,0	0,950	0,000	4999,889	0,0	-50,0		05:56:07:724		
020:55:00,000	-50,0	8,7	10,0	-50,0	0,0	0,0	0,0	0,950	0,000	5000,926	0,0	-50,0		05:57:07:724		
020:56:00,000	-50,0	8,7	10,0	-50,0	0,0	0,0	0,0	0,950	0,000	5000,389	0,0	-50,0		05:58:07:724		
020:57:00,000	-50,0	8,7	10,0	-50,0	0,0	0,0	0,0	0,950	0,000	5000,852	0,0	-50,0		05:59:07:724		
020:58:00,000	-50,0	8,7	10,0	-50,0	0,0	0,0	0,0	0,950	0,000	5000,707	0,0	-50,0		06:00:07:724		
020:59:00,000	-50,0	8,7	10,0	-50,0	0,0	0,0	0,0	0,950	0,000	5001,037	0,0	-50,0		06:01:07:724		
021:00:00,000	-50,0	8,7	10,0	-50,0	0,0	0,0	0,0	0,950	0,000	4999,352	0,0	-50,0		06:02:07:724		
021:01:00,000	-50,0	8,7	10,0	-50,0	0,0	0,0	0,0	0,950	0,000	4999,731	0,0	-50,0		06:03:07:724		
021:02:00,000	-50,0	8,6	10,0	-50,0	0,0	0,0	0,0	0,950	0,000	5000,324	0,0	-50,0		06:04:07:724		
021:03:00,000	-50,0	8,6	9,9	-50,0	0,0	0,0	0,0	0,950	0,000	5000,676	0,0	-50,0		06:05:07:724		
021:04:00,000	-50,0	8,6	9,9	-50,0	0,0	0,0	0,0	0,950	0,000	4999,879	0,0	-50,0		06:06:07:724		
021:05:00,000	-50,0	8,6	9,9	-50,0	0,0	0,0	0,0	0,950	0,000	5000,398	0,0	-50,0		06:07:07:724		
021:06:00,000	-50,0	8,6	9,9	-50,0	0,0	0,0	0,0	0,950	0,000	4999,444	0,0	-50,0		06:08:07:724		
021:07:00,000	-50,0	8,6	9,9	-50,0	0,0	0,0	0,0	0,950	0,000	4999,596	0,0	-50,0		06:09:07:724		
021:08:00,000	-50,0	8,5	9,8	-50,0	0,0	0,0	0,0	0,950	0,000	5007,878	0,0	-50,0		06:10:07:724		
021:09:00,000	-50,0	8,5	9,8	-50,0	0,0	0,0	0,0	0,950	0,000	4999,798	0,0	-50,0		06:11:07:724		
021:10:00,000	-50,0	8,5	9,8	-50,0	0,0	0,0	0,0	0,950	0,000	5000,148	0,0	-50,0		06:12:07:724		
021:11:00,000	-50,0	8,5	9,8	-50,0	0,0	0,0	0,0	0,950	0,000	4999,648	0,0	-50,0		06:13:07:724		
021:12:00,000	-50,0	8,5	9,8	-50,0	0,0	0,0	0,0	0,950	0,000	5000,546	0,0	-50,0		06:14:07:724		
021:13:00,000	-50,0	8,5	9,8	-50,0	0,0	0,0	0,0	0,950	0,000	4999,833	0,0	-50,0		06:15:07:724		
021:14:00,000	-50,0	8,5	9,8	-50,0	0,0	0,0	0,0	0,950	0,000	5000,528	0,0	-50,0		06:16:07:724		
021:15:00,000	-50,0	8,5	9,8	-50,0	0,0	0,0	0,0	0,950	0,000	5000,778	0,0	-50,0		06:17:07:724		
021:16:00,000	-50,0	8,4	9,7	-50,0	0,0	0,0	0,0	0,950	0,000	5001,167	0,0	-50,0		06:18:07:724		
021:17:00,000	-50,0	8,4	9,7	-50,0	0,0	0,0	0,0	0,950	0,000	4999,926	0,0	-50,0		06:19:07:724		
021:18:00,000	-50,0	8,4	9,7	-50,0	0,0	0,0	0,0	0,950	0,000	5001,139	0,0	-50,0		06:20:07:724		
021:19:00,000	-50,0	8,3	9,7	-50,0	0,0	0,0	0,0	0,950	0,000	5000,858	0,0	-50,0		06:21:07:724		
021:20:00,000	-50,0	8,3	9,6	-50,0	0,0	0,0	0,0	0,950	0,000	5000,178	0,0	-50,0		06:22:07:724		
021:21:00,000	-50,0	8,3	9,7	-50,0	0,0	0,0	0,0	0,950	0,000	5000,542	0,0	-50,0		06:23:07:724		
021:22:00,000	-50,0	8,3	9,6	-50,0	0,0	0,0	0,0	0,950	0,000	5001,047	0,0	-50,0		06:24:07:724		
021:23:00,000	-50,0	8,3	9,6	-50,0	0,0	0,0	0,0	0,950	0,000	5000,312	0,0	-50,0		06:25:07:724		
021:24:00,000	-50,0	8,3	9,6	-50,0	0,0	0,0	0,0	0,950	0,000	5000,250	0,0	-50,0		06:26:07:724		
021:25:00,000	-50,0	8,4	9,6	-50,0	0,0	0,0	0,0	0,950	0,000	5000,769	0,0	-50,0		06:27:07:724		
021:26:00,000	-50,0	8,4	9,6	-50,0	0,0	0,0	0,0	0,950	0,000	4999,407	0,0	-50,0		06:28:07:724		
021:27:00,000	-50,0	8,4	9,6	-50,0	0,0	0,0	0,0	0,950	0,000	4999,583	0,0	-50,0		06:29:07:724		
021:28:00,000	-50,0	8,4	9,6	-50,0	0,0	0,0	0,0	0,950	0,000	5000,583	0,0	-50,0		06:30:07:724		
021:29:00,000	-50,0	8,5	9,6	-50,0	0,0	0,0	0,0	0,950	0,000	5000,537	0,0	-50,0		06:31:07:724		
021:30:00,000	-50,0	8,5	9,6	-50,0	0,0	0,0	0,0	0,950	0,000	5000,206	0,0	-50,0		06:32:07:724		
021:31:00,000	-50,0	8,5	9,6	-50,0	0,0	0,0	0,0	0,950	0,000	4999,807	0,0	-50,0		06:33:07:724		
021:32:00,000	-50,0	8,5	9,6	-50,0	0,0	0,0	0,0	0,950	0,000	4999,065	0,0	-50,0		06:34:07:724		
021:33:00,000	-50,0	8,5	9,6	-50,0	0,0	0,0	0,0	0,950	0,000	4999,398	0,0	-50,0		06:35:07:724		
021:34:00,000	-50,0	8,5	9,6	-50,0	0,0	0,0	0,0	0,950	0,000	4999,352	0,0	-50,0		06:36:07:724		
021:35:00,000	-50,0	8,6	9,6	-50,0	0,0	0,0	0,0	0,950	0,000	5000,806	0,0	-50,0		06:37:07:724		
021:36:00,000	-50,0	8,6	9,6	-50,0	0,0	0,0	0,0	0,950	0,000	4999,713	0,0	-50,0		06:38:07:724		
021:37:00,000	-50,0	8,6	9,6	-50,0	0,0	0,0	0,0	0,950	0,000	5000,413	0,0	-50,0		06:39:07:724		
021:38:00,000	-50,0	8,6	9,6	-50,0	0,0	0,0	0,0	0,950	0,000	5000,731	0,0	-50,0		06:40:07:724		
021:39:00,000	-50,0	8,6	9,6	-50,0	0,0	0,0	0,0	0,950	0,000	5000,037	0,0	-50,0		06:41:07:724		
021:40:00,000	-50,0	8,6	9,6	-50,0	0,0	0,0	0,0	0,950	0,000	5000,204	0,0	-50,0		06:42:07:724		
021:41:00,000	-50,0	8,7	9,6	-50,0	0,0	0,0	0,0	0,950	0,000	4999,694	0,0	-50,0		06:43:07:724		
021:42:00,000	-50,0	8,7	9,6	-50,0	0,0	0,0	0,0	0,950	0,000	5000,093	0,0	-50,0		06:44:07:724		
021:43:00,000	-50,0	8,7	9,6	-50,0	0,0	0,0	0,0	0,950	0,000	5000,481	0,0	-50,0		06:45:07:724		
021:44:00,000	-50,0	8,8	9,6	-50,0	0,0	0,0	0,0	0,950	0,000	5001,157	0,0	-50,0		06:46:07:724		
021:45:00,000	-50,0	8,8	9,6	-50,0	0,0	0,0	0,0	0,950	0,000	5002,009	0,0	-50,0		06:47:07:724		
021:46:00,000	-50,0	8,8	9,6	-50,0	0,0	0,0	0,0	0,950	0,000	5000,787	0,0	-50,0		06:48:07:724		
021:47:00,000	-50,0	8,8	9,6	-50,0	0,0	0,0	0,0	0,950	0,000	5000,222	0,0	-50,0		06:49:07:724		
021:48:00,000	-50,0	8,9	9,6	-50,0	0,0	0,0	0,0	0,950	0,000	4999,750	0,0	-50,0		06:50:07:724		
021:49:00,000	-50,0	8,9	9,7	-50,0	0,0	0,0	0,0	0,950	0,000	5000,306	0,0	-50,0		06:51:07:724		
021:50:00,000	-50,0	8,9	9,7	-50,0	0,0	0,0	0,0	0,950	0,000	5000,685	0,0	-50,0		06:52:07:724		
021:51:00,000	-50,0	8,9	9,7	-50,0	0,0	0,0	0,0	0,950	0,000	5003,472	0,0	-50,0		06:53:07:724		
021:52:00,000	-50,0	8,9	9,7	-50,0	0,0	0,0	0,0	0,950	0,000	5000,769	0,0	-50,0		06:54:07:724		
021:53:00,000	-50,0	8,9	9,7	-50,0	0,0	0,0	0,0	0,950	0,000	5000,481	0,0	-50,0		06:55:07:724		
021:54:00,000	-50,0	9,1	9,7	-50,0	0,0	0,0	0,0	0,950	0,000	5001,147	0,0	-50,0		06:56:07:724		
021:55:00,000	-50,0	9,4	9,9	-50,0	0,0	0,0	0,0	0,950	0,000	5000,472	0,0	-50,0		06:57:07:724		
021:56:00,000	-50,0	9,9	10,3	-50,0	0,0	0,0	0,0	0,950	0,000	5001,519	0,0	-50,0		06:58:07:724		
021:57:00,000	-50,0	10,4	10,6	-50,0	0,0	0,0	0,0	0,950	0,000	5001,321	0,0	-50,0		06:59:07:724		
021:58:00,000	-50,0	10,7	10,8	-50,0	0,0	0,0	0,0	0,950	0,000	5001,269	0,0	-50,0		07:00:07:724		
021:59:00,000	-50,0	11,0	11,1	-50,0	0,0	0,0	0,0	0,950	0,000	5001,907	0,0	-50,0		07:01:07:724		
022:00:00,000	-50,0	11,3	11,3	-50,0	0,0	0,0	0,0	0,950	0,000	5002,454	0,0	-50,0		07:02:07:724		
022:01:00,000	-50,0	11,5	11,5	-50,0	0,0	0,0	0,0	0,950	0,000	5002,000	0,0	-50,0		07:03:07:724		
022:02:00,000	-50,0	11,7	11,6	-50,0	0,0	0,0	0,0	0,950	0,000	5002,463	0,0	-50,0		07:04:07:724		
022:03:00,000	-50,0	11,8	11,8	-50,0	0,0	0,0	0,0	0,950	0,000	5002,504	0,0	-50,0		07:05:07:724		
022:04:00,000	-50,0	12,0	11,9	-50,0	0,0	0,0	0,0	0,950	0,000	5002,159	0,0	-50,0		07:06:07:724		
022:05:00,000	-50,0	12,1	12,0	-50,0	0,0	0,0	0,0	0,950	0,000	5003,269	0,0	-50,0		07:07:07:724		
022:06:00,000	-50,0	12,1	12,1	-50,0	0,0	0,0	0,0	0,950	0,000	5003,176	0,0	-50,0		07:08:07:724		
022:07:00,000	-50,0	12,2	12,1	-50,0	0,0	0,0	0,0	0,950	0,000	5002,074	0,0	-50,0		07:09:07:724		
022:08:00,000	-50,0	12,3	12,2	-50,0	0,0	0,0	0,0	0,950	0,000	5002,917	0,0	-50,0		07:10:07:724		
022:09:00,000	-50,0	12,5	12,3	-50,0	0,0	0,0	0,0	0,950	0,000	5002,528	0,0	-50,0		07:11:07:724		
022:10:00,000	-50,0	12,7	12,5	-50,0	0,0	0,0	0,0	0,950	0,000	5004,167	0,0	-50,0		07:12:07:724		
022:11:00,000	-50,0	12,9	12,6	-50,0	0,0	0,0	0,0	0,950	0,000	5003,685	0,0	-50,0		07:13:07:724		
022:12:00,000	-50,0	13,0	12,8	-50,0	0,0	0,0	0,0	0,950	0,000	5003,926	0,0	-50,0		07:14:07:724		
022:13:00,000	-50,0	14,2	12,8	-50,0	0,0	0,0	0,0	0,950	0,000	5004,148	0,0	-50,0		07:15:07:724		
022:14:00,000	-50,0	13,3	13,0	-50,0	0,0	0,0	0,0	0,950	0,000	5004,211	0,0	-50,0		07:16:07:724		
022:15:00,000	-50,0	13,6	13,1	-50,0	0,0	0,0	0,0	0,950	0,000	5005,389	0,0	-50,0		07:17:07:724		
022:16:00,000	-50,0	13,7	13,2	-50,0	0,0	0,0	0,0	0,950	0,000	5005,491	0,0	-50,0		07:18:07:724		
022:17:00,000	-50,0	13,6	13,2	-50,0	0,0	0,0	0,0	0,950	0,000	5004,963	0,0	-50,0		07:19:07:724		
022:18:00,000	-50,0	13,6	13,2	-50,0	0,0	0,0	0,0	0,950	0,000	5004,667	0,0	-50,0		07:20:07:724		
022:19:00,000	-50,0	13,6	13,3	-50,0	0,0	0,0	0,0	0,950	0,000	5004,435	0,0	-50,0		07:21:07:724		
022:20:00,000	-50,0	13,7	13,3	-50,0	0,0	0,0	0,0	0,950	0,000	5005,685	0,0	-50,0		07:22:07:724		
022:21:00,000	-50,0	13,7	13,3	-50,0	0,0	0,0	0,0	0,950	0,000	5004,917	0,0	-50,0		07:23:07:724		
022:22:00,000	-50,0	13,8	13,4	-50,0	0,0	0,0	0,0	0,950	0,000	5005,037	0,0	-50,0		07:24:07:724		
022:23:00,000	-50,0	13,8	13,4	-50,0	0,0	0,0	0,0	0,950	0,000	5004,583	0,0	-50,0		07:25:07:724		
022:24:00,000	-50,0	13,8	13,4	-50,0	0,0	0,0	0,0	0,950	0,000	5005,019	0,0	-50,0		07:26:07:724		
022:25:00,000	-49,9	13,8	13,4	-49,8	0,0	0,0	0,0	0,950	0,000	5005,306	0,0	-49,9		07:27:07:724		
022:26:00,000	-50,0	14,0	13,4	-50,0	0,0	0,0	0,0	0,950	0,000	5005,074	0,0	-50,0		07:28:07:724		
022:27:00,000	-50,0	14,2	13,6	-50,0	0,0	0,0	0,0	0,950	0,000	5005,167	0,0	-50,0		07:29:07:724		
022:28:00,000	-50,0	14,5	13,8	-50,0	0,0	0,0	0,0	0,950	0,000	5005,148	0,0	-50,0		07:30:07:724		
022:29:00,000	-50,0	14,8	14,0	-50,0	0,0	0,0	0,0	0,950	0,000	5006,157	0,0	-50,0		07:31:07:724		
022:30:00,000	-50,0	15,1	14,2	-50,0	0,0	0,0	0,0	0,950	0,000	5004,861	0,0	-50,0		07:32:07:724		
022:31:00,000	-50,0	15,5	14,5	-50,0	0,0	0,0	0,0	0,950	0,000	5005,936	0,0	-50,0		07:33:07:724		
022:32:00,000	-50,0	15,3	14,5	-50,0	0,0	0,0	0,0	0,950	0,000	5006,083	0,0	-50,0		07:34:07:724		
022:33:00,000	-50,0	15,0	14,5	-50,0	0,0	0,0	0,0	0,950	0,000	5009,000	0,0	-50,0		07:35:07:724		
022:34:00,000	-50,0	14,9	14,5	-50,0	0,0	0,0	0,0	0,950	0,000	5004,889	0,0	-50,0		07:36:07:724		
022:35:00,000	-50,0	14,9	14,5	-50,0	0,0	0,0	0,0	0,950	0,000	5005,629	0,0	-50,0		07:37:07:724		
022:36:00,000	-50,0	14,9	14,5	-50,0	0,0	0,0	0,0	0,950	0,000	5005,806	0,0	-50,0		07:38:07:724		
022:37:00,000	-50,0	14,7	14,5	-50,0	0,0	0,0	0,0	0,950	0,000	5006,454	0,0	-50,0		07:39:07:724		
022:38:00,000	-50,0	14,6	14,5	-50,0	0,0	0,0	0,0	0,950	0,000	5006,101	0,0	-50,0		07:40:07:724		
022:39:00,000	-50,0	14,5	14,5	-50,0	0,0	0,0	0,0	0,950	0,000	5005,074	0,0	-50,0		07:41:07:724		
022:40:00,000	-50,0	14,4	14,4	-50,0	0,0	0,0	0,0	0,950	0,000	5005,352	0,0	-50,0		07:42:07:724		
022:41:00,000	-50,0	14,4	14,4	-50,0	0,0	0,0	0,0	0,950	0,000	5005,509	0,0	-50,0		07:43:07:724		
022:42:00,000	-50,0	14,5	14,4	-50,0	0,0	0,0	0,0	0,950	0,000	5004,879	0,0	-50,0		07:44:07:724		
022:43:00,000	-50,0	14,5	14,4	-50,0	0,0	0,0	0,0	0,950	0,000	5005,055	0,0	-50,0		07:45:07:724		
022:44:00,000	-50,0	14,3	14,3	-50,0	0,0	0,0	0,0	0,950	0,000	5005,639	0,0	-50,0		07:46:07:724		
022:45:00,000	-50,0	14,1	14,2	-50,0	0,0	0,0	0,0	0,950	0,000	5005,556	0,0	-50,0		07:47:07:724		
022:46:00,000	-50,0	14,0	14,1	-50,0	0,0	0,0	0,0	0,950	0,000	5004,852	0,0	-50,0		07:48:07:724		
022:47:00,000	-50,0	14,0	14,1	-50,0	0,0	0,0	0,0	0,950	0,000	5005,583	0,0	-50,0		07:49:07:724		
022:48:00,000	-50,0	14,0	14,0	-50,0	0,0	0,0	0,0	0,950	0,000	5004,954	0,0	-50,0		07:50:07:724		
022:49:00,000	-50,0	14,0	14,0	-50,0	0,0	0,0	0,0	0,950	0,000	5004,815	0,0	-50,0		07:51:07:724		
022:50:00,000	-50,0	13,8	13,9	-50,0	0,0	0,0	0,0	0,950	0,000	5003,935	0,0	-50,0		07:52:07:724		
022:51:00,000	-50,0	13,8	13,9	-50,0	0,0	0,0	0,0	0,950	0,000	5004,444	0,0	-50,0		07:53:07:724		
022:52:00,000	-50,0	13,9	13,9	-50,0	0,0	0,0	0,0	0,950	0,000	5004,899	0,0	-50,0		07:54:07:724		
022:53:00,000	-50,0	14,0	13,9	-50,0	0,0	0,0	0,0	0,950	0,000	5004,704	0,0	-50,0		07:55:07:724		
022:54:00,000	-50,0	13,9	13,9	-50,0	0,0	0,0	0,0	0,950	0,000	5004,973	0,0	-50,0		07:56:07:724		
022:55:00,000	-50,0	14,1	13,9	-50,0	0,0	0,0	0,0	0,950	0,000	5005,972	0,0	-50,0		07:57:07:724		
022:56:00,000	-50,0	14,3	13,9	-50,0	0,0	0,0	0,0	0,950	0,000	5005,560	0,0	-50,0		07:58:07:724		
022:57:00,000	-50,0	14,2	13,9	-50,0	0,0	0,0	0,0	0,950	0,000	5005,463	0,0	-50,0		07:59:07:724		
022:58:00,000	-50,0	14,4	13,9	-50,0	0,0	0,0	0,0	0,950	0,000	5005,148	0,0	-50,0		08:00:07:724		
022:59:00,000	-50,0	14,6	13,9	-50,0	0,0	0,0	0,0	0,950	0,000	5005,241	0,0	-50,0		08:01:07:724		
023:00:00,000	-50,0	15,0	14,1	-50,0	0,0	0,0	0,0	0,950	0,000	5005,312	0,0	-50,0		08:02:07:724		
023:01:00,000	-50,0	15,4	14,4	-50,0	0,0	0,0	0,0	0,950	0,000	5005,093	0,0	-50,0		08:03:07:724		
023:02:00,000	-50,0	15,4	14,5	-50,0	0,0	0,0	0,0	0,950	0,000	5007,028	0,0	-50,0		08:04:07:724		
023:03:00,000	-50,0	15,2	14,5	-50,0	0,0	0,0	0,0	0,950	0,000	5006,148	0,0	-50,0		08:05:07:724		
023:04:00,000	-50,0	15,0	14,5	-50,0	0,0	0,0	0,0	0,950	0,000	5005,509	0,0	-50,0		08:06:07:724		
023:05:00,000	-50,0	14,8	14,5	-50,0	0,0	0,0	0,0	0,950	0,000	5006,491	0,0	-50,0		08:07:07:724		
023:06:00,000	-50,0	14,8	14,5	-50,0	0,0	0,0	0,0	0,950	0,000	5005,769	0,0	-50,0		08:08:07:724		
023:07:00,000	-50,0	14,9	14,5	-50,0	0,0	0,0	0,0	0,950	0,000	5005,157	0,0	-50,0		08:09:07:724		
023:08:00,000	-50,0	15,1	14,5	-50,0	0,0	0,0	0,0	0,950	0,000	5005,611	0,0	-50,0		08:10:07:724		
023:09:00,000	-50,0	15,5	14,7	-50,0	0,0	0,0	0,0	0,950	0,000	5005,898	0,0	-50,0		08:11:07:724		
023:10:00,000	-50,0	15,6	14,8	-50,0	0,0	0,0	0,0	0,950	0,000	5006,083	0,0	-50,0		08:12:07:724		
023:11:00,000	-50,0	15,8	15,0	-50,0	0,0	0,0	0,0	0,950	0,000	5006,963	0,0	-50,0		08:13:07:724		
023:12:00,000	-50,0	16,0	15,2	-50,0	0,0	0,0	0,0	0,950	0,000	5006,639	0,0	-50,0		08:14:07:724		
023:13:00,000	-50,0	16,2	15,5	-50,0	0,0	0,0	0,0	0,950	0,000	5007,621	0,0	-50,0		08:15:07:724		
023:14:00,000	-50,0	16,2	15,5	-50,0	0,0	0,0	0,0	0,950	0,000	5007,241	0,0	-50,0		08:16:07:724		
023:15:00,000	-50,0	16,4	15,6	-50,0	0,0	0,0	0,0	0,950	0,000	5010,750	0,0	-50,0		08:17:07:724		
023:16:00,000	-50,0	16,4	15,6	-50,0	0,0	0,0	0,0	0,950	0,000	5007,231	0,0	-50,0		08:18:07:724		
023:17:00,000	-50,0	16,7	15,8	-50,0	0,0	0,0	0,0	0,950	0,000	5007,583	0,0	-50,0		08:19:07:724		
023:18:00,000	-50,0	16,9	16,0	-50,0	0,0	0,0	0,0	0,950	0,000	5008,546	0,0	-50,0		08:20:07:724		
023:19:00,000	-50,0	17,3	16,3	-50,0	0,0	0,0	0,0	0,950	0,000	5008,241	0,0	-50,0		08:21:07:724		
023:20:00,000	-50,0	17,4	16,5	-50,0	0,0	0,0	0,0	0,950	0,000	5007,407	0,0	-50,0		08:22:07:724		
023:21:00,000	-50,0	17,5	16,6	-50,0	0,0	0,0	0,0	0,950	0,000	5007,954	0,0	-50,0		08:23:07:724		
023:22:00,000	-50,0	17,9	16,8	-50,0	0,0	0,0	0,0	0,950	0,000	5008,734	0,0	-50,0		08:24:07:724		
023:23:00,000	-50,0	18,0	16,9	-50,0	0,0	0,0	0,0	0,950	0,000	5008,694	0,0	-50,0		08:25:07:724		
023:24:00,000	-50,0	18,1	17,0	-50,0	0,0	0,0	0,0	0,950	0,000	5008,358	0,0	-50,0		08:26:07:724		
023:25:00,000	-50,0	18,2	17,1	-50,0	0,0	0,0	0,0	0,950	0,000	5009,187	0,0	-50,0		08:27:07:724		
023:26:00,000	-50,0	18,0	17,1	-50,0	0,0	0,0	0,0	0,950	0,000	5008,046	0,0	-50,0		08:28:07:724		
023:27:00,000	-50,0	17,6	17,1	-50,0	0,0	0,0	0,0	0,950	0,000	5008,056	0,0	-50,0		08:29:07:724		
023:28:00,000	-50,0	17,4	17,1	-50,0	0,0	0,0	0,0	0,950	0,000	5008,093	0,0	-50,0		08:30:07:724		
023:29:00,000	-50,0	17,5	17,0	-50,0	0,0	0,0	0,0	0,950	0,000	5008,611	0,0	-50,0		08:31:07:724		
023:30:00,000	-50,0	17,5	17,0	-50,0	0,0	0,0	0,0	0,950	0,000	5008,333	0,0	-50,0		08:32:07:724		
023:31:00,000	-50,0	17,1	16,8	-50,0	0,0	0,0	0,0	0,950	0,000	5007,688	0,0	-50,0		08:33:07:724		
023:32:00,000	-50,0	17,3	16,7	-50,0	0,0	0,0	0,0	0,950	0,000	5007,204	0,0	-50,0		08:34:07:724		
023:33:00,000	-50,0	17,9	16,8	-50,0	0,0	0,0	0,0	0,950	0,000	5008,287	0,0	-50,0		08:35:07:724		
023:34:00,000	-50,0	18,3	17,2	-50,0	0,0	0,0	0,0	0,950	0,000	5008,284	0,0	-50,0		08:36:07:724		
023:35:00,000	-50,0	17,8	17,2	-50,0	0,0	0,0	0,0	0,950	0,000	5008,654	0,0	-50,0		08:37:07:724		
023:36:00,000	-50,0	17,5	17,2	-50,0	0,0	0,0	0,0	0,950	0,000	5008,193	0,0	-50,0		08:38:07:724		
023:37:00,000	-50,0	17,5	17,1	-50,0	0,0	0,0	0,0	0,950	0,000	5008,629	0,0	-50,0		08:39:07:724		
023:38:00,000	-50,0	17,6	17,1	-50,0	0,0	0,0	0,0	0,950	0,000	5008,528	0,0	-50,0		08:40:07:724		
023:39:00,000	-50,0	17,5	17,1	-50,0	0,0	0,0	0,0	0,950	0,000	5008,167	0,0	-50,0		08:41:07:724		
023:40:00,000	-50,0	17,5	17,1	-50,0	0,0	0,0	0,0	0,950	0,000	5007,454	0,0	-50,0		08:42:07:724		
023:41:00,000	-50,0	17,6	17,1	-50,0	0,0	0,0	0,0	0,950	0,000	5008,167	0,0	-50,0		08:43:07:724		
023:42:00,000	-50,0	17,8	17,1	-50,0	0,0	0,0	0,0	0,950	0,000	5008,361	0,0	-50,0		08:44:07:724		
023:43:00,000	-50,0	18,1	17,1	-50,0	0,0	0,0	0,0	0,950	0,000	5008,241	0,0	-50,0		08:45:07:724		
023:44:00,000	-50,0	18,5	17,4	-50,0	0,0	0,0	0,0	0,950	0,000	5009,444	0,0	-50,0		08:46:07:724		
023:45:00,000	-50,0	18,9	17,6	-50,0	0,0	0,0	0,0	0,950	0,000	5010,413	0,0	-50,0		08:47:07:724		
023:46:00,000	-50,0	19,0	17,8	-50,0	0,0	0,0	0,0	0,950	0,000	5009,259	0,0	-50,0		08:48:07:724		
023:47:00,000	-50,0	19,1	18,0	-50,0	0,0	0,0	0,0	0,950	0,000	5009,741	0,0	-50,0		08:49:07:724		
023:48:00,000	-50,0	18,9	18,0	-50,0	0,0	0,0	0,0	0,950	0,000	5010,037	0,0	-50,0		08:50:07:724		
023:49:00,000	-50,0	18,7	18,0	-50,0	0,0	0,0	0,0	0,950	0,000	5009,157	0,0	-50,0		08:51:07:724		
023:50:00,000	-50,0	18,5	18,0	-50,0	0,0	0,0	0,0	0,950	0,000	5009,202	0,0	-50,0		08:52:07:724		
023:51:00,000	-50,0	18,3	18,0	-50,0	0,0	0,0	0,0	0,950	0,000	5009,111	0,0	-50,0		08:53:07:724		
023:52:00,000	-50,0	18,2	17,9	-50,0	0,0	0,0	0,0	0,950	0,000	5009,315	0,0	-50,0		08:54:07:724		
023:53:00,000	-50,0	18,2	17,9	-50,0	0,0	0,0	0,0	0,950	0,000	5009,231	0,0	-50,0		08:55:07:724		
023:54:00,000	-50,0	18,4	17,9	-50,0	0,0	0,0	0,0	0,950	0,000	5009,593	0,0	-50,0		08:56:07:724		
023:55:00,000	-50,0	18,6	17,9	-50,0	0,0	0,0	0,0	0,950	0,000	5013,407	0,0	-50,0		08:57:07:724		
023:56:00,000	-50,0	18,8	17,9	-50,0	0,0	0,0	0,0	0,950	0,000	5009,407	0,0	-50,0		08:58:07:724		
023:57:00,000	-50,0	18,7	17,9	-50,0	0,0	0,0	0,0	0,950	0,000	5008,725	0,0	-50,0		08:59:07:724		
023:58:00,000	-50,0	18,6	17,9	-50,0	0,0	0,0	0,0	0,950	0,000	5009,486	0,0	-50,0		09:00:07:724		
023:59:00,000	-50,0	18,9	17,9	-50,0	0,0	0,0	0,0	0,950	0,000	5010,376	0,0	-50,0		09:01:07:724		
024:00:00,000	-50,0	19,2	18,1	-50,0	0,0	0,0	0,0	0,950	0,000	5010,444	0,0	-50,0		09:02:07:724		
024:01:00,000	-50,0	19,8	18,5	-50,0	0,0	0,0	0,0	0,950	0,000	5010,944	0,0	-50,0		09:03:07:724		
024:02:00,000	-50,0	20,0	18,8	-50,0	0,0	0,0	0,0	0,950	0,000	5011,780	0,0	-50,0		09:04:07:724		
024:03:00,000	-50,0	20,3	19,0	-50,0	0,0	0,0	0,0	0,950	0,000	5012,676	0,0	-50,0		09:05:07:724		
024:04:00,000	-50,0	20,1	19,1	-50,0	0,0	0,0	0,0	0,950	0,000	5011,398	0,0	-50,0		09:06:07:724		
024:05:00,000	-50,0	20,0	19,1	-50,0	0,0	0,0	0,0	0,950	0,000	5018,084	0,0	-50,0		09:07:07:724		
024:06:00,000	-50,0	19,8	19,1	-50,0	0,0	0,0	0,0	0,950	0,000	5012,713	0,0	-50,0		09:08:07:724		
024:07:00,000	-50,0	19,5	19,1	-50,0	0,0	0,0	0,0	0,950	0,000	5012,981	0,0	-50,0		09:09:07:724		
024:08:00,000	-50,0	19,8	19,1	-50,0	0,0	0,0	0,0	0,950	0,000	5012,731	0,0	-50,0		09:10:07:724		
024:09:00,000	-50,0	19,8	19,1	-50,0	0,0	0,0	0,0	0,950	0,000	5011,519	0,0	-50,0		09:11:07:724		
024:10:00,000	-50,0	19,7	19,1	-50,0	0,0	0,0	0,0	0,950	0,000	5012,121	0,0	-50,0		09:12:07:724		
024:11:00,000	-50,0	20,0	19,1	-50,0	0,0	0,0	0,0	0,950	0,000	5012,306	0,0	-50,0		09:13:07:724		
024:12:00,000	-50,0	20,2	19,1	-50,0	0,0	0,0	0,0	0,950	0,000	5011,694	0,0	-50,0		09:14:07:724		
024:13:00,000	-50,0	20,0	19,2	-50,0	0,0	0,0	0,0	0,950	0,000	5012,083	0,0	-50,0		09:15:07:724		
024:14:00,000	-50,0	19,7	19,2	-50,0	0,0	0,0	0,0	0,950	0,000	5012,296	0,0	-50,0		09:16:07:724		
024:15:00,000	-50,0	19,7	19,2	-50,0	0,0	0,0	0,0	0,950	0,000	5013,187	0,0	-50,0		09:17:07:724		
024:16:00,000	-50,0	19,9	19,2	-50,0	0,0	0,0	0,0	0,950	0,000	5011,248	0,0	-50,0		09:18:07:724		
024:17:00,000	-50,0	19,7	19,2	-50,0	0,0	0,0	0,0	0,950	0,000	5011,194	0,0	-50,0		09:19:07:724		
024:18:00,000	-50,0	19,5	19,2	-50,0	0,0	0,0	0,0	0,950	0,000	5011,472	0,0	-50,0		09:20:07:724		
024:19:00,000	-50,0	19,4	19,1	-50,0	0,0	0,0	0,0	0,950	0,000	5014,843	0,0	-50,0		09:21:07:724		
024:20:00,000	-50,0	19,5	19,1	-50,0	0,0	0,0	0,0	0,950	0,000	5011,806	0,0	-50,0		09:22:07:724		
024:21:00,000	-50,0	19,9	19,1	-50,0	0,0	0,0	0,0	0,950	0,000	5010,917	0,0	-50,0		09:23:07:724		
024:22:00,000	-50,0	19,8	19,1	-50,0	0,0	0,0	0,0	0,950	0,000	5012,528	0,0	-50,0		09:24:07:724		
024:23:00,000	-50,0	19,0	18,9	-50,0	0,0	0,0	0,0	0,950	0,000	5011,056	0,0	-50,0		09:25:07:724		
024:24:00,000	-50,0	18,9	18,6	-50,0	0,0	0,0	0,0	0,950	0,000	5010,833	0,0	-50,0		09:26:07:724		
024:25:00,000	-50,0	19,0	18,6	-50,0	0,0	0,0	0,0	0,950	0,000	5012,379	0,0	-50,0		09:27:07:724		
024:26:00,000	-50,0	19,8	18,6	-50,0	0,0	0,0	0,0	0,950	0,000	5012,241	0,0	-50,0		09:28:07:724		
024:27:00,000	-50,0	19,3	18,7	-50,0	0,0	0,0	0,0	0,950	0,000	5011,204	0,0	-50,0		09:29:07:724		
024:28:00,000	-50,0	19,1	18,7	-50,0	0,0	0,0	0,0	0,950	0,000	5011,537	0,0	-50,0		09:30:07:724		
024:29:00,000	-50,0	19,0	18,7	-50,0	0,0	0,0	0,0	0,950	0,000	5011,778	0,0	-50,0		09:31:07:724		
024:30:00,000	-50,0	18,5	18,3	-50,0	0,0	0,0	0,0	0,950	0,000	5011,321	0,0	-50,0		09:32:07:724		
024:31:00,000	-50,0	18,8	18,2	-50,0	0,0	0,0	0,0	0,950	0,000	5014,231	0,0	-50,0		09:33:07:724		
024:32:00,000	-50,0	18,6	18,2	-50,0	0,0	0,0	0,0	0,950	0,000	5010,713	0,0	-50,0		09:34:07:724		
024:33:00,000	-50,0	18,4	18,2	-50,0	0,0	0,0	0,0	0,950	0,000	5010,722	0,0	-50,0		09:35:07:724		
024:34:00,000	-50,0	18,5	18,1	-50,0	0,0	0,0	0,0	0,950	0,000	5010,629	0,0	-50,0		09:36:07:724		
024:35:00,000	-50,0	19,1	18,2	-50,0	0,0	0,0	0,0	0,950	0,000	5011,981	0,0	-50,0		09:37:07:724		
024:36:00,000	-50,0	19,3	18,3	-50,0	0,0	0,0	0,0	0,950	0,000	5011,593	0,0	-50,0		09:38:07:724		
024:37:00,000	-50,0	18,9	18,3	-50,0	0,0	0,0	0,0	0,950	0,000	5011,528	0,0	-50,0		09:39:07:724		
024:38:00,000	-50,0	18,3	18,2	-50,0	0,0	0,0	0,0	0,950	0,000	5011,444	0,0	-50,0		09:40:07:724		
024:39:00,000	-50,0	18,2	18,1	-50,0	0,0	0,0	0,0	0,950	0,000	5010,769	0,0	-50,0		09:41:07:724		
024:40:00,000	-50,0	17,9	17,8	-50,0	0,0	0,0	0,0	0,950	0,000	5010,343	0,0	-50,0		09:42:07:724		
024:41:00,000	-50,0	17,6	17,5	-50,0	0,0	0,0	0,0	0,950	0,000	5009,361	0,0	-50,0		09:43:07:724		
024:42:00,000	-50,0	18,4	17,6	-50,0	0,0	0,0	0,0	0,950	0,000	5009,278	0,0	-50,0		09:44:07:724		
024:43:00,000	-50,0	19,2	18,1	-50,0	0,0	0,0	0,0	0,950	0,000	5011,463	0,0	-50,0		09:45:07:724		
024:44:00,000	-50,0	19,4	18,5	-50,0	0,0	0,0	0,0	0,950	0,000	5013,037	0,0	-50,0		09:46:07:724		
024:45:00,000	-50,0	19,1	18,5	-50,0	0,0	0,0	0,0	0,950	0,000	5011,352	0,0	-50,0		09:47:07:724		
024:46:00,000	-50,0	19,7	18,6	-50,0	0,0	0,0	0,0	0,950	0,000	5011,426	0,0	-50,0		09:48:07:724		
024:47:00,000	-50,0	19,8	18,8	-50,0	0,0	0,0	0,0	0,950	0,000	5011,009	0,0	-50,0		09:49:07:724		
024:48:00,000	-50,0	19,6	18,8	-50,0	0,0	0,0	0,0	0,950	0,000	5011,789	0,0	-50,0		09:50:07:724		
024:49:00,000	-50,0	19,5	18,8	-50,0	0,0	0,0	0,0	0,950	0,000	5012,278	0,0	-50,0		09:51:07:724		
024:50:00,000	-50,0	19,2	18,8	-50,0	0,0	0,0	0,0	0,950	0,000	5011,463	0,0	-50,0		09:52:07:724		
024:51:00,000	-50,0	19,0	18,8	-50,0	0,0	0,0	0,0	0,950	0,000	5010,694	0,0	-50,0		09:53:07:724		
024:52:00,000	-50,0	18,6	18,6	-50,0	0,0	0,0	0,0	0,950	0,000	5010,954	0,0	-50,0		09:54:07:724		
024:53:00,000	-50,0	18,7	18,5	-50,0	0,0	0,0	0,0	0,950	0,000	5011,361	0,0	-50,0		09:55:07:724		
024:54:00,000	-50,0	18,8	18,5	-50,0	0,0	0,0	0,0	0,950	0,000	5010,852	0,0	-50,0		09:56:07:724		
024:55:00,000	-50,0	19,0	18,5	-50,0	0,0	0,0	0,0	0,950	0,000	5011,083	0,0	-50,0		09:57:07:724		
024:56:00,000	-50,0	18,9	18,5	-50,0	0,0	0,0	0,0	0,950	0,000	5011,621	0,0	-50,0		09:58:07:724		
024:57:00,000	-50,0	18,9	18,5	-50,0	0,0	0,0	0,0	0,950	0,000	5010,787	0,0	-50,0		09:59:07:724		
024:58:00,000	-50,0	19,2	18,5	-50,0	0,0	0,0	0,0	0,950	0,000	5011,121	0,0	-50,0		10:00:07:724		
024:59:00,000	-50,0	19,4	18,7	-50,0	0,0	0,0	0,0	0,950	0,000	5012,148	0,0	-50,0		10:01:07:724		
025:00:00,000	-50,0	19,6	18,9	-50,0	0,0	0,0	0,0	0,950	0,000	5012,371	0,0	-50,0		10:02:07:724		
025:01:00,000	-50,0	19,7	19,0	-50,0	0,0	0,0	0,0	0,950	0,000	5011,871	0,0	-50,0		10:03:07:724		
025:02:00,000	-50,0	19,7	19,0	-50,0	0,0	0,0	0,0	0,950	0,000	5012,519	0,0	-50,0		10:04:07:724		
025:03:00,000	-50,0	19,8	19,1	-50,0	0,0	0,0	0,0	0,950	0,000	5012,398	0,0	-50,0		10:05:07:724		
025:04:00,000	-50,0	20,2	19,3	-50,0	0,0	0,0	0,0	0,950	0,000	5012,468	0,0	-50,0		10:06:07:724		
025:05:00,000	-50,0	20,2	19,5	-50,0	0,0	0,0	0,0	0,950	0,000	5013,019	0,0	-50,0		10:07:07:724		
025:06:00,000	-50,0	20,1	19,5	-50,0	0,0	0,0	0,0	0,950	0,000	5012,657	0,0	-50,0		10:08:07:724		
025:07:00,000	-50,0	20,3	19,5	-50,0	0,0	0,0	0,0	0,950	0,000	5017,287	0,0	-50,0		10:09:07:724		
025:08:00,000	-50,0	20,7	19,9	-50,0	0,0	0,0	0,0	0,950	0,000	5013,389	0,0	-50,0		10:10:07:724		
025:09:00,000	-50,0	20,8	20,2	-50,0	0,0	0,0	0,0	0,950	0,000	5013,065	0,0	-50,0		10:11:07:724		
025:10:00,000	-50,0	20,9	20,2	-50,0	0,0	0,0	0,0	0,950	0,000	5013,722	0,0	-50,0		10:12:07:724		
025:11:00,000	-50,0	20,5	20,3	-50,0	0,0	0,0	0,0	0,950	0,000	5012,927	0,0	-50,0		10:13:07:724		
025:12:00,000	-50,0	20,3	20,3	-50,0	0,0	0,0	0,0	0,950	0,000	5013,296	0,0	-50,0		10:14:07:724		
025:13:00,000	-50,0	20,0	20,1	-50,0	0,0	0,0	0,0	0,950	0,000	5013,306	0,0	-50,0		10:15:07:724		
025:14:00,000	-50,0	20,3	20,0	-50,0	0,0	0,0	0,0	0,950	0,000	5013,546	0,0	-50,0		10:16:07:724		
025:15:00,000	-50,0	21,0	20,2	-50,0	0,0	0,0	0,0	0,950	0,000	5014,667	0,0	-50,0		10:17:07:724		
025:16:00,000	-50,0	20,9	20,2	-50,0	0,0	0,0	0,0	0,950	0,000	5012,981	0,0	-50,0		10:18:07:724		
025:17:00,000	-50,0	20,8	20,2	-50,0	0,0	0,0	0,0	0,950	0,000	5013,413	0,0	-50,0		10:19:07:724		
025:18:00,000	-50,0	21,0	20,3	-50,0	0,0	0,0	0,0	0,950	0,000	5013,389	0,0	-50,0		10:20:07:724		
025:19:00,000	-50,0	21,3	20,5	-50,0	0,0	0,0	0,0	0,950	0,000	5013,796	0,0	-50,0		10:21:07:724		
025:20:00,000	-50,0	21,5	20,7	-50,0	0,0	0,0	0,0	0,950	0,000	5014,139	0,0	-50,0		10:22:07:724		
025:21:00,000	-50,0	22,2	21,2	-50,0	0,0	0,0	0,0	0,950	0,000	5014,861	0,0	-50,0		10:23:07:724		
025:22:00,000	-50,0	22,1	21,5	-50,0	0,0	0,0	0,0	0,950	0,000	5014,759	0,0	-50,0		10:24:07:724		
025:23:00,000	-50,0	21,8	21,5	-50,0	0,0	0,0	0,0	0,950	0,000	5015,073	0,0	-50,0		10:25:07:724		
025:24:00,000	-50,0	22,0	21,5	-50,0	0,0	0,0	0,0	0,950	0,000	5014,509	0,0	-50,0		10:26:07:724		
025:25:00,000	-50,0	22,4	21,5	-50,0	0,0	0,0	0,0	0,950	0,000	5015,204	0,0	-50,0		10:27:07:724		
025:26:00,000	-50,0	23,3	22,0	-50,0	0,0	0,0	0,0	0,950	0,000	5015,422	0,0	-50,0		10:28:07:724		
025:27:00,000	-50,0	23,4	22,5	-50,0	0,0	0,0	0,0	0,950	0,000	5016,333	0,0	-50,0		10:29:07:724		
025:28:00,000	-50,0	22,2	22,2	-50,0	0,0	0,0	0,0	0,950	0,000	5016,074	0,0	-50,0		10:30:07:724		
025:29:00,000	-50,0	21,7	21,7	-50,0	0,0	0,0	0,0	0,950	0,000	5015,861	0,0	-50,0		10:31:07:724		
025:30:00,000	-50,0	21,3	21,3	-50,0	0,0	0,0	0,0	0,950	0,000	5014,139	0,0	-50,0		10:32:07:724		
025:31:00,000	-50,0	21,3	21,2	-50,0	0,0	0,0	0,0	0,950	0,000	5014,093	0,0	-50,0		10:33:07:724		
025:32:00,000	-50,0	22,0	21,3	-50,0	0,0	0,0	0,0	0,950	0,000	5014,722	0,0	-50,0		10:34:07:724		
025:33:00,000	-50,0	22,3	21,5	-50,0	0,0	0,0	0,0	0,950	0,000	5014,787	0,0	-50,0		10:35:07:724		
025:34:00,000	-50,0	22,2	21,5	-50,0	0,0	0,0	0,0	0,950	0,000	5014,500	0,0	-50,0		10:36:07:724		
025:35:00,000	-50,0	22,2	21,5	-50,0	0,0	0,0	0,0	0,950	0,000	5015,229	0,0	-50,0		10:37:07:724		
025:36:00,000	-50,0	22,0	21,5	-50,0	0,0	0,0	0,0	0,950	0,000	5015,111	0,0	-50,0		10:38:07:724		
025:37:00,000	-50,0	21,6	21,5	-50,0	0,0	0,0	0,0	0,950	0,000	5015,046	0,0	-50,0		10:39:07:724		
025:38:00,000	-50,0	21,6	21,5	-50,0	0,0	0,0	0,0	0,950	0,000	5014,046	0,0	-50,0		10:40:07:724		
025:39:00,000	-50,0	21,6	21,5	-50,0	0,0	0,0	0,0	0,950	0,000	5014,398	0,0	-50,0		10:41:07:724		
025:40:00,000	-50,0	22,0	21,5	-50,0	0,0	0,0	0,0	0,950	0,000	5015,648	0,0	-50,0		10:42:07:724		
025:41:00,000	-50,0	22,2	21,5	-50,0	0,0	0,0	0,0	0,950	0,000	5014,398	0,0	-50,0		10:43:07:724		
025:42:00,000	-50,0	22,5	21,6	-50,0	0,0	0,0	0,0	0,950	0,000	5016,093	0,0	-50,0		10:44:07:724		
025:43:00,000	-50,0	22,6	21,8	-50,0	0,0	0,0	0,0	0,950	0,000	5019,532	0,0	-50,0		10:45:07:724		
025:44:00,000	-50,0	23,1	22,3	-50,0	0,0	0,0	0,0	0,950	0,000	5016,593	0,0	-50,0		10:46:07:724		
025:45:00,000	-50,0	22,7	22,3	-50,0	0,0	0,0	0,0	0,950	0,000	5015,981	0,0	-50,0		10:47:07:724		
025:46:00,000	-50,0	23,4	22,4	-50,0	0,0	0,0	0,0	0,950	0,000	5016,583	0,0	-50,0		10:48:07:724		
025:47:00,000	-50,0	23,5	22,6	-50,0	0,0	0,0	0,0	0,950	0,000	5016,250	0,0	-50,0		10:49:07:724		
025:48:00,000	-50,0	23,5	22,6	-50,0	0,0	0,0	0,0	0,950	0,000	5015,879	0,0	-50,0		10:50:07:724		
025:49:00,000	-50,0	23,1	22,6	-50,0	0,0	0,0	0,0	0,950	0,000	5015,704	0,0	-50,0		10:51:07:724		
025:50:00,000	-50,0	23,7	22,7	-50,0	0,0	0,0	0,0	0,950	0,000	5016,083	0,0	-50,0		10:52:07:724		
025:51:00,000	-50,0	24,5	23,2	-50,0	0,0	0,0	0,0	0,950	0,000	5017,657	0,0	-50,0		10:53:07:724		
025:52:00,000	-50,0	24,8	23,6	-50,0	0,0	0,0	0,0	0,950	0,000	5018,872	0,0	-50,0		10:54:07:724		
025:53:00,000	-50,0	25,3	24,1	-50,0	0,0	0,0	0,0	0,950	0,000	5017,407	0,0	-50,0		10:55:07:724		
025:54:00,000	-50,0	25,4	24,3	-50,0	0,0	0,0	0,0	0,950	0,000	5018,204	0,0	-50,0		10:56:07:724		
025:55:00,000	-50,0	25,3	24,4	-50,0	0,0	0,0	0,0	0,950	0,000	5019,657	0,0	-50,0		10:57:07:724		
025:56:00,000	-50,0	24,6	24,3	-50,0	0,0	0,0	0,0	0,950	0,000	5017,991	0,0	-50,0		10:58:07:724		
025:57:00,000	-50,0	24,6	24,2	-50,0	0,0	0,0	0,0	0,950	0,000	5018,139	0,0	-50,0		10:59:07:724		
025:58:00,000	-50,0	25,0	24,2	-50,0	0,0	0,0	0,0	0,950	0,000	5017,500	0,0	-50,0		11:00:07:724		
025:59:00,000	-50,0	25,2	24,2	-50,0	0,0	0,0	0,0	0,950	0,000	5018,917	0,0	-50,0		11:01:07:724		
026:00:00,000	-50,0	25,9	24,6	-50,0	0,0	0,0	0,0	0,950	0,000	5018,389	0,0	-50,0		11:02:07:724		
026:01:00,000	-50,0	26,3	25,0	-50,0	0,0	0,0	0,0	0,950	0,000	5018,694	0,0	-50,0		11:03:07:724		
026:02:00,000	-50,0	26,6	25,2	-50,0	0,0	0,0	0,0	0,950	0,000	5019,593	0,0	-50,0		11:04:07:724		
026:03:00,000	-50,0	26,6	25,5	-50,0	0,0	0,0	0,0	0,950	0,000	5023,899	0,0	-50,0		11:05:07:724		
026:04:00,000	-50,0	26,3	25,5	-50,0	0,0	0,0	0,0	0,950	0,000	5023,333	0,0	-50,0		11:06:07:724		
026:05:00,000	-50,0	25,6	25,4	-50,0	0,0	0,0	0,0	0,950	0,000	5019,806	0,0	-50,0		11:07:07:724		
026:06:00,000	-50,0	26,1	25,4	-50,0	0,0	0,0	0,0	0,950	0,000	5019,222	0,0	-50,0		11:08:07:724		
026:07:00,000	-50,0	26,8	25,7	-50,0	0,0	0,0	0,0	0,950	0,000	5020,676	0,0	-50,0		11:09:07:724		
026:08:00,000	-50,0	26,3	25,8	-50,0	0,0	0,0	0,0	0,950	0,000	5019,676	0,0	-50,0		11:10:07:724		
026:09:00,000	-50,0	25,9	25,8	-50,0	0,0	0,0	0,0	0,950	0,000	5019,704	0,0	-50,0		11:11:07:724		
026:10:00,000	-50,0	26,2	25,8	-50,0	0,0	0,0	0,0	0,950	0,000	5020,110	0,0	-50,0		11:12:07:724		
026:11:00,000	-50,0	27,0	26,0	-50,0	0,0	0,0	0,0	0,950	0,000	5020,435	0,0	-50,0		11:13:07:724		
026:12:00,000	-50,0	26,9	26,2	-50,0	0,0	0,0	0,0	0,950	0,000	5021,139	0,0	-50,0		11:14:07:724		
026:13:00,000	-50,0	26,2	26,0	-50,0	0,0	0,0	0,0	0,950	0,000	5019,371	0,0	-50,0		11:15:07:724		
026:14:00,000	-50,0	25,7	25,5	-50,0	0,0	0,0	0,0	0,950	0,000	5020,250	0,0	-50,0		11:16:07:724		
026:15:00,000	-50,0	25,7	25,4	-50,0	0,0	0,0	0,0	0,950	0,000	5020,629	0,0	-50,0		11:17:07:724		
026:16:00,000	-50,0	25,9	25,4	-50,0	0,0	0,0	0,0	0,950	0,000	5019,798	0,0	-50,0		11:18:07:724		
026:17:00,000	-50,0	25,4	25,3	-50,0	0,0	0,0	0,0	0,950	0,000	5018,843	0,0	-50,0		11:19:07:724		
026:18:00,000	-50,0	24,8	24,9	-50,0	0,0	0,0	0,0	0,950	0,000	5018,528	0,0	-50,0		11:20:07:724		
026:19:00,000	-50,0	24,5	24,6	-50,0	0,0	0,0	0,0	0,950	0,000	5022,083	0,0	-50,0		11:21:07:724		
026:20:00,000	-50,0	24,7	24,6	-50,0	0,0	0,0	0,0	0,950	0,000	5020,083	0,0	-50,0		11:22:07:724		
026:21:00,000	-50,0	25,1	24,6	-50,0	0,0	0,0	0,0	0,950	0,000	5018,879	0,0	-50,0		11:23:07:724		
026:22:00,000	-50,0	25,5	24,7	-50,0	0,0	0,0	0,0	0,950	0,000	5019,296	0,0	-50,0		11:24:07:724		
026:23:00,000	-50,0	25,6	24,8	-50,0	0,0	0,0	0,0	0,950	0,000	5020,477	0,0	-50,0		11:25:07:724		
026:24:00,000	-50,0	26,2	25,3	-50,0	0,0	0,0	0,0	0,950	0,000	5019,787	0,0	-50,0		11:26:07:724		
026:25:00,000	-50,0	27,0	25,9	-50,0	0,0	0,0	0,0	0,950	0,000	5020,815	0,0	-50,0		11:27:07:724		
026:26:00,000	-50,0	27,2	26,3	-50,0	0,0	0,0	0,0	0,950	0,000	5021,435	0,0	-50,0		11:28:07:724		
026:27:00,000	-50,0	27,2	26,5	-50,0	0,0	0,0	0,0	0,950	0,000	5020,981	0,0	-50,0		11:29:07:724		
026:28:00,000	-50,0	26,7	26,5	-50,0	0,0	0,0	0,0	0,950	0,000	5020,778	0,0	-50,0		11:30:07:724		
026:29:00,000	-50,0	26,2	26,3	-50,0	0,0	0,0	0,0	0,950	0,000	5020,898	0,0	-50,0		11:31:07:724		
026:30:00,000	-50,0	26,3	26,3	-50,0	0,0	0,0	0,0	0,950	0,000	5019,898	0,0	-50,0		11:32:07:724		
026:31:00,000	-50,0	26,1	26,1	-50,0	0,0	0,0	0,0	0,950	0,000	5019,667	0,0	-50,0		11:33:07:724		
026:32:00,000	-50,0	26,1	26,0	-50,0	0,0	0,0	0,0	0,950	0,000	5020,257	0,0	-50,0		11:34:07:724		
026:33:00,000	-50,0	26,4	26,0	-50,0	0,0	0,0	0,0	0,950	0,000	5019,583	0,0	-50,0		11:35:07:724		
026:34:00,000	-50,0	27,1	26,2	-50,0	0,0	0,0	0,0	0,950	0,000	5020,222	0,0	-50,0		11:36:07:724		
026:35:00,000	-50,0	27,1	26,5	-50,0	0,0	0,0	0,0	0,950	0,000	5021,486	0,0	-50,0		11:37:07:724		
026:36:00,000	-50,0	26,1	26,2	-50,0	0,0	0,0	0,0	0,950	0,000	5021,000	0,0	-50,0		11:38:07:724		
026:37:00,000	-50,0	26,4	26,0	-50,0	0,0	0,0	0,0	0,950	0,000	5020,833	0,0	-50,0		11:39:07:724		
026:38:00,000	-50,0	26,9	26,2	-50,0	0,0	0,0	0,0	0,950	0,000	5020,963	0,0	-50,0		11:40:07:724		
026:39:00,000	-50,0	26,5	26,2	-50,0	0,0	0,0	0,0	0,950	0,000	5021,139	0,0	-50,0		11:41:07:724		
026:40:00,000	-50,0	26,0	26,1	-50,0	0,0	0,0	0,0	0,950	0,000	5019,593	0,0	-50,0		11:42:07:724		
026:41:00,000	-50,0	25,1	25,3	-50,0	0,0	0,0	0,0	0,950	0,000	5019,593	0,0	-50,0		11:43:07:724		
026:42:00,000	-50,0	24,9	25,1	-50,0	0,0	0,0	0,0	0,950	0,000	5019,477	0,0	-50,0		11:44:07:724		
026:43:00,000	-50,0	24,8	24,9	-50,0	0,0	0,0	0,0	0,950	0,000	5017,648	0,0	-50,0		11:45:07:724		
026:44:00,000	-50,0	24,8	24,8	-50,0	0,0	0,0	0,0	0,950	0,000	5017,685	0,0	-50,0		11:46:07:724		
026:45:00,000	-50,0	25,2	24,8	-50,0	0,0	0,0	0,0	0,950	0,000	5020,167	0,0	-50,0		11:47:07:724		
026:46:00,000	-50,0	25,6	25,0	-50,0	0,0	0,0	0,0	0,950	0,000	5020,574	0,0	-50,0		11:48:07:724		
026:47:00,000	-50,0	25,5	25,1	-50,0	0,0	0,0	0,0	0,950	0,000	5020,065	0,0	-50,0		11:49:07:724		
026:48:00,000	-50,0	25,5	25,1	-50,0	0,0	0,0	0,0	0,950	0,000	5019,944	0,0	-50,0		11:50:07:724		
026:49:00,000	-50,0	26,2	25,6	-50,0	0,0	0,0	0,0	0,950	0,000	5021,037	0,0	-50,0		11:51:07:724		
026:50:00,000	-50,0	26,4	25,9	-50,0	0,0	0,0	0,0	0,950	0,000	5021,167	0,0	-50,0		11:52:07:724		
026:51:00,000	-50,0	26,4	26,1	-50,0	0,0	0,0	0,0	0,950	0,000	5020,111	0,0	-50,0		11:53:07:724		
026:52:00,000	-50,0	25,8	26,0	-50,0	0,0	0,0	0,0	0,950	0,000	5020,157	0,0	-50,0		11:54:07:724		
026:53:00,000	-50,0	25,8	25,9	-50,0	0,0	0,0	0,0	0,950	0,000	5020,398	0,0	-50,0		11:55:07:724		
026:54:00,000	-50,0	25,3	25,5	-50,0	0,0	0,0	0,0	0,950	0,000	5022,339	0,0	-50,0		11:56:07:724		
026:55:00,000	-50,0	24,8	24,9	-50,0	0,0	0,0	0,0	0,950	0,000	5019,481	0,0	-50,0		11:57:07:724		
026:56:00,000	-50,0	24,8	24,8	-50,0	0,0	0,0	0,0	0,950	0,000	5019,741	0,0	-50,0		11:58:07:724		
026:57:00,000	-50,0	25,3	24,8	-50,0	0,0	0,0	0,0	0,950	0,000	5019,954	0,0	-50,0		11:59:07:724		
026:58:00,000	-50,0	25,6	24,9	-50,0	0,0	0,0	0,0	0,950	0,000	5020,303	0,0	-50,0		12:00:07:724		
026:59:00,000	-50,0	26,2	25,5	-50,0	0,0	0,0	0,0	0,950	0,000	5021,046	0,0	-50,0		12:01:07:724		
027:00:00,000	-50,0	26,4	25,8	-50,0	0,0	0,0	0,0	0,950	0,000	5020,889	0,0	-49,9		12:02:07:724		
027:01:00,000	-50,0	26,6	26,0	-50,0	0,0	0,0	0,0	0,950	0,000	5021,602	0,0	-49,9		12:03:07:724		
027:02:00,000	-49,9	26,8	26,3	-49,9	0,0	0,0	0,0	0,950	0,000	5021,676	0,0	-49,9		12:04:07:724		
027:03:00,000	-50,0	26,5	26,3	-50,0	0,0	0,0	0,0	0,950	0,000	5021,935	0,0	-50,0		12:05:07:724		
027:04:00,000	-50,0	26,4	26,3	-50,0	0,0	0,0	0,0	0,950	0,000	5020,889	0,0	-49,9		12:06:07:724		
027:05:00,000	-50,0	26,4	26,3	-50,0	0,0	0,0	0,0	0,950	0,000	5021,593	0,0	-50,0		12:07:07:724		
027:06:00,000	-50,0	26,4	26,3	-50,0	0,0	0,0	0,0	0,950	0,000	5022,028	0,0	-49,9		12:08:07:724		
027:07:00,000	-50,0	26,3	26,3	-50,0	0,0	0,0	0,0	0,950	0,000	5021,550	0,0	-50,0		12:09:07:724		
027:08:00,000	-50,0	25,8	26,2	-50,0	0,0	0,0	0,0	0,950	0,000	5020,355	0,0	-50,0		12:10:07:724		
027:09:00,000	-50,0	25,9	26,1	-50,0	0,0	0,0	0,0	0,950	0,000	5020,917	0,0	-50,0		12:11:07:724		
027:10:00,000	-50,0	26,4	26,1	-50,0	0,0	0,0	0,0	0,950	0,000	5020,926	0,0	-50,0		12:12:07:724		
027:11:00,000	-50,0	26,8	26,3	-50,0	0,0	0,0	0,0	0,950	0,000	5020,806	0,0	-50,0		12:13:07:724		
027:12:00,000	-50,0	26,9	26,6	-50,0	0,0	0,0	0,0	0,950	0,000	5022,111	0,0	-50,0		12:14:07:724		
027:13:00,000	-50,0	27,3	26,8	-50,0	0,0	0,0	0,0	0,950	0,000	5021,065	0,0	-50,0		12:15:07:724		
027:14:00,000	-49,9	27,6	27,0	-49,9	0,0	0,0	0,0	0,950	0,000	5022,111	0,0	-49,9		12:16:07:724		
027:15:00,000	-50,0	27,5	27,1	-50,0	0,0	0,0	0,0	0,950	0,000	5022,435	0,0	-49,9		12:17:07:724		
027:16:00,000	-49,9	28,1	27,4	-49,9	0,0	0,0	0,0	0,950	0,000	5023,472	0,0	-49,9		12:18:07:724		
027:17:00,000	-49,9	28,8	28,1	-49,9	0,0	0,0	0,0	0,950	0,000	5024,148	0,0	-49,9		12:19:07:724		
027:18:00,000	-50,0	29,0	28,4	-50,0	0,0	0,0	0,0	0,950	0,000	5024,583	0,0	-50,0		12:20:07:724		
027:19:00,000	-50,0	28,9	28,5	-50,0	0,0	0,0	0,0	0,950	0,000	5025,074	0,0	-50,0		12:21:07:724		
027:20:00,000	-50,0	28,8	28,5	-50,0	0,0	0,0	0,0	0,950	0,000	5024,743	0,0	-50,0		12:22:07:724		
027:21:00,000	-50,0	28,0	28,2	-50,0	0,0	0,0	0,0	0,950	0,000	5024,121	0,0	-49,9		12:23:07:724		
027:22:00,000	-49,9	27,5	27,8	-49,9	0,0	0,0	0,0	0,950	0,000	5022,748	0,0	-49,9		12:24:07:724		
027:23:00,000	-49,9	27,3	27,5	-49,9	0,0	0,0	0,0	0,950	0,000	5021,973	0,0	-49,9		12:25:07:724		
027:24:00,000	-50,0	27,1	27,3	-50,0	0,0	0,0	0,0	0,950	0,000	5024,954	0,0	-49,9		12:26:07:724		
027:25:00,000	-50,0	27,8	27,4	-50,0	0,0	0,0	0,0	0,950	0,000	5022,935	0,0	-50,0		12:27:07:724		
027:26:00,000	-50,0	28,4	27,9	-50,0	0,0	0,0	0,0	0,950	0,000	5024,907	0,0	-50,0		12:28:07:724		
027:27:00,000	-50,0	28,8	28,2	-50,0	0,0	0,0	0,0	0,950	0,000	5023,824	0,0	-50,0		12:29:07:724		
027:28:00,000	-49,9	28,6	28,2	-49,9	0,0	0,0	0,0	0,950	0,000	5023,981	0,0	-49,9		12:30:07:724		
027:29:00,000	-49,9	28,3	28,2	-49,9	0,0	0,0	0,0	0,950	0,000	5024,973	0,0	-50,0		12:31:07:724		
027:30:00,000	-49,9	27,5	27,8	-49,9	0,0	0,0	0,0	0,950	0,000	5022,685	0,0	-49,9		12:32:07:724		
027:31:00,000	-50,0	27,1	27,3	-50,0	0,0	0,0	0,0	0,950	0,000	5022,083	0,0	-50,0		12:33:07:724		
027:32:00,000	-50,0	27,3	27,3	-50,0	0,0	0,0	0,0	0,950	0,000	5021,972	0,0	-50,0		12:34:07:724		
027:33:00,000	-50,0	27,5	27,3	-50,0	0,0	0,0	0,0	0,950	0,000	5022,629	0,0	-50,0		12:35:07:724		
027:34:00,000	-50,0	27,5	27,3	-50,0	0,0	0,0	0,0	0,950	0,000	5022,815	0,0	-50,0		12:36:07:724		
027:35:00,000	-50,0	27,4	27,3	-50,0	0,0	0,0	0,0	0,950	0,000	5022,367	0,0	-50,0		12:37:07:724		
027:36:00,000	-50,0	26,9	27,2	-50,0	0,0	0,0	0,0	0,950	0,000	5022,519	0,0	-50,0		12:38:07:724		
027:37:00,000	-50,0	26,4	26,7	-50,0	0,0	0,0	0,0	0,950	0,000	5021,676	0,0	-50,0		12:39:07:724		
027:38:00,000	-49,9	26,7	26,7	-49,9	0,0	0,0	0,0	0,950	0,000	5021,481	0,0	-49,9		12:40:07:724		
027:39:00,000	-49,9	27,4	26,8	-49,9	0,0	0,0	0,0	0,950	0,000	5022,657	0,0	-49,8		12:41:07:724		
027:40:00,000	-50,0	27,8	27,2	-50,0	0,0	0,0	0,0	0,950	0,000	5021,824	0,0	-50,0		12:42:07:724		
027:41:00,000	-50,0	27,5	27,2	-50,0	0,0	0,0	0,0	0,950	0,000	5021,528	0,0	-50,0		12:43:07:724		
027:42:00,000	-50,0	27,2	27,2	-50,0	0,0	0,0	0,0	0,950	0,000	5021,472	0,0	-50,0		12:44:07:724		
027:43:00,000	-50,0	27,1	27,2	-50,0	0,0	0,0	0,0	0,950	0,000	5022,287	0,0	-50,0		12:45:07:724		
027:44:00,000	-50,0	27,3	27,2	-50,0	0,0	0,0	0,0	0,950	0,000	5022,185	0,0	-49,9		12:46:07:724		
027:45:00,000	-49,7	27,4	27,2	-49,7	0,0	0,0	0,0	0,950	0,000	5022,602	0,0	-49,7		12:47:07:724		
027:46:00,000	-49,8	26,8	27,0	-49,8	0,0	0,0	0,0	0,950	0,000	5022,129	0,0	-49,7		12:48:07:724		
027:47:00,000	-49,9	26,7	26,9	-49,9	0,0	0,0	0,0	0,950	0,000	5021,546	0,0	-49,9		12:49:07:724		
027:48:00,000	-50,0	26,8	26,9	-50,0	0,0	0,0	0,0	0,950	0,000	5021,667	0,0	-49,9		12:50:07:724		
027:49:00,000	-49,8	26,6	26,8	-49,8	0,0	0,0	0,0	0,950	0,000	5021,926	0,0	-49,8		12:51:07:724		
027:50:00,000	-49,9	26,0	26,3	-49,9	0,0	0,0	0,0	0,950	0,000	5021,704	0,0	-49,9		12:52:07:724		
027:51:00,000	-49,9	26,5	26,2	-49,9	0,0	0,0	0,0	0,950	0,000	5021,731	0,0	-49,9		12:53:07:724		
027:52:00,000	-49,6	27,5	26,9	-49,6	0,0	0,0	0,0	0,950	0,000	5022,621	0,0	-49,5		12:54:07:724		
027:53:00,000	-49,8	27,8	27,3	-49,8	0,0	0,0	0,0	0,950	0,000	5022,963	0,0	-49,8		12:55:07:724		
027:54:00,000	-50,0	28,4	27,8	-50,0	0,0	0,0	0,0	0,950	0,000	5027,565	0,0	-50,0		12:56:07:724		
027:55:00,000	-50,0	28,1	28,0	-50,0	0,0	0,0	0,0	0,950	0,000	5024,509	0,0	-50,0		12:57:07:724		
027:56:00,000	-50,0	28,1	28,0	-50,0	0,0	0,0	0,0	0,950	0,000	5025,769	0,0	-50,0		12:58:07:724		
027:57:00,000	-50,0	28,8	28,2	-50,0	0,0	0,0	0,0	0,950	0,000	5025,761	0,0	-50,0		12:59:07:724		
027:58:00,000	-50,0	28,7	28,3	-49,9	0,0	0,0	0,0	0,950	0,000	5024,602	0,0	-49,9		13:00:07:724		
027:59:00,000	-50,0	28,1	28,1	-50,0	0,0	0,0	0,0	0,950	0,000	5025,241	0,0	-50,0		13:01:07:724		
028:00:00,000	-50,0	28,4	28,1	-50,0	0,0	0,0	0,0	0,950	0,000	5024,000	0,0	-50,0		13:02:07:724		
028:01:00,000	-50,0	28,7	28,2	-50,0	0,0	0,0	0,0	0,950	0,000	5024,991	0,0	-50,0		13:03:07:724		
028:02:00,000	-50,0	28,7	28,3	-50,0	0,0	0,0	0,0	0,950	0,000	5024,716	0,0	-50,0		13:04:07:724		
028:03:00,000	-50,0	28,5	28,3	-50,0	0,0	0,0	0,0	0,950	0,000	5025,574	0,0	-49,9		13:05:07:724		
028:04:00,000	-50,0	28,3	28,3	-50,0	0,0	0,0	0,0	0,950	0,000	5024,185	0,0	-50,0		13:06:07:724		
028:05:00,000	-50,0	28,2	28,2	-50,0	0,0	0,0	0,0	0,950	0,000	5030,148	0,0	-50,0		13:07:07:724		
028:06:00,000	-50,0	28,1	28,2	-50,0	0,0	0,0	0,0	0,950	0,000	5024,259	0,0	-50,0		13:08:07:724		
028:07:00,000	-50,0	28,2	28,2	-50,0	0,0	0,0	0,0	0,950	0,000	5023,907	0,0	-50,0		13:09:07:724		
028:08:00,000	-50,0	28,6	28,3	-50,0	0,0	0,0	0,0	0,950	0,000	5024,185	0,0	-50,0		13:10:07:724		
028:09:00,000	-50,0	28,0	28,2	-50,0	0,0	0,0	0,0	0,950	0,000	5022,991	0,0	-50,0		13:11:07:724		
028:10:00,000	-50,0	27,8	27,9	-50,0	0,0	0,0	0,0	0,950	0,000	5021,796	0,0	-50,0		13:12:07:724		
028:11:00,000	-50,0	28,6	28,0	-50,0	0,0	0,0	0,0	0,950	0,000	5024,009	0,0	-49,9		13:13:07:724		
028:12:00,000	-49,9	29,4	28,6	-49,9	0,0	0,0	0,0	0,950	0,000	5031,611	0,0	-49,9		13:14:07:724		
028:13:00,000	-49,8	29,6	28,9	-49,8	0,0	0,0	0,0	0,950	0,000	5027,546	0,0	-49,8		13:15:07:724		
028:14:00,000	-50,0	29,0	28,9	-49,9	0,0	0,0	0,0	0,950	0,000	5026,083	0,0	-49,8		13:16:07:724		
028:15:00,000	-50,0	28,8	28,9	-50,0	0,0	0,0	0,0	0,950	0,000	5025,759	0,0	-49,9		13:17:07:724		
028:16:00,000	-49,8	28,2	28,6	-49,8	0,0	0,0	0,0	0,950	0,000	5025,611	0,0	-49,8		13:18:07:724		
028:17:00,000	-49,8	27,6	27,8	-49,8	0,0	0,0	0,0	0,950	0,000	5022,639	0,0	-49,8		13:19:07:724		
028:18:00,000	-49,8	28,1	27,8	-49,8	0,0	0,0	0,0	0,950	0,000	5023,231	0,0	-49,8		13:20:07:724		
028:19:00,000	-49,8	28,5	28,1	-49,9	0,0	0,0	0,0	0,950	0,000	5024,743	0,0	-49,8		13:21:07:724		
028:20:00,000	-49,9	28,5	28,1	-49,9	0,0	0,0	0,0	0,950	0,000	5026,250	0,0	-49,9		13:22:07:724		
028:21:00,000	-49,9	29,0	28,4	-49,9	0,0	0,0	0,0	0,950	0,000	5026,213	0,0	-50,0		13:23:07:724		
028:22:00,000	-49,9	29,0	28,6	-49,9	0,0	0,0	0,0	0,950	0,000	5025,926	0,0	-49,9		13:24:07:724		
028:23:00,000	-50,0	28,4	28,5	-50,0	0,0	0,0	0,0	0,950	0,000	5025,324	0,0	-49,9		13:25:07:724		
028:24:00,000	-50,0	28,2	28,3	-50,0	0,0	0,0	0,0	0,950	0,000	5025,266	0,0	-49,9		13:26:07:724		
028:25:00,000	-50,0	28,2	28,3	-50,0	0,0	0,0	0,0	0,950	0,000	5024,398	0,0	-50,0		13:27:07:724		
028:26:00,000	-49,9	29,0	28,4	-49,9	0,0	0,0	0,0	0,950	0,000	5025,454	0,0	-49,9		13:28:07:724		
028:27:00,000	-50,0	29,2	28,7	-50,0	0,0	0,0	0,0	0,950	0,000	5025,509	0,0	-49,9		13:29:07:724		
028:28:00,000	-50,0	29,1	28,7	-50,0	0,0	0,0	0,0	0,950	0,000	5026,315	0,0	-50,0		13:30:07:724		
028:29:00,000	-50,0	28,2	28,5	-50,0	0,0	0,0	0,0	0,950	0,000	5025,278	0,0	-49,9		13:31:07:724		
028:30:00,000	-50,0	27,5	27,8	-50,0	0,0	0,0	0,0	0,950	0,000	5024,944	0,0	-49,9		13:32:07:724		
028:31:00,000	-49,9	27,8	27,7	-49,9	0,0	0,0	0,0	0,950	0,000	5028,111	0,0	-49,9		13:33:07:724		
028:32:00,000	-49,9	27,5	27,6	-49,9	0,0	0,0	0,0	0,950	0,000	5022,704	0,0	-49,9		13:34:07:724		
028:33:00,000	-50,0	26,7	27,0	-50,0	0,0	0,0	0,0	0,950	0,000	5022,713	0,0	-50,0		13:35:07:724		
028:34:00,000	-50,0	26,8	26,9	-50,0	0,0	0,0	0,0	0,950	0,000	5022,065	0,0	-50,0		13:36:07:724		
028:35:00,000	-50,0	27,1	26,9	-50,0	0,0	0,0	0,0	0,950	0,000	5023,593	0,0	-50,0		13:37:07:724		
028:36:00,000	-50,0	27,6	27,1	-50,0	0,0	0,0	0,0	0,950	0,000	5024,055	0,0	-50,0		13:38:07:724		
028:37:00,000	-50,0	28,0	27,5	-50,0	0,0	0,0	0,0	0,950	0,000	5024,093	0,0	-50,0		13:39:07:724		
028:38:00,000	-50,0	28,2	27,8	-50,0	0,0	0,0	0,0	0,950	0,000	5024,565	0,0	-50,0		13:40:07:724		
028:39:00,000	-50,0	29,1	28,5	-50,0	0,0	0,0	0,0	0,950	0,000	5026,028	0,0	-50,0		13:41:07:724		
028:40:00,000	-50,0	29,7	29,1	-50,0	0,0	0,0	0,0	0,950	0,000	5027,343	0,0	-50,0		13:42:07:724		
028:41:00,000	-50,0	29,7	29,2	-50,0	0,0	0,0	0,0	0,950	0,000	5025,787	0,0	-50,0		13:43:07:724		
028:42:00,000	-50,0	30,2	29,6	-50,0	0,0	0,0	0,0	0,950	0,000	5026,602	0,0	-50,0		13:44:07:724		
028:43:00,000	-50,0	30,4	29,8	-50,0	0,0	0,0	0,0	0,950	0,000	5027,888	0,0	-50,0		13:45:07:724		
028:44:00,000	-50,0	30,3	29,8	-50,0	0,0	0,0	0,0	0,950	0,000	5027,371	0,0	-50,0		13:46:07:724		
028:45:00,000	-50,0	30,5	29,9	-50,0	0,0	0,0	0,0	0,950	0,000	5027,583	0,0	-50,0		13:47:07:724		
028:46:00,000	-50,0	30,4	30,1	-50,0	0,0	0,0	0,0	0,950	0,000	5027,574	0,0	-50,0		13:48:07:724		
028:47:00,000	-50,0	28,7	29,0	-50,0	0,0	0,0	0,0	0,950	0,000	5025,787	0,0	-50,0		13:49:07:724		
028:48:00,000	-50,0	28,1	28,2	-50,0	0,0	0,0	0,0	0,950	0,000	5024,111	0,0	-50,0		13:50:07:724		
028:49:00,000	-49,9	28,6	28,1	-49,9	0,0	0,0	0,0	0,950	0,000	5024,306	0,0	-49,9		13:51:07:724		
028:50:00,000	-50,0	28,4	28,2	-50,0	0,0	0,0	0,0	0,950	0,000	5024,761	0,0	-50,0		13:52:07:724		
028:51:00,000	-50,0	27,9	28,0	-50,0	0,0	0,0	0,0	0,950	0,000	5025,046	0,0	-50,0		13:53:07:724		
028:52:00,000	-50,0	27,8	27,8	-50,0	0,0	0,0	0,0	0,950	0,000	5023,500	0,0	-50,0		13:54:07:724		
028:53:00,000	-50,0	28,1	27,9	-50,0	0,0	0,0	0,0	0,950	0,000	5023,194	0,0	-50,0		13:55:07:724		
028:54:00,000	-50,0	28,7	28,2	-50,0	0,0	0,0	0,0	0,950	0,000	5025,889	0,0	-50,0		13:56:07:724		
028:55:00,000	-50,0	29,3	28,6	-50,0	0,0	0,0	0,0	0,950	0,000	5025,629	0,0	-50,0		13:57:07:724		
028:56:00,000	-50,0	29,6	29,0	-50,0	0,0	0,0	0,0	0,950	0,000	5026,973	0,0	-50,0		13:58:07:724		
028:57:00,000	-50,0	30,0	29,4	-50,0	0,0	0,0	0,0	0,950	0,000	5026,657	0,0	-50,0		13:59:07:724		
028:58:00,000	-50,0	30,3	29,8	-50,0	0,0	0,0	0,0	0,950	0,000	5026,371	0,0	-50,0		14:00:07:724		
028:59:00,000	-50,0	29,2	29,5	-50,0	0,0	0,0	0,0	0,950	0,000	5026,991	0,0	-50,0		14:01:07:724		
029:00:00,000	-50,0	28,6	28,8	-50,0	0,0	0,0	0,0	0,950	0,000	5026,796	0,0	-50,0		14:02:07:724		
029:01:00,000	-50,0	28,4	28,6	-50,0	0,0	0,0	0,0	0,950	0,000	5027,481	0,0	-50,0		14:03:07:724		
029:02:00,000	-50,0	28,5	28,5	-50,0	0,0	0,0	0,0	0,950	0,000	5024,826	0,0	-49,9		14:04:07:724		
029:03:00,000	-49,9	28,1	28,2	-49,9	0,0	0,0	0,0	0,950	0,000	5024,454	0,0	-49,9		14:05:07:724		
029:04:00,000	-49,9	27,4	27,6	-49,9	0,0	0,0	0,0	0,950	0,000	5022,729	0,0	-49,9		14:06:07:724		
029:05:00,000	-49,9	27,2	27,2	-49,9	0,0	0,0	0,0	0,950	0,000	5022,241	0,0	-49,8		14:07:07:724		
029:06:00,000	-49,5	27,7	27,2	-49,6	0,0	0,0	0,0	0,950	0,000	5023,741	0,0	-49,3		14:08:07:724		
029:07:00,000	-49,5	27,8	27,3	-49,5	0,0	0,0	0,0	0,950	0,000	5023,486	0,0	-49,4		14:09:07:724		
029:08:00,000	-49,7	27,7	27,3	-49,7	0,0	0,0	0,0	0,950	0,000	5022,796	0,0	-49,5		14:10:07:724		
029:09:00,000	-49,9	27,7	27,3	-49,9	0,0	0,0	0,0	0,950	0,000	5023,129	0,0	-50,0		14:11:07:724		
029:10:00,000	-49,9	28,3	27,6	-49,9	0,0	0,0	0,0	0,950	0,000	5024,519	0,0	-49,9		14:12:07:724		
029:11:00,000	-50,0	28,4	27,8	-50,0	0,0	0,0	0,0	0,950	0,000	5024,259	0,0	-50,0		14:13:07:724		
029:12:00,000	-49,9	28,8	28,1	-49,9	0,0	0,0	0,0	0,950	0,000	5025,111	0,0	-50,0		14:14:07:724		
029:13:00,000	-50,0	28,4	28,2	-49,9	0,0	0,0	0,0	0,950	0,000	5025,275	0,0	-49,9		14:15:07:724		
029:14:00,000	-50,0	28,5	28,2	-50,0	0,0	0,0	0,0	0,950	0,000	5025,991	0,0	-50,0		14:16:07:724		
029:15:00,000	-50,0	28,6	28,3	-50,0	0,0	0,0	0,0	0,950	0,000	5025,093	0,0	-50,0		14:17:07:724		
029:16:00,000	-50,0	28,0	28,1	-50,0	0,0	0,0	0,0	0,950	0,000	5025,862	0,0	-50,0		14:18:07:724		
029:17:00,000	-50,0	28,4	28,0	-50,0	0,0	0,0	0,0	0,950	0,000	5024,704	0,0	-49,9		14:19:07:724		
029:18:00,000	-49,9	28,1	28,0	-49,9	0,0	0,0	0,0	0,950	0,000	5025,148	0,0	-49,9		14:20:07:724		
029:19:00,000	-50,0	27,6	27,7	-50,0	0,0	0,0	0,0	0,950	0,000	5023,121	0,0	-50,0		14:21:07:724		
029:20:00,000	-50,0	27,8	27,6	-50,0	0,0	0,0	0,0	0,950	0,000	5023,787	0,0	-50,0		14:22:07:724		
029:21:00,000	-50,0	28,5	27,8	-50,0	0,0	0,0	0,0	0,950	0,000	5023,787	0,0	-50,0		14:23:07:724		
029:22:00,000	-50,0	28,1	28,0	-50,0	0,0	0,0	0,0	0,950	0,000	5025,074	0,0	-50,0		14:24:07:724		
029:23:00,000	-50,0	27,1	27,4	-50,0	0,0	0,0	0,0	0,950	0,000	5022,296	0,0	-50,0		14:25:07:724		
029:24:00,000	-50,0	27,3	27,2	-50,0	0,0	0,0	0,0	0,950	0,000	5022,835	0,0	-50,0		14:26:07:724		
029:25:00,000	-49,9	28,2	27,5	-49,9	0,0	0,0	0,0	0,950	0,000	5023,231	0,0	-49,9		14:27:07:724		
029:26:00,000	-50,0	27,8	27,6	-50,0	0,0	0,0	0,0	0,950	0,000	5023,574	0,0	-50,0		14:28:07:724		
029:27:00,000	-50,0	28,0	27,6	-50,0	0,0	0,0	0,0	0,950	0,000	5024,241	0,0	-50,0		14:29:07:724		
029:28:00,000	-50,0	28,5	27,8	-50,0	0,0	0,0	0,0	0,950	0,000	5023,629	0,0	-50,0		14:30:07:724		
029:29:00,000	-50,0	28,7	28,1	-50,0	0,0	0,0	0,0	0,950	0,000	5026,333	0,0	-50,0		14:31:07:724		
029:30:00,000	-50,0	29,1	28,4	-50,0	0,0	0,0	0,0	0,950	0,000	5027,872	0,0	-50,0		14:32:07:724		
029:31:00,000	-50,0	29,9	29,1	-50,0	0,0	0,0	0,0	0,950	0,000	5028,815	0,0	-50,0		14:33:07:724		
029:32:00,000	-50,0	29,9	29,4	-50,0	0,0	0,0	0,0	0,950	0,000	5027,167	0,0	-50,0		14:34:07:724		
029:33:00,000	-50,0	28,7	28,9	-50,0	0,0	0,0	0,0	0,950	0,000	5025,491	0,0	-50,0		14:35:07:724		
029:34:00,000	-50,0	29,0	28,7	-50,0	0,0	0,0	0,0	0,950	0,000	5025,685	0,0	-50,0		14:36:07:724		
029:35:00,000	-50,0	28,1	28,4	-50,0	0,0	0,0	0,0	0,950	0,000	5024,593	0,0	-50,0		14:37:07:724		
029:36:00,000	-50,0	27,6	27,7	-50,0	0,0	0,0	0,0	0,950	0,000	5023,796	0,0	-50,0		14:38:07:724		
029:37:00,000	-50,0	28,1	27,7	-50,0	0,0	0,0	0,0	0,950	0,000	5023,981	0,0	-50,0		14:39:07:724		
029:38:00,000	-50,0	27,9	27,7	-50,0	0,0	0,0	0,0	0,950	0,000	5024,174	0,0	-50,0		14:40:07:724		
029:39:00,000	-50,0	27,8	27,7	-50,0	0,0	0,0	0,0	0,950	0,000	5023,046	0,0	-50,0		14:41:07:724		
029:40:00,000	-50,0	27,6	27,6	-50,0	0,0	0,0	0,0	0,950	0,000	5023,435	0,0	-50,0		14:42:07:724		
029:41:00,000	-50,0	28,1	27,7	-50,0	0,0	0,0	0,0	0,950	0,000	5024,046	0,0	-50,0		14:43:07:724		
029:42:00,000	-49,9	28,9	28,3	-49,9	0,0	0,0	0,0	0,950	0,000	5025,417	0,0	-49,9		14:44:07:724		
029:43:00,000	-50,0	29,2	28,6	-49,9	0,0	0,0	0,0	0,950	0,000	5026,110	0,0	-49,9		14:45:07:724		
029:44:00,000	-50,0	29,7	29,0	-50,0	0,0	0,0	0,0	0,950	0,000	5026,879	0,0	-49,9		14:46:07:724		
029:45:00,000	-49,9	30,0	29,4	-49,9	0,0	0,0	0,0	0,950	0,000	5027,621	0,0	-49,9		14:47:07:724		
029:46:00,000	-50,0	29,4	29,4	-50,0	0,0	0,0	0,0	0,950	0,000	5026,843	0,0	-50,0		14:48:07:724		
029:47:00,000	-50,0	29,2	29,2	-50,0	0,0	0,0	0,0	0,950	0,000	5026,463	0,0	-50,0		14:49:07:724		
029:48:00,000	-50,0	28,4	28,7	-50,0	0,0	0,0	0,0	0,950	0,000	5025,542	0,0	-50,0		14:50:07:724		
029:49:00,000	-50,0	28,2	28,2	-50,0	0,0	0,0	0,0	0,950	0,000	5025,352	0,0	-50,0		14:51:07:724		
029:50:00,000	-50,0	28,2	28,2	-50,0	0,0	0,0	0,0	0,950	0,000	5024,963	0,0	-50,0		14:52:07:724		
029:51:00,000	-50,0	28,7	28,2	-50,0	0,0	0,0	0,0	0,950	0,000	5025,056	0,0	-49,9		14:53:07:724		
029:52:00,000	-50,0	28,8	28,3	-50,0	0,0	0,0	0,0	0,950	0,000	5025,667	0,0	-50,0		14:54:07:724		
029:53:00,000	-50,0	28,8	28,6	-50,0	0,0	0,0	0,0	0,950	0,000	5025,379	0,0	-50,0		14:55:07:724		
029:54:00,000	-50,0	27,7	28,0	-50,0	0,0	0,0	0,0	0,950	0,000	5024,514	0,0	-50,0		14:56:07:724		
029:55:00,000	-50,0	27,6	27,8	-50,0	0,0	0,0	0,0	0,950	0,000	5023,269	0,0	-50,0		14:57:07:724		
029:56:00,000	-50,0	26,7	27,1	-50,0	0,0	0,0	0,0	0,950	0,000	5026,926	0,0	-50,0		14:58:07:724		
029:57:00,000	-50,0	26,6	26,7	-50,0	0,0	0,0	0,0	0,950	0,000	5022,824	0,0	-50,0		14:59:07:724		
029:58:00,000	-50,0	26,8	26,7	-50,0	0,0	0,0	0,0	0,950	0,000	5022,426	0,0	-49,9		15:00:07:724		
029:59:00,000	-49,9	27,0	26,7	-49,9	0,0	0,0	0,0	0,950	0,000	5023,486	0,0	-49,8		15:01:07:724		
030:00:00,000	-50,0	26,8	26,7	-50,0	0,0	0,0	0,0	0,950	0,000	5022,657	0,0	-50,0		15:02:07:724		
030:01:00,000	-50,0	26,9	26,7	-50,0	0,0	0,0	0,0	0,950	0,000	5023,843	0,0	-49,9		15:03:07:724		
030:02:00,000	-49,9	27,3	26,8	-49,9	0,0	0,0	0,0	0,950	0,000	5023,667	0,0	-49,9		15:04:07:724		
030:03:00,000	-49,9	28,0	27,3	-49,9	0,0	0,0	0,0	0,950	0,000	5024,065	0,0	-49,8		15:05:07:724		
030:04:00,000	-50,0	27,8	27,4	-50,0	0,0	0,0	0,0	0,950	0,000	5023,509	0,0	-49,9		15:06:07:724		
030:05:00,000	-50,0	28,1	27,5	-50,0	0,0	0,0	0,0	0,950	0,000	5023,458	0,0	-50,0		15:07:07:724		
030:06:00,000	-50,0	28,3	28,0	-50,0	0,0	0,0	0,0	0,950	0,000	5025,343	0,0	-50,0		15:08:07:724		
030:07:00,000	-50,0	27,4	27,6	-50,0	0,0	0,0	0,0	0,950	0,000	5023,222	0,0	-50,0		15:09:07:724		
030:08:00,000	-50,0	27,4	27,4	-50,0	0,0	0,0	0,0	0,950	0,000	5023,398	0,0	-50,0		15:10:07:724		
030:09:00,000	-50,0	28,0	27,5	-50,0	0,0	0,0	0,0	0,950	0,000	5024,743	0,0	-49,9		15:11:07:724		
030:10:00,000	-50,0	28,8	28,1	-50,0	0,0	0,0	0,0	0,950	0,000	5026,426	0,0	-50,0		15:12:07:724		
030:11:00,000	-50,0	28,9	28,3	-50,0	0,0	0,0	0,0	0,950	0,000	5025,361	0,0	-50,0		15:13:07:724		
030:12:00,000	-50,0	29,1	28,6	-50,0	0,0	0,0	0,0	0,950	0,000	5026,853	0,0	-50,0		15:14:07:724		
030:13:00,000	-50,0	29,0	28,7	-50,0	0,0	0,0	0,0	0,950	0,000	5025,269	0,0	-50,0		15:15:07:724		
030:14:00,000	-50,0	29,1	28,7	-50,0	0,0	0,0	0,0	0,950	0,000	5026,963	0,0	-50,0		15:16:07:724		
030:15:00,000	-50,0	29,0	28,7	-50,0	0,0	0,0	0,0	0,950	0,000	5026,862	0,0	-50,0		15:17:07:724		
030:16:00,000	-50,0	28,7	28,7	-50,0	0,0	0,0	0,0	0,950	0,000	5026,879	0,0	-50,0		15:18:07:724		
030:17:00,000	-50,0	27,6	28,0	-50,0	0,0	0,0	0,0	0,950	0,000	5024,361	0,0	-50,0		15:19:07:724		
030:18:00,000	-50,0	27,1	27,3	-50,0	0,0	0,0	0,0	0,950	0,000	5022,565	0,0	-50,0		15:20:07:724		
030:19:00,000	-50,0	27,3	27,1	-49,9	0,0	0,0	0,0	0,950	0,000	5022,833	0,0	-49,9		15:21:07:724		
030:20:00,000	-50,0	28,3	27,5	-50,0	0,0	0,0	0,0	0,950	0,000	5027,450	0,0	-50,0		15:22:07:724		
030:21:00,000	-50,0	29,1	28,4	-50,0	0,0	0,0	0,0	0,950	0,000	5026,981	0,0	-50,0		15:23:07:724		
030:22:00,000	-50,0	28,4	28,4	-50,0	0,0	0,0	0,0	0,950	0,000	5025,935	0,0	-50,0		15:24:07:724		
030:23:00,000	-50,0	27,8	28,0	-50,0	0,0	0,0	0,0	0,950	0,000	5025,139	0,0	-50,0		15:25:07:724		
030:24:00,000	-50,0	27,8	27,8	-50,0	0,0	0,0	0,0	0,950	0,000	5023,287	0,0	-50,0		15:26:07:724		
030:25:00,000	-50,0	28,1	27,8	-50,0	0,0	0,0	0,0	0,950	0,000	5023,731	0,0	-50,0		15:27:07:724		
030:26:00,000	-50,0	28,7	28,1	-50,0	0,0	0,0	0,0	0,950	0,000	5025,981	0,0	-49,9		15:28:07:724		
030:27:00,000	-50,0	29,1	28,7	-50,0	0,0	0,0	0,0	0,950	0,000	5026,358	0,0	-50,0		15:29:07:724		
030:28:00,000	-50,0	28,4	28,5	-50,0	0,0	0,0	0,0	0,950	0,000	5026,213	0,0	-50,0		15:30:07:724		
030:29:00,000	-50,0	27,9	28,0	-50,0	0,0	0,0	0,0	0,950	0,000	5024,852	0,0	-50,0		15:31:07:724		
030:30:00,000	-50,0	28,3	27,9	-50,0	0,0	0,0	0,0	0,950	0,000	5024,426	0,0	-49,9		15:32:07:724		
030:31:00,000	-50,0	29,2	28,5	-50,0	0,0	0,0	0,0	0,950	0,000	5025,676	0,0	-50,0		15:33:07:724		
030:32:00,000	-50,0	29,4	28,8	-50,0	0,0	0,0	0,0	0,950	0,000	5026,028	0,0	-50,0		15:34:07:724		
030:33:00,000	-50,0	29,6	29,0	-50,0	0,0	0,0	0,0	0,950	0,000	5026,981	0,0	-50,0		15:35:07:724		
030:34:00,000	-50,0	29,7	29,3	-50,0	0,0	0,0	0,0	0,950	0,000	5027,157	0,0	-50,0		15:36:07:724		
030:35:00,000	-50,0	29,2	29,3	-50,0	0,0	0,0	0,0	0,950	0,000	5026,138	0,0	-50,0		15:37:07:724		
030:36:00,000	-50,0	28,6	28,7	-50,0	0,0	0,0	0,0	0,950	0,000	5026,787	0,0	-50,0		15:38:07:724		
030:37:00,000	-50,0	28,6	28,5	-50,0	0,0	0,0	0,0	0,950	0,000	5026,602	0,0	-50,0		15:39:07:724		
030:38:00,000	-50,0	28,4	28,5	-50,0	0,0	0,0	0,0	0,950	0,000	5025,287	0,0	-50,0		15:40:07:724		
030:39:00,000	-50,0	28,4	28,3	-50,0	0,0	0,0	0,0	0,950	0,000	5025,204	0,0	-50,0		15:41:07:724		
030:40:00,000	-50,0	28,4	28,3	-50,0	0,0	0,0	0,0	0,950	0,000	5024,617	0,0	-50,0		15:42:07:724		
030:41:00,000	-50,0	27,9	28,1	-50,0	0,0	0,0	0,0	0,950	0,000	5024,477	0,0	-50,0		15:43:07:724		
030:42:00,000	-50,0	27,5	27,6	-50,0	0,0	0,0	0,0	0,950	0,000	5023,187	0,0	-50,0		15:44:07:724		
030:43:00,000	-50,0	28,2	27,7	-50,0	0,0	0,0	0,0	0,950	0,000	5024,315	0,0	-50,0		15:45:07:724		
030:44:00,000	-50,0	28,5	28,0	-50,0	0,0	0,0	0,0	0,950	0,000	5028,907	0,0	-50,0		15:46:07:724		
030:45:00,000	-50,0	28,4	28,1	-50,0	0,0	0,0	0,0	0,950	0,000	5025,750	0,0	-50,0		15:47:07:724		
030:46:00,000	-50,0	28,2	28,1	-50,0	0,0	0,0	0,0	0,950	0,000	5025,945	0,0	-50,0		15:48:07:724		
030:47:00,000	-50,0	27,9	28,0	-50,0	0,0	0,0	0,0	0,950	0,000	5024,981	0,0	-50,0		15:49:07:724		
030:48:00,000	-50,0	27,9	27,8	-50,0	0,0	0,0	0,0	0,950	0,000	5024,519	0,0	-50,0		15:50:07:724		
030:49:00,000	-50,0	28,4	27,9	-50,0	0,0	0,0	0,0	0,950	0,000	5024,500	0,0	-50,0		15:51:07:724		
030:50:00,000	-50,0	28,4	28,0	-50,0	0,0	0,0	0,0	0,950	0,000	5025,651	0,0	-50,0		15:52:07:724		
030:51:00,000	-50,0	28,1	28,0	-50,0	0,0	0,0	0,0	0,950	0,000	5024,602	0,0	-50,0		15:53:07:724		
030:52:00,000	-50,0	27,8	28,0	-50,0	0,0	0,0	0,0	0,950	0,000	5025,231	0,0	-50,0		15:54:07:724		
030:53:00,000	-50,0	27,7	27,9	-50,0	0,0	0,0	0,0	0,950	0,000	5023,241	0,0	-50,0		15:55:07:724		
030:54:00,000	-50,0	28,0	27,8	-50,0	0,0	0,0	0,0	0,950	0,000	5023,871	0,0	-50,0		15:56:07:724		
030:55:00,000	-50,0	28,4	27,8	-50,0	0,0	0,0	0,0	0,950	0,000	5024,806	0,0	-50,0		15:57:07:724		
030:56:00,000	-50,0	28,5	28,0	-50,0	0,0	0,0	0,0	0,950	0,000	5025,639	0,0	-50,0		15:58:07:724		
030:57:00,000	-50,0	28,1	28,0	-50,0	0,0	0,0	0,0	0,950	0,000	5025,578	0,0	-50,0		15:59:07:724		
030:58:00,000	-50,0	27,6	27,7	-50,0	0,0	0,0	0,0	0,950	0,000	5023,309	0,0	-50,0		16:00:07:724		
030:59:00,000	-50,0	28,3	27,8	-50,0	0,0	0,0	0,0	0,950	0,000	5024,761	0,0	-50,0		16:01:07:724		
031:00:00,000	-50,0	28,4	28,0	-50,0	0,0	0,0	0,0	0,950	0,000	5025,574	0,0	-50,0		16:02:07:724		
031:01:00,000	-50,0	28,4	28,0	-50,0	0,0	0,0	0,0	0,950	0,000	5025,019	0,0	-50,0		16:03:07:724		
031:02:00,000	-50,0	28,6	28,2	-50,0	0,0	0,0	0,0	0,950	0,000	5026,343	0,0	-50,0		16:04:07:724		
031:03:00,000	-50,0	28,3	28,2	-50,0	0,0	0,0	0,0	0,950	0,000	5025,491	0,0	-50,0		16:05:07:724		
031:04:00,000	-50,0	28,1	28,1	-50,0	0,0	0,0	0,0	0,950	0,000	5026,092	0,0	-50,0		16:06:07:724		
031:05:00,000	-50,0	28,6	28,2	-50,0	0,0	0,0	0,0	0,950	0,000	5026,093	0,0	-50,0		16:07:07:724		
031:06:00,000	-50,0	28,1	28,2	-50,0	0,0	0,0	0,0	0,950	0,000	5025,509	0,0	-50,0		16:08:07:724		
031:07:00,000	-50,0	28,0	28,1	-50,0	0,0	0,0	0,0	0,950	0,000	5025,843	0,0	-50,0		16:09:07:724		
031:08:00,000	-50,0	27,6	27,9	-50,0	0,0	0,0	0,0	0,950	0,000	5027,704	0,0	-50,0		16:10:07:724		
031:09:00,000	-50,0	27,8	27,8	-50,0	0,0	0,0	0,0	0,950	0,000	5024,269	0,0	-50,0		16:11:07:724		
031:10:00,000	-50,0	28,0	27,8	-50,0	0,0	0,0	0,0	0,950	0,000	5024,376	0,0	-50,0		16:12:07:724		
031:11:00,000	-50,0	28,5	28,0	-50,0	0,0	0,0	0,0	0,950	0,000	5024,570	0,0	-50,0		16:13:07:724		
031:12:00,000	-50,0	29,2	28,5	-50,0	0,0	0,0	0,0	0,950	0,000	5026,019	0,0	-50,0		16:14:07:724		
031:13:00,000	-50,0	29,6	29,0	-50,0	0,0	0,0	0,0	0,950	0,000	5026,138	0,0	-50,0		16:15:07:724		
031:14:00,000	-50,0	28,8	28,9	-50,0	0,0	0,0	0,0	0,950	0,000	5027,019	0,0	-50,0		16:16:07:724		
031:15:00,000	-50,0	28,0	28,3	-50,0	0,0	0,0	0,0	0,950	0,000	5026,278	0,0	-50,0		16:17:07:724		
031:16:00,000	-50,0	27,9	28,0	-50,0	0,0	0,0	0,0	0,950	0,000	5025,602	0,0	-50,0		16:18:07:724		
031:17:00,000	-50,0	27,8	28,0	-50,0	0,0	0,0	0,0	0,950	0,000	5025,769	0,0	-50,0		16:19:07:724		
031:18:00,000	-50,0	28,0	28,0	-50,0	0,0	0,0	0,0	0,950	0,000	5029,037	0,0	-50,0		16:20:07:724		
031:19:00,000	-50,0	27,9	28,0	-50,0	0,0	0,0	0,0	0,950	0,000	5025,833	0,0	-50,0		16:21:07:724		
031:20:00,000	-50,0	27,7	27,9	-50,0	0,0	0,0	0,0	0,950	0,000	5023,417	0,0	-50,0		16:22:07:724		
031:21:00,000	-50,0	27,8	27,8	-50,0	0,0	0,0	0,0	0,950	0,000	5024,278	0,0	-50,0		16:23:07:724		
031:22:00,000	-50,0	28,2	27,8	-50,0	0,0	0,0	0,0	0,950	0,000	5024,796	0,0	-50,0		16:24:07:724		
031:23:00,000	-50,0	28,1	27,8	-50,0	0,0	0,0	0,0	0,950	0,000	5023,954	0,0	-50,0		16:25:07:724		
031:24:00,000	-50,0	28,4	27,9	-50,0	0,0	0,0	0,0	0,950	0,000	5024,361	0,0	-50,0		16:26:07:724		
031:25:00,000	-50,0	29,1	28,4	-50,0	0,0	0,0	0,0	0,950	0,000	5026,389	0,0	-50,0		16:27:07:724		
031:26:00,000	-50,0	29,2	28,6	-50,0	0,0	0,0	0,0	0,950	0,000	5027,111	0,0	-50,0		16:28:07:724		
031:27:00,000	-50,0	29,2	28,7	-50,0	0,0	0,0	0,0	0,950	0,000	5026,102	0,0	-50,0		16:29:07:724		
031:28:00,000	-50,0	29,2	28,7	-50,0	0,0	0,0	0,0	0,950	0,000	5026,611	0,0	-50,0		16:30:07:724		
031:29:00,000	-50,0	29,2	28,9	-50,0	0,0	0,0	0,0	0,950	0,000	5026,565	0,0	-50,0		16:31:07:724		
031:30:00,000	-50,0	28,5	28,7	-50,0	0,0	0,0	0,0	0,950	0,000	5026,871	0,0	-50,0		16:32:07:724		
031:31:00,000	-50,0	28,1	28,2	-50,0	0,0	0,0	0,0	0,950	0,000	5025,352	0,0	-50,0		16:33:07:724		
031:32:00,000	-50,0	27,9	28,0	-50,0	0,0	0,0	0,0	0,950	0,000	5028,789	0,0	-50,0		16:34:07:724		
031:33:00,000	-50,0	27,9	27,9	-50,0	0,0	0,0	0,0	0,950	0,000	5024,167	0,0	-50,0		16:35:07:724		
031:34:00,000	-50,0	28,0	27,9	-50,0	0,0	0,0	0,0	0,950	0,000	5023,843	0,0	-50,0		16:36:07:724		
031:35:00,000	-50,0	28,6	28,0	-50,0	0,0	0,0	0,0	0,950	0,000	5025,898	0,0	-50,0		16:37:07:724		
031:36:00,000	-50,0	29,4	28,6	-50,0	0,0	0,0	0,0	0,950	0,000	5027,315	0,0	-50,0		16:38:07:724		
031:37:00,000	-50,0	30,0	29,3	-50,0	0,0	0,0	0,0	0,950	0,000	5027,898	0,0	-50,0		16:39:07:724		
031:38:00,000	-50,0	30,1	29,6	-50,0	0,0	0,0	0,0	0,950	0,000	5027,491	0,0	-50,0		16:40:07:724		
031:39:00,000	-50,0	30,2	29,6	-50,0	0,0	0,0	0,0	0,950	0,000	5027,398	0,0	-50,0		16:41:07:724		
031:40:00,000	-50,0	29,9	29,6	-50,0	0,0	0,0	0,0	0,950	0,000	5028,435	0,0	-50,0		16:42:07:724		
031:41:00,000	-50,0	29,4	29,5	-50,0	0,0	0,0	0,0	0,950	0,000	5027,093	0,0	-50,0		16:43:07:724		
031:42:00,000	-50,0	28,3	28,7	-50,0	0,0	0,0	0,0	0,950	0,000	5026,546	0,0	-50,0		16:44:07:724		
031:43:00,000	-50,0	27,8	28,1	-50,0	0,0	0,0	0,0	0,950	0,000	5025,157	0,0	-50,0		16:45:07:724		
031:44:00,000	-50,0	27,5	27,9	-50,0	0,0	0,0	0,0	0,950	0,000	5023,879	0,0	-50,0		16:46:07:724		
031:45:00,000	-50,0	27,5	27,7	-50,0	0,0	0,0	0,0	0,950	0,000	5025,121	0,0	-50,0		16:47:07:724		
031:46:00,000	-50,0	27,3	27,5	-50,0	0,0	0,0	0,0	0,950	0,000	5023,639	0,0	-50,0		16:48:07:724		
031:47:00,000	-50,0	27,3	27,4	-50,0	0,0	0,0	0,0	0,950	0,000	5023,324	0,0	-50,0		16:49:07:724		
031:48:00,000	-50,0	27,5	27,4	-50,0	0,0	0,0	0,0	0,950	0,000	5023,546	0,0	-50,0		16:50:07:724		
031:49:00,000	-50,0	28,0	27,5	-50,0	0,0	0,0	0,0	0,950	0,000	5024,422	0,0	-50,0		16:51:07:724		
031:50:00,000	-50,0	29,0	28,3	-50,0	0,0	0,0	0,0	0,950	0,000	5026,111	0,0	-50,0		16:52:07:724		
031:51:00,000	-50,0	29,4	28,8	-50,0	0,0	0,0	0,0	0,950	0,000	5026,528	0,0	-50,0		16:53:07:724		
031:52:00,000	-50,0	29,0	28,8	-50,0	0,0	0,0	0,0	0,950	0,000	5027,769	0,0	-50,0		16:54:07:724		
031:53:00,000	-50,0	28,9	28,8	-50,0	0,0	0,0	0,0	0,950	0,000	5027,269	0,0	-50,0		16:55:07:724		
031:54:00,000	-50,0	29,2	28,8	-50,0	0,0	0,0	0,0	0,950	0,000	5026,824	0,0	-50,0		16:56:07:724		
031:55:00,000	-50,0	29,6	28,9	-50,0	0,0	0,0	0,0	0,950	0,000	5028,509	0,0	-50,0		16:57:07:724		
031:56:00,000	-50,0	29,9	29,3	-50,0	0,0	0,0	0,0	0,950	0,000	5031,759	0,0	-50,0		16:58:07:724		
031:57:00,000	-50,0	29,6	29,3	-50,0	0,0	0,0	0,0	0,950	0,000	5027,605	0,0	-50,0		16:59:07:724		
031:58:00,000	-50,0	29,1	29,2	-50,0	0,0	0,0	0,0	0,950	0,000	5027,102	0,0	-50,0		17:00:07:724		
031:59:00,000	-50,0	29,2	29,1	-50,0	0,0	0,0	0,0	0,950	0,000	5026,843	0,0	-50,0		17:01:07:724		
032:00:00,000	-50,0	29,5	29,1	-50,0	0,0	0,0	0,0	0,950	0,000	5027,250	0,0	-50,0		17:02:07:724		
032:01:00,000	-50,0	29,5	29,1	-50,0	0,0	0,0	0,0	0,950	0,000	5028,284	0,0	-50,0		17:03:07:724		
032:02:00,000	-50,0	28,9	29,0	-50,0	0,0	0,0	0,0	0,950	0,000	5025,629	0,0	-50,0		17:04:07:724		
032:03:00,000	-50,0	28,8	28,9	-50,0	0,0	0,0	0,0	0,950	0,000	5026,722	0,0	-50,0		17:05:07:724		
032:04:00,000	-50,0	29,3	28,9	-50,0	0,0	0,0	0,0	0,950	0,000	5026,750	0,0	-50,0		17:06:07:724		
032:05:00,000	-50,0	29,5	29,0	-50,0	0,0	0,0	0,0	0,950	0,000	5026,769	0,0	-50,0		17:07:07:724		
032:06:00,000	-50,0	29,8	29,2	-50,0	0,0	0,0	0,0	0,950	0,000	5028,056	0,0	-50,0		17:08:07:724		
032:07:00,000	-50,0	29,5	29,3	-50,0	0,0	0,0	0,0	0,950	0,000	5027,269	0,0	-50,0		17:09:07:724		
032:08:00,000	-50,0	29,7	29,3	-50,0	0,0	0,0	0,0	0,950	0,000	5027,176	0,0	-50,0		17:10:07:724		
032:09:00,000	-50,0	29,9	29,5	-50,0	0,0	0,0	0,0	0,950	0,000	5027,324	0,0	-50,0		17:11:07:724		
032:10:00,000	-50,0	30,4	29,9	-50,0	0,0	0,0	0,0	0,950	0,000	5028,593	0,0	-50,0		17:12:07:724		
032:11:00,000	-50,0	29,7	29,9	-50,0	0,0	0,0	0,0	0,950	0,000	5028,463	0,0	-50,0		17:13:07:724		
032:12:00,000	-50,0	29,1	29,4	-50,0	0,0	0,0	0,0	0,950	0,000	5026,963	0,0	-50,0		17:14:07:724		
032:13:00,000	-50,0	29,4	29,3	-50,0	0,0	0,0	0,0	0,950	0,000	5027,481	0,0	-50,0		17:15:07:724		
032:14:00,000	-50,0	29,7	29,3	-50,0	0,0	0,0	0,0	0,950	0,000	5028,019	0,0	-50,0		17:16:07:724		
032:15:00,000	-50,0	29,8	29,3	-50,0	0,0	0,0	0,0	0,950	0,000	5028,743	0,0	-50,0		17:17:07:724		
032:16:00,000	-50,0	29,0	29,2	-50,0	0,0	0,0	0,0	0,950	0,000	5027,398	0,0	-50,0		17:18:07:724		
032:17:00,000	-50,0	28,8	28,8	-50,0	0,0	0,0	0,0	0,950	0,000	5027,315	0,0	-50,0		17:19:07:724		
032:18:00,000	-50,0	28,9	28,8	-50,0	0,0	0,0	0,0	0,950	0,000	5025,935	0,0	-50,0		17:20:07:724		
032:19:00,000	-50,0	28,8	28,8	-50,0	0,0	0,0	0,0	0,950	0,000	5026,259	0,0	-50,0		17:21:07:724		
032:20:00,000	-50,0	28,8	28,8	-50,0	0,0	0,0	0,0	0,950	0,000	5029,899	0,0	-50,0		17:22:07:724		
032:21:00,000	-50,0	28,6	28,7	-50,0	0,0	0,0	0,0	0,950	0,000	5025,509	0,0	-50,0		17:23:07:724		
032:22:00,000	-50,0	28,2	28,4	-50,0	0,0	0,0	0,0	0,950	0,000	5026,833	0,0	-50,0		17:24:07:724		
032:23:00,000	-50,0	29,0	28,5	-50,0	0,0	0,0	0,0	0,950	0,000	5026,129	0,0	-50,0		17:25:07:724		
032:24:00,000	-50,0	29,5	28,9	-50,0	0,0	0,0	0,0	0,950	0,000	5027,000	0,0	-50,0		17:26:07:724		
032:25:00,000	-50,0	29,3	28,9	-50,0	0,0	0,0	0,0	0,950	0,000	5026,037	0,0	-50,0		17:27:07:724		
032:26:00,000	-50,0	29,0	28,9	-50,0	0,0	0,0	0,0	0,950	0,000	5027,046	0,0	-50,0		17:28:07:724		
032:27:00,000	-50,0	29,7	29,1	-50,0	0,0	0,0	0,0	0,950	0,000	5028,222	0,0	-50,0		17:29:07:724		
032:28:00,000	-50,0	30,2	29,5	-50,0	0,0	0,0	0,0	0,950	0,000	5027,093	0,0	-50,0		17:30:07:724		
032:29:00,000	-50,0	30,8	30,1	-50,0	0,0	0,0	0,0	0,950	0,000	5028,981	0,0	-50,0		17:31:07:724		
032:30:00,000	-50,0	30,5	30,3	-50,0	0,0	0,0	0,0	0,950	0,000	5028,741	0,0	-50,0		17:32:07:724		
032:31:00,000	-50,0	29,3	29,6	-50,0	0,0	0,0	0,0	0,950	0,000	5027,537	0,0	-50,0		17:33:07:724		
032:32:00,000	-50,0	28,6	28,8	-50,0	0,0	0,0	0,0	0,950	0,000	5026,752	0,0	-50,0		17:34:07:724		
032:33:00,000	-50,0	28,6	28,7	-50,0	0,0	0,0	0,0	0,950	0,000	5026,667	0,0	-50,0		17:35:07:724		
032:34:00,000	-50,0	28,4	28,6	-50,0	0,0	0,0	0,0	0,950	0,000	5026,250	0,0	-50,0		17:36:07:724		
032:35:00,000	-50,0	28,0	28,2	-50,0	0,0	0,0	0,0	0,950	0,000	5025,981	0,0	-50,0		17:37:07:724		
032:36:00,000	-50,0	28,3	28,2	-50,0	0,0	0,0	0,0	0,950	0,000	5026,587	0,0	-50,0		17:38:07:724		
032:37:00,000	-50,0	29,3	28,6	-50,0	0,0	0,0	0,0	0,950	0,000	5027,750	0,0	-50,0		17:39:07:724		
032:38:00,000	-50,0	29,6	29,2	-50,0	0,0	0,0	0,0	0,950	0,000	5027,083	0,0	-50,0		17:40:07:724		
032:39:00,000	-50,0	28,6	28,9	-50,0	0,0	0,0	0,0	0,950	0,000	5026,731	0,0	-50,0		17:41:07:724		
032:40:00,000	-50,0	28,1	28,3	-50,0	0,0	0,0	0,0	0,950	0,000	5026,148	0,0	-50,0		17:42:07:724		
032:41:00,000	-50,0	28,2	28,2	-50,0	0,0	0,0	0,0	0,950	0,000	5026,463	0,0	-50,0		17:43:07:724		
032:42:00,000	-50,0	28,5	28,2	-50,0	0,0	0,0	0,0	0,950	0,000	5025,565	0,0	-50,0		17:44:07:724		
032:43:00,000	-50,0	28,4	28,2	-50,0	0,0	0,0	0,0	0,950	0,000	5026,472	0,0	-50,0		17:45:07:724		
032:44:00,000	-50,0	28,6	28,2	-50,0	0,0	0,0	0,0	0,950	0,000	5029,046	0,0	-50,0		17:46:07:724		
032:45:00,000	-50,0	29,1	28,5	-50,0	0,0	0,0	0,0	0,950	0,000	5027,139	0,0	-50,0		17:47:07:724		
032:46:00,000	-50,0	29,3	28,8	-50,0	0,0	0,0	0,0	0,950	0,000	5027,000	0,0	-50,0		17:48:07:724		
032:47:00,000	-50,0	28,6	28,7	-50,0	0,0	0,0	0,0	0,950	0,000	5026,542	0,0	-50,0		17:49:07:724		
032:48:00,000	-50,0	28,5	28,5	-50,0	0,0	0,0	0,0	0,950	0,000	5026,769	0,0	-50,0		17:50:07:724		
032:49:00,000	-50,0	28,4	28,5	-50,0	0,0	0,0	0,0	0,950	0,000	5026,602	0,0	-50,0		17:51:07:724		
032:50:00,000	-50,0	28,6	28,4	-50,0	0,0	0,0	0,0	0,950	0,000	5026,185	0,0	-50,0		17:52:07:724		
032:51:00,000	-50,0	29,7	28,9	-50,0	0,0	0,0	0,0	0,950	0,000	5027,532	0,0	-50,0		17:53:07:724		
032:52:00,000	-50,0	30,0	29,3	-50,0	0,0	0,0	0,0	0,950	0,000	5028,296	0,0	-50,0		17:54:07:724		
032:53:00,000	-50,0	30,2	29,5	-50,0	0,0	0,0	0,0	0,950	0,000	5027,667	0,0	-50,0		17:55:07:724		
032:54:00,000	-50,0	30,3	29,7	-50,0	0,0	0,0	0,0	0,950	0,000	5027,694	0,0	-50,0		17:56:07:724		
032:55:00,000	-50,0	30,2	29,7	-50,0	0,0	0,0	0,0	0,950	0,000	5028,752	0,0	-50,0		17:57:07:724		
032:56:00,000	-50,0	30,2	29,8	-50,0	0,0	0,0	0,0	0,950	0,000	5028,824	0,0	-50,0		17:58:07:724		
032:57:00,000	-50,0	29,9	29,9	-50,0	0,0	0,0	0,0	0,950	0,000	5027,556	0,0	-50,0		17:59:07:724		
032:58:00,000	-50,0	29,3	29,6	-50,0	0,0	0,0	0,0	0,950	0,000	5026,972	0,0	-50,0		18:00:07:724		
032:59:00,000	-50,0	28,7	28,9	-50,0	0,0	0,0	0,0	0,950	0,000	5026,121	0,0	-50,0		18:01:07:724		
033:00:00,000	-50,0	28,6	28,7	-50,0	0,0	0,0	0,0	0,950	0,000	5026,861	0,0	-50,0		18:02:07:724		
033:01:00,000	-50,0	28,8	28,7	-50,0	0,0	0,0	0,0	0,950	0,000	5026,398	0,0	-50,0		18:03:07:724		
033:02:00,000	-50,0	28,8	28,7	-50,0	0,0	0,0	0,0	0,950	0,000	5026,657	0,0	-50,0		18:04:07:724		
033:03:00,000	-50,0	28,4	28,5	-50,0	0,0	0,0	0,0	0,950	0,000	5026,111	0,0	-50,0		18:05:07:724		
033:04:00,000	-50,0	28,2	28,3	-50,0	0,0	0,0	0,0	0,950	0,000	5025,611	0,0	-50,0		18:06:07:724		
033:05:00,000	-50,0	28,0	28,2	-50,0	0,0	0,0	0,0	0,950	0,000	5025,444	0,0	-50,0		18:07:07:724		
033:06:00,000	-50,0	28,0	28,1	-50,0	0,0	0,0	0,0	0,950	0,000	5025,917	0,0	-50,0		18:08:07:724		
033:07:00,000	-50,0	28,1	28,1	-50,0	0,0	0,0	0,0	0,950	0,000	5026,037	0,0	-50,0		18:09:07:724		
033:08:00,000	-50,0	28,1	28,1	-50,0	0,0	0,0	0,0	0,950	0,000	5029,413	0,0	-50,0		18:10:07:724		
033:09:00,000	-50,0	28,5	28,1	-50,0	0,0	0,0	0,0	0,950	0,000	5025,673	0,0	-50,0		18:11:07:724		
033:10:00,000	-50,0	28,7	28,3	-50,0	0,0	0,0	0,0	0,950	0,000	5026,688	0,0	-50,0		18:12:07:724		
033:11:00,000	-50,0	29,1	28,5	-50,0	0,0	0,0	0,0	0,950	0,000	5026,389	0,0	-50,0		18:13:07:724		
033:12:00,000	-50,0	29,4	28,8	-50,0	0,0	0,0	0,0	0,950	0,000	5026,796	0,0	-50,0		18:14:07:724		
033:13:00,000	-50,0	29,7	29,1	-50,0	0,0	0,0	0,0	0,950	0,000	5027,481	0,0	-50,0		18:15:07:724		
033:14:00,000	-50,0	29,6	29,2	-50,0	0,0	0,0	0,0	0,950	0,000	5027,333	0,0	-50,0		18:16:07:724		
033:15:00,000	-50,0	29,5	29,2	-50,0	0,0	0,0	0,0	0,950	0,000	5027,111	0,0	-50,0		18:17:07:724		
033:16:00,000	-50,0	29,4	29,2	-50,0	0,0	0,0	0,0	0,950	0,000	5029,046	0,0	-50,0		18:18:07:724		
033:17:00,000	-50,0	28,7	28,9	-50,0	0,0	0,0	0,0	0,950	0,000	5026,093	0,0	-50,0		18:19:07:724		
033:18:00,000	-50,0	28,3	28,4	-50,0	0,0	0,0	0,0	0,950	0,000	5025,815	0,0	-50,0		18:20:07:724		
033:19:00,000	-50,0	27,9	28,1	-50,0	0,0	0,0	0,0	0,950	0,000	5025,935	0,0	-50,0		18:21:07:724		
033:20:00,000	-50,0	27,8	28,0	-50,0	0,0	0,0	0,0	0,950	0,000	5025,184	0,0	-50,0		18:22:07:724		
033:21:00,000	-50,0	27,7	27,9	-50,0	0,0	0,0	0,0	0,950	0,000	5023,748	0,0	-50,0		18:23:07:724		
033:22:00,000	-50,0	27,7	27,8	-50,0	0,0	0,0	0,0	0,950	0,000	5024,743	0,0	-50,0		18:24:07:724		
033:23:00,000	-50,0	28,0	27,8	-50,0	0,0	0,0	0,0	0,950	0,000	5024,722	0,0	-50,0		18:25:07:724		
033:24:00,000	-50,0	28,4	27,9	-50,0	0,0	0,0	0,0	0,950	0,000	5025,694	0,0	-50,0		18:26:07:724		
033:25:00,000	-50,0	29,1	28,5	-50,0	0,0	0,0	0,0	0,950	0,000	5026,787	0,0	-50,0		18:27:07:724		
033:26:00,000	-50,0	29,6	29,0	-50,0	0,0	0,0	0,0	0,950	0,000	5027,704	0,0	-50,0		18:28:07:724		
033:27:00,000	-50,0	29,7	29,1	-50,0	0,0	0,0	0,0	0,950	0,000	5027,194	0,0	-50,0		18:29:07:724		
033:28:00,000	-50,0	29,6	29,2	-50,0	0,0	0,0	0,0	0,950	0,000	5026,546	0,0	-50,0		18:30:07:724		
033:29:00,000	-50,0	28,5	28,9	-50,0	0,0	0,0	0,0	0,950	0,000	5026,481	0,0	-50,0		18:31:07:724		
033:30:00,000	-50,0	28,0	28,4	-50,0	0,0	0,0	0,0	0,950	0,000	5026,481	0,0	-50,0		18:32:07:724		
033:31:00,000	-50,0	27,8	28,1	-50,0	0,0	0,0	0,0	0,950	0,000	5025,648	0,0	-50,0		18:33:07:724		
033:32:00,000	-50,0	27,7	28,0	-50,0	0,0	0,0	0,0	0,950	0,000	5029,806	0,0	-50,0		18:34:07:724		
033:33:00,000	-50,0	27,8	27,9	-50,0	0,0	0,0	0,0	0,950	0,000	5027,431	0,0	-50,0		18:35:07:724		
033:34:00,000	-50,0	28,1	27,9	-50,0	0,0	0,0	0,0	0,950	0,000	5025,379	0,0	-50,0		18:36:07:724		
033:35:00,000	-50,0	28,5	28,0	-50,0	0,0	0,0	0,0	0,950	0,000	5026,361	0,0	-50,0		18:37:07:724		
033:36:00,000	-50,0	28,7	28,3	-50,0	0,0	0,0	0,0	0,950	0,000	5026,889	0,0	-50,0		18:38:07:724		
033:37:00,000	-50,0	28,2	28,3	-50,0	0,0	0,0	0,0	0,950	0,000	5025,826	0,0	-50,0		18:39:07:724		
033:38:00,000	-50,0	27,9	28,1	-50,0	0,0	0,0	0,0	0,950	0,000	5028,398	0,0	-50,0		18:40:07:724		
033:39:00,000	-50,0	27,8	28,0	-50,0	0,0	0,0	0,0	0,950	0,000	5032,722	0,0	-50,0		18:41:07:724		
033:40:00,000	-50,0	27,5	27,8	-50,0	0,0	0,0	0,0	0,950	0,000	5024,954	0,0	-50,0		18:42:07:724		
033:41:00,000	-50,0	27,3	27,6	-50,0	0,0	0,0	0,0	0,950	0,000	5024,231	0,0	-50,0		18:43:07:724		
033:42:00,000	-50,0	27,4	27,5	-50,0	0,0	0,0	0,0	0,950	0,000	5023,926	0,0	-50,0		18:44:07:724		
033:43:00,000	-50,0	27,1	27,4	-50,0	0,0	0,0	0,0	0,950	0,000	5024,315	0,0	-50,0		18:45:07:724		
033:44:00,000	-50,0	27,0	27,3	-50,0	0,0	0,0	0,0	0,950	0,000	5023,454	0,0	-50,0		18:46:07:724		
033:45:00,000	-50,0	27,3	27,3	-50,0	0,0	0,0	0,0	0,950	0,000	5024,500	0,0	-50,0		18:47:07:724		
033:46:00,000	-50,0	27,5	27,3	-50,0	0,0	0,0	0,0	0,950	0,000	5025,165	0,0	-50,0		18:48:07:724		
033:47:00,000	-50,0	27,5	27,3	-50,0	0,0	0,0	0,0	0,950	0,000	5024,287	0,0	-50,0		18:49:07:724		
033:48:00,000	-50,0	27,7	27,3	-50,0	0,0	0,0	0,0	0,950	0,000	5024,546	0,0	-50,0		18:50:07:724		
033:49:00,000	-50,0	27,6	27,4	-50,0	0,0	0,0	0,0	0,950	0,000	5024,102	0,0	-50,0		18:51:07:724		
033:50:00,000	-50,0	27,6	27,4	-50,0	0,0	0,0	0,0	0,950	0,000	5024,064	0,0	-50,0		18:52:07:724		
033:51:00,000	-50,0	27,8	27,4	-50,0	0,0	0,0	0,0	0,950	0,000	5024,593	0,0	-50,0		18:53:07:724		
033:52:00,000	-50,0	27,4	27,4	-50,0	0,0	0,0	0,0	0,950	0,000	5025,420	0,0	-50,0		18:54:07:724		
033:53:00,000	-50,0	27,0	27,3	-50,0	0,0	0,0	0,0	0,950	0,000	5028,009	0,0	-50,0		18:55:07:724		
033:54:00,000	-50,0	27,0	27,2	-50,0	0,0	0,0	0,0	0,950	0,000	5026,704	0,0	-50,0		18:56:07:724		
033:55:00,000	-50,0	27,4	27,2	-50,0	0,0	0,0	0,0	0,950	0,000	5027,444	0,0	-50,0		18:57:07:724		
033:56:00,000	-50,0	27,5	27,2	-50,0	0,0	0,0	0,0	0,950	0,000	5033,472	0,0	-50,0		18:58:07:724		
033:57:00,000	-50,0	27,5	27,2	-50,0	0,0	0,0	0,0	0,950	0,000	5025,352	0,0	-50,0		18:59:07:724		
033:58:00,000	-50,0	27,5	27,2	-50,0	0,0	0,0	0,0	0,950	0,000	5027,361	0,0	-50,0		19:00:07:724		
033:59:00,000	-50,0	27,4	27,2	-50,0	0,0	0,0	0,0	0,950	0,000	5024,204	0,0	-50,0		19:01:07:724		
034:00:00,000	-50,0	27,4	27,2	-50,0	0,0	0,0	0,0	0,950	0,000	5025,194	0,0	-50,0		19:02:07:724		
034:01:00,000	-50,0	27,2	27,2	-50,0	0,0	0,0	0,0	0,950	0,000	5023,389	0,0	-50,0		19:03:07:724		
034:02:00,000	-50,0	26,8	27,1	-50,0	0,0	0,0	0,0	0,950	0,000	5023,743	0,0	-50,0		19:04:07:724		
034:03:00,000	-50,0	26,5	26,9	-50,0	0,0	0,0	0,0	0,950	0,000	5023,537	0,0	-50,0		19:05:07:724		
034:04:00,000	-50,0	26,3	26,7	-50,0	0,0	0,0	0,0	0,950	0,000	5023,871	0,0	-50,0		19:06:07:724		
034:05:00,000	-50,0	26,6	26,7	-50,0	0,0	0,0	0,0	0,950	0,000	5024,389	0,0	-50,0		19:07:07:724		
034:06:00,000	-50,0	26,7	26,7	-50,0	0,0	0,0	0,0	0,950	0,000	5022,926	0,0	-50,0		19:08:07:724		
034:07:00,000	-50,0	27,0	26,7	-50,0	0,0	0,0	0,0	0,950	0,000	5024,148	0,0	-50,0		19:09:07:724		
034:08:00,000	-50,0	27,3	26,9	-50,0	0,0	0,0	0,0	0,950	0,000	5023,519	0,0	-50,0		19:10:07:724		
034:09:00,000	-50,0	27,3	27,0	-50,0	0,0	0,0	0,0	0,950	0,000	5023,486	0,0	-50,0		19:11:07:724		
034:10:00,000	-50,0	27,3	27,0	-50,0	0,0	0,0	0,0	0,950	0,000	5024,361	0,0	-50,0		19:12:07:724		
034:11:00,000	-50,0	27,3	27,0	-50,0	0,0	0,0	0,0	0,950	0,000	5023,287	0,0	-50,0		19:13:07:724		
034:12:00,000	-50,0	27,5	27,1	-50,0	0,0	0,0	0,0	0,950	0,000	5024,129	0,0	-50,0		19:14:07:724		
034:13:00,000	-50,0	27,7	27,3	-50,0	0,0	0,0	0,0	0,950	0,000	5024,185	0,0	-50,0		19:15:07:724		
034:14:00,000	-50,0	27,6	27,3	-50,0	0,0	0,0	0,0	0,950	0,000	5024,037	0,0	-50,0		19:16:07:724		
034:15:00,000	-50,0	27,5	27,3	-50,0	0,0	0,0	0,0	0,950	0,000	5024,204	0,0	-50,0		19:17:07:724		
034:16:00,000	-50,0	27,2	27,3	-50,0	0,0	0,0	0,0	0,950	0,000	5023,019	0,0	-50,0		19:18:07:724		
034:17:00,000	-50,0	27,0	27,2	-50,0	0,0	0,0	0,0	0,950	0,000	5024,713	0,0	-50,0		19:19:07:724		
034:18:00,000	-50,0	26,9	27,1	-50,0	0,0	0,0	0,0	0,950	0,000	5023,667	0,0	-50,0		19:20:07:724		
034:19:00,000	-50,0	26,9	27,1	-50,0	0,0	0,0	0,0	0,950	0,000	5023,676	0,0	-50,0		19:21:07:724		
034:20:00,000	-50,0	27,0	27,1	-50,0	0,0	0,0	0,0	0,950	0,000	5023,519	0,0	-50,0		19:22:07:724		
034:21:00,000	-50,0	26,9	27,1	-50,0	0,0	0,0	0,0	0,950	0,000	5023,303	0,0	-50,0		19:23:07:724		
034:22:00,000	-50,0	26,6	26,9	-50,0	0,0	0,0	0,0	0,950	0,000	5026,935	0,0	-50,0		19:24:07:724		
034:23:00,000	-50,0	26,5	26,9	-50,0	0,0	0,0	0,0	0,950	0,000	5023,037	0,0	-50,0		19:25:07:724		
034:24:00,000	-50,0	26,5	26,8	-50,0	0,0	0,0	0,0	0,950	0,000	5022,731	0,0	-50,0		19:26:07:724		
034:25:00,000	-50,0	26,6	26,8	-50,0	0,0	0,0	0,0	0,950	0,000	5022,843	0,0	-50,0		19:27:07:724		
034:26:00,000	-50,0	26,6	26,8	-50,0	0,0	0,0	0,0	0,950	0,000	5023,926	0,0	-50,0		19:28:07:724		
034:27:00,000	-50,0	26,8	26,8	-50,0	0,0	0,0	0,0	0,950	0,000	5023,861	0,0	-50,0		19:29:07:724		
034:28:00,000	-50,0	27,0	26,8	-50,0	0,0	0,0	0,0	0,950	0,000	5023,771	0,0	-50,0		19:30:07:724		
034:29:00,000	-50,0	26,7	26,8	-50,0	0,0	0,0	0,0	0,950	0,000	5022,583	0,0	-50,0		19:31:07:724		
034:30:00,000	-50,0	26,4	26,8	-50,0	0,0	0,0	0,0	0,950	0,000	5022,954	0,0	-50,0		19:32:07:724		
034:31:00,000	-50,0	26,4	26,7	-50,0	0,0	0,0	0,0	0,950	0,000	5022,944	0,0	-50,0		19:33:07:724		
034:32:00,000	-50,0	26,4	26,7	-50,0	0,0	0,0	0,0	0,950	0,000	5023,027	0,0	-50,0		19:34:07:724		
034:33:00,000	-50,0	26,4	26,7	-50,0	0,0	0,0	0,0	0,950	0,000	5022,667	0,0	-50,0		19:35:07:724		
034:34:00,000	-50,0	26,6	26,7	-50,0	0,0	0,0	0,0	0,950	0,000	5023,093	0,0	-50,0		19:36:07:724		
034:35:00,000	-50,0	26,7	26,7	-50,0	0,0	0,0	0,0	0,950	0,000	5022,176	0,0	-50,0		19:37:07:724		
034:36:00,000	-50,0	26,5	26,7	-50,0	0,0	0,0	0,0	0,950	0,000	5022,361	0,0	-50,0		19:38:07:724		
034:37:00,000	-50,0	26,2	26,6	-50,0	0,0	0,0	0,0	0,950	0,000	5022,741	0,0	-50,0		19:39:07:724		
034:38:00,000	-50,0	25,9	26,3	-50,0	0,0	0,0	0,0	0,950	0,000	5021,852	0,0	-50,0		19:40:07:724		
034:39:00,000	-50,0	25,8	26,2	-50,0	0,0	0,0	0,0	0,950	0,000	5021,780	0,0	-50,0		19:41:07:724		
034:40:00,000	-50,0	25,7	26,1	-50,0	0,0	0,0	0,0	0,950	0,000	5022,269	0,0	-50,0		19:42:07:724		
034:41:00,000	-50,0	25,7	26,1	-50,0	0,0	0,0	0,0	0,950	0,000	5022,435	0,0	-50,0		19:43:07:724		
034:42:00,000	-50,0	25,7	26,1	-50,0	0,0	0,0	0,0	0,950	0,000	5021,519	0,0	-50,0		19:44:07:724		
034:43:00,000	-50,0	25,6	26,0	-50,0	0,0	0,0	0,0	0,950	0,000	5022,157	0,0	-50,0		19:45:07:724		
034:44:00,000	-50,0	25,4	25,8	-50,0	0,0	0,0	0,0	0,950	0,000	5022,440	0,0	-50,0		19:46:07:724		
034:45:00,000	-50,0	25,3	25,7	-50,0	0,0	0,0	0,0	0,950	0,000	5021,685	0,0	-50,0		19:47:07:724		
034:46:00,000	-50,0	25,3	25,7	-50,0	0,0	0,0	0,0	0,950	0,000	5024,611	0,0	-50,0		19:48:07:724		
034:47:00,000	-50,0	25,1	25,6	-50,0	0,0	0,0	0,0	0,950	0,000	5022,296	0,0	-50,0		19:49:07:724		
034:48:00,000	-50,0	25,1	25,5	-50,0	0,0	0,0	0,0	0,950	0,000	5021,343	0,0	-50,0		19:50:07:724		
034:49:00,000	-50,0	25,1	25,5	-50,0	0,0	0,0	0,0	0,950	0,000	5021,165	0,0	-50,0		19:51:07:724		
034:50:00,000	-50,0	25,1	25,5	-50,0	0,0	0,0	0,0	0,950	0,000	5021,435	0,0	-50,0		19:52:07:724		
034:51:00,000	-50,0	25,0	25,4	-50,0	0,0	0,0	0,0	0,950	0,000	5021,676	0,0	-50,0		19:53:07:724		
034:52:00,000	-50,0	24,9	25,3	-50,0	0,0	0,0	0,0	0,950	0,000	5021,367	0,0	-50,0		19:54:07:724		
034:53:00,000	-50,0	24,8	25,3	-50,0	0,0	0,0	0,0	0,950	0,000	5021,324	0,0	-50,0		19:55:07:724		
034:54:00,000	-50,0	24,7	25,2	-50,0	0,0	0,0	0,0	0,950	0,000	5021,111	0,0	-50,0		19:56:07:724		
034:55:00,000	-50,0	24,6	25,1	-50,0	0,0	0,0	0,0	0,950	0,000	5020,379	0,0	-50,0		19:57:07:724		
034:56:00,000	-50,0	24,5	25,0	-50,0	0,0	0,0	0,0	0,950	0,000	5021,129	0,0	-50,0		19:58:07:724		
034:57:00,000	-50,0	24,4	24,9	-50,0	0,0	0,0	0,0	0,950	0,000	5020,121	0,0	-50,0		19:59:07:724		
034:58:00,000	-50,0	24,4	24,8	-50,0	0,0	0,0	0,0	0,950	0,000	5021,241	0,0	-50,0		20:00:07:724		
034:59:00,000	-50,0	24,2	24,7	-50,0	0,0	0,0	0,0	0,950	0,000	5020,871	0,0	-50,0		20:01:07:724		
035:00:00,000	-50,0	24,2	24,6	-50,0	0,0	0,0	0,0	0,950	0,000	5020,981	0,0	-50,0		20:02:07:724		
035:01:00,000	-50,0	24,1	24,5	-50,0	0,0	0,0	0,0	0,950	0,000	5019,667	0,0	-50,0		20:03:07:724		
035:02:00,000	-50,0	24,0	24,5	-50,0	0,0	0,0	0,0	0,950	0,000	5020,156	0,0	-50,0		20:04:07:724		
035:03:00,000	-50,0	23,9	24,4	-50,0	0,0	0,0	0,0	0,950	0,000	5020,259	0,0	-50,0		20:05:07:724		
035:04:00,000	-50,0	23,8	24,3	-50,0	0,0	0,0	0,0	0,950	0,000	5019,778	0,0	-50,0		20:06:07:724		
035:05:00,000	-50,0	23,7	24,2	-50,0	0,0	0,0	0,0	0,950	0,000	5019,871	0,0	-50,0		20:07:07:724		
035:06:00,000	-50,0	23,5	24,1	-50,0	0,0	0,0	0,0	0,950	0,000	5019,491	0,0	-50,0		20:08:07:724		
035:07:00,000	-50,0	23,2	23,9	-50,0	0,0	0,0	0,0	0,950	0,000	5019,844	0,0	-50,0		20:09:07:724		
035:08:00,000	-50,0	23,1	23,7	-50,0	0,0	0,0	0,0	0,950	0,000	5019,546	0,0	-50,0		20:10:07:724		
035:09:00,000	-50,0	22,9	23,6	-50,0	0,0	0,0	0,0	0,950	0,000	5018,759	0,0	-50,0		20:11:07:724		
035:10:00,000	-50,0	22,9	23,5	-50,0	0,0	0,0	0,0	0,950	0,000	5023,407	0,0	-50,0		20:12:07:724		
035:11:00,000	-50,0	22,8	23,5	-50,0	0,0	0,0	0,0	0,950	0,000	5019,917	0,0	-50,0		20:13:07:724		
035:12:00,000	-50,0	22,7	23,4	-50,0	0,0	0,0	0,0	0,950	0,000	5019,389	0,0	-50,0		20:14:07:724		
035:13:00,000	-50,0	22,7	23,3	-50,0	0,0	0,0	0,0	0,950	0,000	5019,694	0,0	-50,0		20:15:07:724		
035:14:00,000	-50,0	22,7	23,3	-50,0	0,0	0,0	0,0	0,950	0,000	5019,257	0,0	-50,0		20:16:07:724		
035:15:00,000	-50,0	22,6	23,3	-50,0	0,0	0,0	0,0	0,950	0,000	5019,769	0,0	-50,0		20:17:07:724		
035:16:00,000	-50,0	22,6	23,2	-50,0	0,0	0,0	0,0	0,950	0,000	5018,231	0,0	-50,0		20:18:07:724		
035:17:00,000	-50,0	22,5	23,2	-50,0	0,0	0,0	0,0	0,950	0,000	5020,284	0,0	-50,0		20:19:07:724		
035:18:00,000	-50,0	22,5	23,1	-50,0	0,0	0,0	0,0	0,950	0,000	5018,407	0,0	-50,0		20:20:07:724		
035:19:00,000	-50,0	22,4	23,1	-50,0	0,0	0,0	0,0	0,950	0,000	5019,121	0,0	-50,0		20:21:07:724		
035:20:00,000	-50,0	22,4	23,1	-50,0	0,0	0,0	0,0	0,950	0,000	5018,509	0,0	-50,0		20:22:07:724		
035:21:00,000	-50,0	22,4	23,1	-50,0	0,0	0,0	0,0	0,950	0,000	5018,602	0,0	-50,0		20:23:07:724		
035:22:00,000	-50,0	22,4	23,1	-50,0	0,0	0,0	0,0	0,950	0,000	5019,685	0,0	-50,0		20:24:07:724		
035:23:00,000	-50,0	22,4	23,0	-50,0	0,0	0,0	0,0	0,950	0,000	5017,815	0,0	-50,0		20:25:07:724		
035:24:00,000	-50,0	22,4	23,0	-50,0	0,0	0,0	0,0	0,950	0,000	5019,148	0,0	-50,0		20:26:07:724		
035:25:00,000	-50,0	22,3	23,0	-50,0	0,0	0,0	0,0	0,950	0,000	5019,065	0,0	-50,0		20:27:07:724		
035:26:00,000	-50,0	22,3	22,9	-50,0	0,0	0,0	0,0	0,950	0,000	5018,367	0,0	-50,0		20:28:07:724		
035:27:00,000	-50,0	22,2	22,9	-50,0	0,0	0,0	0,0	0,950	0,000	5018,481	0,0	-50,0		20:29:07:724		
035:28:00,000	-50,0	22,2	22,9	-50,0	0,0	0,0	0,0	0,950	0,000	5018,648	0,0	-50,0		20:30:07:724		
035:29:00,000	-50,0	22,1	22,8	-50,0	0,0	0,0	0,0	0,950	0,000	5018,898	0,0	-50,0		20:31:07:724		
035:30:00,000	-50,0	22,1	22,7	-50,0	0,0	0,0	0,0	0,950	0,000	5018,222	0,0	-50,0		20:32:07:724		
035:31:00,000	-50,0	22,1	22,7	-50,0	0,0	0,0	0,0	0,950	0,000	5018,509	0,0	-50,0		20:33:07:724		
035:32:00,000	-50,0	22,1	22,7	-50,0	0,0	0,0	0,0	0,950	0,000	5019,324	0,0	-50,0		20:34:07:724		
035:33:00,000	-50,0	22,1	22,7	-50,0	0,0	0,0	0,0	0,950	0,000	5018,379	0,0	-50,0		20:35:07:724		
035:34:00,000	-50,0	22,1	22,7	-50,0	0,0	0,0	0,0	0,950	0,000	5021,639	0,0	-50,0		20:36:07:724		
035:35:00,000	-50,0	22,1	22,7	-50,0	0,0	0,0	0,0	0,950	0,000	5018,371	0,0	-50,0		20:37:07:724		
035:36:00,000	-50,0	22,1	22,7	-50,0	0,0	0,0	0,0	0,950	0,000	5018,583	0,0	-50,0		20:38:07:724		
035:37:00,000	-50,0	22,1	22,7	-50,0	0,0	0,0	0,0	0,950	0,000	5019,213	0,0	-50,0		20:39:07:724		
035:38:00,000	-50,0	22,1	22,7	-50,0	0,0	0,0	0,0	0,950	0,000	5017,771	0,0	-50,0		20:40:07:724		
035:39:00,000	-50,0	22,1	22,7	-50,0	0,0	0,0	0,0	0,950	0,000	5018,778	0,0	-50,0		20:41:07:724		
035:40:00,000	-50,0	22,1	22,7	-50,0	0,0	0,0	0,0	0,950	0,000	5017,944	0,0	-50,0		20:42:07:724		
035:41:00,000	-50,0	22,0	22,7	-50,0	0,0	0,0	0,0	0,950	0,000	5018,676	0,0	-50,0		20:43:07:724		
035:42:00,000	-50,0	22,0	22,6	-50,0	0,0	0,0	0,0	0,950	0,000	5018,574	0,0	-50,0		20:44:07:724		
035:43:00,000	-50,0	22,0	22,6	-50,0	0,0	0,0	0,0	0,950	0,000	5018,523	0,0	-50,0		20:45:07:724		
035:44:00,000	-50,0	22,0	22,6	-50,0	0,0	0,0	0,0	0,950	0,000	5017,972	0,0	-50,0		20:46:07:724		
035:45:00,000	-50,0	22,0	22,6	-50,0	0,0	0,0	0,0	0,950	0,000	5018,843	0,0	-50,0		20:47:07:724		
035:46:00,000	-50,0	22,0	22,6	-50,0	0,0	0,0	0,0	0,950	0,000	5018,574	0,0	-50,0		20:48:07:724		
035:47:00,000	-50,0	22,0	22,6	-50,0	0,0	0,0	0,0	0,950	0,000	5018,574	0,0	-50,0		20:49:07:724		
035:48:00,000	-50,0	22,0	22,6	-50,0	0,0	0,0	0,0	0,950	0,000	5019,147	0,0	-50,0		20:50:07:724		
035:49:00,000	-50,0	21,9	22,6	-50,0	0,0	0,0	0,0	0,950	0,000	5018,259	0,0	-50,0		20:51:07:724		
035:50:00,000	-50,0	21,9	22,6	-50,0	0,0	0,0	0,0	0,950	0,000	5018,379	0,0	-50,0		20:52:07:724		
035:51:00,000	-50,0	21,9	22,6	-50,0	0,0	0,0	0,0	0,950	0,000	5018,454	0,0	-50,0		20:53:07:724		
035:52:00,000	-50,0	21,9	22,6	-50,0	0,0	0,0	0,0	0,950	0,000	5018,734	0,0	-50,0		20:54:07:724		
035:53:00,000	-50,0	21,9	22,5	-50,0	0,0	0,0	0,0	0,950	0,000	5019,046	0,0	-50,0		20:55:07:724		
035:54:00,000	-50,0	21,9	22,5	-50,0	0,0	0,0	0,0	0,950	0,000	5018,593	0,0	-50,0		20:56:07:724		
035:55:00,000	-50,0	21,7	22,5	-50,0	0,0	0,0	0,0	0,950	0,000	5018,028	0,0	-50,0		20:57:07:724		
035:56:00,000	-50,0	21,5	22,3	-50,0	0,0	0,0	0,0	0,950	0,000	5016,667	0,0	-50,0		20:58:07:724		
035:57:00,000	-50,0	21,2	22,0	-50,0	0,0	0,0	0,0	0,950	0,000	5018,037	0,0	-50,0		20:59:07:724		
035:58:00,000	-50,0	20,9	21,7	-50,0	0,0	0,0	0,0	0,950	0,000	5020,121	0,0	-50,0		21:00:07:724		
035:59:00,000	-50,0	20,8	21,6	-50,0	0,0	0,0	0,0	0,950	0,000	5017,444	0,0	-50,0		21:01:07:724		
036:00:00,000	-50,0	20,6	21,4	-50,0	0,0	0,0	0,0	0,950	0,000	5016,759	0,0	-50,0		21:02:07:724		
036:01:00,000	-50,0	20,4	21,3	-50,0	0,0	0,0	0,0	0,950	0,000	5016,056	0,0	-50,0		21:03:07:724		
036:02:00,000	-50,0	20,3	21,2	-50,0	0,0	0,0	0,0	0,950	0,000	5015,935	0,0	-50,0		21:04:07:724		
036:03:00,000	-50,0	20,3	21,1	-50,0	0,0	0,0	0,0	0,950	0,000	5016,121	0,0	-50,0		21:05:07:724		
036:04:00,000	-50,0	20,3	21,1	-50,0	0,0	0,0	0,0	0,950	0,000	5015,778	0,0	-50,0		21:06:07:724		
036:05:00,000	-50,0	20,4	21,1	-50,0	0,0	0,0	0,0	0,950	0,000	5016,798	0,0	-50,0		21:07:07:724		
036:06:00,000	-50,0	20,4	21,1	-50,0	0,0	0,0	0,0	0,950	0,000	5016,472	0,0	-50,0		21:08:07:724		
036:07:00,000	-50,0	20,3	21,1	-50,0	0,0	0,0	0,0	0,950	0,000	5017,398	0,0	-50,0		21:09:07:724		
036:08:00,000	-50,0	20,2	21,1	-50,0	0,0	0,0	0,0	0,950	0,000	5016,194	0,0	-50,0		21:10:07:724		
036:09:00,000	-50,0	20,1	21,0	-50,0	0,0	0,0	0,0	0,950	0,000	5016,073	0,0	-50,0		21:11:07:724		
036:10:00,000	-50,0	20,1	21,0	-50,0	0,0	0,0	0,0	0,950	0,000	5016,000	0,0	-50,0		21:12:07:724		
036:11:00,000	-50,0	20,1	21,0	-50,0	0,0	0,0	0,0	0,950	0,000	5016,019	0,0	-50,0		21:13:07:724		
036:12:00,000	-50,0	20,1	21,0	-50,0	0,0	0,0	0,0	0,950	0,000	5015,407	0,0	-50,0		21:14:07:724		
036:13:00,000	-50,0	20,0	20,9	-50,0	0,0	0,0	0,0	0,950	0,000	5015,065	0,0	-50,0		21:15:07:724		
036:14:00,000	-50,0	19,9	20,8	-50,0	0,0	0,0	0,0	0,950	0,000	5015,491	0,0	-50,0		21:16:07:724		
036:15:00,000	-50,0	19,9	20,7	-50,0	0,0	0,0	0,0	0,950	0,000	5016,176	0,0	-49,9		21:17:07:724		
036:16:00,000	-49,9	19,8	20,7	-49,9	0,0	0,0	0,0	0,950	0,000	5015,907	0,0	-49,9		21:18:07:724		
036:17:00,000	-49,9	19,8	20,6	-49,9	0,0	0,0	0,0	0,950	0,000	5016,093	0,0	-49,9		21:19:07:724		
036:18:00,000	-50,0	19,7	20,6	-49,9	0,0	0,0	0,0	0,950	0,000	5015,056	0,0	-49,9		21:20:07:724		
036:19:00,000	-50,0	19,7	20,6	-50,0	0,0	0,0	0,0	0,950	0,000	5015,546	0,0	-49,9		21:21:07:724		
036:20:00,000	-50,0	19,7	20,6	-50,0	0,0	0,0	0,0	0,950	0,000	5015,697	0,0	-49,9		21:22:07:724		
036:21:00,000	-49,9	19,7	20,6	-49,9	0,0	0,0	0,0	0,950	0,000	5014,694	0,0	-49,9		21:23:07:724		
036:22:00,000	-49,9	19,7	20,6	-49,9	0,0	0,0	0,0	0,950	0,000	5019,813	0,0	-49,8		21:24:07:724		
036:23:00,000	-49,9	19,7	20,6	-49,9	0,0	0,0	0,0	0,950	0,000	5015,807	0,0	-49,8		21:25:07:724		
036:24:00,000	-49,9	19,7	20,6	-49,9	0,0	0,0	0,0	0,950	0,000	5015,102	0,0	-49,8		21:26:07:724		
036:25:00,000	-49,9	19,7	20,6	-49,8	0,0	0,0	0,0	0,950	0,000	5015,574	0,0	-49,8		21:27:07:724		
036:26:00,000	-49,8	19,7	20,5	-49,8	0,0	0,0	0,0	0,950	0,000	5015,056	0,0	-49,7		21:28:07:724		
036:27:00,000	-49,8	19,6	20,5	-49,8	0,0	0,0	0,0	0,950	0,000	5015,935	0,0	-49,7		21:29:07:724		
036:28:00,000	-49,7	19,6	20,4	-49,7	0,0	0,0	0,0	0,950	0,000	5015,694	0,0	-49,5		21:30:07:724		
036:29:00,000	-49,7	19,5	20,4	-49,7	0,0	0,0	0,0	0,950	0,000	5015,657	0,0	-49,7		21:31:07:724		
036:30:00,000	-49,7	19,5	20,3	-49,7	0,0	0,0	0,0	0,950	0,000	5015,981	0,0	-49,6		21:32:07:724		
036:31:00,000	-49,8	19,4	20,3	-49,8	0,0	0,0	0,0	0,950	0,000	5016,037	0,0	-49,7		21:33:07:724		
036:32:00,000	-49,8	19,4	20,3	-49,8	0,0	0,0	0,0	0,950	0,000	5014,435	0,0	-49,7		21:34:07:724		
036:33:00,000	-49,8	19,4	20,3	-49,8	0,0	0,0	0,0	0,950	0,000	5015,500	0,0	-49,6		21:35:07:724		
036:34:00,000	-49,7	19,4	20,2	-49,7	0,0	0,0	0,0	0,950	0,000	5014,871	0,0	-49,5		21:36:07:724		
036:35:00,000	-49,7	19,4	20,2	-49,7	0,0	0,0	0,0	0,950	0,000	5014,833	0,0	-49,6		21:37:07:724		
036:36:00,000	-49,5	19,3	20,2	-49,5	0,0	0,0	0,0	0,950	0,000	5015,426	0,0	-49,3		21:38:07:724		
036:37:00,000	-49,5	19,3	20,1	-49,5	0,0	0,0	0,0	0,950	0,000	5015,926	0,0	-49,4		21:39:07:724		
036:38:00,000	-49,6	19,3	20,1	-49,6	0,0	0,0	0,0	0,950	0,000	5015,778	0,0	-49,5		21:40:07:724		
036:39:00,000	-49,5	19,2	20,1	-49,5	0,0	0,0	0,0	0,950	0,000	5014,519	0,0	-49,4		21:41:07:724		
036:40:00,000	-49,5	19,2	20,1	-49,5	0,0	0,0	0,0	0,950	0,000	5015,789	0,0	-49,3		21:42:07:724		
036:41:00,000	-49,5	19,2	20,1	-49,5	0,0	0,0	0,0	0,950	0,000	5015,505	0,0	-49,2		21:43:07:724		
036:42:00,000	-49,4	19,2	20,1	-49,4	0,0	0,0	0,0	0,950	0,000	5016,119	0,0	-49,2		21:44:07:724		
036:43:00,000	-49,3	19,3	20,1	-49,3	0,0	0,0	0,0	0,950	0,000	5015,009	0,0	-49,3		21:45:07:724		
036:44:00,000	-49,4	19,3	20,1	-49,4	0,0	0,0	0,0	0,950	0,000	5015,587	0,0	-49,3		21:46:07:724		
036:45:00,000	-49,3	19,3	20,1	-49,3	0,0	0,0	0,0	0,950	0,000	5015,327	0,0	-49,2		21:47:07:724		
036:46:00,000	-49,2	19,3	20,1	-49,2	0,0	0,0	0,0	0,950	0,000	5018,954	0,0	-48,9		21:48:07:724		
036:47:00,000	-49,2	19,4	20,1	-49,2	0,0	0,0	0,0	0,950	0,000	5015,720	0,0	-48,8		21:49:07:724		
036:48:00,000	-49,2	19,4	20,1	-49,2	0,0	0,0	0,0	0,950	0,000	5015,899	0,0	-49,0		21:50:07:724		
036:49:00,000	-49,3	19,4	20,1	-49,3	0,0	0,0	0,0	0,950	0,000	5015,472	0,0	-49,1		21:51:07:724		
036:50:00,000	-49,3	19,3	20,1	-49,3	0,0	0,0	0,0	0,950	0,000	5014,898	0,0	-49,1		21:52:07:724		
036:51:00,000	-49,2	19,3	20,1	-49,1	0,0	0,0	0,0	0,950	0,000	5014,852	0,0	-49,0		21:53:07:724		
036:52:00,000	-49,0	19,3	20,1	-49,0	0,0	0,0	0,0	0,950	0,000	5015,583	0,0	-48,8		21:54:07:724		
036:53:00,000	-49,1	19,2	20,1	-49,0	0,0	0,0	0,0	0,950	0,000	5015,685	0,0	-48,7		21:55:07:724		
036:54:00,000	-49,1	19,2	20,1	-49,0	0,0	0,0	0,0	0,950	0,000	5014,602	0,0	-48,9		21:56:07:724		
036:55:00,000	-48,9	19,2	20,0	-48,9	0,0	0,0	0,0	0,950	0,000	5015,259	0,0	-48,6		21:57:07:724		
036:56:00,000	-48,9	19,2	20,0	-48,9	0,0	0,0	0,0	0,950	0,000	5015,639	0,0	-48,7		21:58:07:724		
036:57:00,000	-48,9	19,1	20,0	-48,9	0,0	0,0	0,0	0,950	0,000	5015,778	0,0	-48,7		21:59:07:724		
036:58:00,000	-48,7	19,1	20,0	-48,7	0,0	0,0	0,0	0,950	0,000	5014,981	0,0	-48,4		22:00:07:724		
036:59:00,000	-48,4	19,1	20,0	-48,4	0,0	0,0	0,0	0,950	0,000	5015,269	0,0	-48,1		22:01:07:724		
037:00:00,000	-48,4	19,0	19,9	-48,4	0,0	0,0	0,0	0,950	0,000	5015,481	0,0	-48,2		22:02:07:724		
037:01:00,000	-48,2	19,0	19,9	-48,2	0,0	0,0	0,0	0,950	0,000	5015,009	0,0	-48,0		22:03:07:724		
037:02:00,000	-48,1	19,0	19,9	-48,1	0,0	0,0	0,0	0,950	0,000	5014,213	0,0	-47,9		22:04:07:724		
037:03:00,000	-47,9	18,9	19,8	-47,9	0,0	0,0	0,0	0,950	0,000	5015,019	0,0	-47,8		22:05:07:724		
037:04:00,000	-47,8	18,8	19,8	-47,8	0,0	0,0	0,0	0,950	0,000	5014,657	0,0	-47,5		22:06:07:724		
037:05:00,000	-47,9	18,8	19,8	-47,9	0,0	0,0	0,0	0,950	0,000	5014,954	0,0	-47,8		22:07:07:724		
037:06:00,000	-47,8	18,8	19,8	-47,8	0,0	0,0	0,0	0,950	0,000	5015,083	0,0	-47,7		22:08:07:724		
037:07:00,000	-47,7	18,8	19,7	-47,7	0,0	0,0	0,0	0,950	0,000	5015,815	0,0	-47,7		22:09:07:724		
037:08:00,000	-47,5	18,8	19,7	-47,5	0,0	0,0	0,0	0,950	0,000	5017,694	0,0	-47,1		22:10:07:724		
037:09:00,000	-47,5	18,8	19,7	-47,5	0,0	0,0	0,0	0,950	0,000	5014,844	0,0	-47,2		22:11:07:724		
037:10:00,000	-47,3	18,8	19,7	-47,3	0,0	0,0	0,0	0,950	0,000	5016,000	0,0	-47,0		22:12:07:724		
037:11:00,000	-47,3	18,8	19,7	-47,3	0,0	0,0	0,0	0,950	0,000	5014,557	0,0	-46,9		22:13:07:724		
037:12:00,000	-47,2	18,8	19,7	-47,2	0,0	0,0	0,0	0,950	0,000	5014,731	0,0	-46,9		22:14:07:724		
037:13:00,000	-47,3	18,7	19,6	-47,3	0,0	0,0	0,0	0,950	0,000	5014,639	0,0	-47,0		22:15:07:724		
037:14:00,000	-47,2	18,7	19,6	-47,2	0,0	0,0	0,0	0,950	0,000	5014,852	0,0	-47,0		22:16:07:724		
037:15:00,000	-47,1	18,7	19,6	-47,0	0,0	0,0	0,0	0,950	0,000	5015,611	0,0	-46,9		22:17:07:724		
037:16:00,000	-47,0	18,7	19,6	-47,0	0,0	0,0	0,0	0,950	0,000	5014,514	0,0	-46,6		22:18:07:724		
037:17:00,000	-47,0	18,6	19,6	-47,0	0,0	0,0	0,0	0,950	0,000	5015,898	0,0	-46,7		22:19:07:724		
037:18:00,000	-47,0	18,6	19,5	-47,0	0,0	0,0	0,0	0,950	0,000	5015,241	0,0	-46,6		22:20:07:724		
037:19:00,000	-46,9	18,6	19,5	-46,9	0,0	0,0	0,0	0,950	0,000	5013,981	0,0	-46,7		22:21:07:724		
037:20:00,000	-46,8	18,6	19,5	-46,8	0,0	0,0	0,0	0,950	0,000	5014,621	0,0	-46,5		22:22:07:724		
037:21:00,000	-46,8	18,6	19,5	-46,8	0,0	0,0	0,0	0,950	0,000	5014,167	0,0	-46,5		22:23:07:724		
037:22:00,000	-46,8	18,6	19,5	-46,8	0,0	0,0	0,0	0,950	0,000	5015,083	0,0	-46,7		22:24:07:724		
037:23:00,000	-46,7	18,6	19,5	-46,7	0,0	0,0	0,0	0,950	0,000	5014,417	0,0	-46,4		22:25:07:724		
037:24:00,000	-46,5	18,5	19,5	-46,5	0,0	0,0	0,0	0,950	0,000	5014,222	0,0	-46,4		22:26:07:724		
037:25:00,000	-46,3	18,5	19,4	-46,3	0,0	0,0	0,0	0,950	0,000	5014,871	0,0	-46,0		22:27:07:724		
037:26:00,000	-46,1	18,5	19,4	-46,0	0,0	0,0	0,0	0,950	0,000	5017,815	0,0	-45,8		22:28:07:724		
037:27:00,000	-45,9	18,5	19,4	-45,9	0,0	0,0	0,0	0,950	0,000	5015,121	0,0	-45,6		22:29:07:724		
037:28:00,000	-45,9	18,5	19,4	-45,9	0,0	0,0	0,0	0,950	0,000	5015,379	0,0	-45,6		22:30:07:724		
037:29:00,000	-45,9	18,5	19,4	-45,9	0,0	0,0	0,0	0,950	0,000	5013,787	0,0	-45,7		22:31:07:724		
037:30:00,000	-45,8	18,5	19,4	-45,8	0,0	0,0	0,0	0,950	0,000	5015,312	0,0	-45,3		22:32:07:724		
037:31:00,000	-45,7	18,5	19,4	-45,7	0,0	0,0	0,0	0,950	0,000	5014,741	0,0	-45,5		22:33:07:724		
037:32:00,000	-45,7	18,4	19,3	-45,7	0,0	0,0	0,0	0,950	0,000	5014,991	0,0	-45,6		22:34:07:724		
037:33:00,000	-45,5	18,4	19,3	-45,5	0,0	0,0	0,0	0,950	0,000	5014,472	0,0	-45,3		22:35:07:724		
037:34:00,000	-45,5	18,4	19,3	-45,4	0,0	0,0	0,0	0,950	0,000	5013,750	0,0	-45,2		22:36:07:724		
037:35:00,000	-45,4	18,4	19,3	-45,4	0,0	0,0	0,0	0,950	0,000	5014,771	0,0	-45,1		22:37:07:724		
037:36:00,000	-45,6	18,3	19,2	-45,6	0,0	0,0	0,0	0,950	0,000	5014,889	0,0	-45,2		22:38:07:724		
037:37:00,000	-45,6	18,3	19,2	-45,6	0,0	0,0	0,0	0,950	0,000	5015,185	0,0	-45,5		22:39:07:724		
037:38:00,000	-45,7	18,3	19,2	-45,7	0,0	0,0	0,0	0,950	0,000	5014,769	0,0	-45,5		22:40:07:724		
037:39:00,000	-45,7	18,3	19,2	-45,7	0,0	0,0	0,0	0,950	0,000	5014,486	0,0	-45,4		22:41:07:724		
037:40:00,000	-45,6	18,3	19,2	-45,6	0,0	0,0	0,0	0,950	0,000	5014,676	0,0	-45,5		22:42:07:724		
037:41:00,000	-45,6	18,3	19,2	-45,6	0,0	0,0	0,0	0,950	0,000	5014,306	0,0	-45,5		22:43:07:724		
037:42:00,000	-45,7	18,3	19,2	-45,7	0,0	0,0	0,0	0,950	0,000	5014,093	0,0	-45,5		22:44:07:724		
037:43:00,000	-45,8	18,3	19,2	-45,8	0,0	0,0	0,0	0,950	0,000	5014,110	0,0	-45,5		22:45:07:724		
037:44:00,000	-45,8	18,3	19,2	-45,8	0,0	0,0	0,0	0,950	0,000	5017,694	0,0	-45,6		22:46:07:724		
037:45:00,000	-46,1	18,2	19,1	-46,1	0,0	0,0	0,0	0,950	0,000	5015,009	0,0	-45,8		22:47:07:724		
037:46:00,000	-46,2	18,1	19,1	-46,2	0,0	0,0	0,0	0,950	0,000	5014,560	0,0	-46,0		22:48:07:724		
037:47:00,000	-46,3	18,0	19,0	-46,3	0,0	0,0	0,0	0,950	0,000	5014,944	0,0	-46,0		22:49:07:724		
037:48:00,000	-46,3	18,0	18,9	-46,3	0,0	0,0	0,0	0,950	0,000	5014,009	0,0	-46,1		22:50:07:724		
037:49:00,000	-46,3	17,9	18,9	-46,3	0,0	0,0	0,0	0,950	0,000	5013,435	0,0	-46,2		22:51:07:724		
037:50:00,000	-46,1	17,8	18,8	-46,1	0,0	0,0	0,0	0,950	0,000	5013,333	0,0	-46,0		22:52:07:724		
037:51:00,000	-46,2	17,8	18,7	-46,2	0,0	0,0	0,0	0,950	0,000	5013,315	0,0	-45,8		22:53:07:724		
037:52:00,000	-46,3	17,7	18,6	-46,3	0,0	0,0	0,0	0,950	0,000	5014,000	0,0	-46,0		22:54:07:724		
037:53:00,000	-46,3	17,7	18,6	-46,3	0,0	0,0	0,0	0,950	0,000	5013,593	0,0	-46,2		22:55:07:724		
037:54:00,000	-46,2	17,7	18,6	-46,2	0,0	0,0	0,0	0,950	0,000	5014,111	0,0	-45,8		22:56:07:724		
037:55:00,000	-46,5	17,6	18,5	-46,5	0,0	0,0	0,0	0,950	0,000	5013,064	0,0	-46,4		22:57:07:724		
037:56:00,000	-46,6	17,6	18,5	-46,6	0,0	0,0	0,0	0,950	0,000	5013,379	0,0	-46,4		22:58:07:724		
037:57:00,000	-46,8	17,5	18,4	-46,8	0,0	0,0	0,0	0,950	0,000	5014,324	0,0	-46,6		22:59:07:724		
037:58:00,000	-46,5	17,5	18,4	-46,5	0,0	0,0	0,0	0,950	0,000	5012,778	0,0	-46,4		23:00:07:724		
037:59:00,000	-46,6	17,4	18,3	-46,6	0,0	0,0	0,0	0,950	0,000	5013,222	0,0	-46,4		23:01:07:724		
038:00:00,000	-46,6	17,4	18,3	-46,6	0,0	0,0	0,0	0,950	0,000	5012,963	0,0	-46,5		23:02:07:724		
038:01:00,000	-46,4	17,4	18,3	-46,4	0,0	0,0	0,0	0,950	0,000	5012,787	0,0	-46,2		23:03:07:724		
038:02:00,000	-46,3	17,3	18,3	-46,3	0,0	0,0	0,0	0,950	0,000	5019,148	0,0	-46,1		23:04:07:724		
038:03:00,000	-46,3	17,3	18,2	-46,3	0,0	0,0	0,0	0,950	0,000	5013,220	0,0	-46,0		23:05:07:724		
038:04:00,000	-46,3	17,3	18,2	-46,3	0,0	0,0	0,0	0,950	0,000	5013,481	0,0	-46,1		23:06:07:724		
038:05:00,000	-46,5	17,2	18,1	-46,5	0,0	0,0	0,0	0,950	0,000	5012,917	0,0	-46,3		23:07:07:724		
038:06:00,000	-46,5	17,2	18,1	-46,5	0,0	0,0	0,0	0,950	0,000	5012,287	0,0	-46,1		23:08:07:724		
038:07:00,000	-46,4	17,2	18,1	-46,4	0,0	0,0	0,0	0,950	0,000	5013,815	0,0	-46,5		23:09:07:724		
038:08:00,000	-46,3	17,2	18,1	-46,3	0,0	0,0	0,0	0,950	0,000	5012,587	0,0	-46,0		23:10:07:724		
038:09:00,000	-46,4	17,1	18,0	-46,4	0,0	0,0	0,0	0,950	0,000	5011,639	0,0	-46,4		23:11:07:724		
038:10:00,000	-46,4	17,1	18,0	-46,3	0,0	0,0	0,0	0,950	0,000	5012,324	0,0	-46,0		23:12:07:724		
038:11:00,000	-46,3	17,1	18,0	-46,3	0,0	0,0	0,0	0,950	0,000	5012,074	0,0	-46,2		23:13:07:724		
038:12:00,000	-46,3	17,1	18,0	-46,3	0,0	0,0	0,0	0,950	0,000	5011,796	0,0	-46,1		23:14:07:724		
038:13:00,000	-46,3	17,1	17,9	-46,3	0,0	0,0	0,0	0,950	0,000	5012,138	0,0	-46,0		23:15:07:724		
038:14:00,000	-46,4	17,1	17,9	-46,4	0,0	0,0	0,0	0,950	0,000	5015,426	0,0	-46,4		23:16:07:724		
038:15:00,000	-46,5	17,0	17,9	-46,5	0,0	0,0	0,0	0,950	0,000	5012,361	0,0	-46,2		23:17:07:724		
038:16:00,000	-46,5	17,0	17,9	-46,5	0,0	0,0	0,0	0,950	0,000	5012,379	0,0	-46,2		23:18:07:724		
038:17:00,000	-46,4	17,0	17,9	-46,4	0,0	0,0	0,0	0,950	0,000	5012,713	0,0	-46,3		23:19:07:724		
038:18:00,000	-46,5	17,0	17,9	-46,5	0,0	0,0	0,0	0,950	0,000	5011,759	0,0	-46,4		23:20:07:724		
038:19:00,000	-46,4	17,0	17,9	-46,4	0,0	0,0	0,0	0,950	0,000	5011,269	0,0	-46,3		23:21:07:724		
038:20:00,000	-46,6	16,9	17,8	-46,6	0,0	0,0	0,0	0,950	0,000	5012,167	0,0	-46,3		23:22:07:724		
038:21:00,000	-46,6	16,9	17,8	-46,6	0,0	0,0	0,0	0,950	0,000	5011,528	0,0	-46,4		23:23:07:724		
038:22:00,000	-46,5	16,9	17,8	-46,5	0,0	0,0	0,0	0,950	0,000	5011,676	0,0	-46,2		23:24:07:724		
038:23:00,000	-46,3	16,9	17,7	-46,3	0,0	0,0	0,0	0,950	0,000	5011,731	0,0	-46,1		23:25:07:724		
038:24:00,000	-46,6	16,8	17,7	-46,6	0,0	0,0	0,0	0,950	0,000	5011,156	0,0	-46,4		23:26:07:724		
038:25:00,000	-46,8	16,8	17,7	-46,7	0,0	0,0	0,0	0,950	0,000	5011,598	0,0	-46,4		23:27:07:724		
038:26:00,000	-46,8	16,8	17,7	-46,7	0,0	0,0	0,0	0,950	0,000	5015,716	0,0	-46,4		23:28:07:724		
038:27:00,000	-46,6	16,8	17,7	-46,6	0,0	0,0	0,0	0,950	0,000	5012,121	0,0	-46,3		23:29:07:724		
038:28:00,000	-46,5	16,8	17,7	-46,4	0,0	0,0	0,0	0,950	0,000	5012,019	0,0	-46,3		23:30:07:724		
038:29:00,000	-46,3	16,8	17,6	-46,3	0,0	0,0	0,0	0,950	0,000	5011,771	0,0	-46,1		23:31:07:724		
038:30:00,000	-46,3	16,8	17,6	-46,3	0,0	0,0	0,0	0,950	0,000	5012,056	0,0	-46,1		23:32:07:724		
038:31:00,000	-46,3	16,8	17,6	-46,3	0,0	0,0	0,0	0,950	0,000	5012,121	0,0	-46,1		23:33:07:724		
038:32:00,000	-46,2	16,8	17,6	-46,2	0,0	0,0	0,0	0,950	0,000	5011,407	0,0	-45,9		23:34:07:724		
038:33:00,000	-46,2	16,8	17,6	-46,2	0,0	0,0	0,0	0,950	0,000	5011,324	0,0	-46,1		23:35:07:724		
038:34:00,000	-46,3	16,8	17,6	-46,3	0,0	0,0	0,0	0,950	0,000	5011,037	0,0	-46,1		23:36:07:724		
038:35:00,000	-46,3	16,7	17,6	-46,3	0,0	0,0	0,0	0,950	0,000	5011,148	0,0	-46,0		23:37:07:724		
038:36:00,000	-46,4	16,7	17,6	-46,4	0,0	0,0	0,0	0,950	0,000	5011,315	0,0	-46,0		23:38:07:724		
038:37:00,000	-46,5	16,7	17,6	-46,4	0,0	0,0	0,0	0,950	0,000	5012,963	0,0	-46,3		23:39:07:724		
038:38:00,000	-46,5	16,6	17,5	-46,5	0,0	0,0	0,0	0,950	0,000	5014,560	0,0	-46,4		23:40:07:724		
038:39:00,000	-46,5	16,6	17,5	-46,5	0,0	0,0	0,0	0,950	0,000	5011,213	0,0	-46,2		23:41:07:724		
038:40:00,000	-46,4	16,6	17,5	-46,4	0,0	0,0	0,0	0,950	0,000	5010,824	0,0	-46,1		23:42:07:724		
038:41:00,000	-46,3	16,6	17,5	-46,3	0,0	0,0	0,0	0,950	0,000	5012,194	0,0	-45,8		23:43:07:724		
038:42:00,000	-46,2	16,6	17,5	-46,2	0,0	0,0	0,0	0,950	0,000	5011,560	0,0	-46,2		23:44:07:724		
038:43:00,000	-46,1	16,6	17,5	-46,1	0,0	0,0	0,0	0,950	0,000	5011,407	0,0	-45,9		23:45:07:724		
038:44:00,000	-46,2	16,6	17,5	-46,2	0,0	0,0	0,0	0,950	0,000	5010,583	0,0	-45,9		23:46:07:724		
038:45:00,000	-46,2	16,5	17,4	-46,2	0,0	0,0	0,0	0,950	0,000	5011,769	0,0	-46,2		23:47:07:724		
038:46:00,000	-46,2	16,5	17,4	-46,2	0,0	0,0	0,0	0,950	0,000	5011,454	0,0	-46,2		23:48:07:724		
038:47:00,000	-46,2	16,5	17,4	-46,2	0,0	0,0	0,0	0,950	0,000	5011,963	0,0	-46,0		23:49:07:724		
038:48:00,000	-46,2	16,5	17,4	-46,2	0,0	0,0	0,0	0,950	0,000	5011,315	0,0	-45,7		23:50:07:724		
038:49:00,000	-46,2	16,4	17,3	-46,2	0,0	0,0	0,0	0,950	0,000	5010,778	0,0	-46,1		23:51:07:724		
038:50:00,000	-46,1	16,4	17,3	-46,1	0,0	0,0	0,0	0,950	0,000	5013,889	0,0	-45,9		23:52:07:724		
038:51:00,000	-46,2	16,4	17,3	-46,2	0,0	0,0	0,0	0,950	0,000	5010,611	0,0	-46,0		23:53:07:724		
038:52:00,000	-46,4	16,3	17,2	-46,4	0,0	0,0	0,0	0,950	0,000	5011,367	0,0	-46,2		23:54:07:724		
038:53:00,000	-46,4	16,3	17,2	-46,3	0,0	0,0	0,0	0,950	0,000	5011,426	0,0	-46,2		23:55:07:724		
038:54:00,000	-46,3	16,3	17,2	-46,3	0,0	0,0	0,0	0,950	0,000	5010,565	0,0	-46,0		23:56:07:724		
038:55:00,000	-46,2	16,2	17,2	-46,2	0,0	0,0	0,0	0,950	0,000	5011,037	0,0	-46,2		23:57:07:724		
038:56:00,000	-46,3	16,2	17,2	-46,3	0,0	0,0	0,0	0,950	0,000	5011,352	0,0	-46,2		23:58:07:724		
038:57:00,000	-46,3	16,2	17,2	-46,3	0,0	0,0	0,0	0,950	0,000	5012,352	0,0	-46,2		23:59:07:724		
038:58:00,000	-46,2	16,2	17,1	-46,2	0,0	0,0	0,0	0,950	0,000	5010,266	0,0	-46,0		00:00:07:724		
038:59:00,000	-46,1	16,2	17,1	-46,1	0,0	0,0	0,0	0,950	0,000	5010,657	0,0	-45,8		00:01:07:724		
039:00:00,000	-46,2	16,1	17,1	-46,2	0,0	0,0	0,0	0,950	0,000	5011,074	0,0	-45,9		00:02:07:724		
039:01:00,000	-46,2	16,1	17,0	-46,2	0,0	0,0	0,0	0,950	0,000	5010,500	0,0	-46,1		00:03:07:724		
039:02:00,000	-46,1	16,1	17,0	-46,1	0,0	0,0	0,0	0,950	0,000	5013,787	0,0	-45,8		00:04:07:724		
039:03:00,000	-46,3	16,0	17,0	-46,3	0,0	0,0	0,0	0,950	0,000	5010,872	0,0	-46,2		00:05:07:724		
039:04:00,000	-46,2	16,0	16,9	-46,2	0,0	0,0	0,0	0,950	0,000	5010,860	0,0	-46,1		00:06:07:724		
039:05:00,000	-46,2	15,9	16,8	-46,2	0,0	0,0	0,0	0,950	0,000	5010,367	0,0	-45,9		00:07:07:724		
039:06:00,000	-46,3	15,8	16,8	-46,3	0,0	0,0	0,0	0,950	0,000	5010,463	0,0	-46,1		00:08:07:724		
039:07:00,000	-46,3	15,8	16,8	-46,3	0,0	0,0	0,0	0,950	0,000	5011,167	0,0	-46,1		00:09:07:724		
039:08:00,000	-46,3	15,7	16,7	-46,3	0,0	0,0	0,0	0,950	0,000	5010,685	0,0	-46,2		00:10:07:724		
039:09:00,000	-46,3	15,6	16,6	-46,3	0,0	0,0	0,0	0,950	0,000	5010,602	0,0	-46,3		00:11:07:724		
039:10:00,000	-46,4	15,6	16,6	-46,4	0,0	0,0	0,0	0,950	0,000	5010,303	0,0	-46,2		00:12:07:724		
039:11:00,000	-46,4	15,5	16,5	-46,4	0,0	0,0	0,0	0,950	0,000	5010,065	0,0	-46,3		00:13:07:724		
039:12:00,000	-46,4	15,4	16,5	-46,4	0,0	0,0	0,0	0,950	0,000	5013,824	0,0	-46,4		00:14:07:724		
039:13:00,000	-46,3	15,4	16,4	-46,3	0,0	0,0	0,0	0,950	0,000	5009,935	0,0	-46,0		00:15:07:724		
039:14:00,000	-46,5	15,4	16,4	-46,5	0,0	0,0	0,0	0,950	0,000	5010,250	0,0	-46,3		00:16:07:724		
039:15:00,000	-46,5	15,4	16,4	-46,5	0,0	0,0	0,0	0,950	0,000	5010,879	0,0	-46,2		00:17:07:724		
039:16:00,000	-46,3	15,4	16,4	-46,3	0,0	0,0	0,0	0,950	0,000	5010,339	0,0	-46,3		00:18:07:724		
039:17:00,000	-46,4	15,4	16,4	-46,4	0,0	0,0	0,0	0,950	0,000	5011,278	0,0	-46,1		00:19:07:724		
039:18:00,000	-46,5	15,3	16,4	-46,5	0,0	0,0	0,0	0,950	0,000	5012,750	0,0	-46,4		00:20:07:724		
039:19:00,000	-46,4	15,3	16,3	-46,4	0,0	0,0	0,0	0,950	0,000	5009,417	0,0	-46,2		00:21:07:724		
039:20:00,000	-46,5	15,2	16,3	-46,5	0,0	0,0	0,0	0,950	0,000	5009,907	0,0	-46,1		00:22:07:724		
039:21:00,000	-46,4	15,2	16,2	-46,4	0,0	0,0	0,0	0,950	0,000	5009,556	0,0	-46,2		00:23:07:724		
039:22:00,000	-46,5	15,2	16,2	-46,5	0,0	0,0	0,0	0,950	0,000	5009,639	0,0	-46,4		00:24:07:724		
039:23:00,000	-46,6	15,2	16,2	-46,6	0,0	0,0	0,0	0,950	0,000	5010,759	0,0	-46,7		00:25:07:724		
039:24:00,000	-46,7	15,2	16,2	-46,7	0,0	0,0	0,0	0,950	0,000	5013,111	0,0	-46,5		00:26:07:724		
039:25:00,000	-46,6	15,1	16,2	-46,6	0,0	0,0	0,0	0,950	0,000	5009,621	0,0	-46,6		00:27:07:724		
039:26:00,000	-46,5	15,1	16,1	-46,5	0,0	0,0	0,0	0,950	0,000	5010,147	0,0	-46,4		00:28:07:724		
039:27:00,000	-46,6	15,1	16,1	-46,6	0,0	0,0	0,0	0,950	0,000	5010,787	0,0	-46,2		00:29:07:724		
039:28:00,000	-46,6	15,1	16,1	-46,6	0,0	0,0	0,0	0,950	0,000	5009,157	0,0	-46,4		00:30:07:724		
039:29:00,000	-46,7	15,0	16,1	-46,7	0,0	0,0	0,0	0,950	0,000	5008,889	0,0	-46,5		00:31:07:724		
039:30:00,000	-46,6	15,0	16,1	-46,5	0,0	0,0	0,0	0,950	0,000	5013,574	0,0	-46,2		00:32:07:724		
039:31:00,000	-46,4	15,0	16,0	-46,4	0,0	0,0	0,0	0,950	0,000	5009,009	0,0	-46,2		00:33:07:724		
039:32:00,000	-46,5	15,0	16,0	-46,5	0,0	0,0	0,0	0,950	0,000	5009,917	0,0	-46,4		00:34:07:724		
039:33:00,000	-46,6	15,0	16,0	-46,6	0,0	0,0	0,0	0,950	0,000	5009,495	0,0	-46,5		00:35:07:724		
039:34:00,000	-46,6	15,0	16,0	-46,6	0,0	0,0	0,0	0,950	0,000	5008,879	0,0	-46,5		00:36:07:724		
039:35:00,000	-46,6	15,0	16,0	-46,6	0,0	0,0	0,0	0,950	0,000	5009,468	0,0	-46,4		00:37:07:724		
039:36:00,000	-46,6	15,0	16,0	-46,6	0,0	0,0	0,0	0,950	0,000	5013,102	0,0	-46,4		00:38:07:724		
039:37:00,000	-46,7	15,0	16,0	-46,7	0,0	0,0	0,0	0,950	0,000	5010,648	0,0	-46,4		00:39:07:724		
039:38:00,000	-46,7	15,0	16,0	-46,7	0,0	0,0	0,0	0,950	0,000	5008,835	0,0	-46,3		00:40:07:724		
039:39:00,000	-46,8	15,0	16,0	-46,8	0,0	0,0	0,0	0,950	0,000	5009,561	0,0	-46,7		00:41:07:724		
039:40:00,000	-46,7	15,0	16,0	-46,7	0,0	0,0	0,0	0,950	0,000	5009,648	0,0	-46,4		00:42:07:724		
039:41:00,000	-46,7	15,0	16,0	-46,7	0,0	0,0	0,0	0,950	0,000	5010,009	0,0	-46,8		00:43:07:724		
039:42:00,000	-46,8	15,0	16,0	-46,8	0,0	0,0	0,0	0,950	0,000	5012,963	0,0	-46,6		00:44:07:724		
039:43:00,000	-47,0	14,9	16,0	-47,0	0,0	0,0	0,0	0,950	0,000	5009,379	0,0	-46,8		00:45:07:724		
039:44:00,000	-46,9	14,9	15,9	-46,9	0,0	0,0	0,0	0,950	0,000	5009,694	0,0	-46,9		00:46:07:724		
039:45:00,000	-46,8	14,9	15,9	-46,8	0,0	0,0	0,0	0,950	0,000	5009,376	0,0	-46,5		00:47:07:724		
039:46:00,000	-46,9	14,8	15,9	-46,9	0,0	0,0	0,0	0,950	0,000	5009,657	0,0	-46,6		00:48:07:724		
039:47:00,000	-46,5	14,8	15,8	-46,5	0,0	0,0	0,0	0,950	0,000	5009,333	0,0	-46,4		00:49:07:724		
039:48:00,000	-46,8	14,8	15,8	-46,8	0,0	0,0	0,0	0,950	0,000	5015,500	0,0	-46,6		00:50:07:724		
039:49:00,000	-47,0	14,7	15,8	-47,0	0,0	0,0	0,0	0,950	0,000	5008,657	0,0	-46,7		00:51:07:724		
039:50:00,000	-47,2	14,7	15,8	-47,2	0,0	0,0	0,0	0,950	0,000	5008,926	0,0	-47,2		00:52:07:724		
039:51:00,000	-47,2	14,8	15,8	-47,2	0,0	0,0	0,0	0,950	0,000	5009,657	0,0	-46,9		00:53:07:724		
039:52:00,000	-47,2	14,8	15,8	-47,1	0,0	0,0	0,0	0,950	0,000	5009,889	0,0	-47,1		00:54:07:724		
039:53:00,000	-47,2	14,8	15,8	-47,2	0,0	0,0	0,0	0,950	0,000	5009,935	0,0	-47,2		00:55:07:724		
039:54:00,000	-47,2	14,8	15,8	-47,2	0,0	0,0	0,0	0,950	0,000	5012,376	0,0	-47,1		00:56:07:724		
039:55:00,000	-47,3	14,8	15,8	-47,3	0,0	0,0	0,0	0,950	0,000	5009,148	0,0	-47,2		00:57:07:724		
039:56:00,000	-47,5	14,7	15,8	-47,5	0,0	0,0	0,0	0,950	0,000	5009,463	0,0	-47,3		00:58:07:724		
039:57:00,000	-47,6	14,7	15,8	-47,6	0,0	0,0	0,0	0,950	0,000	5010,376	0,0	-47,4		00:59:07:724		
039:58:00,000	-47,5	14,7	15,8	-47,5	0,0	0,0	0,0	0,950	0,000	5009,213	0,0	-47,5		01:00:07:724		
039:59:00,000	-47,4	14,7	15,8	-47,4	0,0	0,0	0,0	0,950	0,000	5009,426	0,0	-47,2		01:01:07:724		
040:00:00,000	-47,4	14,7	15,7	-47,4	0,0	0,0	0,0	0,950	0,000	5012,731	0,0	-47,1		01:02:07:724		
040:01:00,000	-47,5	14,7	15,7	-47,5	0,0	0,0	0,0	0,950	0,000	5009,481	0,0	-47,2		01:03:07:724		
040:02:00,000	-47,5	14,7	15,7	-47,5	0,0	0,0	0,0	0,950	0,000	5009,121	0,0	-47,4		01:04:07:724		
040:03:00,000	-47,5	14,6	15,7	-47,5	0,0	0,0	0,0	0,950	0,000	5009,174	0,0	-47,5		01:05:07:724		
040:04:00,000	-47,7	14,6	15,7	-47,7	0,0	0,0	0,0	0,950	0,000	5009,898	0,0	-47,7		01:06:07:724		
040:05:00,000	-47,9	14,6	15,7	-47,9	0,0	0,0	0,0	0,950	0,000	5009,481	0,0	-47,7		01:07:07:724		
040:06:00,000	-48,0	14,6	15,7	-48,0	0,0	0,0	0,0	0,950	0,000	5012,833	0,0	-47,7		01:08:07:724		
040:07:00,000	-47,9	14,6	15,7	-47,9	0,0	0,0	0,0	0,950	0,000	5009,824	0,0	-47,7		01:09:07:724		
040:08:00,000	-47,8	14,6	15,6	-47,8	0,0	0,0	0,0	0,950	0,000	5009,324	0,0	-47,5		01:10:07:724		
040:09:00,000	-47,7	14,5	15,6	-47,7	0,0	0,0	0,0	0,950	0,000	5008,556	0,0	-47,4		01:11:07:724		
040:10:00,000	-47,5	14,5	15,5	-47,5	0,0	0,0	0,0	0,950	0,000	5008,734	0,0	-47,5		01:12:07:724		
040:11:00,000	-47,7	14,4	15,5	-47,7	0,0	0,0	0,0	0,950	0,000	5008,991	0,0	-47,5		01:13:07:724		
040:12:00,000	-47,9	14,4	15,5	-47,9	0,0	0,0	0,0	0,950	0,000	5012,936	0,0	-47,8		01:14:07:724		
040:13:00,000	-47,9	14,4	15,5	-47,9	0,0	0,0	0,0	0,950	0,000	5009,046	0,0	-47,9		01:15:07:724		
040:14:00,000	-47,9	14,4	15,5	-47,9	0,0	0,0	0,0	0,950	0,000	5010,379	0,0	-47,7		01:16:07:724		
040:15:00,000	-47,9	14,4	15,5	-47,9	0,0	0,0	0,0	0,950	0,000	5009,963	0,0	-48,0		01:17:07:724		
040:16:00,000	-47,7	14,4	15,5	-47,7	0,0	0,0	0,0	0,950	0,000	5008,731	0,0	-47,5		01:18:07:724		
040:17:00,000	-47,9	14,4	15,5	-47,9	0,0	0,0	0,0	0,950	0,000	5010,376	0,0	-47,7		01:19:07:724		
040:18:00,000	-48,0	14,4	15,5	-48,0	0,0	0,0	0,0	0,950	0,000	5012,140	0,0	-47,7		01:20:07:724		
040:19:00,000	-48,1	14,3	15,4	-48,1	0,0	0,0	0,0	0,950	0,000	5009,578	0,0	-47,9		01:21:07:724		
040:20:00,000	-47,7	14,3	15,3	-47,7	0,0	0,0	0,0	0,950	0,000	5008,954	0,0	-47,6		01:22:07:724		
040:21:00,000	-47,8	14,2	15,3	-47,8	0,0	0,0	0,0	0,950	0,000	5008,787	0,0	-47,6		01:23:07:724		
040:22:00,000	-47,8	14,2	15,3	-47,8	0,0	0,0	0,0	0,950	0,000	5008,796	0,0	-47,5		01:24:07:724		
040:23:00,000	-47,8	14,2	15,3	-47,8	0,0	0,0	0,0	0,950	0,000	5008,862	0,0	-47,6		01:25:07:724		
040:24:00,000	-47,9	14,2	15,3	-47,9	0,0	0,0	0,0	0,950	0,000	5012,472	0,0	-47,9		01:26:07:724		
040:25:00,000	-48,0	14,2	15,3	-48,0	0,0	0,0	0,0	0,950	0,000	5009,074	0,0	-47,8		01:27:07:724		
040:26:00,000	-48,0	14,2	15,3	-48,0	0,0	0,0	0,0	0,950	0,000	5009,065	0,0	-47,9		01:28:07:724		
040:27:00,000	-47,3	14,3	15,3	-47,2	0,0	0,0	0,0	0,950	0,000	5009,528	0,0	-47,0		01:29:07:724		
040:28:00,000	-48,0	14,3	15,3	-47,9	0,0	0,0	0,0	0,950	0,000	5009,565	0,0	-47,7		01:30:07:724		
040:29:00,000	-47,9	14,3	15,3	-47,9	0,0	0,0	0,0	0,950	0,000	5008,743	0,0	-47,7		01:31:07:724		
040:30:00,000	-48,0	14,2	15,3	-48,0	0,0	0,0	0,0	0,950	0,000	5011,741	0,0	-47,7		01:32:07:724		
040:31:00,000	-47,9	14,2	15,3	-47,9	0,0	0,0	0,0	0,950	0,000	5007,500	0,0	-47,9		01:33:07:724		
040:32:00,000	-48,1	14,1	15,3	-48,1	0,0	0,0	0,0	0,950	0,000	5009,156	0,0	-47,8		01:34:07:724		
040:33:00,000	-48,1	14,1	15,2	-48,1	0,0	0,0	0,0	0,950	0,000	5008,296	0,0	-48,0		01:35:07:724		
040:34:00,000	-48,3	14,0	15,1	-48,3	0,0	0,0	0,0	0,950	0,000	5008,139	0,0	-48,2		01:36:07:724		
040:35:00,000	-48,3	14,0	15,1	-48,3	0,0	0,0	0,0	0,950	0,000	5008,417	0,0	-48,4		01:37:07:724		
040:36:00,000	-48,2	13,9	15,1	-48,2	0,0	0,0	0,0	0,950	0,000	5011,907	0,0	-48,0		01:38:07:724		
040:37:00,000	-48,0	13,9	15,0	-48,0	0,0	0,0	0,0	0,950	0,000	5009,556	0,0	-47,8		01:39:07:724		
040:38:00,000	-48,0	13,9	15,0	-48,0	0,0	0,0	0,0	0,950	0,000	5008,789	0,0	-47,8		01:40:07:724		
040:39:00,000	-48,2	13,9	15,0	-48,2	0,0	0,0	0,0	0,950	0,000	5008,102	0,0	-47,8		01:41:07:724		
040:40:00,000	-48,1	13,9	15,0	-48,1	0,0	0,0	0,0	0,950	0,000	5008,898	0,0	-48,0		01:42:07:724		
040:41:00,000	-48,0	13,9	15,0	-48,0	0,0	0,0	0,0	0,950	0,000	5008,861	0,0	-47,9		01:43:07:724		
040:42:00,000	-47,8	13,9	15,0	-47,8	0,0	0,0	0,0	0,950	0,000	5012,413	0,0	-47,7		01:44:07:724		
040:43:00,000	-47,8	13,9	15,0	-47,8	0,0	0,0	0,0	0,950	0,000	5008,222	0,0	-47,8		01:45:07:724		
040:44:00,000	-47,9	13,9	15,0	-47,9	0,0	0,0	0,0	0,950	0,000	5008,731	0,0	-47,9		01:46:07:724		
040:45:00,000	-48,0	13,8	15,0	-48,0	0,0	0,0	0,0	0,950	0,000	5009,083	0,0	-47,8		01:47:07:724		
040:46:00,000	-48,0	13,8	14,9	-48,0	0,0	0,0	0,0	0,950	0,000	5008,111	0,0	-47,9		01:48:07:724		
040:47:00,000	-48,0	13,8	14,9	-48,0	0,0	0,0	0,0	0,950	0,000	5008,481	0,0	-47,6		01:49:07:724		
040:48:00,000	-47,9	13,8	14,9	-47,9	0,0	0,0	0,0	0,950	0,000	5011,991	0,0	-47,9		01:50:07:724		
040:49:00,000	-47,9	13,8	14,9	-47,9	0,0	0,0	0,0	0,950	0,000	5008,556	0,0	-47,6		01:51:07:724		
040:50:00,000	-47,9	13,8	14,9	-47,9	0,0	0,0	0,0	0,950	0,000	5008,426	0,0	-47,6		01:52:07:724		
040:51:00,000	-47,9	13,8	14,9	-47,9	0,0	0,0	0,0	0,950	0,000	5008,379	0,0	-47,5		01:53:07:724		
040:52:00,000	-47,6	13,8	14,9	-47,6	0,0	0,0	0,0	0,950	0,000	5008,250	0,0	-47,4		01:54:07:724		
040:53:00,000	-47,5	13,8	14,9	-47,5	0,0	0,0	0,0	0,950	0,000	5008,324	0,0	-47,1		01:55:07:724		
040:54:00,000	-47,5	13,8	14,9	-47,5	0,0	0,0	0,0	0,950	0,000	5011,211	0,0	-47,3		01:56:07:724		
040:55:00,000	-47,6	13,8	14,9	-47,6	0,0	0,0	0,0	0,950	0,000	5008,296	0,0	-47,4		01:57:07:724		
040:56:00,000	-47,7	13,8	14,9	-47,7	0,0	0,0	0,0	0,950	0,000	5007,889	0,0	-47,6		01:58:07:724		
040:57:00,000	-47,6	13,8	14,9	-47,6	0,0	0,0	0,0	0,950	0,000	5009,019	0,0	-47,5		01:59:07:724		
040:58:00,000	-47,6	13,8	14,9	-47,6	0,0	0,0	0,0	0,950	0,000	5008,879	0,0	-47,4		02:00:07:724		
040:59:00,000	-47,7	13,7	14,9	-47,7	0,0	0,0	0,0	0,950	0,000	5008,361	0,0	-47,5		02:01:07:724		
041:00:00,000	-47,7	13,7	14,9	-47,7	0,0	0,0	0,0	0,950	0,000	5012,463	0,0	-47,4		02:02:07:724		
041:01:00,000	-47,8	13,7	14,9	-47,8	0,0	0,0	0,0	0,950	0,000	5012,037	0,0	-47,5		02:03:07:724		
041:02:00,000	-47,9	13,7	14,9	-47,9	0,0	0,0	0,0	0,950	0,000	5008,750	0,0	-47,5		02:04:07:724		
041:03:00,000	-47,8	13,7	14,9	-47,8	0,0	0,0	0,0	0,950	0,000	5007,806	0,0	-47,4		02:05:07:724		
041:04:00,000	-47,7	13,7	14,9	-47,7	0,0	0,0	0,0	0,950	0,000	5008,139	0,0	-47,6		02:06:07:724		
041:05:00,000	-47,7	13,8	14,9	-47,7	0,0	0,0	0,0	0,950	0,000	5008,713	0,0	-47,5		02:07:07:724		
041:06:00,000	-47,7	13,8	14,9	-47,7	0,0	0,0	0,0	0,950	0,000	5011,450	0,0	-47,6		02:08:07:724		
041:07:00,000	-47,6	13,8	14,9	-47,6	0,0	0,0	0,0	0,950	0,000	5008,944	0,0	-47,3		02:09:07:724		
041:08:00,000	-47,6	13,8	14,9	-47,6	0,0	0,0	0,0	0,950	0,000	5007,806	0,0	-47,3		02:10:07:724		
041:09:00,000	-47,8	13,8	14,9	-47,8	0,0	0,0	0,0	0,950	0,000	5008,157	0,0	-47,7		02:11:07:724		
041:10:00,000	-47,9	13,7	14,9	-47,8	0,0	0,0	0,0	0,950	0,000	5009,550	0,0	-47,7		02:12:07:724		
041:11:00,000	-47,8	13,7	14,8	-47,8	0,0	0,0	0,0	0,950	0,000	5007,898	0,0	-47,6		02:13:07:724		
041:12:00,000	-47,7	13,7	14,8	-47,7	0,0	0,0	0,0	0,950	0,000	5011,574	0,0	-47,2		02:14:07:724		
041:13:00,000	-47,9	13,7	14,8	-47,9	0,0	0,0	0,0	0,950	0,000	5008,815	0,0	-48,2		02:15:07:724		
041:14:00,000	-48,0	13,7	14,8	-48,0	0,0	0,0	0,0	0,950	0,000	5008,426	0,0	-47,8		02:16:07:724		
041:15:00,000	-48,0	13,7	14,8	-48,0	0,0	0,0	0,0	0,950	0,000	5008,796	0,0	-47,9		02:17:07:724		
041:16:00,000	-47,8	13,7	14,8	-47,9	0,0	0,0	0,0	0,950	0,000	5007,679	0,0	-47,7		02:18:07:724		
041:17:00,000	-47,8	13,7	14,8	-47,8	0,0	0,0	0,0	0,950	0,000	5008,917	0,0	-47,6		02:19:07:724		
041:18:00,000	-47,8	13,7	14,8	-47,8	0,0	0,0	0,0	0,950	0,000	5011,463	0,0	-47,6		02:20:07:724		
041:19:00,000	-47,9	13,7	14,8	-47,9	0,0	0,0	0,0	0,950	0,000	5007,593	0,0	-47,7		02:21:07:724		
041:20:00,000	-47,8	13,7	14,8	-47,8	0,0	0,0	0,0	0,950	0,000	5007,796	0,0	-47,7		02:22:07:724		
041:21:00,000	-47,9	13,7	14,8	-47,9	0,0	0,0	0,0	0,950	0,000	5008,009	0,0	-47,7		02:23:07:724		
041:22:00,000	-47,9	13,7	14,8	-47,9	0,0	0,0	0,0	0,950	0,000	5008,741	0,0	-47,6		02:24:07:724		
041:23:00,000	-47,9	13,6	14,8	-47,9	0,0	0,0	0,0	0,950	0,000	5008,537	0,0	-47,8		02:25:07:724		
041:24:00,000	-47,9	13,6	14,7	-47,9	0,0	0,0	0,0	0,950	0,000	5011,546	0,0	-47,6		02:26:07:724		
041:25:00,000	-47,8	13,5	14,6	-47,8	0,0	0,0	0,0	0,950	0,000	5007,780	0,0	-47,6		02:27:07:724		
041:26:00,000	-47,8	13,4	14,6	-47,8	0,0	0,0	0,0	0,950	0,000	5007,694	0,0	-47,4		02:28:07:724		
041:27:00,000	-47,7	13,4	14,6	-47,7	0,0	0,0	0,0	0,950	0,000	5008,176	0,0	-47,7		02:29:07:724		
041:28:00,000	-47,7	13,4	14,6	-47,7	0,0	0,0	0,0	0,950	0,000	5007,211	0,0	-47,5		02:30:07:724		
041:29:00,000	-47,8	13,4	14,5	-47,8	0,0	0,0	0,0	0,950	0,000	5007,583	0,0	-47,6		02:31:07:724		
041:30:00,000	-47,8	13,3	14,5	-47,8	0,0	0,0	0,0	0,950	0,000	5011,185	0,0	-47,5		02:32:07:724		
041:31:00,000	-47,8	13,3	14,5	-47,8	0,0	0,0	0,0	0,950	0,000	5007,741	0,0	-47,5		02:33:07:724		
041:32:00,000	-47,9	13,2	14,4	-47,9	0,0	0,0	0,0	0,950	0,000	5007,009	0,0	-47,7		02:34:07:724		
041:33:00,000	-47,9	13,2	14,4	-47,9	0,0	0,0	0,0	0,950	0,000	5007,074	0,0	-47,8		02:35:07:724		
041:34:00,000	-47,8	13,2	14,4	-47,8	0,0	0,0	0,0	0,950	0,000	5008,093	0,0	-47,6		02:36:07:724		
041:35:00,000	-47,8	13,2	14,3	-47,8	0,0	0,0	0,0	0,950	0,000	5007,056	0,0	-47,4		02:37:07:724		
041:36:00,000	-48,0	13,1	14,3	-48,0	0,0	0,0	0,0	0,950	0,000	5010,694	0,0	-48,0		02:38:07:724		
041:37:00,000	-48,1	13,1	14,3	-48,1	0,0	0,0	0,0	0,950	0,000	5008,257	0,0	-48,0		02:39:07:724		
041:38:00,000	-48,0	13,2	14,3	-48,0	0,0	0,0	0,0	0,950	0,000	5008,157	0,0	-47,8		02:40:07:724		
041:39:00,000	-48,0	13,2	14,3	-48,0	0,0	0,0	0,0	0,950	0,000	5007,426	0,0	-47,9		02:41:07:724		
041:40:00,000	-47,9	13,2	14,3	-47,9	0,0	0,0	0,0	0,950	0,000	5007,303	0,0	-47,7		02:42:07:724		
041:41:00,000	-47,8	13,2	14,3	-47,8	0,0	0,0	0,0	0,950	0,000	5007,519	0,0	-47,7		02:43:07:724		
041:42:00,000	-47,7	13,2	14,3	-47,8	0,0	0,0	0,0	0,950	0,000	5010,778	0,0	-47,5		02:44:07:724		
041:43:00,000	-47,7	13,2	14,3	-47,7	0,0	0,0	0,0	0,950	0,000	5007,861	0,0	-47,5		02:45:07:724		
041:44:00,000	-47,7	13,2	14,3	-47,7	0,0	0,0	0,0	0,950	0,000	5007,778	0,0	-47,5		02:46:07:724		
041:45:00,000	-47,9	13,1	14,3	-47,9	0,0	0,0	0,0	0,950	0,000	5007,111	0,0	-47,7		02:47:07:724		
041:46:00,000	-48,0	13,1	14,3	-48,0	0,0	0,0	0,0	0,950	0,000	5006,798	0,0	-47,7		02:48:07:724		
041:47:00,000	-47,9	13,1	14,3	-47,9	0,0	0,0	0,0	0,950	0,000	5008,269	0,0	-47,8		02:49:07:724		
041:48:00,000	-48,0	13,1	14,3	-48,0	0,0	0,0	0,0	0,950	0,000	5010,629	0,0	-47,7		02:50:07:724		
041:49:00,000	-48,1	13,1	14,3	-48,0	0,0	0,0	0,0	0,950	0,000	5006,657	0,0	-47,9		02:51:07:724		
041:50:00,000	-48,2	13,0	14,2	-48,2	0,0	0,0	0,0	0,950	0,000	5006,926	0,0	-47,9		02:52:07:724		
041:51:00,000	-48,1	13,0	14,2	-48,1	0,0	0,0	0,0	0,950	0,000	5006,833	0,0	-47,9		02:53:07:724		
041:52:00,000	-48,1	13,0	14,2	-48,1	0,0	0,0	0,0	0,950	0,000	5007,157	0,0	-48,0		02:54:07:724		
041:53:00,000	-48,2	13,0	14,2	-48,2	0,0	0,0	0,0	0,950	0,000	5007,074	0,0	-48,0		02:55:07:724		
041:54:00,000	-48,2	13,0	14,2	-48,2	0,0	0,0	0,0	0,950	0,000	5010,639	0,0	-48,1		02:56:07:724		
041:55:00,000	-48,2	13,0	14,2	-48,2	0,0	0,0	0,0	0,950	0,000	5006,426	0,0	-48,0		02:57:07:724		
041:56:00,000	-48,4	13,0	14,2	-48,4	0,0	0,0	0,0	0,950	0,000	5006,454	0,0	-48,2		02:58:07:724		
041:57:00,000	-48,4	13,0	14,2	-48,4	0,0	0,0	0,0	0,950	0,000	5007,716	0,0	-48,2		02:59:07:724		
041:58:00,000	-48,4	13,0	14,2	-48,4	0,0	0,0	0,0	0,950	0,000	5007,593	0,0	-48,2		03:00:07:724		
041:59:00,000	-48,4	13,0	14,2	-48,4	0,0	0,0	0,0	0,950	0,000	5006,879	0,0	-48,2		03:01:07:724		
042:00:00,000	-48,3	13,0	14,2	-48,3	0,0	0,0	0,0	0,950	0,000	5010,694	0,0	-48,2		03:02:07:724		
042:01:00,000	-48,3	13,0	14,2	-48,3	0,0	0,0	0,0	0,950	0,000	5007,546	0,0	-48,0		03:03:07:724		
042:02:00,000	-48,3	13,0	14,2	-48,3	0,0	0,0	0,0	0,950	0,000	5007,574	0,0	-48,3		03:04:07:724		
042:03:00,000	-48,3	13,0	14,2	-48,3	0,0	0,0	0,0	0,950	0,000	5007,556	0,0	-47,9		03:05:07:724		
042:04:00,000	-48,3	13,0	14,2	-48,3	0,0	0,0	0,0	0,950	0,000	5007,064	0,0	-48,0		03:06:07:724		
042:05:00,000	-48,4	13,0	14,2	-48,4	0,0	0,0	0,0	0,950	0,000	5007,417	0,0	-48,2		03:07:07:724		
042:06:00,000	-48,4	13,0	14,2	-48,4	0,0	0,0	0,0	0,950	0,000	5011,056	0,0	-48,2		03:08:07:724		
042:07:00,000	-48,4	13,0	14,2	-48,4	0,0	0,0	0,0	0,950	0,000	5008,481	0,0	-48,3		03:09:07:724		
042:08:00,000	-48,5	13,0	14,2	-48,5	0,0	0,0	0,0	0,950	0,000	5006,713	0,0	-48,2		03:10:07:724		
042:09:00,000	-48,5	13,0	14,2	-48,5	0,0	0,0	0,0	0,950	0,000	5008,796	0,0	-48,2		03:11:07:724		
042:10:00,000	-48,5	13,0	14,2	-48,5	0,0	0,0	0,0	0,950	0,000	5007,431	0,0	-48,6		03:12:07:724		
042:11:00,000	-48,7	12,9	14,1	-48,7	0,0	0,0	0,0	0,950	0,000	5007,093	0,0	-48,4		03:13:07:724		
042:12:00,000	-48,7	12,9	14,1	-48,7	0,0	0,0	0,0	0,950	0,000	5011,481	0,0	-48,7		03:14:07:724		
042:13:00,000	-48,7	12,9	14,1	-48,7	0,0	0,0	0,0	0,950	0,000	5010,361	0,0	-48,4		03:15:07:724		
042:14:00,000	-48,6	12,9	14,1	-48,6	0,0	0,0	0,0	0,950	0,000	5006,852	0,0	-48,3		03:16:07:724		
042:15:00,000	-48,6	12,9	14,1	-48,6	0,0	0,0	0,0	0,950	0,000	5007,611	0,0	-48,2		03:17:07:724		
042:16:00,000	-48,7	12,9	14,1	-48,7	0,0	0,0	0,0	0,950	0,000	5006,852	0,0	-48,5		03:18:07:724		
042:17:00,000	-48,7	12,9	14,1	-48,7	0,0	0,0	0,0	0,950	0,000	5008,231	0,0	-48,3		03:19:07:724		
042:18:00,000	-48,7	12,9	14,1	-48,7	0,0	0,0	0,0	0,950	0,000	5010,621	0,0	-48,5		03:20:07:724		
042:19:00,000	-48,7	12,9	14,1	-48,7	0,0	0,0	0,0	0,950	0,000	5006,954	0,0	-48,3		03:21:07:724		
042:20:00,000	-48,6	12,9	14,1	-48,6	0,0	0,0	0,0	0,950	0,000	5006,843	0,0	-48,4		03:22:07:724		
042:21:00,000	-48,6	12,9	14,1	-48,6	0,0	0,0	0,0	0,950	0,000	5006,778	0,0	-48,3		03:23:07:724		
042:22:00,000	-48,6	12,8	14,0	-48,6	0,0	0,0	0,0	0,950	0,000	5006,872	0,0	-48,4		03:24:07:724		
042:23:00,000	-48,6	12,8	14,0	-48,6	0,0	0,0	0,0	0,950	0,000	5007,222	0,0	-48,5		03:25:07:724		
042:24:00,000	-48,6	12,8	14,0	-48,6	0,0	0,0	0,0	0,950	0,000	5010,269	0,0	-48,4		03:26:07:724		
042:25:00,000	-48,6	12,8	14,0	-48,6	0,0	0,0	0,0	0,950	0,000	5007,231	0,0	-48,4		03:27:07:724		
042:26:00,000	-48,5	12,8	14,0	-48,5	0,0	0,0	0,0	0,950	0,000	5006,450	0,0	-48,3		03:28:07:724		
042:27:00,000	-48,7	12,7	13,9	-48,7	0,0	0,0	0,0	0,950	0,000	5008,065	0,0	-48,6		03:29:07:724		
042:28:00,000	-48,7	12,7	13,9	-48,7	0,0	0,0	0,0	0,950	0,000	5007,037	0,0	-48,6		03:30:07:724		
042:29:00,000	-48,8	12,7	13,9	-48,8	0,0	0,0	0,0	0,950	0,000	5007,704	0,0	-48,6		03:31:07:724		
042:30:00,000	-48,8	12,7	13,9	-48,8	0,0	0,0	0,0	0,950	0,000	5010,629	0,0	-48,4		03:32:07:724		
042:31:00,000	-48,9	12,7	13,9	-48,9	0,0	0,0	0,0	0,950	0,000	5007,844	0,0	-48,8		03:33:07:724		
042:32:00,000	-48,8	12,7	13,9	-48,8	0,0	0,0	0,0	0,950	0,000	5006,769	0,0	-48,6		03:34:07:724		
042:33:00,000	-48,8	12,7	13,9	-48,8	0,0	0,0	0,0	0,950	0,000	5006,731	0,0	-48,6		03:35:07:724		
042:34:00,000	-48,7	12,8	13,9	-48,7	0,0	0,0	0,0	0,950	0,000	5007,009	0,0	-48,4		03:36:07:724		
042:35:00,000	-48,6	13,0	13,9	-48,6	0,0	0,0	0,0	0,950	0,000	5007,844	0,0	-48,5		03:37:07:724		
042:36:00,000	-48,8	13,1	13,9	-48,8	0,0	0,0	0,0	0,950	0,000	5011,806	0,0	-48,6		03:38:07:724		
042:37:00,000	-48,9	13,0	13,9	-48,9	0,0	0,0	0,0	0,950	0,000	5007,259	0,0	-48,7		03:39:07:724		
042:38:00,000	-48,9	13,0	13,9	-48,9	0,0	0,0	0,0	0,950	0,000	5007,222	0,0	-48,7		03:40:07:724		
042:39:00,000	-48,9	12,9	13,9	-48,9	0,0	0,0	0,0	0,950	0,000	5007,303	0,0	-48,8		03:41:07:724		
042:40:00,000	-48,9	12,9	13,9	-48,9	0,0	0,0	0,0	0,950	0,000	5006,815	0,0	-48,7		03:42:07:724		
042:41:00,000	-49,0	12,8	13,9	-49,0	0,0	0,0	0,0	0,950	0,000	5006,741	0,0	-48,7		03:43:07:724		
042:42:00,000	-48,9	12,8	13,9	-48,9	0,0	0,0	0,0	0,950	0,000	5009,750	0,0	-48,5		03:44:07:724		
042:43:00,000	-48,8	12,8	13,9	-48,8	0,0	0,0	0,0	0,950	0,000	5007,185	0,0	-48,7		03:45:07:724		
042:44:00,000	-48,8	12,8	13,9	-48,8	0,0	0,0	0,0	0,950	0,000	5006,324	0,0	-48,5		03:46:07:724		
042:45:00,000	-48,9	12,7	13,9	-48,9	0,0	0,0	0,0	0,950	0,000	5007,926	0,0	-49,0		03:47:07:724		
042:46:00,000	-48,9	12,7	13,9	-48,9	0,0	0,0	0,0	0,950	0,000	5007,092	0,0	-48,6		03:48:07:724		
042:47:00,000	-48,9	12,7	13,9	-48,9	0,0	0,0	0,0	0,950	0,000	5007,009	0,0	-48,8		03:49:07:724		
042:48:00,000	-48,9	12,7	13,9	-48,9	0,0	0,0	0,0	0,950	0,000	5010,056	0,0	-48,7		03:50:07:724		
042:49:00,000	-48,9	12,7	13,9	-48,9	0,0	0,0	0,0	0,950	0,000	5006,371	0,0	-48,8		03:51:07:724		
042:50:00,000	-48,9	12,8	13,9	-48,9	0,0	0,0	0,0	0,950	0,000	5015,843	0,0	-48,8		03:52:07:724		
042:51:00,000	-48,8	12,9	13,9	-48,8	0,0	0,0	0,0	0,950	0,000	5006,439	0,0	-48,6		03:53:07:724		
042:52:00,000	-48,8	13,0	13,9	-48,8	0,0	0,0	0,0	0,950	0,000	5012,500	0,0	-48,6		03:54:07:724		
042:53:00,000	-49,0	13,0	13,9	-49,0	0,0	0,0	0,0	0,950	0,000	5019,519	0,0	-48,7		03:55:07:724		
042:54:00,000	-49,1	13,0	13,9	-49,1	0,0	0,0	0,0	0,950	0,000	5006,954	0,0	-49,0		03:56:07:724		
042:55:00,000	-49,1	12,9	13,9	-49,1	0,0	0,0	0,0	0,950	0,000	5007,148	0,0	-48,9		03:57:07:724		
042:56:00,000	-49,1	12,9	13,9	-49,1	0,0	0,0	0,0	0,950	0,000	5006,852	0,0	-48,9		03:58:07:724		
042:57:00,000	-49,1	12,8	13,9	-49,1	0,0	0,0	0,0	0,950	0,000	5010,806	0,0	-49,0		03:59:07:724		
042:58:00,000	-49,0	12,8	13,9	-49,0	0,0	0,0	0,0	0,950	0,000	5007,046	0,0	-49,0		04:00:07:724		
042:59:00,000	-49,1	12,7	13,9	-49,1	0,0	0,0	0,0	0,950	0,000	5007,185	0,0	-49,1		04:01:07:724		
043:00:00,000	-49,1	12,7	13,9	-49,1	0,0	0,0	0,0	0,950	0,000	5007,454	0,0	-48,9		04:02:07:724		
043:01:00,000	-49,1	12,7	13,9	-49,1	0,0	0,0	0,0	0,950	0,000	5006,472	0,0	-48,9		04:03:07:724		
043:02:00,000	-49,1	12,6	13,9	-49,1	0,0	0,0	0,0	0,950	0,000	5006,093	0,0	-48,7		04:04:07:724		
043:03:00,000	-49,1	12,6	13,8	-49,1	0,0	0,0	0,0	0,950	0,000	5010,138	0,0	-48,9		04:05:07:724		
043:04:00,000	-49,1	12,6	13,8	-49,1	0,0	0,0	0,0	0,950	0,000	5006,486	0,0	-48,9		04:06:07:724		
043:05:00,000	-49,1	12,6	13,8	-49,1	0,0	0,0	0,0	0,950	0,000	5006,367	0,0	-48,9		04:07:07:724		
043:06:00,000	-49,1	12,6	13,8	-49,1	0,0	0,0	0,0	0,950	0,000	5006,259	0,0	-48,9		04:08:07:724		
043:07:00,000	-49,0	12,6	13,8	-49,0	0,0	0,0	0,0	0,950	0,000	5006,972	0,0	-48,9		04:09:07:724		
043:08:00,000	-49,1	12,5	13,7	-49,1	0,0	0,0	0,0	0,950	0,000	5006,343	0,0	-49,0		04:10:07:724		
043:09:00,000	-49,1	12,5	13,7	-49,1	0,0	0,0	0,0	0,950	0,000	5010,176	0,0	-48,9		04:11:07:724		
043:10:00,000	-48,1	12,5	13,7	-48,1	0,0	0,0	0,0	0,950	0,000	5007,000	0,0	-47,9		04:12:07:724		
043:11:00,000	-49,0	12,5	13,7	-49,0	0,0	0,0	0,0	0,950	0,000	5007,019	0,0	-48,9		04:13:07:724		
043:12:00,000	-49,0	12,5	13,7	-49,0	0,0	0,0	0,0	0,950	0,000	5006,694	0,0	-49,1		04:14:07:724		
043:13:00,000	-49,0	12,5	13,7	-49,0	0,0	0,0	0,0	0,950	0,000	5006,472	0,0	-48,8		04:15:07:724		
043:14:00,000	-49,1	12,4	13,6	-49,1	0,0	0,0	0,0	0,950	0,000	5005,898	0,0	-48,9		04:16:07:724		
043:15:00,000	-49,0	12,4	13,6	-49,0	0,0	0,0	0,0	0,950	0,000	5010,213	0,0	-49,0		04:17:07:724		
043:16:00,000	-49,0	12,4	13,6	-49,0	0,0	0,0	0,0	0,950	0,000	5006,213	0,0	-48,8		04:18:07:724		
043:17:00,000	-49,0	12,4	13,6	-48,9	0,0	0,0	0,0	0,950	0,000	5007,796	0,0	-48,9		04:19:07:724		
043:18:00,000	-48,9	12,4	13,6	-48,9	0,0	0,0	0,0	0,950	0,000	5005,972	0,0	-48,7		04:20:07:724		
043:19:00,000	-48,8	12,4	13,6	-48,8	0,0	0,0	0,0	0,950	0,000	5007,398	0,0	-48,8		04:21:07:724		
043:20:00,000	-49,0	12,4	13,6	-48,9	0,0	0,0	0,0	0,950	0,000	5006,843	0,0	-48,9		04:22:07:724		
043:21:00,000	-48,9	12,3	13,5	-48,9	0,0	0,0	0,0	0,950	0,000	5009,472	0,0	-48,7		04:23:07:724		
043:22:00,000	-48,9	12,2	13,5	-48,9	0,0	0,0	0,0	0,950	0,000	5006,037	0,0	-48,7		04:24:07:724		
043:23:00,000	-48,9	12,2	13,4	-48,9	0,0	0,0	0,0	0,950	0,000	5005,917	0,0	-48,8		04:25:07:724		
043:24:00,000	-48,8	12,2	13,4	-48,8	0,0	0,0	0,0	0,950	0,000	5006,278	0,0	-48,8		04:26:07:724		
043:25:00,000	-48,9	12,1	13,4	-48,9	0,0	0,0	0,0	0,950	0,000	5006,231	0,0	-48,7		04:27:07:724		
043:26:00,000	-48,9	12,1	13,3	-48,9	0,0	0,0	0,0	0,950	0,000	5005,778	0,0	-48,6		04:28:07:724		
043:27:00,000	-48,8	12,1	13,3	-48,8	0,0	0,0	0,0	0,950	0,000	5012,463	0,0	-48,6		04:29:07:724		
043:28:00,000	-48,8	12,1	13,3	-48,8	0,0	0,0	0,0	0,950	0,000	5006,853	0,0	-48,7		04:30:07:724		
043:29:00,000	-48,9	12,0	13,3	-48,9	0,0	0,0	0,0	0,950	0,000	5006,306	0,0	-48,7		04:31:07:724		
043:30:00,000	-48,8	12,0	13,2	-48,8	0,0	0,0	0,0	0,950	0,000	5006,343	0,0	-48,7		04:32:07:724		
043:31:00,000	-48,9	12,0	13,2	-48,9	0,0	0,0	0,0	0,950	0,000	5006,505	0,0	-48,5		04:33:07:724		
043:32:00,000	-48,8	12,0	13,2	-48,8	0,0	0,0	0,0	0,950	0,000	5006,019	0,0	-48,6		04:34:07:724		
043:33:00,000	-48,7	12,0	13,2	-48,7	0,0	0,0	0,0	0,950	0,000	5009,704	0,0	-48,6		04:35:07:724		
043:34:00,000	-48,8	12,0	13,2	-48,8	0,0	0,0	0,0	0,950	0,000	5006,174	0,0	-48,6		04:36:07:724		
043:35:00,000	-48,9	12,0	13,2	-48,9	0,0	0,0	0,0	0,950	0,000	5006,129	0,0	-48,8		04:37:07:724		
043:36:00,000	-49,0	12,0	13,2	-49,0	0,0	0,0	0,0	0,950	0,000	5006,204	0,0	-48,8		04:38:07:724		
043:37:00,000	-48,9	12,0	13,2	-48,9	0,0	0,0	0,0	0,950	0,000	5006,296	0,0	-48,9		04:39:07:724		
043:38:00,000	-49,0	11,9	13,2	-49,0	0,0	0,0	0,0	0,950	0,000	5005,194	0,0	-48,9		04:40:07:724		
043:39:00,000	-49,0	11,9	13,2	-49,0	0,0	0,0	0,0	0,950	0,000	5009,196	0,0	-48,9		04:41:07:724		
043:40:00,000	-48,9	11,8	13,1	-48,9	0,0	0,0	0,0	0,950	0,000	5005,532	0,0	-48,8		04:42:07:724		
043:41:00,000	-48,9	11,8	13,0	-48,9	0,0	0,0	0,0	0,950	0,000	5004,852	0,0	-48,7		04:43:07:724		
043:42:00,000	-49,0	11,7	13,0	-49,0	0,0	0,0	0,0	0,950	0,000	5004,371	0,0	-48,7		04:44:07:724		
043:43:00,000	-48,9	11,7	12,9	-48,9	0,0	0,0	0,0	0,950	0,000	5003,972	0,0	-48,8		04:45:07:724		
043:44:00,000	-49,0	11,6	12,9	-49,0	0,0	0,0	0,0	0,950	0,000	5004,046	0,0	-48,9		04:46:07:724		
043:45:00,000	-48,9	11,6	12,8	-48,9	0,0	0,0	0,0	0,950	0,000	5008,509	0,0	-48,7		04:47:07:724		
043:46:00,000	-48,9	11,5	12,8	-48,9	0,0	0,0	0,0	0,950	0,000	5004,139	0,0	-48,8		04:48:07:724		
043:47:00,000	-48,9	11,5	12,7	-48,9	0,0	0,0	0,0	0,950	0,000	5004,037	0,0	-48,6		04:49:07:724		
043:48:00,000	-48,9	11,5	12,7	-48,8	0,0	0,0	0,0	0,950	0,000	5003,944	0,0	-48,6		04:50:07:724		
043:49:00,000	-48,8	11,5	12,7	-48,8	0,0	0,0	0,0	0,950	0,000	5004,528	0,0	-48,6		04:51:07:724		
043:50:00,000	-48,8	11,5	12,7	-48,8	0,0	0,0	0,0	0,950	0,000	5003,725	0,0	-48,7		04:52:07:724		
043:51:00,000	-48,8	11,5	12,7	-48,8	0,0	0,0	0,0	0,950	0,000	5007,926	0,0	-48,6		04:53:07:724		
043:52:00,000	-49,0	11,5	12,7	-48,9	0,0	0,0	0,0	0,950	0,000	5004,371	0,0	-48,8		04:54:07:724		
043:53:00,000	-49,0	11,7	12,7	-49,0	0,0	0,0	0,0	0,950	0,000	5004,046	0,0	-48,7		04:55:07:724		
043:54:00,000	-49,1	11,7	12,7	-49,1	0,0	0,0	0,0	0,950	0,000	5004,093	0,0	-49,0		04:56:07:724		
043:55:00,000	-49,0	11,7	12,7	-49,0	0,0	0,0	0,0	0,950	0,000	5004,491	0,0	-48,9		04:57:07:724		
043:56:00,000	-49,0	11,7	12,7	-49,1	0,0	0,0	0,0	0,950	0,000	5004,713	0,0	-48,9		04:58:07:724		
043:57:00,000	-49,1	11,7	12,7	-49,1	0,0	0,0	0,0	0,950	0,000	5007,593	0,0	-48,9		04:59:07:724		
043:58:00,000	-49,1	11,7	12,7	-49,1	0,0	0,0	0,0	0,950	0,000	5003,560	0,0	-48,8		05:00:07:724		
043:59:00,000	-49,2	11,6	12,7	-49,2	0,0	0,0	0,0	0,950	0,000	5004,528	0,0	-49,1		05:01:07:724		
044:00:00,000	-49,3	11,6	12,7	-49,3	0,0	0,0	0,0	0,950	0,000	5004,444	0,0	-49,0		05:02:07:724		
044:01:00,000	-49,2	11,6	12,7	-49,2	0,0	0,0	0,0	0,950	0,000	5004,352	0,0	-49,1		05:03:07:724		
044:02:00,000	-49,1	11,6	12,7	-49,1	0,0	0,0	0,0	0,950	0,000	5003,917	0,0	-49,0		05:04:07:724		
044:03:00,000	-49,2	11,6	12,7	-49,2	0,0	0,0	0,0	0,950	0,000	5007,648	0,0	-49,1		05:05:07:724		
044:04:00,000	-49,2	11,6	12,7	-49,2	0,0	0,0	0,0	0,950	0,000	5004,615	0,0	-49,0		05:06:07:724		
044:05:00,000	-49,1	11,6	12,7	-49,1	0,0	0,0	0,0	0,950	0,000	5004,287	0,0	-49,0		05:07:07:724		
044:06:00,000	-49,2	11,7	12,7	-49,2	0,0	0,0	0,0	0,950	0,000	5004,509	0,0	-49,1		05:08:07:724		
044:07:00,000	-49,2	11,8	12,7	-49,2	0,0	0,0	0,0	0,950	0,000	5005,056	0,0	-48,8		05:09:07:724		
044:08:00,000	-49,4	11,9	12,7	-49,4	0,0	0,0	0,0	0,950	0,000	5004,621	0,0	-49,3		05:10:07:724		
044:09:00,000	-49,5	11,7	12,7	-49,5	0,0	0,0	0,0	0,950	0,000	5008,139	0,0	-49,3		05:11:07:724		
044:10:00,000	-49,5	11,6	12,7	-49,5	0,0	0,0	0,0	0,950	0,000	5004,750	0,0	-49,4		05:12:07:724		
044:11:00,000	-49,5	11,5	12,7	-49,5	0,0	0,0	0,0	0,950	0,000	5004,556	0,0	-49,4		05:13:07:724		
044:12:00,000	-49,5	11,5	12,7	-49,5	0,0	0,0	0,0	0,950	0,000	5004,028	0,0	-49,2		05:14:07:724		
044:13:00,000	-49,5	11,4	12,7	-49,5	0,0	0,0	0,0	0,950	0,000	5004,174	0,0	-49,3		05:15:07:724		
044:14:00,000	-49,4	11,4	12,6	-49,4	0,0	0,0	0,0	0,950	0,000	5004,361	0,0	-49,3		05:16:07:724		
044:15:00,000	-49,4	11,4	12,6	-49,4	0,0	0,0	0,0	0,950	0,000	5008,296	0,0	-49,1		05:17:07:724		
044:16:00,000	-49,4	11,4	12,6	-49,4	0,0	0,0	0,0	0,950	0,000	5004,352	0,0	-49,2		05:18:07:724		
044:17:00,000	-49,5	11,4	12,6	-49,5	0,0	0,0	0,0	0,950	0,000	5005,065	0,0	-49,4		05:19:07:724		
044:18:00,000	-49,6	11,4	12,6	-49,5	0,0	0,0	0,0	0,950	0,000	5004,889	0,0	-49,5		05:20:07:724		
044:19:00,000	-49,5	11,4	12,6	-49,5	0,0	0,0	0,0	0,950	0,000	5004,523	0,0	-49,4		05:21:07:724		
044:20:00,000	-49,5	11,4	12,6	-49,5	0,0	0,0	0,0	0,950	0,000	5003,556	0,0	-49,5		05:22:07:724		
044:21:00,000	-49,5	11,4	12,6	-49,5	0,0	0,0	0,0	0,950	0,000	5007,611	0,0	-49,4		05:23:07:724		
044:22:00,000	-49,5	11,5	12,6	-49,5	0,0	0,0	0,0	0,950	0,000	5004,769	0,0	-49,4		05:24:07:724		
044:23:00,000	-49,5	11,5	12,6	-49,5	0,0	0,0	0,0	0,950	0,000	5004,361	0,0	-49,3		05:25:07:724		
044:24:00,000	-49,5	11,4	12,6	-49,5	0,0	0,0	0,0	0,950	0,000	5004,398	0,0	-49,5		05:26:07:724		
044:25:00,000	-49,5	11,3	12,6	-49,5	0,0	0,0	0,0	0,950	0,000	5003,944	0,0	-49,5		05:27:07:724		
044:26:00,000	-49,6	11,3	12,6	-49,6	0,0	0,0	0,0	0,950	0,000	5003,667	0,0	-49,6		05:28:07:724		
044:27:00,000	-49,6	11,3	12,6	-49,6	0,0	0,0	0,0	0,950	0,000	5007,852	0,0	-49,3		05:29:07:724		
044:28:00,000	-49,5	11,3	12,6	-49,5	0,0	0,0	0,0	0,950	0,000	5004,111	0,0	-49,4		05:30:07:724		
044:29:00,000	-49,5	11,3	12,6	-49,5	0,0	0,0	0,0	0,950	0,000	5004,000	0,0	-49,5		05:31:07:724		
044:30:00,000	-49,5	11,3	12,6	-49,5	0,0	0,0	0,0	0,950	0,000	5004,759	0,0	-49,3		05:32:07:724		
044:31:00,000	-49,5	11,3	12,5	-49,5	0,0	0,0	0,0	0,950	0,000	5003,000	0,0	-49,3		05:33:07:724		
044:32:00,000	-49,5	11,3	12,5	-49,5	0,0	0,0	0,0	0,950	0,000	5004,231	0,0	-49,2		05:34:07:724		
044:33:00,000	-49,4	11,3	12,5	-49,4	0,0	0,0	0,0	0,950	0,000	5007,667	0,0	-49,1		05:35:07:724		
044:34:00,000	-49,4	11,3	12,5	-49,4	0,0	0,0	0,0	0,950	0,000	5004,167	0,0	-49,2		05:36:07:724		
044:35:00,000	-49,4	11,3	12,5	-49,4	0,0	0,0	0,0	0,950	0,000	5003,202	0,0	-49,2		05:37:07:724		
044:36:00,000	-49,4	11,3	12,5	-49,4	0,0	0,0	0,0	0,950	0,000	5004,093	0,0	-49,3		05:38:07:724		
044:37:00,000	-49,4	11,3	12,5	-49,4	0,0	0,0	0,0	0,950	0,000	5004,185	0,0	-49,3		05:39:07:724		
044:38:00,000	-49,3	11,3	12,5	-49,3	0,0	0,0	0,0	0,950	0,000	5004,037	0,0	-49,3		05:40:07:724		
044:39:00,000	-49,3	11,3	12,5	-49,3	0,0	0,0	0,0	0,950	0,000	5009,815	0,0	-49,1		05:41:07:724		
044:40:00,000	-49,3	11,3	12,5	-49,3	0,0	0,0	0,0	0,950	0,000	5004,661	0,0	-49,1		05:42:07:724		
044:41:00,000	-49,3	11,3	12,5	-49,2	0,0	0,0	0,0	0,950	0,000	5004,926	0,0	-49,1		05:43:07:724		
044:42:00,000	-49,3	11,2	12,4	-49,3	0,0	0,0	0,0	0,950	0,000	5003,148	0,0	-49,2		05:44:07:724		
044:43:00,000	-49,3	11,2	12,4	-49,3	0,0	0,0	0,0	0,950	0,000	5003,611	0,0	-49,2		05:45:07:724		
044:44:00,000	-49,3	11,2	12,4	-49,3	0,0	0,0	0,0	0,950	0,000	5004,871	0,0	-49,1		05:46:07:724		
044:45:00,000	-49,4	11,3	12,4	-49,4	0,0	0,0	0,0	0,950	0,000	5008,278	0,0	-49,2		05:47:07:724		
044:46:00,000	-49,5	11,3	12,4	-49,5	0,0	0,0	0,0	0,950	0,000	5004,385	0,0	-49,3		05:48:07:724		
044:47:00,000	-49,4	11,3	12,4	-49,4	0,0	0,0	0,0	0,950	0,000	5004,981	0,0	-49,3		05:49:07:724		
044:48:00,000	-49,4	11,3	12,4	-49,4	0,0	0,0	0,0	0,950	0,000	5004,528	0,0	-49,3		05:50:07:724		
044:49:00,000	-49,3	11,3	12,4	-49,3	0,0	0,0	0,0	0,950	0,000	5004,037	0,0	-49,1		05:51:07:724		
044:50:00,000	-49,3	11,3	12,4	-49,3	0,0	0,0	0,0	0,950	0,000	5003,954	0,0	-49,1		05:52:07:724		
044:51:00,000	-49,4	11,2	12,4	-49,4	0,0	0,0	0,0	0,950	0,000	5007,019	0,0	-49,2		05:53:07:724		
044:52:00,000	-49,4	11,2	12,4	-49,4	0,0	0,0	0,0	0,950	0,000	5004,481	0,0	-49,4		05:54:07:724		
044:53:00,000	-49,4	11,1	12,3	-49,4	0,0	0,0	0,0	0,950	0,000	5003,815	0,0	-49,4		05:55:07:724		
044:54:00,000	-49,3	11,1	12,3	-49,3	0,0	0,0	0,0	0,950	0,000	5003,426	0,0	-49,2		05:56:07:724		
044:55:00,000	-49,3	11,1	12,3	-49,3	0,0	0,0	0,0	0,950	0,000	5003,621	0,0	-49,3		05:57:07:724		
044:56:00,000	-49,2	11,1	12,3	-49,2	0,0	0,0	0,0	0,950	0,000	5003,379	0,0	-49,1		05:58:07:724		
044:57:00,000	-49,3	11,1	12,3	-49,3	0,0	0,0	0,0	0,950	0,000	5007,569	0,0	-49,1		05:59:07:724		
044:58:00,000	-49,3	11,0	12,2	-49,3	0,0	0,0	0,0	0,950	0,000	5003,583	0,0	-49,1		06:00:07:724		
044:59:00,000	-49,3	11,0	12,2	-49,3	0,0	0,0	0,0	0,950	0,000	5002,972	0,0	-49,1		06:01:07:724		
045:00:00,000	-49,4	10,9	12,1	-49,4	0,0	0,0	0,0	0,950	0,000	5003,648	0,0	-49,3		06:02:07:724		
045:01:00,000	-49,4	10,9	12,1	-49,4	0,0	0,0	0,0	0,950	0,000	5003,167	0,0	-49,2		06:03:07:724		
045:02:00,000	-49,4	10,9	12,1	-49,4	0,0	0,0	0,0	0,950	0,000	5003,417	0,0	-49,4		06:04:07:724		
045:03:00,000	-49,4	11,9	12,1	-49,4	0,0	0,0	0,0	0,950	0,000	5007,194	0,0	-49,3		06:05:07:724		
045:04:00,000	-49,4	10,9	12,1	-49,4	0,0	0,0	0,0	0,950	0,000	5003,458	0,0	-49,3		06:06:07:724		
045:05:00,000	-49,4	10,9	12,1	-49,4	0,0	0,0	0,0	0,950	0,000	5002,944	0,0	-49,3		06:07:07:724		
045:06:00,000	-49,5	10,9	12,1	-49,5	0,0	0,0	0,0	0,950	0,000	5003,542	0,0	-49,4		06:08:07:724		
045:07:00,000	-49,5	10,9	12,1	-49,5	0,0	0,0	0,0	0,950	0,000	5004,000	0,0	-49,3		06:09:07:724		
045:08:00,000	-49,5	11,0	12,1	-49,5	0,0	0,0	0,0	0,950	0,000	5003,917	0,0	-49,4		06:10:07:724		
045:09:00,000	-49,5	11,0	12,1	-49,5	0,0	0,0	0,0	0,950	0,000	5007,278	0,0	-49,4		06:11:07:724		
045:10:00,000	-49,5	11,0	12,1	-49,5	0,0	0,0	0,0	0,950	0,000	5003,379	0,0	-49,4		06:12:07:724		
045:11:00,000	-49,6	11,0	12,1	-49,6	0,0	0,0	0,0	0,950	0,000	5003,037	0,0	-49,4		06:13:07:724		
045:12:00,000	-49,6	10,9	12,1	-49,6	0,0	0,0	0,0	0,950	0,000	5004,065	0,0	-49,5		06:14:07:724		
045:13:00,000	-49,6	10,8	12,0	-49,6	0,0	0,0	0,0	0,950	0,000	5003,796	0,0	-49,5		06:15:07:724		
045:14:00,000	-49,5	10,8	12,0	-49,5	0,0	0,0	0,0	0,950	0,000	5003,537	0,0	-49,4		06:16:07:724		
045:15:00,000	-49,4	10,7	11,9	-49,4	0,0	0,0	0,0	0,950	0,000	5006,685	0,0	-49,4		06:17:07:724		
045:16:00,000	-49,4	10,7	11,9	-49,4	0,0	0,0	0,0	0,950	0,000	5003,129	0,0	-49,2		06:18:07:724		
045:17:00,000	-49,5	10,7	11,9	-49,5	0,0	0,0	0,0	0,950	0,000	5004,185	0,0	-49,2		06:19:07:724		
045:18:00,000	-49,6	10,7	11,9	-49,6	0,0	0,0	0,0	0,950	0,000	5003,398	0,0	-49,5		06:20:07:724		
045:19:00,000	-49,6	10,7	11,9	-49,6	0,0	0,0	0,0	0,950	0,000	5002,629	0,0	-49,6		06:21:07:724		
045:20:00,000	-49,6	10,8	11,9	-49,6	0,0	0,0	0,0	0,950	0,000	5004,073	0,0	-49,4		06:22:07:724		
045:21:00,000	-49,7	10,8	11,9	-49,7	0,0	0,0	0,0	0,950	0,000	5006,907	0,0	-49,6		06:23:07:724		
045:22:00,000	-49,7	10,8	11,9	-49,7	0,0	0,0	0,0	0,950	0,000	5002,963	0,0	-49,7		06:24:07:724		
045:23:00,000	-49,7	10,8	11,9	-49,7	0,0	0,0	0,0	0,950	0,000	5003,093	0,0	-49,5		06:25:07:724		
045:24:00,000	-49,6	10,9	11,9	-49,6	0,0	0,0	0,0	0,950	0,000	5003,000	0,0	-49,4		06:26:07:724		
045:25:00,000	-49,6	10,9	11,9	-49,6	0,0	0,0	0,0	0,950	0,000	5003,565	0,0	-49,6		06:27:07:724		
045:26:00,000	-49,6	10,8	11,9	-49,6	0,0	0,0	0,0	0,950	0,000	5003,417	0,0	-49,5		06:28:07:724		
045:27:00,000	-49,6	10,8	11,9	-49,6	0,0	0,0	0,0	0,950	0,000	5005,963	0,0	-49,5		06:29:07:724		
045:28:00,000	-49,5	10,8	11,9	-49,5	0,0	0,0	0,0	0,950	0,000	5002,787	0,0	-49,5		06:30:07:724		
045:29:00,000	-49,5	10,8	11,9	-49,5	0,0	0,0	0,0	0,950	0,000	5003,278	0,0	-49,4		06:31:07:724		
045:30:00,000	-49,4	10,8	11,9	-49,4	0,0	0,0	0,0	0,950	0,000	5003,898	0,0	-49,2		06:32:07:724		
045:31:00,000	-49,3	10,8	11,9	-49,3	0,0	0,0	0,0	0,950	0,000	5003,395	0,0	-49,1		06:33:07:724		
045:32:00,000	-49,4	10,8	11,9	-49,3	0,0	0,0	0,0	0,950	0,000	5001,611	0,0	-49,1		06:34:07:724		
045:33:00,000	-49,4	10,8	11,9	-49,4	0,0	0,0	0,0	0,950	0,000	5006,046	0,0	-49,3		06:35:07:724		
045:34:00,000	-49,4	10,8	11,9	-49,4	0,0	0,0	0,0	0,950	0,000	5003,389	0,0	-49,2		06:36:07:724		
045:35:00,000	-49,4	10,8	11,9	-49,4	0,0	0,0	0,0	0,950	0,000	5003,389	0,0	-49,2		06:37:07:724		
045:36:00,000	-49,4	10,8	11,9	-49,4	0,0	0,0	0,0	0,950	0,000	5002,444	0,0	-49,3		06:38:07:724		
045:37:00,000	-49,4	10,8	11,9	-49,4	0,0	0,0	0,0	0,950	0,000	5003,621	0,0	-49,3		06:39:07:724		
045:38:00,000	-49,4	10,8	11,9	-49,4	0,0	0,0	0,0	0,950	0,000	5003,528	0,0	-49,4		06:40:07:724		
045:39:00,000	-49,4	10,8	11,9	-49,4	0,0	0,0	0,0	0,950	0,000	5007,000	0,0	-49,3		06:41:07:724		
045:40:00,000	-49,5	10,8	11,9	-49,5	0,0	0,0	0,0	0,950	0,000	5003,064	0,0	-49,4		06:42:07:724		
045:41:00,000	-49,4	10,8	11,9	-49,4	0,0	0,0	0,0	0,950	0,000	5003,194	0,0	-49,3		06:43:07:724		
045:42:00,000	-49,4	10,8	11,9	-49,4	0,0	0,0	0,0	0,950	0,000	5003,676	0,0	-49,3		06:44:07:724		
045:43:00,000	-49,5	10,8	11,9	-49,4	0,0	0,0	0,0	0,950	0,000	5004,102	0,0	-49,5		06:45:07:724		
045:44:00,000	-49,5	10,8	11,9	-49,5	0,0	0,0	0,0	0,950	0,000	5003,481	0,0	-49,3		06:46:07:724		
045:45:00,000	-49,6	10,8	11,9	-49,6	0,0	0,0	0,0	0,950	0,000	5006,385	0,0	-49,4		06:47:07:724		
045:46:00,000	-49,6	10,8	11,9	-49,6	0,0	0,0	0,0	0,950	0,000	5002,822	0,0	-49,3		06:48:07:724		
045:47:00,000	-49,5	10,9	11,9	-49,5	0,0	0,0	0,0	0,950	0,000	5004,472	0,0	-49,4		06:49:07:724		
045:48:00,000	-49,6	10,9	11,9	-49,6	0,0	0,0	0,0	0,950	0,000	5002,963	0,0	-49,4		06:50:07:724		
045:49:00,000	-49,6	10,9	11,9	-49,6	0,0	0,0	0,0	0,950	0,000	5004,278	0,0	-49,4		06:51:07:724		
045:50:00,000	-49,6	10,9	11,9	-49,6	0,0	0,0	0,0	0,950	0,000	5003,174	0,0	-49,4		06:52:07:724		
045:51:00,000	-49,7	10,9	11,9	-49,7	0,0	0,0	0,0	0,950	0,000	5009,472	0,0	-49,6		06:53:07:724		
045:52:00,000	-49,6	11,0	11,9	-49,6	0,0	0,0	0,0	0,950	0,000	5007,593	0,0	-49,4		06:54:07:724		
045:53:00,000	-49,7	11,1	11,9	-49,7	0,0	0,0	0,0	0,950	0,000	5003,787	0,0	-49,6		06:55:07:724		
045:54:00,000	-49,8	11,3	11,9	-49,8	0,0	0,0	0,0	0,950	0,000	5004,037	0,0	-49,6		06:56:07:724		
045:55:00,000	-49,7	11,7	12,0	-49,7	0,0	0,0	0,0	0,950	0,000	5004,037	0,0	-49,6		06:57:07:724		
045:56:00,000	-49,7	12,0	12,3	-49,7	0,0	0,0	0,0	0,950	0,000	5004,358	0,0	-49,6		06:58:07:724		
045:57:00,000	-49,7	12,1	12,4	-49,7	0,0	0,0	0,0	0,950	0,000	5008,194	0,0	-49,6		06:59:07:724		
045:58:00,000	-49,7	12,3	12,5	-49,7	0,0	0,0	0,0	0,950	0,000	5003,926	0,0	-49,6		07:00:07:724		
045:59:00,000	-49,7	12,4	12,7	-49,7	0,0	0,0	0,0	0,950	0,000	5004,972	0,0	-49,7		07:01:07:724		
046:00:00,000	-49,8	12,5	12,8	-49,7	0,0	0,0	0,0	0,950	0,000	5005,324	0,0	-49,7		07:02:07:724		
046:01:00,000	-49,7	12,8	12,9	-49,7	0,0	0,0	0,0	0,950	0,000	5005,898	0,0	-49,4		07:03:07:724		
046:02:00,000	-49,7	12,8	13,0	-49,7	0,0	0,0	0,0	0,950	0,000	5005,514	0,0	-49,5		07:04:07:724		
046:03:00,000	-49,7	12,8	13,0	-49,7	0,0	0,0	0,0	0,950	0,000	5008,685	0,0	-49,6		07:05:07:724		
046:04:00,000	-49,7	13,0	13,1	-49,7	0,0	0,0	0,0	0,950	0,000	5006,426	0,0	-49,5		07:06:07:724		
046:05:00,000	-49,6	13,1	13,3	-49,6	0,0	0,0	0,0	0,950	0,000	5006,176	0,0	-49,6		07:07:07:724		
046:06:00,000	-49,7	13,2	13,4	-49,7	0,0	0,0	0,0	0,950	0,000	5006,296	0,0	-49,6		07:08:07:724		
046:07:00,000	-49,7	13,5	13,5	-49,7	0,0	0,0	0,0	0,950	0,000	5006,806	0,0	-49,6		07:09:07:724		
046:08:00,000	-49,7	13,6	13,7	-49,7	0,0	0,0	0,0	0,950	0,000	5005,954	0,0	-49,5		07:10:07:724		
046:09:00,000	-49,7	13,8	13,8	-49,7	0,0	0,0	0,0	0,950	0,000	5009,629	0,0	-49,5		07:11:07:724		
046:10:00,000	-49,7	13,8	13,8	-49,7	0,0	0,0	0,0	0,950	0,000	5006,869	0,0	-49,6		07:12:07:724		
046:11:00,000	-49,7	14,0	13,9	-49,7	0,0	0,0	0,0	0,950	0,000	5007,065	0,0	-49,7		07:13:07:724		
046:12:00,000	-49,7	14,1	14,0	-49,7	0,0	0,0	0,0	0,950	0,000	5007,458	0,0	-49,5		07:14:07:724		
046:13:00,000	-49,7	14,2	14,1	-49,7	0,0	0,0	0,0	0,950	0,000	5007,231	0,0	-49,5		07:15:07:724		
046:14:00,000	-49,7	14,2	14,2	-49,7	0,0	0,0	0,0	0,950	0,000	5005,991	0,0	-49,5		07:16:07:724		
046:15:00,000	-49,6	14,2	14,2	-49,6	0,0	0,0	0,0	0,950	0,000	5011,037	0,0	-49,6		07:17:07:724		
046:16:00,000	-49,7	14,2	14,2	-49,7	0,0	0,0	0,0	0,950	0,000	5007,241	0,0	-49,6		07:18:07:724		
046:17:00,000	-49,7	14,2	14,2	-49,6	0,0	0,0	0,0	0,950	0,000	5008,167	0,0	-49,5		07:19:07:724		
046:18:00,000	-49,7	14,2	14,2	-49,7	0,0	0,0	0,0	0,950	0,000	5007,417	0,0	-49,6		07:20:07:724		
046:19:00,000	-49,7	14,3	14,2	-49,7	0,0	0,0	0,0	0,950	0,000	5007,266	0,0	-49,7		07:21:07:724		
046:20:00,000	-49,7	14,3	14,2	-49,7	0,0	0,0	0,0	0,950	0,000	5006,565	0,0	-49,4		07:22:07:724		
046:21:00,000	-49,7	14,3	14,2	-49,7	0,0	0,0	0,0	0,950	0,000	5010,481	0,0	-49,6		07:23:07:724		
046:22:00,000	-49,7	14,4	14,3	-49,7	0,0	0,0	0,0	0,950	0,000	5007,731	0,0	-49,6		07:24:07:724		
046:23:00,000	-49,7	14,7	14,4	-49,7	0,0	0,0	0,0	0,950	0,000	5007,602	0,0	-49,6		07:25:07:724		
046:24:00,000	-49,5	15,0	14,7	-49,5	0,0	0,0	0,0	0,950	0,000	5007,000	0,0	-49,4		07:26:07:724		
046:25:00,000	-49,4	15,4	14,9	-49,4	0,0	0,0	0,0	0,950	0,000	5007,574	0,0	-49,3		07:27:07:724		
046:26:00,000	-49,3	15,5	15,1	-49,3	0,0	0,0	0,0	0,950	0,000	5008,156	0,0	-49,2		07:28:07:724		
046:27:00,000	-49,4	15,5	15,1	-49,4	0,0	0,0	0,0	0,950	0,000	5012,222	0,0	-49,2		07:29:07:724		
046:28:00,000	-49,4	15,6	15,2	-49,4	0,0	0,0	0,0	0,950	0,000	5007,750	0,0	-49,4		07:30:07:724		
046:29:00,000	-49,3	15,5	15,2	-49,3	0,0	0,0	0,0	0,950	0,000	5007,574	0,0	-49,3		07:31:07:724		
046:30:00,000	-49,3	15,4	15,2	-49,3	0,0	0,0	0,0	0,950	0,000	5009,528	0,0	-49,2		07:32:07:724		
046:31:00,000	-49,1	15,4	15,2	-49,1	0,0	0,0	0,0	0,950	0,000	5008,296	0,0	-49,0		07:33:07:724		
046:32:00,000	-49,2	15,4	15,2	-49,1	0,0	0,0	0,0	0,950	0,000	5008,231	0,0	-49,0		07:34:07:724		
046:33:00,000	-49,2	15,3	15,2	-49,2	0,0	0,0	0,0	0,950	0,000	5010,657	0,0	-49,0		07:35:07:724		
046:34:00,000	-49,4	15,4	15,2	-49,4	0,0	0,0	0,0	0,950	0,000	5007,509	0,0	-49,3		07:36:07:724		
046:35:00,000	-49,3	15,7	15,2	-49,3	0,0	0,0	0,0	0,950	0,000	5008,111	0,0	-49,2		07:37:07:724		
046:36:00,000	-49,3	15,9	15,3	-49,3	0,0	0,0	0,0	0,950	0,000	5007,843	0,0	-49,0		07:38:07:724		
046:37:00,000	-49,4	16,2	15,5	-49,3	0,0	0,0	0,0	0,950	0,000	5009,157	0,0	-49,3		07:39:07:724		
046:38:00,000	-49,3	16,3	15,6	-49,3	0,0	0,0	0,0	0,950	0,000	5008,269	0,0	-49,0		07:40:07:724		
046:39:00,000	-49,3	16,4	15,7	-49,3	0,0	0,0	0,0	0,950	0,000	5012,019	0,0	-48,9		07:41:07:724		
046:40:00,000	-49,3	16,5	15,8	-49,2	0,0	0,0	0,0	0,950	0,000	5008,496	0,0	-49,1		07:42:07:724		
046:41:00,000	-49,2	16,7	15,8	-49,2	0,0	0,0	0,0	0,950	0,000	5007,731	0,0	-49,0		07:43:07:724		
046:42:00,000	-49,2	17,0	16,1	-49,1	0,0	0,0	0,0	0,950	0,000	5009,556	0,0	-49,0		07:44:07:724		
046:43:00,000	-49,3	17,3	16,4	-49,3	0,0	0,0	0,0	0,950	0,000	5008,843	0,0	-49,1		07:45:07:724		
046:44:00,000	-49,0	17,5	16,6	-49,0	0,0	0,0	0,0	0,950	0,000	5009,009	0,0	-49,0		07:46:07:724		
046:45:00,000	-49,2	17,5	16,6	-49,2	0,0	0,0	0,0	0,950	0,000	5012,907	0,0	-49,2		07:47:07:724		
046:46:00,000	-49,2	17,5	16,7	-49,2	0,0	0,0	0,0	0,950	0,000	5009,352	0,0	-49,1		07:48:07:724		
046:47:00,000	-49,2	17,4	16,7	-49,2	0,0	0,0	0,0	0,950	0,000	5010,019	0,0	-48,9		07:49:07:724		
046:48:00,000	-48,8	17,6	16,7	-48,8	0,0	0,0	0,0	0,950	0,000	5009,211	0,0	-48,6		07:50:07:724		
046:49:00,000	-49,1	17,4	16,7	-49,1	0,0	0,0	0,0	0,950	0,000	5009,019	0,0	-49,0		07:51:07:724		
046:50:00,000	-48,9	17,6	16,8	-48,9	0,0	0,0	0,0	0,950	0,000	5009,907	0,0	-48,7		07:52:07:724		
046:51:00,000	-48,3	18,0	17,0	-48,4	0,0	0,0	0,0	0,950	0,000	5014,241	0,0	-48,1		07:53:07:724		
046:52:00,000	-48,7	18,0	17,1	-48,6	0,0	0,0	0,0	0,950	0,000	5010,176	0,0	-48,3		07:54:07:724		
046:53:00,000	-48,8	18,2	17,3	-48,8	0,0	0,0	0,0	0,950	0,000	5010,278	0,0	-48,6		07:55:07:724		
046:54:00,000	-49,2	18,3	17,4	-49,2	0,0	0,0	0,0	0,950	0,000	5010,352	0,0	-49,1		07:56:07:724		
046:55:00,000	-48,9	18,3	17,4	-48,9	0,0	0,0	0,0	0,950	0,000	5010,528	0,0	-48,6		07:57:07:724		
046:56:00,000	-48,7	18,5	17,5	-48,7	0,0	0,0	0,0	0,950	0,000	5010,542	0,0	-48,8		07:58:07:724		
046:57:00,000	-48,9	18,4	17,5	-48,8	0,0	0,0	0,0	0,950	0,000	5014,444	0,0	-48,6		07:59:07:724		
046:58:00,000	-48,9	18,3	17,5	-48,9	0,0	0,0	0,0	0,950	0,000	5011,454	0,0	-48,8		08:00:07:724		
046:59:00,000	-49,1	18,0	17,5	-49,1	0,0	0,0	0,0	0,950	0,000	5010,398	0,0	-48,8		08:01:07:724		
047:00:00,000	-49,1	18,1	17,5	-49,1	0,0	0,0	0,0	0,950	0,000	5011,371	0,0	-48,9		08:02:07:724		
047:01:00,000	-48,5	18,5	17,5	-48,5	0,0	0,0	0,0	0,950	0,000	5010,741	0,0	-48,2		08:03:07:724		
047:02:00,000	-48,3	18,6	17,6	-48,3	0,0	0,0	0,0	0,950	0,000	5010,761	0,0	-48,0		08:04:07:724		
047:03:00,000	-48,9	18,5	17,6	-48,9	0,0	0,0	0,0	0,950	0,000	5017,546	0,0	-48,6		08:05:07:724		
047:04:00,000	-48,8	18,5	17,6	-48,8	0,0	0,0	0,0	0,950	0,000	5011,389	0,0	-48,5		08:06:07:724		
047:05:00,000	-48,9	18,4	17,6	-48,9	0,0	0,0	0,0	0,950	0,000	5010,602	0,0	-48,8		08:07:07:724		
047:06:00,000	-49,5	18,3	17,6	-49,5	0,0	0,0	0,0	0,950	0,000	5010,926	0,0	-49,4		08:08:07:724		
047:07:00,000	-49,4	18,5	17,7	-49,4	0,0	0,0	0,0	0,950	0,000	5011,963	0,0	-49,3		08:09:07:724		
047:08:00,000	-48,7	18,6	17,8	-48,7	0,0	0,0	0,0	0,950	0,000	5011,259	0,0	-48,5		08:10:07:724		
047:09:00,000	-49,0	18,4	17,8	-48,9	0,0	0,0	0,0	0,950	0,000	5013,250	0,0	-48,9		08:11:07:724		
047:10:00,000	-49,6	18,5	17,8	-49,5	0,0	0,0	0,0	0,950	0,000	5011,037	0,0	-49,2		08:12:07:724		
047:11:00,000	-49,0	18,8	17,9	-48,9	0,0	0,0	0,0	0,950	0,000	5010,973	0,0	-48,7		08:13:07:724		
047:12:00,000	-48,4	18,8	17,9	-48,4	0,0	0,0	0,0	0,950	0,000	5011,259	0,0	-48,1		08:14:07:724		
047:13:00,000	-48,9	18,6	17,9	-48,9	0,0	0,0	0,0	0,950	0,000	5011,259	0,0	-48,7		08:15:07:724		
047:14:00,000	-48,7	18,6	17,9	-48,7	0,0	0,0	0,0	0,950	0,000	5011,083	0,0	-48,4		08:16:07:724		
047:15:00,000	-48,9	18,4	17,9	-48,9	0,0	0,0	0,0	0,950	0,000	5014,398	0,0	-48,6		08:17:07:724		
047:16:00,000	-49,1	18,1	17,9	-49,1	0,0	0,0	0,0	0,950	0,000	5010,852	0,0	-48,9		08:18:07:724		
047:17:00,000	-49,5	18,2	17,9	-49,5	0,0	0,0	0,0	0,950	0,000	5011,639	0,0	-49,4		08:19:07:724		
047:18:00,000	-49,1	18,7	17,9	-49,0	0,0	0,0	0,0	0,950	0,000	5011,176	0,0	-48,9		08:20:07:724		
047:19:00,000	-48,6	18,8	18,0	-48,6	0,0	0,0	0,0	0,950	0,000	5010,852	0,0	-48,5		08:21:07:724		
047:20:00,000	-48,7	18,8	18,0	-48,7	0,0	0,0	0,0	0,950	0,000	5011,697	0,0	-48,8		08:22:07:724		
047:21:00,000	-48,8	18,9	18,1	-48,8	0,0	0,0	0,0	0,950	0,000	5015,167	0,0	-48,5		08:23:07:724		
047:22:00,000	-48,9	18,9	18,2	-48,9	0,0	0,0	0,0	0,950	0,000	5012,871	0,0	-48,7		08:24:07:724		
047:23:00,000	-48,8	18,9	18,2	-48,8	0,0	0,0	0,0	0,950	0,000	5012,352	0,0	-48,7		08:25:07:724		
047:24:00,000	-49,3	18,9	18,2	-49,3	0,0	0,0	0,0	0,950	0,000	5012,138	0,0	-49,2		08:26:07:724		
047:25:00,000	-49,3	19,0	18,2	-49,3	0,0	0,0	0,0	0,950	0,000	5012,759	0,0	-49,3		08:27:07:724		
047:26:00,000	-49,1	19,3	18,5	-49,1	0,0	0,0	0,0	0,950	0,000	5012,389	0,0	-48,9		08:28:07:724		
047:27:00,000	-49,1	19,4	18,6	-49,1	0,0	0,0	0,0	0,950	0,000	5016,621	0,0	-48,9		08:29:07:724		
047:28:00,000	-49,1	19,5	18,6	-49,1	0,0	0,0	0,0	0,950	0,000	5013,167	0,0	-48,9		08:30:07:724		
047:29:00,000	-49,3	19,4	18,7	-49,3	0,0	0,0	0,0	0,950	0,000	5012,972	0,0	-49,0		08:31:07:724		
047:30:00,000	-48,7	19,6	18,8	-48,7	0,0	0,0	0,0	0,950	0,000	5012,981	0,0	-48,5		08:32:07:724		
047:31:00,000	-48,9	19,4	18,8	-48,9	0,0	0,0	0,0	0,950	0,000	5012,872	0,0	-48,5		08:33:07:724		
047:32:00,000	-49,2	18,9	18,8	-49,2	0,0	0,0	0,0	0,950	0,000	5012,833	0,0	-49,2		08:34:07:724		
047:33:00,000	-49,3	19,1	18,8	-49,3	0,0	0,0	0,0	0,950	0,000	5016,213	0,0	-49,3		08:35:07:724		
047:34:00,000	-49,2	19,4	18,8	-49,2	0,0	0,0	0,0	0,950	0,000	5013,546	0,0	-49,1		08:36:07:724		
047:35:00,000	-49,1	19,3	18,8	-49,1	0,0	0,0	0,0	0,950	0,000	5013,239	0,0	-49,1		08:37:07:724		
047:36:00,000	-49,6	19,1	18,8	-49,6	0,0	0,0	0,0	0,950	0,000	5013,121	0,0	-49,3		08:38:07:724		
047:37:00,000	-49,1	19,3	18,8	-49,1	0,0	0,0	0,0	0,950	0,000	5013,159	0,0	-49,1		08:39:07:724		
047:38:00,000	-48,6	19,6	18,8	-48,6	0,0	0,0	0,0	0,950	0,000	5012,752	0,0	-48,4		08:40:07:724		
047:39:00,000	-48,7	19,6	18,8	-48,7	0,0	0,0	0,0	0,950	0,000	5016,713	0,0	-48,6		08:41:07:724		
047:40:00,000	-48,5	19,7	18,8	-48,5	0,0	0,0	0,0	0,950	0,000	5013,583	0,0	-48,1		08:42:07:724		
047:41:00,000	-48,8	19,7	18,8	-48,8	0,0	0,0	0,0	0,950	0,000	5013,685	0,0	-48,6		08:43:07:724		
047:42:00,000	-48,4	19,7	18,8	-48,4	0,0	0,0	0,0	0,950	0,000	5012,991	0,0	-48,2		08:44:07:724		
047:43:00,000	-48,4	19,9	18,9	-48,4	0,0	0,0	0,0	0,950	0,000	5013,371	0,0	-48,2		08:45:07:724		
047:44:00,000	-47,6	20,2	19,2	-47,6	0,0	0,0	0,0	0,950	0,000	5013,593	0,0	-47,4		08:46:07:724		
047:45:00,000	-48,1	19,6	19,2	-48,1	0,0	0,0	0,0	0,950	0,000	5016,833	0,0	-48,0		08:47:07:724		
047:46:00,000	-48,4	19,4	19,2	-48,4	0,0	0,0	0,0	0,950	0,000	5012,917	0,0	-48,3		08:48:07:724		
047:47:00,000	-48,2	19,4	19,2	-48,2	0,0	0,0	0,0	0,950	0,000	5013,537	0,0	-48,1		08:49:07:724		
047:48:00,000	-48,3	19,8	19,2	-48,3	0,0	0,0	0,0	0,950	0,000	5014,093	0,0	-48,2		08:50:07:724		
047:49:00,000	-48,0	20,1	19,2	-47,9	0,0	0,0	0,0	0,950	0,000	5013,204	0,0	-47,7		08:51:07:724		
047:50:00,000	-48,6	19,8	19,2	-48,6	0,0	0,0	0,0	0,950	0,000	5013,333	0,0	-48,5		08:52:07:724		
047:51:00,000	-49,3	19,8	19,2	-49,3	0,0	0,0	0,0	0,950	0,000	5015,852	0,0	-49,2		08:53:07:724		
047:52:00,000	-48,5	20,4	19,3	-48,5	0,0	0,0	0,0	0,950	0,000	5013,578	0,0	-48,1		08:54:07:724		
047:53:00,000	-47,3	20,9	19,6	-47,3	0,0	0,0	0,0	0,950	0,000	5013,898	0,0	-47,1		08:55:07:724		
047:54:00,000	-47,6	20,8	19,7	-47,6	0,0	0,0	0,0	0,950	0,000	5014,407	0,0	-47,3		08:56:07:724		
047:55:00,000	-47,8	21,2	19,9	-47,8	0,0	0,0	0,0	0,950	0,000	5014,917	0,0	-47,5		08:57:07:724		
047:56:00,000	-47,7	21,3	20,1	-47,7	0,0	0,0	0,0	0,950	0,000	5014,741	0,0	-47,5		08:58:07:724		
047:57:00,000	-48,1	21,4	20,3	-48,1	0,0	0,0	0,0	0,950	0,000	5018,852	0,0	-47,9		08:59:07:724		
047:58:00,000	-47,8	21,6	20,5	-47,8	0,0	0,0	0,0	0,950	0,000	5014,862	0,0	-47,9		09:00:07:724		
047:59:00,000	-47,3	21,9	20,7	-47,3	0,0	0,0	0,0	0,950	0,000	5014,944	0,0	-47,1		09:01:07:724		
048:00:00,000	-48,0	21,2	20,8	-48,0	0,0	0,0	0,0	0,950	0,000	5015,713	0,0	-47,9		09:02:07:724		
048:01:00,000	-48,6	20,3	20,3	-48,5	0,0	0,0	0,0	0,950	0,000	5014,121	0,0	-48,3		09:03:07:724		
048:02:00,000	-48,4	20,1	20,0	-48,4	0,0	0,0	0,0	0,950	0,000	5014,523	0,0	-48,2		09:04:07:724		
048:03:00,000	-48,3	20,2	19,9	-48,3	0,0	0,0	0,0	0,950	0,000	5017,287	0,0	-48,1		09:05:07:724		
048:04:00,000	-47,7	20,4	19,9	-47,7	0,0	0,0	0,0	0,950	0,000	5014,843	0,0	-47,5		09:06:07:724		
048:05:00,000	-48,4	20,6	19,9	-48,4	0,0	0,0	0,0	0,950	0,000	5015,046	0,0	-48,3		09:07:07:724		
048:06:00,000	-48,0	21,4	20,3	-48,0	0,0	0,0	0,0	0,950	0,000	5014,629	0,0	-47,9		09:08:07:724		
048:07:00,000	-47,9	21,5	20,4	-47,9	0,0	0,0	0,0	0,950	0,000	5016,509	0,0	-47,7		09:09:07:724		
048:08:00,000	-47,7	21,9	20,8	-47,7	0,0	0,0	0,0	0,950	0,000	5015,615	0,0	-47,5		09:10:07:724		
048:09:00,000	-46,6	22,9	21,4	-46,6	0,0	0,0	0,0	0,950	0,000	5019,639	0,0	-46,6		09:11:07:724		
048:10:00,000	-47,9	23,5	21,9	-47,9	0,0	0,0	0,0	0,950	0,000	5017,167	0,0	-47,7		09:12:07:724		
048:11:00,000	-48,5	23,2	22,0	-48,5	0,0	0,0	0,0	0,950	0,000	5016,565	0,0	-48,2		09:13:07:724		
048:12:00,000	-47,1	23,4	22,0	-47,1	0,0	0,0	0,0	0,950	0,000	5016,881	0,0	-47,0		09:14:07:724		
048:13:00,000	-46,7	23,4	22,0	-46,7	0,0	0,0	0,0	0,950	0,000	5016,991	0,0	-46,6		09:15:07:724		
048:14:00,000	-47,7	23,2	22,0	-47,7	0,0	0,0	0,0	0,950	0,000	5017,167	0,0	-47,5		09:16:07:724		
048:15:00,000	-47,2	23,3	22,1	-47,2	0,0	0,0	0,0	0,950	0,000	5023,771	0,0	-46,9		09:17:07:724		
048:16:00,000	-47,4	23,1	22,1	-47,4	0,0	0,0	0,0	0,950	0,000	5015,972	0,0	-47,3		09:18:07:724		
048:17:00,000	-47,5	22,9	22,1	-47,5	0,0	0,0	0,0	0,950	0,000	5017,824	0,0	-47,5		09:19:07:724		
048:18:00,000	-48,2	22,4	22,1	-48,2	0,0	0,0	0,0	0,950	0,000	5016,000	0,0	-48,1		09:20:07:724		
048:19:00,000	-48,2	22,5	22,1	-48,2	0,0	0,0	0,0	0,950	0,000	5018,750	0,0	-47,9		09:21:07:724		
048:20:00,000	-48,5	22,9	22,1	-48,5	0,0	0,0	0,0	0,950	0,000	5016,796	0,0	-48,3		09:22:07:724		
048:21:00,000	-47,5	23,6	22,3	-47,5	0,0	0,0	0,0	0,950	0,000	5020,532	0,0	-47,3		09:23:07:724		
048:22:00,000	-47,9	23,6	22,5	-47,9	0,0	0,0	0,0	0,950	0,000	5018,000	0,0	-47,7		09:24:07:724		
048:23:00,000	-48,3	23,0	22,4	-48,3	0,0	0,0	0,0	0,950	0,000	5016,565	0,0	-48,1		09:25:07:724		
048:24:00,000	-48,5	22,4	22,1	-48,5	0,0	0,0	0,0	0,950	0,000	5015,574	0,0	-48,2		09:26:07:724		
048:25:00,000	-48,9	22,0	21,6	-48,9	0,0	0,0	0,0	0,950	0,000	5015,815	0,0	-48,9		09:27:07:724		
048:26:00,000	-48,6	22,0	21,6	-48,6	0,0	0,0	0,0	0,950	0,000	5016,167	0,0	-48,3		09:28:07:724		
048:27:00,000	-47,0	22,5	21,6	-47,0	0,0	0,0	0,0	0,950	0,000	5020,284	0,0	-46,6		09:29:07:724		
048:28:00,000	-46,5	22,3	21,6	-46,5	0,0	0,0	0,0	0,950	0,000	5016,000	0,0	-46,4		09:30:07:724		
048:29:00,000	-46,9	21,6	21,3	-46,8	0,0	0,0	0,0	0,950	0,000	5015,731	0,0	-46,6		09:31:07:724		
048:30:00,000	-46,9	21,5	21,2	-46,9	0,0	0,0	0,0	0,950	0,000	5015,611	0,0	-46,8		09:32:07:724		
048:31:00,000	-47,6	21,5	21,2	-47,6	0,0	0,0	0,0	0,950	0,000	5014,824	0,0	-47,4		09:33:07:724		
048:32:00,000	-47,2	21,4	21,2	-47,2	0,0	0,0	0,0	0,950	0,000	5014,496	0,0	-47,0		09:34:07:724		
048:33:00,000	-47,4	21,2	21,0	-47,4	0,0	0,0	0,0	0,950	0,000	5018,379	0,0	-47,1		09:35:07:724		
048:34:00,000	-46,9	21,6	21,0	-46,8	0,0	0,0	0,0	0,950	0,000	5014,898	0,0	-46,6		09:36:07:724		
048:35:00,000	-46,9	21,7	21,0	-46,9	0,0	0,0	0,0	0,950	0,000	5016,111	0,0	-46,6		09:37:07:724		
048:36:00,000	-46,7	21,9	21,0	-46,7	0,0	0,0	0,0	0,950	0,000	5016,121	0,0	-46,5		09:38:07:724		
048:37:00,000	-47,0	22,3	21,2	-47,0	0,0	0,0	0,0	0,950	0,000	5015,657	0,0	-46,7		09:39:07:724		
048:38:00,000	-46,6	23,2	21,8	-46,6	0,0	0,0	0,0	0,950	0,000	5017,269	0,0	-46,5		09:40:07:724		
048:39:00,000	-46,5	24,0	22,5	-46,5	0,0	0,0	0,0	0,950	0,000	5020,296	0,0	-46,3		09:41:07:724		
048:40:00,000	-47,3	24,6	23,0	-47,3	0,0	0,0	0,0	0,950	0,000	5019,231	0,0	-47,0		09:42:07:724		
048:41:00,000	-47,7	24,7	23,2	-47,7	0,0	0,0	0,0	0,950	0,000	5017,358	0,0	-47,6		09:43:07:724		
048:42:00,000	-46,2	24,5	23,4	-46,2	0,0	0,0	0,0	0,950	0,000	5018,139	0,0	-46,1		09:44:07:724		
048:43:00,000	-47,4	23,6	23,3	-47,4	0,0	0,0	0,0	0,950	0,000	5018,269	0,0	-47,3		09:45:07:724		
048:44:00,000	-47,7	23,3	23,0	-47,7	0,0	0,0	0,0	0,950	0,000	5018,771	0,0	-47,6		09:46:07:724		
048:45:00,000	-48,3	23,4	22,9	-48,3	0,0	0,0	0,0	0,950	0,000	5021,269	0,0	-48,2		09:47:07:724		
048:46:00,000	-48,2	24,0	23,0	-48,2	0,0	0,0	0,0	0,950	0,000	5016,583	0,0	-48,0		09:48:07:724		
048:47:00,000	-47,2	24,9	23,5	-47,2	0,0	0,0	0,0	0,950	0,000	5019,454	0,0	-47,1		09:49:07:724		
048:48:00,000	-47,4	25,2	23,9	-47,4	0,0	0,0	0,0	0,950	0,000	5018,587	0,0	-47,1		09:50:07:724		
048:49:00,000	-47,3	24,9	23,9	-47,3	0,0	0,0	0,0	0,950	0,000	5019,636	0,0	-47,3		09:51:07:724		
048:50:00,000	-47,2	24,5	23,9	-47,1	0,0	0,0	0,0	0,950	0,000	5019,009	0,0	-46,9		09:52:07:724		
048:51:00,000	-47,1	23,8	23,4	-47,0	0,0	0,0	0,0	0,950	0,000	5020,861	0,0	-46,8		09:53:07:724		
048:52:00,000	-46,9	23,2	22,9	-46,9	0,0	0,0	0,0	0,950	0,000	5017,037	0,0	-46,8		09:54:07:724		
048:53:00,000	-47,5	22,8	22,6	-47,5	0,0	0,0	0,0	0,950	0,000	5017,444	0,0	-47,4		09:55:07:724		
048:54:00,000	-47,6	22,9	22,5	-47,6	0,0	0,0	0,0	0,950	0,000	5016,936	0,0	-47,4		09:56:07:724		
048:55:00,000	-47,9	22,8	22,5	-47,9	0,0	0,0	0,0	0,950	0,000	5017,528	0,0	-47,7		09:57:07:724		
048:56:00,000	-48,0	23,3	22,5	-48,0	0,0	0,0	0,0	0,950	0,000	5016,722	0,0	-47,6		09:58:07:724		
048:57:00,000	-48,3	24,0	22,8	-48,3	0,0	0,0	0,0	0,950	0,000	5020,472	0,0	-48,1		09:59:07:724		
048:58:00,000	-48,0	24,0	22,9	-48,0	0,0	0,0	0,0	0,950	0,000	5018,435	0,0	-47,9		10:00:07:724		
048:59:00,000	-47,2	24,4	23,2	-47,2	0,0	0,0	0,0	0,950	0,000	5018,222	0,0	-47,1		10:01:07:724		
049:00:00,000	-46,4	24,6	23,4	-46,4	0,0	0,0	0,0	0,950	0,000	5019,450	0,0	-46,2		10:02:07:724		
049:01:00,000	-46,9	23,6	23,3	-46,9	0,0	0,0	0,0	0,950	0,000	5018,019	0,0	-46,7		10:03:07:724		
049:02:00,000	-46,8	22,8	22,7	-46,8	0,0	0,0	0,0	0,950	0,000	5017,407	0,0	-46,4		10:04:07:724		
049:03:00,000	-47,6	22,1	22,1	-47,6	0,0	0,0	0,0	0,950	0,000	5020,343	0,0	-47,5		10:05:07:724		
049:04:00,000	-46,9	22,3	22,0	-46,9	0,0	0,0	0,0	0,950	0,000	5016,991	0,0	-46,8		10:06:07:724		
049:05:00,000	-46,7	22,7	22,0	-46,7	0,0	0,0	0,0	0,950	0,000	5017,796	0,0	-46,3		10:07:07:724		
049:06:00,000	-47,2	23,5	22,5	-47,2	0,0	0,0	0,0	0,950	0,000	5017,807	0,0	-47,0		10:08:07:724		
049:07:00,000	-45,9	24,1	22,9	-45,9	0,0	0,0	0,0	0,950	0,000	5018,168	0,0	-45,5		10:09:07:724		
049:08:00,000	-46,0	23,9	23,0	-46,0	0,0	0,0	0,0	0,950	0,000	5017,361	0,0	-45,7		10:10:07:724		
049:09:00,000	-46,5	24,1	23,1	-46,5	0,0	0,0	0,0	0,950	0,000	5021,583	0,0	-46,1		10:11:07:724		
049:10:00,000	-46,9	24,3	23,3	-46,9	0,0	0,0	0,0	0,950	0,000	5018,935	0,0	-46,6		10:12:07:724		
049:11:00,000	-48,4	24,2	23,3	-48,4	0,0	0,0	0,0	0,950	0,000	5018,587	0,0	-48,1		10:13:07:724		
049:12:00,000	-48,2	24,4	23,5	-48,2	0,0	0,0	0,0	0,950	0,000	5019,519	0,0	-47,9		10:14:07:724		
049:13:00,000	-49,1	24,5	23,6	-49,1	0,0	0,0	0,0	0,950	0,000	5019,704	0,0	-48,9		10:15:07:724		
049:14:00,000	-49,1	24,4	23,7	-49,1	0,0	0,0	0,0	0,950	0,000	5018,806	0,0	-48,9		10:16:07:724		
049:15:00,000	-48,1	24,2	23,7	-48,0	0,0	0,0	0,0	0,950	0,000	5022,333	0,0	-47,9		10:17:07:724		
049:16:00,000	-46,7	24,1	23,7	-46,7	0,0	0,0	0,0	0,950	0,000	5018,185	0,0	-46,4		10:18:07:724		
049:17:00,000	-46,1	24,0	23,6	-46,1	0,0	0,0	0,0	0,950	0,000	5019,807	0,0	-46,0		10:19:07:724		
049:18:00,000	-46,5	23,8	23,5	-46,4	0,0	0,0	0,0	0,950	0,000	5018,759	0,0	-46,3		10:20:07:724		
049:19:00,000	-46,4	23,6	23,3	-46,3	0,0	0,0	0,0	0,950	0,000	5017,926	0,0	-46,2		10:21:07:724		
049:20:00,000	-47,3	23,6	23,3	-47,3	0,0	0,0	0,0	0,950	0,000	5018,056	0,0	-46,9		10:22:07:724		
049:21:00,000	-46,9	24,1	23,3	-46,9	0,0	0,0	0,0	0,950	0,000	5021,852	0,0	-46,6		10:23:07:724		
049:22:00,000	-46,4	24,6	23,6	-46,4	0,0	0,0	0,0	0,950	0,000	5020,193	0,0	-46,2		10:24:07:724		
049:23:00,000	-46,3	24,9	23,8	-46,3	0,0	0,0	0,0	0,950	0,000	5020,121	0,0	-46,0		10:25:07:724		
049:24:00,000	-46,7	25,0	24,1	-46,7	0,0	0,0	0,0	0,950	0,000	5019,481	0,0	-46,6		10:26:07:724		
049:25:00,000	-47,5	24,9	24,2	-47,5	0,0	0,0	0,0	0,950	0,000	5018,787	0,0	-47,1		10:27:07:724		
049:26:00,000	-48,0	25,1	24,2	-48,0	0,0	0,0	0,0	0,950	0,000	5019,722	0,0	-47,7		10:28:07:724		
049:27:00,000	-46,5	25,3	24,5	-46,5	0,0	0,0	0,0	0,950	0,000	5023,250	0,0	-46,4		10:29:07:724		
049:28:00,000	-48,0	25,2	24,5	-48,0	0,0	0,0	0,0	0,950	0,000	5023,707	0,0	-47,9		10:30:07:724		
049:29:00,000	-47,5	25,8	24,7	-47,5	0,0	0,0	0,0	0,950	0,000	5019,778	0,0	-47,1		10:31:07:724		
049:30:00,000	-47,0	26,1	25,1	-47,0	0,0	0,0	0,0	0,950	0,000	5021,361	0,0	-46,9		10:32:07:724		
049:31:00,000	-47,1	25,5	25,1	-47,2	0,0	0,0	0,0	0,950	0,000	5019,639	0,0	-46,9		10:33:07:724		
049:32:00,000	-47,3	25,3	25,0	-47,3	0,0	0,0	0,0	0,950	0,000	5019,954	0,0	-47,1		10:34:07:724		
049:33:00,000	-46,4	25,4	25,0	-46,4	0,0	0,0	0,0	0,950	0,000	5023,407	0,0	-46,3		10:35:07:724		
049:34:00,000	-47,1	25,2	25,0	-47,1	0,0	0,0	0,0	0,950	0,000	5019,963	0,0	-46,8		10:36:07:724		
049:35:00,000	-47,1	24,8	24,8	-47,1	0,0	0,0	0,0	0,950	0,000	5019,565	0,0	-46,9		10:37:07:724		
049:36:00,000	-46,9	24,5	24,4	-46,9	0,0	0,0	0,0	0,950	0,000	5019,174	0,0	-46,8		10:38:07:724		
049:37:00,000	-47,3	24,5	24,3	-47,3	0,0	0,0	0,0	0,950	0,000	5020,194	0,0	-47,1		10:39:07:724		
049:38:00,000	-47,6	25,1	24,3	-47,6	0,0	0,0	0,0	0,950	0,000	5019,121	0,0	-47,3		10:40:07:724		
049:39:00,000	-49,4	25,5	24,6	-49,4	0,0	0,0	0,0	0,950	0,000	5023,379	0,0	-49,3		10:41:07:724		
049:40:00,000	-48,4	25,9	24,9	-48,4	0,0	0,0	0,0	0,950	0,000	5021,463	0,0	-48,3		10:42:07:724		
049:41:00,000	-48,4	26,4	25,3	-48,4	0,0	0,0	0,0	0,950	0,000	5020,787	0,0	-48,2		10:43:07:724		
049:42:00,000	-46,6	27,3	26,0	-46,7	0,0	0,0	0,0	0,950	0,000	5022,569	0,0	-46,6		10:44:07:724		
049:43:00,000	-46,6	28,0	26,6	-46,6	0,0	0,0	0,0	0,950	0,000	5022,491	0,0	-46,4		10:45:07:724		
049:44:00,000	-48,9	27,7	26,8	-48,9	0,0	0,0	0,0	0,950	0,000	5021,491	0,0	-48,8		10:46:07:724		
049:45:00,000	-47,1	27,8	26,8	-46,9	0,0	0,0	0,0	0,950	0,000	5026,358	0,0	-46,9		10:47:07:724		
049:46:00,000	-46,3	27,6	26,8	-46,3	0,0	0,0	0,0	0,950	0,000	5022,463	0,0	-46,0		10:48:07:724		
049:47:00,000	-47,3	26,9	26,6	-47,2	0,0	0,0	0,0	0,950	0,000	5022,250	0,0	-46,8		10:49:07:724		
049:48:00,000	-47,5	27,0	26,5	-47,5	0,0	0,0	0,0	0,950	0,000	5021,417	0,0	-47,2		10:50:07:724		
049:49:00,000	-48,4	26,9	26,5	-48,4	0,0	0,0	0,0	0,950	0,000	5021,694	0,0	-48,3		10:51:07:724		
049:50:00,000	-48,1	26,4	26,3	-48,1	0,0	0,0	0,0	0,950	0,000	5021,500	0,0	-48,0		10:52:07:724		
049:51:00,000	-47,5	26,2	25,9	-47,5	0,0	0,0	0,0	0,950	0,000	5024,157	0,0	-47,1		10:53:07:724		
049:52:00,000	-47,1	26,2	25,9	-47,1	0,0	0,0	0,0	0,950	0,000	5021,509	0,0	-46,8		10:54:07:724		
049:53:00,000	-48,8	26,2	25,9	-48,9	0,0	0,0	0,0	0,950	0,000	5020,509	0,0	-48,6		10:55:07:724		
049:54:00,000	-47,1	26,2	25,9	-47,1	0,0	0,0	0,0	0,950	0,000	5020,676	0,0	-46,8		10:56:07:724		
049:55:00,000	-46,7	25,6	25,5	-46,7	0,0	0,0	0,0	0,950	0,000	5023,204	0,0	-46,7		10:57:07:724		
049:56:00,000	-46,3	25,3	25,1	-46,3	0,0	0,0	0,0	0,950	0,000	5021,468	0,0	-46,2		10:58:07:724		
049:57:00,000	-45,7	25,3	25,0	-45,7	0,0	0,0	0,0	0,950	0,000	5024,343	0,0	-45,6		10:59:07:724		
049:58:00,000	-45,4	25,5	25,0	-45,4	0,0	0,0	0,0	0,950	0,000	5021,315	0,0	-45,3		11:00:07:724		
049:59:00,000	-46,1	24,2	24,2	-46,1	0,0	0,0	0,0	0,950	0,000	5020,102	0,0	-45,9		11:01:07:724		
050:00:00,000	-45,6	24,0	23,8	-45,6	0,0	0,0	0,0	0,950	0,000	5019,954	0,0	-45,3		11:02:07:724		
050:01:00,000	-46,1	24,0	23,7	-46,1	0,0	0,0	0,0	0,950	0,000	5019,629	0,0	-46,0		11:03:07:724		
050:02:00,000	-45,1	24,1	23,7	-45,1	0,0	0,0	0,0	0,950	0,000	5018,898	0,0	-45,0		11:04:07:724		
050:03:00,000	-45,7	23,2	23,3	-45,7	0,0	0,0	0,0	0,950	0,000	5026,532	0,0	-45,6		11:05:07:724		
050:04:00,000	-45,5	22,8	22,8	-45,5	0,0	0,0	0,0	0,950	0,000	5021,185	0,0	-45,4		11:06:07:724		
050:05:00,000	-46,5	23,0	22,7	-46,5	0,0	0,0	0,0	0,950	0,000	5018,259	0,0	-46,2		11:07:07:724		
050:06:00,000	-45,2	24,1	23,1	-45,2	0,0	0,0	0,0	0,950	0,000	5018,898	0,0	-45,1		11:08:07:724		
050:07:00,000	-45,2	25,0	23,9	-45,2	0,0	0,0	0,0	0,950	0,000	5020,621	0,0	-45,0		11:09:07:724		
050:08:00,000	-46,0	26,0	24,7	-45,9	0,0	0,0	0,0	0,950	0,000	5021,339	0,0	-45,8		11:10:07:724		
050:09:00,000	-46,7	26,5	25,4	-46,7	0,0	0,0	0,0	0,950	0,000	5024,407	0,0	-46,6		11:11:07:724		
050:10:00,000	-45,4	27,0	25,8	-45,4	0,0	0,0	0,0	0,950	0,000	5022,231	0,0	-45,2		11:12:07:724		
050:11:00,000	-44,7	27,9	26,5	-44,7	0,0	0,0	0,0	0,950	0,000	5022,713	0,0	-44,5		11:13:07:724		
050:12:00,000	-45,1	27,8	26,8	-45,1	0,0	0,0	0,0	0,950	0,000	5023,278	0,0	-44,7		11:14:07:724		
050:13:00,000	-46,0	26,5	26,5	-46,0	0,0	0,0	0,0	0,950	0,000	5022,293	0,0	-45,8		11:15:07:724		
050:14:00,000	-46,3	25,5	25,8	-46,3	0,0	0,0	0,0	0,950	0,000	5021,083	0,0	-46,2		11:16:07:724		
050:15:00,000	-46,1	25,0	25,3	-46,1	0,0	0,0	0,0	0,950	0,000	5024,759	0,0	-46,0		11:17:07:724		
050:16:00,000	-46,6	24,7	25,0	-46,6	0,0	0,0	0,0	0,950	0,000	5020,676	0,0	-46,3		11:18:07:724		
050:17:00,000	-47,5	24,8	25,0	-47,5	0,0	0,0	0,0	0,950	0,000	5021,296	0,0	-47,2		11:19:07:724		
050:18:00,000	-46,7	25,0	25,0	-46,7	0,0	0,0	0,0	0,950	0,000	5020,165	0,0	-46,5		11:20:07:724		
050:19:00,000	-45,5	25,4	25,0	-45,5	0,0	0,0	0,0	0,950	0,000	5020,037	0,0	-45,4		11:21:07:724		
050:20:00,000	-46,0	25,0	25,0	-46,0	0,0	0,0	0,0	0,950	0,000	5020,963	0,0	-45,8		11:22:07:724		
050:21:00,000	-47,0	25,1	25,0	-47,0	0,0	0,0	0,0	0,950	0,000	5023,835	0,0	-46,7		11:23:07:724		
050:22:00,000	-46,9	25,3	25,0	-46,9	0,0	0,0	0,0	0,950	0,000	5021,056	0,0	-46,7		11:24:07:724		
050:23:00,000	-46,2	25,1	25,0	-46,2	0,0	0,0	0,0	0,950	0,000	5020,463	0,0	-46,0		11:25:07:724		
050:24:00,000	-45,3	24,8	24,8	-45,3	0,0	0,0	0,0	0,950	0,000	5019,741	0,0	-45,1		11:26:07:724		
050:25:00,000	-45,7	24,3	24,3	-45,7	0,0	0,0	0,0	0,950	0,000	5019,574	0,0	-45,6		11:27:07:724		
---------------------------------
End of File
