[Connect DataFile][2.1]
Date:	27/04/2026
Time:	10:11:33
Unit:	°C
Resolution:	60,000/0,100
Values:	12
SnapshotTrigger:	0	0,0
MeasurementTrigger:	0	0,0
Time	TProc	TInt	TBox	TAvg	T_2C	T_1C	Attenuation	Eps.	Value	Vcc	TAmb	TAct	CompressionIdx	Time absolute	ImageIdx	ImageValue
000:00:00,000	-38,6	25,7	25,3	-38,6	0,0	0,0	0,0	0,950	0,000	5026,667	0,0	-38,4		10:11:33:972		
000:01:00,000	-38,3	25,7	25,3	-38,3	0,0	0,0	0,0	0,950	0,000	5023,056	0,0	-38,3		10:12:33:972		
000:02:00,000	-38,4	25,9	25,3	-38,4	0,0	0,0	0,0	0,950	0,000	5021,602	0,0	-38,4		10:13:33:972		
000:03:00,000	-38,2	26,2	25,3	-38,2	0,0	0,0	0,0	0,950	0,000	5021,685	0,0	-37,9		10:14:33:972		
000:04:00,000	-39,0	26,0	25,3	-39,0	0,0	0,0	0,0	0,950	0,000	5022,861	0,0	-38,8		10:15:33:972		
000:05:00,000	-39,1	26,3	25,5	-39,1	0,0	0,0	0,0	0,950	0,000	5021,944	0,0	-39,0		10:16:33:972		
000:06:00,000	-38,8	27,0	25,9	-38,8	0,0	0,0	0,0	0,950	0,000	5021,648	0,0	-38,5		10:17:33:972		
000:07:00,000	-37,8	27,6	26,4	-37,8	0,0	0,0	0,0	0,950	0,000	5022,917	0,0	-37,8		10:18:33:972		
000:08:00,000	-38,2	27,0	26,5	-38,1	0,0	0,0	0,0	0,950	0,000	5022,324	0,0	-37,8		10:19:33:972		
000:09:00,000	-38,5	26,4	26,3	-38,5	0,0	0,0	0,0	0,950	0,000	5022,657	0,0	-38,5		10:20:33:972		
000:10:00,000	-38,7	26,0	26,0	-38,7	0,0	0,0	0,0	0,950	0,000	5022,293	0,0	-38,5		10:21:33:972		
000:11:00,000	-38,4	25,6	25,7	-38,4	0,0	0,0	0,0	0,950	0,000	5022,435	0,0	-38,3		10:22:33:972		
000:12:00,000	-38,6	25,7	25,5	-38,6	0,0	0,0	0,0	0,950	0,000	5020,556	0,0	-38,4		10:23:33:972		
000:13:00,000	-38,4	26,6	25,6	-38,4	0,0	0,0	0,0	0,950	0,000	5022,954	0,0	-38,3		10:24:33:972		
000:14:00,000	-38,0	27,1	25,9	-38,0	0,0	0,0	0,0	0,950	0,000	5023,056	0,0	-37,7		10:25:33:972		
000:15:00,000	-38,2	27,3	26,2	-38,2	0,0	0,0	0,0	0,950	0,000	5021,879	0,0	-38,1		10:26:33:972		
000:16:00,000	-37,9	27,6	26,5	-37,9	0,0	0,0	0,0	0,950	0,000	5023,074	0,0	-37,8		10:27:33:972		
000:17:00,000	-37,9	27,6	26,6	-37,9	0,0	0,0	0,0	0,950	0,000	5023,278	0,0	-37,8		10:28:33:972		
000:18:00,000	-37,7	27,5	26,6	-37,7	0,0	0,0	0,0	0,950	0,000	5023,000	0,0	-37,6		10:29:33:972		
000:19:00,000	-38,2	27,2	26,6	-38,1	0,0	0,0	0,0	0,950	0,000	5022,670	0,0	-37,8		10:30:33:972		
000:20:00,000	-38,6	27,4	26,7	-38,5	0,0	0,0	0,0	0,950	0,000	5023,645	0,0	-38,4		10:31:33:972		
000:21:00,000	-38,0	27,6	26,9	-38,0	0,0	0,0	0,0	0,950	0,000	5023,148	0,0	-37,8		10:32:33:972		
000:22:00,000	-38,1	27,2	26,9	-38,1	0,0	0,0	0,0	0,950	0,000	5022,504	0,0	-37,8		10:33:33:972		
000:23:00,000	-38,2	27,0	26,8	-38,2	0,0	0,0	0,0	0,950	0,000	5021,346	0,0	-38,2		10:34:33:972		
000:24:00,000	-37,7	27,0	26,7	-37,7	0,0	0,0	0,0	0,950	0,000	5022,780	0,0	-37,5		10:35:33:972		
000:25:00,000	-37,9	27,1	26,7	-37,8	0,0	0,0	0,0	0,950	0,000	5022,093	0,0	-37,5		10:36:33:972		
000:26:00,000	-38,3	27,1	26,7	-38,3	0,0	0,0	0,0	0,950	0,000	5022,769	0,0	-38,1		10:37:33:972		
000:27:00,000	-37,5	27,2	26,7	-37,5	0,0	0,0	0,0	0,950	0,000	5021,936	0,0	-37,5		10:38:33:972		
000:28:00,000	-37,8	26,9	26,7	-37,8	0,0	0,0	0,0	0,950	0,000	5022,176	0,0	-37,5		10:39:33:972		
000:29:00,000	-38,3	26,7	26,5	-38,3	0,0	0,0	0,0	0,950	0,000	5022,639	0,0	-38,2		10:40:33:972		
000:30:00,000	-38,7	27,2	26,5	-38,7	0,0	0,0	0,0	0,950	0,000	5022,402	0,0	-38,3		10:41:33:972		
000:31:00,000	-39,8	26,6	26,5	-39,8	0,0	0,0	0,0	0,950	0,000	5022,468	0,0	-39,6		10:42:33:972		
000:32:00,000	-39,5	26,2	26,1	-39,5	0,0	0,0	0,0	0,950	0,000	5021,673	0,0	-39,4		10:43:33:972		
000:33:00,000	-38,7	25,8	25,8	-38,7	0,0	0,0	0,0	0,950	0,000	5021,339	0,0	-38,5		10:44:33:972		
000:34:00,000	-38,5	26,0	25,7	-38,5	0,0	0,0	0,0	0,950	0,000	5020,963	0,0	-38,3		10:45:33:972		
000:35:00,000	-38,5	26,5	25,7	-38,5	0,0	0,0	0,0	0,950	0,000	5019,713	0,0	-38,4		10:46:33:972		
000:36:00,000	-38,0	26,7	25,8	-37,9	0,0	0,0	0,0	0,950	0,000	5022,122	0,0	-37,6		10:47:33:972		
000:37:00,000	-38,3	26,9	25,9	-38,3	0,0	0,0	0,0	0,950	0,000	5022,037	0,0	-38,2		10:48:33:972		
000:38:00,000	-38,1	27,2	26,1	-38,0	0,0	0,0	0,0	0,950	0,000	5022,139	0,0	-37,9		10:49:33:972		
000:39:00,000	-40,3	27,2	26,4	-40,3	0,0	0,0	0,0	0,950	0,000	5022,667	0,0	-40,3		10:50:33:972		
000:40:00,000	-39,7	27,1	26,5	-39,6	0,0	0,0	0,0	0,950	0,000	5022,481	0,0	-39,4		10:51:33:972		
000:41:00,000	-37,7	27,1	26,5	-37,8	0,0	0,0	0,0	0,950	0,000	5022,629	0,0	-37,7		10:52:33:972		
000:42:00,000	-37,6	27,0	26,5	-37,6	0,0	0,0	0,0	0,950	0,000	5021,833	0,0	-37,3		10:53:33:972		
000:43:00,000	-38,1	27,2	26,5	-38,1	0,0	0,0	0,0	0,950	0,000	5023,129	0,0	-38,1		10:54:33:972		
000:44:00,000	-37,9	27,3	26,5	-37,9	0,0	0,0	0,0	0,950	0,000	5023,550	0,0	-37,7		10:55:33:972		
000:45:00,000	-36,5	27,6	26,6	-36,6	0,0	0,0	0,0	0,950	0,000	5023,102	0,0	-36,4		10:56:33:972		
000:46:00,000	-36,1	27,8	26,9	-36,2	0,0	0,0	0,0	0,950	0,000	5022,852	0,0	-36,1		10:57:33:972		
000:47:00,000	-36,8	27,6	26,9	-36,8	0,0	0,0	0,0	0,950	0,000	5023,139	0,0	-36,7		10:58:33:972		
000:48:00,000	-36,8	27,5	26,9	-36,8	0,0	0,0	0,0	0,950	0,000	5024,019	0,0	-36,9		10:59:33:972		
000:49:00,000	-36,8	27,2	26,9	-36,8	0,0	0,0	0,0	0,950	0,000	5023,046	0,0	-36,4		11:00:33:972		
000:50:00,000	-37,0	26,8	26,8	-37,0	0,0	0,0	0,0	0,950	0,000	5022,852	0,0	-36,6		11:01:33:972		
000:51:00,000	-37,4	26,6	26,6	-37,4	0,0	0,0	0,0	0,950	0,000	5022,861	0,0	-37,3		11:02:33:972		
000:52:00,000	-36,9	26,9	26,6	-36,9	0,0	0,0	0,0	0,950	0,000	5022,722	0,0	-36,7		11:03:33:972		
000:53:00,000	-37,2	26,7	26,6	-37,2	0,0	0,0	0,0	0,950	0,000	5022,194	0,0	-36,8		11:04:33:972		
000:54:00,000	-36,1	26,8	26,6	-36,1	0,0	0,0	0,0	0,950	0,000	5029,435	0,0	-35,9		11:05:33:972		
000:55:00,000	-36,4	26,5	26,4	-36,4	0,0	0,0	0,0	0,950	0,000	5023,102	0,0	-36,2		11:06:33:972		
000:56:00,000	-37,2	26,7	26,3	-37,2	0,0	0,0	0,0	0,950	0,000	5021,676	0,0	-37,0		11:07:33:972		
000:57:00,000	-37,3	27,2	26,4	-37,3	0,0	0,0	0,0	0,950	0,000	5023,000	0,0	-37,0		11:08:33:972		
000:58:00,000	-36,8	27,9	26,9	-36,8	0,0	0,0	0,0	0,950	0,000	5023,843	0,0	-36,5		11:09:33:972		
000:59:00,000	-36,5	28,4	27,4	-36,5	0,0	0,0	0,0	0,950	0,000	5024,333	0,0	-36,5		11:10:33:972		
001:00:00,000	-37,2	28,7	27,7	-37,2	0,0	0,0	0,0	0,950	0,000	5024,519	0,0	-37,1		11:11:33:972		
001:01:00,000	-36,3	29,0	28,0	-36,3	0,0	0,0	0,0	0,950	0,000	5026,220	0,0	-36,2		11:12:33:972		
001:02:00,000	-36,7	29,0	28,1	-36,7	0,0	0,0	0,0	0,950	0,000	5025,315	0,0	-36,7		11:13:33:972		
001:03:00,000	-36,9	28,8	28,2	-36,9	0,0	0,0	0,0	0,950	0,000	5026,037	0,0	-36,5		11:14:33:972		
001:04:00,000	-37,0	28,1	28,1	-37,0	0,0	0,0	0,0	0,950	0,000	5027,379	0,0	-36,8		11:15:33:972		
001:05:00,000	-37,3	28,1	27,9	-37,2	0,0	0,0	0,0	0,950	0,000	5024,491	0,0	-37,1		11:16:33:972		
001:06:00,000	-37,5	27,8	27,7	-37,4	0,0	0,0	0,0	0,950	0,000	5024,028	0,0	-37,2		11:17:33:972		
001:07:00,000	-38,7	27,3	27,3	-38,6	0,0	0,0	0,0	0,950	0,000	5024,231	0,0	-38,4		11:18:33:972		
001:08:00,000	-38,6	27,1	27,2	-38,6	0,0	0,0	0,0	0,950	0,000	5022,926	0,0	-38,5		11:19:33:972		
001:09:00,000	-38,9	27,0	27,1	-38,8	0,0	0,0	0,0	0,950	0,000	5023,222	0,0	-38,3		11:20:33:972		
001:10:00,000	-39,1	27,4	27,1	-39,1	0,0	0,0	0,0	0,950	0,000	5023,463	0,0	-39,0		11:21:33:972		
001:11:00,000	-39,6	27,7	27,1	-39,6	0,0	0,0	0,0	0,950	0,000	5025,306	0,0	-39,4		11:22:33:972		
001:12:00,000	-39,1	27,9	27,2	-39,1	0,0	0,0	0,0	0,950	0,000	5023,759	0,0	-38,9		11:23:33:972		
001:13:00,000	-38,7	28,0	27,4	-38,6	0,0	0,0	0,0	0,950	0,000	5024,500	0,0	-38,7		11:24:33:972		
001:14:00,000	-36,7	28,5	27,7	-36,7	0,0	0,0	0,0	0,950	0,000	5024,361	0,0	-36,7		11:25:33:972		
001:15:00,000	-36,0	28,8	28,1	-36,0	0,0	0,0	0,0	0,950	0,000	5026,611	0,0	-35,6		11:26:33:972		
001:16:00,000	-35,8	28,3	28,1	-35,8	0,0	0,0	0,0	0,950	0,000	5025,444	0,0	-35,4		11:27:33:972		
001:17:00,000	-35,8	27,7	27,7	-35,8	0,0	0,0	0,0	0,950	0,000	5025,321	0,0	-35,7		11:28:33:972		
001:18:00,000	-36,0	27,6	27,6	-35,9	0,0	0,0	0,0	0,950	0,000	5023,889	0,0	-36,1		11:29:33:972		
001:19:00,000	-35,6	27,3	27,4	-35,6	0,0	0,0	0,0	0,950	0,000	5023,426	0,0	-35,6		11:30:33:972		
001:20:00,000	-36,0	27,4	27,2	-36,0	0,0	0,0	0,0	0,950	0,000	5023,713	0,0	-35,7		11:31:33:972		
001:21:00,000	-36,0	27,8	27,2	-35,9	0,0	0,0	0,0	0,950	0,000	5024,500	0,0	-36,0		11:32:33:972		
001:22:00,000	-35,1	28,3	27,6	-35,1	0,0	0,0	0,0	0,950	0,000	5025,417	0,0	-34,9		11:33:33:972		
001:23:00,000	-35,4	28,0	27,7	-35,4	0,0	0,0	0,0	0,950	0,000	5023,843	0,0	-35,2		11:34:33:972		
001:24:00,000	-35,7	27,6	27,6	-35,7	0,0	0,0	0,0	0,950	0,000	5024,722	0,0	-35,6		11:35:33:972		
001:25:00,000	-35,4	27,2	27,3	-35,4	0,0	0,0	0,0	0,950	0,000	5023,759	0,0	-35,1		11:36:33:972		
001:26:00,000	-35,7	26,6	26,8	-35,7	0,0	0,0	0,0	0,950	0,000	5023,358	0,0	-35,6		11:37:33:972		
001:27:00,000	-35,2	26,8	26,7	-35,2	0,0	0,0	0,0	0,950	0,000	5022,157	0,0	-35,0		11:38:33:972		
001:28:00,000	-34,9	27,0	26,7	-35,0	0,0	0,0	0,0	0,950	0,000	5023,472	0,0	-34,8		11:39:33:972		
001:29:00,000	-34,4	26,9	26,7	-34,4	0,0	0,0	0,0	0,950	0,000	5023,379	0,0	-34,2		11:40:33:972		
001:30:00,000	-34,6	27,0	26,7	-34,6	0,0	0,0	0,0	0,950	0,000	5023,444	0,0	-34,3		11:41:33:972		
001:31:00,000	-33,9	28,1	27,2	-33,9	0,0	0,0	0,0	0,950	0,000	5024,259	0,0	-33,7		11:42:33:972		
001:32:00,000	-34,6	28,3	27,5	-34,6	0,0	0,0	0,0	0,950	0,000	5025,121	0,0	-34,4		11:43:33:972		
001:33:00,000	-34,3	28,3	27,7	-34,3	0,0	0,0	0,0	0,950	0,000	5025,046	0,0	-33,9		11:44:33:972		
001:34:00,000	-33,5	28,2	27,8	-33,5	0,0	0,0	0,0	0,950	0,000	5019,972	0,0	-33,3		11:45:33:972		
001:35:00,000	-33,2	28,3	27,8	-33,3	0,0	0,0	0,0	0,950	0,000	5025,379	0,0	-33,1		11:46:33:972		
001:36:00,000	-33,4	28,2	27,8	-33,4	0,0	0,0	0,0	0,950	0,000	5024,879	0,0	-33,1		11:47:33:972		
001:37:00,000	-32,5	28,6	28,0	-32,5	0,0	0,0	0,0	0,950	0,000	5025,759	0,0	-32,2		11:48:33:972		
001:38:00,000	-32,7	28,1	28,1	-32,7	0,0	0,0	0,0	0,950	0,000	5026,806	0,0	-32,5		11:49:33:972		
001:39:00,000	-34,4	26,7	27,1	-34,3	0,0	0,0	0,0	0,950	0,000	5023,963	0,0	-34,3		11:50:33:972		
001:40:00,000	-34,6	26,4	26,6	-34,6	0,0	0,0	0,0	0,950	0,000	5022,741	0,0	-34,2		11:51:33:972		
001:41:00,000	-34,6	26,8	26,6	-34,6	0,0	0,0	0,0	0,950	0,000	5024,148	0,0	-34,2		11:52:33:972		
001:42:00,000	-35,3	26,7	26,6	-35,3	0,0	0,0	0,0	0,950	0,000	5022,537	0,0	-35,2		11:53:33:972		
001:43:00,000	-35,7	27,2	26,7	-35,7	0,0	0,0	0,0	0,950	0,000	5024,389	0,0	-35,9		11:54:33:972		
001:44:00,000	-35,6	27,7	27,1	-35,5	0,0	0,0	0,0	0,950	0,000	5023,194	0,0	-35,3		11:55:33:972		
001:45:00,000	-35,2	28,4	27,7	-35,2	0,0	0,0	0,0	0,950	0,000	5024,593	0,0	-35,0		11:56:33:972		
001:46:00,000	-36,1	29,2	28,5	-36,1	0,0	0,0	0,0	0,950	0,000	5027,176	0,0	-35,9		11:57:33:972		
001:47:00,000	-35,5	30,2	29,3	-35,5	0,0	0,0	0,0	0,950	0,000	5027,417	0,0	-35,1		11:58:33:972		
001:48:00,000	-36,7	30,4	29,6	-36,6	0,0	0,0	0,0	0,950	0,000	5027,963	0,0	-36,4		11:59:33:972		
001:49:00,000	-37,6	29,6	29,5	-37,6	0,0	0,0	0,0	0,950	0,000	5028,148	0,0	-37,4		12:00:33:972		
001:50:00,000	-38,2	28,0	28,4	-38,2	0,0	0,0	0,0	0,950	0,000	5025,841	0,0	-38,0		12:01:33:972		
001:51:00,000	-37,5	27,3	27,6	-37,5	0,0	0,0	0,0	0,950	0,000	5024,688	0,0	-37,6		12:02:33:972		
001:52:00,000	-37,5	26,9	27,1	-37,4	0,0	0,0	0,0	0,950	0,000	5023,787	0,0	-37,2		12:03:33:972		
001:53:00,000	-37,4	26,1	26,5	-37,4	0,0	0,0	0,0	0,950	0,000	5022,935	0,0	-37,1		12:04:33:972		
001:54:00,000	-37,3	25,5	25,8	-37,3	0,0	0,0	0,0	0,950	0,000	5022,731	0,0	-37,1		12:05:33:972		
001:55:00,000	-37,1	25,9	25,8	-37,1	0,0	0,0	0,0	0,950	0,000	5023,083	0,0	-37,1		12:06:33:972		
001:56:00,000	-36,3	26,6	26,0	-36,3	0,0	0,0	0,0	0,950	0,000	5022,444	0,0	-36,0		12:07:33:972		
001:57:00,000	-36,3	26,7	26,1	-36,3	0,0	0,0	0,0	0,950	0,000	5022,500	0,0	-36,1		12:08:33:972		
001:58:00,000	-36,6	26,8	26,2	-36,6	0,0	0,0	0,0	0,950	0,000	5023,500	0,0	-36,5		12:09:33:972		
001:59:00,000	-37,3	27,5	26,8	-37,2	0,0	0,0	0,0	0,950	0,000	5023,472	0,0	-36,9		12:10:33:972		
002:00:00,000	-37,2	27,5	27,0	-37,2	0,0	0,0	0,0	0,950	0,000	5023,871	0,0	-37,1		12:11:33:972		
002:01:00,000	-36,7	27,6	27,1	-36,7	0,0	0,0	0,0	0,950	0,000	5024,935	0,0	-36,6		12:12:33:972		
002:02:00,000	-37,6	27,0	27,1	-37,6	0,0	0,0	0,0	0,950	0,000	5025,111	0,0	-37,3		12:13:33:972		
002:03:00,000	-36,3	27,2	27,1	-36,3	0,0	0,0	0,0	0,950	0,000	5024,593	0,0	-35,9		12:14:33:972		
002:04:00,000	-36,5	26,8	26,9	-36,5	0,0	0,0	0,0	0,950	0,000	5023,881	0,0	-36,1		12:15:33:972		
002:05:00,000	-37,3	26,8	26,8	-37,3	0,0	0,0	0,0	0,950	0,000	5022,944	0,0	-37,2		12:16:33:972		
002:06:00,000	-37,2	27,1	26,8	-37,2	0,0	0,0	0,0	0,950	0,000	5023,102	0,0	-36,9		12:17:33:972		
002:07:00,000	-36,9	27,5	26,9	-36,9	0,0	0,0	0,0	0,950	0,000	5023,907	0,0	-36,8		12:18:33:972		
002:08:00,000	-37,0	28,2	27,5	-37,1	0,0	0,0	0,0	0,950	0,000	5024,176	0,0	-36,8		12:19:33:972		
002:09:00,000	-36,3	28,8	28,2	-36,3	0,0	0,0	0,0	0,950	0,000	5027,716	0,0	-35,9		12:20:33:972		
002:10:00,000	-37,1	27,9	28,1	-37,1	0,0	0,0	0,0	0,950	0,000	5026,472	0,0	-37,1		12:21:33:972		
002:11:00,000	-37,7	27,6	27,8	-37,7	0,0	0,0	0,0	0,950	0,000	5025,556	0,0	-37,6		12:22:33:972		
002:12:00,000	-37,4	27,1	27,4	-37,4	0,0	0,0	0,0	0,950	0,000	5023,981	0,0	-37,4		12:23:33:972		
002:13:00,000	-37,5	26,4	26,7	-37,5	0,0	0,0	0,0	0,950	0,000	5024,333	0,0	-37,2		12:24:33:972		
002:14:00,000	-37,4	25,8	26,1	-37,4	0,0	0,0	0,0	0,950	0,000	5022,816	0,0	-37,1		12:25:33:972		
002:15:00,000	-36,9	25,9	26,0	-36,9	0,0	0,0	0,0	0,950	0,000	5022,654	0,0	-36,6		12:26:33:972		
002:16:00,000	-36,5	25,9	26,0	-36,5	0,0	0,0	0,0	0,950	0,000	5022,556	0,0	-36,4		12:27:33:972		
002:17:00,000	-36,5	26,0	25,9	-36,5	0,0	0,0	0,0	0,950	0,000	5022,371	0,0	-36,3		12:28:33:972		
002:18:00,000	-36,3	26,3	25,9	-36,3	0,0	0,0	0,0	0,950	0,000	5022,633	0,0	-36,1		12:29:33:972		
002:19:00,000	-36,4	26,1	25,9	-36,4	0,0	0,0	0,0	0,950	0,000	5023,019	0,0	-36,4		12:30:33:972		
002:20:00,000	-36,1	26,4	25,9	-36,1	0,0	0,0	0,0	0,950	0,000	5022,879	0,0	-35,9		12:31:33:972		
002:21:00,000	-36,6	26,7	26,1	-36,5	0,0	0,0	0,0	0,950	0,000	5023,621	0,0	-36,4		12:32:33:972		
002:22:00,000	-36,3	27,0	26,3	-36,2	0,0	0,0	0,0	0,950	0,000	5023,694	0,0	-36,1		12:33:33:972		
002:23:00,000	-35,6	27,4	26,7	-35,6	0,0	0,0	0,0	0,950	0,000	5023,287	0,0	-35,5		12:34:33:972		
002:24:00,000	-36,2	26,8	26,8	-36,2	0,0	0,0	0,0	0,950	0,000	5024,102	0,0	-36,2		12:35:33:972		
002:25:00,000	-36,4	26,1	26,3	-36,4	0,0	0,0	0,0	0,950	0,000	5022,741	0,0	-36,2		12:36:33:972		
002:26:00,000	-36,4	25,8	26,0	-36,3	0,0	0,0	0,0	0,950	0,000	5023,019	0,0	-36,1		12:37:33:972		
002:27:00,000	-36,9	25,8	25,9	-36,9	0,0	0,0	0,0	0,950	0,000	5022,019	0,0	-36,8		12:38:33:972		
002:28:00,000	-36,7	26,1	25,9	-36,7	0,0	0,0	0,0	0,950	0,000	5022,440	0,0	-36,4		12:39:33:972		
002:29:00,000	-36,8	25,6	25,8	-36,8	0,0	0,0	0,0	0,950	0,000	5022,648	0,0	-36,6		12:40:33:972		
002:30:00,000	-36,1	26,0	25,7	-36,1	0,0	0,0	0,0	0,950	0,000	5022,667	0,0	-35,9		12:41:33:972		
002:31:00,000	-35,5	26,6	25,9	-35,5	0,0	0,0	0,0	0,950	0,000	5023,523	0,0	-35,3		12:42:33:972		
002:32:00,000	-35,6	26,7	26,1	-35,6	0,0	0,0	0,0	0,950	0,000	5022,607	0,0	-35,5		12:43:33:972		
002:33:00,000	-36,1	26,5	26,1	-36,1	0,0	0,0	0,0	0,950	0,000	5023,945	0,0	-35,7		12:44:33:972		
002:34:00,000	-35,7	26,7	26,2	-35,7	0,0	0,0	0,0	0,950	0,000	5024,000	0,0	-35,5		12:45:33:972		
002:35:00,000	-35,7	27,0	26,3	-35,7	0,0	0,0	0,0	0,950	0,000	5023,407	0,0	-35,5		12:46:33:972		
002:36:00,000	-35,2	27,6	26,8	-35,2	0,0	0,0	0,0	0,950	0,000	5023,407	0,0	-34,9		12:47:33:972		
002:37:00,000	-35,1	28,3	27,5	-35,1	0,0	0,0	0,0	0,950	0,000	5025,222	0,0	-35,3		12:48:33:972		
002:38:00,000	-35,4	28,5	27,9	-35,4	0,0	0,0	0,0	0,950	0,000	5025,333	0,0	-35,6		12:49:33:972		
002:39:00,000	-35,7	28,0	27,9	-35,7	0,0	0,0	0,0	0,950	0,000	5025,472	0,0	-35,6		12:50:33:972		
002:40:00,000	-36,1	27,8	27,8	-36,2	0,0	0,0	0,0	0,950	0,000	5024,694	0,0	-36,0		12:51:33:972		
002:41:00,000	-36,5	27,8	27,8	-36,5	0,0	0,0	0,0	0,950	0,000	5025,074	0,0	-36,5		12:52:33:972		
002:42:00,000	-37,0	27,3	27,4	-37,0	0,0	0,0	0,0	0,950	0,000	5024,074	0,0	-36,8		12:53:33:972		
002:43:00,000	-36,8	27,0	27,1	-36,8	0,0	0,0	0,0	0,950	0,000	5029,981	0,0	-36,7		12:54:33:972		
002:44:00,000	-36,7	26,1	26,4	-36,7	0,0	0,0	0,0	0,950	0,000	5024,102	0,0	-36,7		12:55:33:972		
002:45:00,000	-36,3	25,8	25,9	-36,3	0,0	0,0	0,0	0,950	0,000	5022,731	0,0	-36,1		12:56:33:972		
002:46:00,000	-35,8	26,4	25,9	-35,8	0,0	0,0	0,0	0,950	0,000	5023,056	0,0	-35,5		12:57:33:972		
002:47:00,000	-35,7	26,5	25,9	-35,7	0,0	0,0	0,0	0,950	0,000	5022,759	0,0	-35,6		12:58:33:972		
002:48:00,000	-35,4	27,1	26,3	-35,5	0,0	0,0	0,0	0,950	0,000	5023,417	0,0	-35,2		12:59:33:972		
002:49:00,000	-34,8	28,0	27,1	-34,8	0,0	0,0	0,0	0,950	0,000	5024,444	0,0	-34,7		13:00:33:972		
002:50:00,000	-35,8	27,7	27,3	-35,7	0,0	0,0	0,0	0,950	0,000	5024,843	0,0	-35,6		13:01:33:972		
002:51:00,000	-36,2	27,2	27,2	-36,2	0,0	0,0	0,0	0,950	0,000	5025,379	0,0	-36,1		13:02:33:972		
002:52:00,000	-35,7	27,7	27,1	-35,7	0,0	0,0	0,0	0,950	0,000	5024,185	0,0	-35,7		13:03:33:972		
002:53:00,000	-36,2	27,4	27,3	-36,2	0,0	0,0	0,0	0,950	0,000	5024,458	0,0	-36,1		13:04:33:972		
002:54:00,000	-36,1	26,9	27,0	-36,2	0,0	0,0	0,0	0,950	0,000	5024,435	0,0	-36,2		13:05:33:972		
002:55:00,000	-36,5	26,9	26,9	-36,5	0,0	0,0	0,0	0,950	0,000	5024,019	0,0	-36,4		13:06:33:972		
002:56:00,000	-35,9	27,4	26,9	-35,9	0,0	0,0	0,0	0,950	0,000	5023,954	0,0	-35,7		13:07:33:972		
002:57:00,000	-36,2	27,2	26,9	-36,2	0,0	0,0	0,0	0,950	0,000	5024,278	0,0	-36,4		13:08:33:972		
002:58:00,000	-35,5	27,1	26,9	-35,5	0,0	0,0	0,0	0,950	0,000	5023,713	0,0	-35,5		13:09:33:972		
002:59:00,000	-35,6	27,5	27,0	-35,6	0,0	0,0	0,0	0,950	0,000	5023,963	0,0	-35,5		13:10:33:972		
003:00:00,000	-35,4	28,4	27,6	-35,4	0,0	0,0	0,0	0,950	0,000	5024,787	0,0	-35,1		13:11:33:972		
003:01:00,000	-34,7	29,4	28,5	-34,7	0,0	0,0	0,0	0,950	0,000	5027,806	0,0	-34,5		13:12:33:972		
003:02:00,000	-35,1	29,4	28,8	-35,0	0,0	0,0	0,0	0,950	0,000	5027,477	0,0	-34,9		13:13:33:972		
003:03:00,000	-35,4	29,5	29,0	-35,4	0,0	0,0	0,0	0,950	0,000	5027,371	0,0	-35,0		13:14:33:972		
003:04:00,000	-35,4	28,8	28,8	-35,4	0,0	0,0	0,0	0,950	0,000	5026,639	0,0	-35,3		13:15:33:972		
003:05:00,000	-35,8	28,2	28,3	-35,8	0,0	0,0	0,0	0,950	0,000	5026,519	0,0	-35,7		13:16:33:972		
003:06:00,000	-35,5	28,2	28,3	-35,4	0,0	0,0	0,0	0,950	0,000	5026,639	0,0	-35,0		13:17:33:972		
003:07:00,000	-35,6	27,4	27,7	-35,6	0,0	0,0	0,0	0,950	0,000	5024,389	0,0	-35,5		13:18:33:972		
003:08:00,000	-35,5	27,1	27,2	-35,5	0,0	0,0	0,0	0,950	0,000	5024,667	0,0	-35,4		13:19:33:972		
003:09:00,000	-36,4	26,8	27,0	-36,4	0,0	0,0	0,0	0,950	0,000	5023,185	0,0	-36,2		13:20:33:972		
003:10:00,000	-35,3	27,2	26,9	-35,3	0,0	0,0	0,0	0,950	0,000	5023,629	0,0	-35,0		13:21:33:972		
003:11:00,000	-35,0	27,8	27,1	-34,9	0,0	0,0	0,0	0,950	0,000	5025,349	0,0	-34,7		13:22:33:972		
003:12:00,000	-35,5	27,7	27,3	-35,5	0,0	0,0	0,0	0,950	0,000	5024,111	0,0	-35,4		13:23:33:972		
003:13:00,000	-36,3	27,5	27,3	-36,3	0,0	0,0	0,0	0,950	0,000	5024,676	0,0	-36,4		13:24:33:972		
003:14:00,000	-35,7	27,6	27,3	-35,8	0,0	0,0	0,0	0,950	0,000	5023,796	0,0	-35,8		13:25:33:972		
003:15:00,000	-34,7	27,4	27,3	-34,7	0,0	0,0	0,0	0,950	0,000	5025,222	0,0	-34,5		13:26:33:972		
003:16:00,000	-34,3	27,3	27,2	-34,3	0,0	0,0	0,0	0,950	0,000	5023,629	0,0	-34,0		13:27:33:972		
003:17:00,000	-34,9	27,2	27,1	-34,8	0,0	0,0	0,0	0,950	0,000	5023,907	0,0	-34,7		13:28:33:972		
003:18:00,000	-35,2	27,2	27,1	-35,2	0,0	0,0	0,0	0,950	0,000	5023,852	0,0	-35,0		13:29:33:972		
003:19:00,000	-34,7	27,6	27,1	-34,7	0,0	0,0	0,0	0,950	0,000	5024,343	0,0	-34,9		13:30:33:972		
003:20:00,000	-34,3	28,8	27,9	-34,3	0,0	0,0	0,0	0,950	0,000	5026,389	0,0	-34,2		13:31:33:972		
003:21:00,000	-35,8	28,0	28,0	-35,8	0,0	0,0	0,0	0,950	0,000	5026,532	0,0	-35,4		13:32:33:972		
003:22:00,000	-36,5	27,2	27,4	-36,5	0,0	0,0	0,0	0,950	0,000	5023,944	0,0	-36,0		13:33:33:972		
003:23:00,000	-35,8	27,1	27,2	-35,8	0,0	0,0	0,0	0,950	0,000	5023,491	0,0	-35,6		13:34:33:972		
003:24:00,000	-34,7	27,4	27,1	-34,7	0,0	0,0	0,0	0,950	0,000	5023,945	0,0	-34,5		13:35:33:972		
003:25:00,000	-33,5	28,2	27,3	-33,5	0,0	0,0	0,0	0,950	0,000	5023,824	0,0	-33,3		13:36:33:972		
003:26:00,000	-33,3	28,3	27,7	-33,3	0,0	0,0	0,0	0,950	0,000	5026,278	0,0	-33,1		13:37:33:972		
003:27:00,000	-33,6	28,8	28,1	-33,6	0,0	0,0	0,0	0,950	0,000	5026,657	0,0	-33,3		13:38:33:972		
003:28:00,000	-34,1	28,8	28,3	-34,0	0,0	0,0	0,0	0,950	0,000	5027,639	0,0	-33,6		13:39:33:972		
003:29:00,000	-34,5	28,6	28,3	-34,5	0,0	0,0	0,0	0,950	0,000	5025,991	0,0	-34,5		13:40:33:972		
003:30:00,000	-35,0	28,6	28,3	-35,1	0,0	0,0	0,0	0,950	0,000	5027,731	0,0	-34,8		13:41:33:972		
003:31:00,000	-35,0	28,7	28,3	-35,0	0,0	0,0	0,0	0,950	0,000	5027,981	0,0	-34,8		13:42:33:972		
003:32:00,000	-35,6	28,2	28,3	-35,5	0,0	0,0	0,0	0,950	0,000	5026,926	0,0	-35,3		13:43:33:972		
003:33:00,000	-35,7	27,9	28,1	-35,7	0,0	0,0	0,0	0,950	0,000	5026,385	0,0	-35,6		13:44:33:972		
003:34:00,000	-35,2	29,2	28,1	-35,2	0,0	0,0	0,0	0,950	0,000	5026,519	0,0	-34,9		13:45:33:972		
003:35:00,000	-35,3	28,2	28,1	-35,3	0,0	0,0	0,0	0,950	0,000	5027,574	0,0	-35,2		13:46:33:972		
003:36:00,000	-35,3	28,5	28,1	-35,3	0,0	0,0	0,0	0,950	0,000	5026,074	0,0	-35,2		13:47:33:972		
003:37:00,000	-35,8	28,6	28,1	-35,8	0,0	0,0	0,0	0,950	0,000	5026,862	0,0	-35,5		13:48:33:972		
003:38:00,000	-35,7	29,1	28,5	-35,7	0,0	0,0	0,0	0,950	0,000	5027,778	0,0	-35,4		13:49:33:972		
003:39:00,000	-35,9	29,4	28,8	-35,9	0,0	0,0	0,0	0,950	0,000	5028,000	0,0	-35,7		13:50:33:972		
003:40:00,000	-36,6	30,0	29,3	-36,5	0,0	0,0	0,0	0,950	0,000	5028,519	0,0	-36,6		13:51:33:972		
003:41:00,000	-37,3	30,3	29,7	-37,3	0,0	0,0	0,0	0,950	0,000	5028,907	0,0	-36,8		13:52:33:972		
003:42:00,000	-37,0	30,8	30,2	-37,0	0,0	0,0	0,0	0,950	0,000	5028,611	0,0	-36,8		13:53:33:972		
003:43:00,000	-37,3	31,3	30,6	-37,3	0,0	0,0	0,0	0,950	0,000	5030,509	0,0	-37,0		13:54:33:972		
003:44:00,000	-37,3	31,5	30,8	-37,2	0,0	0,0	0,0	0,950	0,000	5029,407	0,0	-37,0		13:55:33:972		
003:45:00,000	-36,7	31,1	30,8	-36,7	0,0	0,0	0,0	0,950	0,000	5029,587	0,0	-36,6		13:56:33:972		
003:46:00,000	-37,4	30,2	30,5	-37,4	0,0	0,0	0,0	0,950	0,000	5028,787	0,0	-37,1		13:57:33:972		
003:47:00,000	-37,3	30,1	30,3	-37,3	0,0	0,0	0,0	0,950	0,000	5029,102	0,0	-37,1		13:58:33:972		
003:48:00,000	-36,8	29,7	30,0	-36,8	0,0	0,0	0,0	0,950	0,000	5027,750	0,0	-36,7		13:59:33:972		
003:49:00,000	-37,4	29,6	29,7	-37,4	0,0	0,0	0,0	0,950	0,000	5027,333	0,0	-37,4		14:00:33:972		
003:50:00,000	-36,5	29,8	29,7	-36,5	0,0	0,0	0,0	0,950	0,000	5028,872	0,0	-36,2		14:01:33:972		
003:51:00,000	-36,7	29,8	29,7	-36,7	0,0	0,0	0,0	0,950	0,000	5028,389	0,0	-36,5		14:02:33:972		
003:52:00,000	-36,5	29,9	29,7	-36,5	0,0	0,0	0,0	0,950	0,000	5028,296	0,0	-36,3		14:03:33:972		
003:53:00,000	-37,2	29,9	29,7	-37,2	0,0	0,0	0,0	0,950	0,000	5027,944	0,0	-37,0		14:04:33:972		
003:54:00,000	-37,1	30,6	30,0	-37,1	0,0	0,0	0,0	0,950	0,000	5029,750	0,0	-36,9		14:05:33:972		
003:55:00,000	-36,5	31,4	30,6	-36,5	0,0	0,0	0,0	0,950	0,000	5030,093	0,0	-36,2		14:06:33:972		
003:56:00,000	-36,0	31,4	30,8	-36,0	0,0	0,0	0,0	0,950	0,000	5029,278	0,0	-35,8		14:07:33:972		
003:57:00,000	-36,5	31,6	31,0	-36,5	0,0	0,0	0,0	0,950	0,000	5029,315	0,0	-36,4		14:08:33:972		
003:58:00,000	-36,6	31,6	31,2	-36,6	0,0	0,0	0,0	0,950	0,000	5030,824	0,0	-36,4		14:09:33:972		
003:59:00,000	-37,1	31,3	31,2	-37,1	0,0	0,0	0,0	0,950	0,000	5029,981	0,0	-37,0		14:10:33:972		
004:00:00,000	-37,6	29,8	30,4	-37,6	0,0	0,0	0,0	0,950	0,000	5028,935	0,0	-37,4		14:11:33:972		
004:01:00,000	-36,6	29,1	29,3	-36,5	0,0	0,0	0,0	0,950	0,000	5028,750	0,0	-36,3		14:12:33:972		
004:02:00,000	-35,1	28,9	28,9	-35,1	0,0	0,0	0,0	0,950	0,000	5027,073	0,0	-34,8		14:13:33:972		
004:03:00,000	-34,1	29,5	28,9	-34,1	0,0	0,0	0,0	0,950	0,000	5027,287	0,0	-33,8		14:14:33:972		
004:04:00,000	-34,3	29,7	29,1	-34,3	0,0	0,0	0,0	0,950	0,000	5028,056	0,0	-33,9		14:15:33:972		
004:05:00,000	-33,2	30,0	29,4	-33,2	0,0	0,0	0,0	0,950	0,000	5035,084	0,0	-33,1		14:16:33:972		
004:06:00,000	-33,4	29,6	29,4	-33,4	0,0	0,0	0,0	0,950	0,000	5031,027	0,0	-33,1		14:17:33:972		
004:07:00,000	-33,3	30,3	29,6	-33,3	0,0	0,0	0,0	0,950	0,000	5028,787	0,0	-33,1		14:18:33:972		
004:08:00,000	-33,3	30,9	30,1	-33,3	0,0	0,0	0,0	0,950	0,000	5032,398	0,0	-32,9		14:19:33:972		
004:09:00,000	-34,2	30,3	30,2	-34,2	0,0	0,0	0,0	0,950	0,000	5028,861	0,0	-33,9		14:20:33:972		
004:10:00,000	-34,2	29,4	29,7	-34,2	0,0	0,0	0,0	0,950	0,000	5029,148	0,0	-33,8		14:21:33:972		
004:11:00,000	-34,1	28,9	29,1	-34,1	0,0	0,0	0,0	0,950	0,000	5028,204	0,0	-33,9		14:22:33:972		
004:12:00,000	-34,3	28,1	28,3	-34,3	0,0	0,0	0,0	0,950	0,000	5027,287	0,0	-34,1		14:23:33:972		
004:13:00,000	-34,0	28,3	28,2	-33,9	0,0	0,0	0,0	0,950	0,000	5028,121	0,0	-33,7		14:24:33:972		
004:14:00,000	-34,2	28,4	28,2	-34,2	0,0	0,0	0,0	0,950	0,000	5026,275	0,0	-33,9		14:25:33:972		
004:15:00,000	-34,5	28,6	28,2	-34,5	0,0	0,0	0,0	0,950	0,000	5027,458	0,0	-34,1		14:26:33:972		
004:16:00,000	-34,7	29,3	28,7	-34,7	0,0	0,0	0,0	0,950	0,000	5027,722	0,0	-34,5		14:27:33:972		
004:17:00,000	-35,9	29,6	29,0	-35,9	0,0	0,0	0,0	0,950	0,000	5029,000	0,0	-35,8		14:28:33:972		
004:18:00,000	-35,8	30,1	29,6	-35,8	0,0	0,0	0,0	0,950	0,000	5029,444	0,0	-35,5		14:29:33:972		
004:19:00,000	-34,3	30,8	30,1	-34,3	0,0	0,0	0,0	0,950	0,000	5029,750	0,0	-34,0		14:30:33:972		
004:20:00,000	-34,4	30,8	30,4	-34,4	0,0	0,0	0,0	0,950	0,000	5028,972	0,0	-34,1		14:31:33:972		
004:21:00,000	-35,0	30,2	30,3	-35,0	0,0	0,0	0,0	0,950	0,000	5029,019	0,0	-34,8		14:32:33:972		
004:22:00,000	-35,3	29,6	29,9	-35,3	0,0	0,0	0,0	0,950	0,000	5028,213	0,0	-34,8		14:33:33:972		
004:23:00,000	-34,1	29,7	29,5	-34,1	0,0	0,0	0,0	0,950	0,000	5029,074	0,0	-34,0		14:34:33:972		
004:24:00,000	-34,3	30,0	29,5	-34,3	0,0	0,0	0,0	0,950	0,000	5028,565	0,0	-34,2		14:35:33:972		
004:25:00,000	-35,1	29,9	29,5	-35,1	0,0	0,0	0,0	0,950	0,000	5028,495	0,0	-34,9		14:36:33:972		
004:26:00,000	-34,4	30,5	29,9	-34,4	0,0	0,0	0,0	0,950	0,000	5029,611	0,0	-34,3		14:37:33:972		
004:27:00,000	-35,6	29,2	29,5	-35,6	0,0	0,0	0,0	0,950	0,000	5028,981	0,0	-35,5		14:38:33:972		
004:28:00,000	-34,0	29,0	29,1	-34,0	0,0	0,0	0,0	0,950	0,000	5027,879	0,0	-33,8		14:39:33:972		
004:29:00,000	-33,0	28,9	28,9	-33,0	0,0	0,0	0,0	0,950	0,000	5027,417	0,0	-32,5		14:40:33:972		
004:30:00,000	-32,9	28,8	28,7	-32,8	0,0	0,0	0,0	0,950	0,000	5027,685	0,0	-32,7		14:41:33:972		
004:31:00,000	-33,0	28,6	28,6	-33,0	0,0	0,0	0,0	0,950	0,000	5027,648	0,0	-32,6		14:42:33:972		
004:32:00,000	-33,1	28,4	28,5	-33,2	0,0	0,0	0,0	0,950	0,000	5026,778	0,0	-33,1		14:43:33:972		
004:33:00,000	-33,4	29,1	28,6	-33,4	0,0	0,0	0,0	0,950	0,000	5027,833	0,0	-33,2		14:44:33:972		
004:34:00,000	-33,6	28,9	28,7	-33,6	0,0	0,0	0,0	0,950	0,000	5027,454	0,0	-33,5		14:45:33:972		
004:35:00,000	-32,7	29,2	28,8	-32,7	0,0	0,0	0,0	0,950	0,000	5027,843	0,0	-32,6		14:46:33:972		
004:36:00,000	-33,0	29,3	28,9	-33,0	0,0	0,0	0,0	0,950	0,000	5028,241	0,0	-32,6		14:47:33:972		
004:37:00,000	-33,2	28,9	28,9	-33,2	0,0	0,0	0,0	0,950	0,000	5027,611	0,0	-32,8		14:48:33:972		
004:38:00,000	-33,5	28,4	28,5	-33,4	0,0	0,0	0,0	0,950	0,000	5026,426	0,0	-33,1		14:49:33:972		
004:39:00,000	-33,5	28,1	28,2	-33,5	0,0	0,0	0,0	0,950	0,000	5027,509	0,0	-33,4		14:50:33:972		
004:40:00,000	-33,6	27,7	27,9	-33,6	0,0	0,0	0,0	0,950	0,000	5026,056	0,0	-33,3		14:51:33:972		
004:41:00,000	-33,3	27,9	27,7	-33,3	0,0	0,0	0,0	0,950	0,000	5025,639	0,0	-33,0		14:52:33:972		
004:42:00,000	-32,5	28,7	28,0	-32,5	0,0	0,0	0,0	0,950	0,000	5026,596	0,0	-32,4		14:53:33:972		
004:43:00,000	-32,7	29,1	28,5	-32,7	0,0	0,0	0,0	0,950	0,000	5028,528	0,0	-32,5		14:54:33:972		
004:44:00,000	-33,5	29,1	28,5	-33,6	0,0	0,0	0,0	0,950	0,000	5027,546	0,0	-33,4		14:55:33:972		
004:45:00,000	-34,1	29,4	28,9	-34,1	0,0	0,0	0,0	0,950	0,000	5028,509	0,0	-33,9		14:56:33:972		
004:46:00,000	-34,3	29,9	29,3	-34,3	0,0	0,0	0,0	0,950	0,000	5025,852	0,0	-34,0		14:57:33:972		
004:47:00,000	-33,8	30,2	29,6	-33,8	0,0	0,0	0,0	0,950	0,000	5029,065	0,0	-33,5		14:58:33:972		
004:48:00,000	-33,8	30,1	29,7	-33,8	0,0	0,0	0,0	0,950	0,000	5029,491	0,0	-33,4		14:59:33:972		
004:49:00,000	-34,7	30,2	29,8	-34,6	0,0	0,0	0,0	0,950	0,000	5029,330	0,0	-34,4		15:00:33:972		
004:50:00,000	-33,5	30,4	30,1	-33,5	0,0	0,0	0,0	0,950	0,000	5029,407	0,0	-33,2		15:01:33:972		
004:51:00,000	-34,1	29,9	30,1	-34,1	0,0	0,0	0,0	0,950	0,000	5030,444	0,0	-33,8		15:02:33:972		
004:52:00,000	-34,3	29,9	30,1	-34,3	0,0	0,0	0,0	0,950	0,000	5029,385	0,0	-34,2		15:03:33:972		
004:53:00,000	-33,9	30,1	30,1	-33,9	0,0	0,0	0,0	0,950	0,000	5029,038	0,0	-33,7		15:04:33:972		
004:54:00,000	-34,1	30,2	30,1	-34,1	0,0	0,0	0,0	0,950	0,000	5029,184	0,0	-34,1		15:05:33:972		
004:55:00,000	-33,7	30,4	30,1	-33,7	0,0	0,0	0,0	0,950	0,000	5029,449	0,0	-33,4		15:06:33:972		
004:56:00,000	-34,0	30,6	30,1	-34,0	0,0	0,0	0,0	0,950	0,000	5030,239	0,0	-33,7		15:07:33:972		
004:57:00,000	-34,5	31,2	30,6	-34,5	0,0	0,0	0,0	0,950	0,000	5031,037	0,0	-34,2		15:08:33:972		
004:58:00,000	-35,4	30,9	30,7	-35,4	0,0	0,0	0,0	0,950	0,000	5030,611	0,0	-35,1		15:09:33:972		
004:59:00,000	-36,0	30,0	30,4	-36,0	0,0	0,0	0,0	0,950	0,000	5029,222	0,0	-35,8		15:10:33:972		
005:00:00,000	-35,2	29,7	29,9	-35,2	0,0	0,0	0,0	0,950	0,000	5028,852	0,0	-35,0		15:11:33:972		
005:01:00,000	-34,8	29,8	29,9	-34,8	0,0	0,0	0,0	0,950	0,000	5029,343	0,0	-34,7		15:12:33:972		
005:02:00,000	-34,9	29,7	29,8	-34,9	0,0	0,0	0,0	0,950	0,000	5028,889	0,0	-34,5		15:13:33:972		
005:03:00,000	-35,2	29,2	29,4	-35,2	0,0	0,0	0,0	0,950	0,000	5028,444	0,0	-35,0		15:14:33:972		
005:04:00,000	-35,0	29,1	29,2	-35,0	0,0	0,0	0,0	0,950	0,000	5027,972	0,0	-34,9		15:15:33:972		
005:05:00,000	-34,3	29,1	29,1	-34,3	0,0	0,0	0,0	0,950	0,000	5028,065	0,0	-34,1		15:16:33:972		
005:06:00,000	-34,6	28,9	29,0	-34,6	0,0	0,0	0,0	0,950	0,000	5028,074	0,0	-34,5		15:17:33:972		
005:07:00,000	-34,9	29,2	29,0	-34,9	0,0	0,0	0,0	0,950	0,000	5028,713	0,0	-34,5		15:18:33:972		
005:08:00,000	-35,1	29,8	29,3	-35,1	0,0	0,0	0,0	0,950	0,000	5029,046	0,0	-35,0		15:19:33:972		
005:09:00,000	-35,0	30,6	30,0	-35,0	0,0	0,0	0,0	0,950	0,000	5029,139	0,0	-34,7		15:20:33:972		
005:10:00,000	-35,0	31,4	30,7	-35,0	0,0	0,0	0,0	0,950	0,000	5031,211	0,0	-34,7		15:21:33:972		
005:11:00,000	-34,5	32,2	31,4	-34,5	0,0	0,0	0,0	0,950	0,000	5032,222	0,0	-34,3		15:22:33:972		
005:12:00,000	-35,7	31,6	31,6	-35,7	0,0	0,0	0,0	0,950	0,000	5030,945	0,0	-35,5		15:23:33:972		
005:13:00,000	-36,3	29,5	30,2	-36,3	0,0	0,0	0,0	0,950	0,000	5029,250	0,0	-36,0		15:24:33:972		
005:14:00,000	-35,3	29,1	29,4	-35,3	0,0	0,0	0,0	0,950	0,000	5027,435	0,0	-35,1		15:25:33:972		
005:15:00,000	-34,9	29,3	29,3	-34,9	0,0	0,0	0,0	0,950	0,000	5027,981	0,0	-34,6		15:26:33:972		
005:16:00,000	-34,9	29,1	29,2	-34,9	0,0	0,0	0,0	0,950	0,000	5028,352	0,0	-34,8		15:27:33:972		
005:17:00,000	-35,0	28,9	29,0	-35,0	0,0	0,0	0,0	0,950	0,000	5027,898	0,0	-34,5		15:28:33:972		
005:18:00,000	-34,3	29,0	29,0	-34,3	0,0	0,0	0,0	0,950	0,000	5027,713	0,0	-34,1		15:29:33:972		
005:19:00,000	-35,1	28,9	29,0	-35,1	0,0	0,0	0,0	0,950	0,000	5027,312	0,0	-35,0		15:30:33:972		
005:20:00,000	-35,6	29,2	29,0	-35,6	0,0	0,0	0,0	0,950	0,000	5028,879	0,0	-35,5		15:31:33:972		
005:21:00,000	-35,4	29,0	29,0	-35,4	0,0	0,0	0,0	0,950	0,000	5028,500	0,0	-35,0		15:32:33:972		
005:22:00,000	-33,8	29,8	29,1	-33,8	0,0	0,0	0,0	0,950	0,000	5028,852	0,0	-33,7		15:33:33:972		
005:23:00,000	-33,5	29,8	29,5	-33,5	0,0	0,0	0,0	0,950	0,000	5028,074	0,0	-33,3		15:34:33:972		
005:24:00,000	-34,1	28,8	29,1	-34,0	0,0	0,0	0,0	0,950	0,000	5027,293	0,0	-33,9		15:35:33:972		
005:25:00,000	-34,2	28,4	28,6	-34,2	0,0	0,0	0,0	0,950	0,000	5028,629	0,0	-33,8		15:36:33:972		
005:26:00,000	-32,6	28,8	28,5	-32,6	0,0	0,0	0,0	0,950	0,000	5027,259	0,0	-32,5		15:37:33:972		
005:27:00,000	-32,8	28,9	28,5	-32,8	0,0	0,0	0,0	0,950	0,000	5027,491	0,0	-32,6		15:38:33:972		
005:28:00,000	-32,8	29,2	28,6	-32,8	0,0	0,0	0,0	0,950	0,000	5028,371	0,0	-32,7		15:39:33:972		
005:29:00,000	-32,8	29,2	28,8	-32,8	0,0	0,0	0,0	0,950	0,000	5028,222	0,0	-32,7		15:40:33:972		
005:30:00,000	-32,9	29,4	28,9	-32,9	0,0	0,0	0,0	0,950	0,000	5028,204	0,0	-32,6		15:41:33:972		
005:31:00,000	-33,8	29,8	29,3	-33,8	0,0	0,0	0,0	0,950	0,000	5029,241	0,0	-33,5		15:42:33:972		
005:32:00,000	-34,3	30,1	29,6	-34,3	0,0	0,0	0,0	0,950	0,000	5030,000	0,0	-34,1		15:43:33:972		
005:33:00,000	-34,2	30,0	29,6	-34,2	0,0	0,0	0,0	0,950	0,000	5029,111	0,0	-33,9		15:44:33:972		
005:34:00,000	-33,7	30,0	29,6	-33,7	0,0	0,0	0,0	0,950	0,000	5028,481	0,0	-33,5		15:45:33:972		
005:35:00,000	-33,4	30,0	29,6	-33,4	0,0	0,0	0,0	0,950	0,000	5028,379	0,0	-33,4		15:46:33:972		
005:36:00,000	-33,9	29,9	29,6	-33,9	0,0	0,0	0,0	0,950	0,000	5029,741	0,0	-33,9		15:47:33:972		
005:37:00,000	-34,6	29,7	29,6	-34,6	0,0	0,0	0,0	0,950	0,000	5027,991	0,0	-34,4		15:48:33:972		
005:38:00,000	-34,5	29,1	29,4	-34,5	0,0	0,0	0,0	0,950	0,000	5027,963	0,0	-34,3		15:49:33:972		
005:39:00,000	-33,6	29,4	29,2	-33,6	0,0	0,0	0,0	0,950	0,000	5028,602	0,0	-33,3		15:50:33:972		
005:40:00,000	-34,1	29,2	29,2	-34,1	0,0	0,0	0,0	0,950	0,000	5028,898	0,0	-33,9		15:51:33:972		
005:41:00,000	-34,0	29,2	29,1	-34,0	0,0	0,0	0,0	0,950	0,000	5028,676	0,0	-33,8		15:52:33:972		
005:42:00,000	-32,7	29,3	29,1	-32,7	0,0	0,0	0,0	0,950	0,000	5027,129	0,0	-32,7		15:53:33:972		
005:43:00,000	-32,5	29,5	29,1	-32,5	0,0	0,0	0,0	0,950	0,000	5029,463	0,0	-32,3		15:54:33:972		
005:44:00,000	-32,6	29,4	29,2	-32,7	0,0	0,0	0,0	0,950	0,000	5029,019	0,0	-32,5		15:55:33:972		
005:45:00,000	-32,8	29,8	29,3	-32,8	0,0	0,0	0,0	0,950	0,000	5028,917	0,0	-32,7		15:56:33:972		
005:46:00,000	-32,8	30,9	30,2	-32,8	0,0	0,0	0,0	0,950	0,000	5029,454	0,0	-32,4		15:57:33:972		
005:47:00,000	-32,9	31,4	30,8	-32,9	0,0	0,0	0,0	0,950	0,000	5030,037	0,0	-32,8		15:58:33:972		
005:48:00,000	-33,7	31,2	30,9	-33,7	0,0	0,0	0,0	0,950	0,000	5030,398	0,0	-33,6		15:59:33:972		
005:49:00,000	-34,3	30,7	30,8	-34,3	0,0	0,0	0,0	0,950	0,000	5029,343	0,0	-34,0		16:00:33:972		
005:50:00,000	-35,2	29,5	29,9	-35,2	0,0	0,0	0,0	0,950	0,000	5028,704	0,0	-34,8		16:01:33:972		
005:51:00,000	-34,5	29,6	29,6	-34,5	0,0	0,0	0,0	0,950	0,000	5029,352	0,0	-34,3		16:02:33:972		
005:52:00,000	-34,3	29,8	29,6	-34,3	0,0	0,0	0,0	0,950	0,000	5028,500	0,0	-34,1		16:03:33:972		
005:53:00,000	-33,9	30,2	29,7	-33,9	0,0	0,0	0,0	0,950	0,000	5029,222	0,0	-33,7		16:04:33:972		
005:54:00,000	-33,6	30,9	30,2	-33,6	0,0	0,0	0,0	0,950	0,000	5030,074	0,0	-33,5		16:05:33:972		
005:55:00,000	-34,1	31,4	30,7	-34,1	0,0	0,0	0,0	0,950	0,000	5031,861	0,0	-33,9		16:06:33:972		
005:56:00,000	-35,8	30,8	30,8	-35,8	0,0	0,0	0,0	0,950	0,000	5029,844	0,0	-35,5		16:07:33:972		
005:57:00,000	-35,7	29,4	29,9	-35,7	0,0	0,0	0,0	0,950	0,000	5028,667	0,0	-35,6		16:08:33:972		
005:58:00,000	-34,5	28,7	29,0	-34,5	0,0	0,0	0,0	0,950	0,000	5027,519	0,0	-34,2		16:09:33:972		
005:59:00,000	-33,7	28,2	28,4	-33,7	0,0	0,0	0,0	0,950	0,000	5027,009	0,0	-33,5		16:10:33:972		
006:00:00,000	-33,7	28,0	28,2	-33,7	0,0	0,0	0,0	0,950	0,000	5027,315	0,0	-33,4		16:11:33:972		
006:01:00,000	-33,4	28,5	28,2	-33,4	0,0	0,0	0,0	0,950	0,000	5028,231	0,0	-33,1		16:12:33:972		
006:02:00,000	-33,9	29,0	28,6	-33,8	0,0	0,0	0,0	0,950	0,000	5027,621	0,0	-33,5		16:13:33:972		
006:03:00,000	-34,1	28,5	28,6	-34,1	0,0	0,0	0,0	0,950	0,000	5027,167	0,0	-34,1		16:14:33:972		
006:04:00,000	-32,6	28,9	28,6	-32,6	0,0	0,0	0,0	0,950	0,000	5028,148	0,0	-32,0		16:15:33:972		
006:05:00,000	-32,4	29,2	28,7	-32,4	0,0	0,0	0,0	0,950	0,000	5027,879	0,0	-32,2		16:16:33:972		
006:06:00,000	-32,3	29,2	28,8	-32,3	0,0	0,0	0,0	0,950	0,000	5028,211	0,0	-31,9		16:17:33:972		
006:07:00,000	-32,7	29,1	28,8	-32,6	0,0	0,0	0,0	0,950	0,000	5027,731	0,0	-32,4		16:18:33:972		
006:08:00,000	-33,1	29,2	28,8	-33,1	0,0	0,0	0,0	0,950	0,000	5028,074	0,0	-32,7		16:19:33:972		
006:09:00,000	-33,0	29,7	29,1	-33,0	0,0	0,0	0,0	0,950	0,000	5028,750	0,0	-33,0		16:20:33:972		
006:10:00,000	-33,6	29,6	29,3	-33,6	0,0	0,0	0,0	0,950	0,000	5029,574	0,0	-33,2		16:21:33:972		
006:11:00,000	-33,6	29,2	29,3	-33,6	0,0	0,0	0,0	0,950	0,000	5029,716	0,0	-33,3		16:22:33:972		
006:12:00,000	-33,7	28,8	29,0	-33,7	0,0	0,0	0,0	0,950	0,000	5027,196	0,0	-33,5		16:23:33:972		
006:13:00,000	-33,4	29,0	28,9	-33,4	0,0	0,0	0,0	0,950	0,000	5028,009	0,0	-33,3		16:24:33:972		
006:14:00,000	-33,7	29,2	28,9	-33,7	0,0	0,0	0,0	0,950	0,000	5028,222	0,0	-33,5		16:25:33:972		
006:15:00,000	-33,6	29,7	29,1	-33,6	0,0	0,0	0,0	0,950	0,000	5028,944	0,0	-33,3		16:26:33:972		
006:16:00,000	-34,1	29,8	29,4	-34,1	0,0	0,0	0,0	0,950	0,000	5027,852	0,0	-34,0		16:27:33:972		
006:17:00,000	-33,9	29,9	29,5	-33,9	0,0	0,0	0,0	0,950	0,000	5029,204	0,0	-33,9		16:28:33:972		
006:18:00,000	-34,0	29,8	29,5	-34,0	0,0	0,0	0,0	0,950	0,000	5029,583	0,0	-33,9		16:29:33:972		
006:19:00,000	-34,3	30,0	29,5	-34,3	0,0	0,0	0,0	0,950	0,000	5028,379	0,0	-34,1		16:30:33:972		
006:20:00,000	-34,3	30,1	29,7	-34,3	0,0	0,0	0,0	0,950	0,000	5029,722	0,0	-34,0		16:31:33:972		
006:21:00,000	-33,1	31,0	30,3	-33,1	0,0	0,0	0,0	0,950	0,000	5030,101	0,0	-32,7		16:32:33:972		
006:22:00,000	-33,2	31,3	30,6	-33,2	0,0	0,0	0,0	0,950	0,000	5030,278	0,0	-32,7		16:33:33:972		
006:23:00,000	-33,3	31,4	30,8	-33,3	0,0	0,0	0,0	0,950	0,000	5030,407	0,0	-33,2		16:34:33:972		
006:24:00,000	-34,3	30,0	30,4	-34,2	0,0	0,0	0,0	0,950	0,000	5029,806	0,0	-33,9		16:35:33:972		
006:25:00,000	-33,4	28,8	29,3	-33,4	0,0	0,0	0,0	0,950	0,000	5028,899	0,0	-33,4		16:36:33:972		
006:26:00,000	-32,5	28,7	28,9	-32,5	0,0	0,0	0,0	0,950	0,000	5027,607	0,0	-32,4		16:37:33:972		
006:27:00,000	-32,6	28,7	28,9	-32,6	0,0	0,0	0,0	0,950	0,000	5028,046	0,0	-32,2		16:38:33:972		
006:28:00,000	-32,5	28,4	28,7	-32,4	0,0	0,0	0,0	0,950	0,000	5028,184	0,0	-31,9		16:39:33:972		
006:29:00,000	-32,6	27,8	28,1	-32,6	0,0	0,0	0,0	0,950	0,000	5026,537	0,0	-32,6		16:40:33:972		
006:30:00,000	-32,8	27,7	28,0	-32,7	0,0	0,0	0,0	0,950	0,000	5026,444	0,0	-32,5		16:41:33:972		
006:31:00,000	-32,3	28,0	28,0	-32,3	0,0	0,0	0,0	0,950	0,000	5027,833	0,0	-32,1		16:42:33:972		
006:32:00,000	-32,4	28,6	28,1	-32,4	0,0	0,0	0,0	0,950	0,000	5027,389	0,0	-32,1		16:43:33:972		
006:33:00,000	-33,0	28,7	28,3	-33,0	0,0	0,0	0,0	0,950	0,000	5027,843	0,0	-32,8		16:44:33:972		
006:34:00,000	-32,8	28,7	28,3	-32,8	0,0	0,0	0,0	0,950	0,000	5028,231	0,0	-32,5		16:45:33:972		
006:35:00,000	-32,3	28,8	28,4	-32,3	0,0	0,0	0,0	0,950	0,000	5027,871	0,0	-31,8		16:46:33:972		
006:36:00,000	-32,8	28,6	28,4	-32,8	0,0	0,0	0,0	0,950	0,000	5026,741	0,0	-32,7		16:47:33:972		
006:37:00,000	-33,3	29,2	28,7	-33,3	0,0	0,0	0,0	0,950	0,000	5028,565	0,0	-33,4		16:48:33:972		
006:38:00,000	-33,3	29,1	28,8	-33,2	0,0	0,0	0,0	0,950	0,000	5028,027	0,0	-33,2		16:49:33:972		
006:39:00,000	-32,6	29,2	28,8	-32,6	0,0	0,0	0,0	0,950	0,000	5027,231	0,0	-32,2		16:50:33:972		
006:40:00,000	-32,4	29,5	29,0	-32,4	0,0	0,0	0,0	0,950	0,000	5029,778	0,0	-32,1		16:51:33:972		
006:41:00,000	-32,4	29,2	29,0	-32,4	0,0	0,0	0,0	0,950	0,000	5029,083	0,0	-32,3		16:52:33:972		
006:42:00,000	-32,5	28,8	29,0	-32,5	0,0	0,0	0,0	0,950	0,000	5027,371	0,0	-32,2		16:53:33:972		
006:43:00,000	-32,6	28,6	28,8	-32,6	0,0	0,0	0,0	0,950	0,000	5029,037	0,0	-32,3		16:54:33:972		
006:44:00,000	-32,6	29,2	28,8	-32,6	0,0	0,0	0,0	0,950	0,000	5027,694	0,0	-32,5		16:55:33:972		
006:45:00,000	-33,4	29,6	29,2	-33,4	0,0	0,0	0,0	0,950	0,000	5029,528	0,0	-33,4		16:56:33:972		
006:46:00,000	-34,1	28,9	29,1	-34,1	0,0	0,0	0,0	0,950	0,000	5027,972	0,0	-33,8		16:57:33:972		
006:47:00,000	-34,0	28,3	28,7	-34,0	0,0	0,0	0,0	0,950	0,000	5027,426	0,0	-33,8		16:58:33:972		
006:48:00,000	-33,7	28,0	28,3	-33,7	0,0	0,0	0,0	0,950	0,000	5026,981	0,0	-33,4		16:59:33:972		
006:49:00,000	-33,3	27,9	28,1	-33,3	0,0	0,0	0,0	0,950	0,000	5027,009	0,0	-33,2		17:00:33:972		
006:50:00,000	-32,5	28,4	28,1	-32,5	0,0	0,0	0,0	0,950	0,000	5028,065	0,0	-32,4		17:01:33:972		
006:51:00,000	-32,6	28,6	28,3	-32,5	0,0	0,0	0,0	0,950	0,000	5028,093	0,0	-32,5		17:02:33:972		
006:52:00,000	-32,9	28,7	28,3	-32,9	0,0	0,0	0,0	0,950	0,000	5028,055	0,0	-32,9		17:03:33:972		
006:53:00,000	-32,6	28,8	28,5	-32,5	0,0	0,0	0,0	0,950	0,000	5028,333	0,0	-32,3		17:04:33:972		
006:54:00,000	-32,6	28,7	28,5	-32,6	0,0	0,0	0,0	0,950	0,000	5028,194	0,0	-32,1		17:05:33:972		
006:55:00,000	-32,8	28,8	28,5	-32,8	0,0	0,0	0,0	0,950	0,000	5029,009	0,0	-32,4		17:06:33:972		
006:56:00,000	-33,2	29,4	28,9	-33,2	0,0	0,0	0,0	0,950	0,000	5029,361	0,0	-32,8		17:07:33:972		
006:57:00,000	-32,9	30,2	29,6	-32,9	0,0	0,0	0,0	0,950	0,000	5028,593	0,0	-32,5		17:08:33:972		
006:58:00,000	-33,7	30,2	29,9	-33,7	0,0	0,0	0,0	0,950	0,000	5029,713	0,0	-33,5		17:09:33:972		
006:59:00,000	-33,2	29,9	29,9	-33,2	0,0	0,0	0,0	0,950	0,000	5028,621	0,0	-33,1		17:10:33:972		
007:00:00,000	-33,4	29,9	29,9	-33,4	0,0	0,0	0,0	0,950	0,000	5029,417	0,0	-33,0		17:11:33:972		
007:01:00,000	-33,6	29,6	29,8	-33,6	0,0	0,0	0,0	0,950	0,000	5030,241	0,0	-33,4		17:12:33:972		
007:02:00,000	-33,7	28,8	29,2	-33,6	0,0	0,0	0,0	0,950	0,000	5028,546	0,0	-33,3		17:13:33:972		
007:03:00,000	-32,8	28,4	28,7	-32,8	0,0	0,0	0,0	0,950	0,000	5027,231	0,0	-32,5		17:14:33:972		
007:04:00,000	-32,5	28,1	28,3	-32,4	0,0	0,0	0,0	0,950	0,000	5027,404	0,0	-32,0		17:15:33:972		
007:05:00,000	-32,9	27,7	28,1	-32,9	0,0	0,0	0,0	0,950	0,000	5026,713	0,0	-32,6		17:16:33:972		
007:06:00,000	-33,2	27,6	28,0	-33,2	0,0	0,0	0,0	0,950	0,000	5026,000	0,0	-32,7		17:17:33:972		
007:07:00,000	-33,7	27,5	27,8	-33,7	0,0	0,0	0,0	0,950	0,000	5025,417	0,0	-33,6		17:18:33:972		
007:08:00,000	-33,3	27,6	27,6	-33,3	0,0	0,0	0,0	0,950	0,000	5026,111	0,0	-33,3		17:19:33:972		
007:09:00,000	-32,6	28,4	27,9	-32,5	0,0	0,0	0,0	0,950	0,000	5026,546	0,0	-32,6		17:20:33:972		
007:10:00,000	-32,4	28,5	28,0	-32,4	0,0	0,0	0,0	0,950	0,000	5028,741	0,0	-32,3		17:21:33:972		
007:11:00,000	-32,7	28,3	28,0	-32,6	0,0	0,0	0,0	0,950	0,000	5028,333	0,0	-32,5		17:22:33:972		
007:12:00,000	-32,9	28,0	28,0	-32,9	0,0	0,0	0,0	0,950	0,000	5027,472	0,0	-32,7		17:23:33:972		
007:13:00,000	-32,9	27,8	28,0	-32,9	0,0	0,0	0,0	0,950	0,000	5027,379	0,0	-32,8		17:24:33:972		
007:14:00,000	-32,9	28,4	28,0	-32,9	0,0	0,0	0,0	0,950	0,000	5027,102	0,0	-32,5		17:25:33:972		
007:15:00,000	-33,5	28,3	28,0	-33,6	0,0	0,0	0,0	0,950	0,000	5028,468	0,0	-33,3		17:26:33:972		
007:16:00,000	-33,9	27,9	28,1	-33,9	0,0	0,0	0,0	0,950	0,000	5026,713	0,0	-33,7		17:27:33:972		
007:17:00,000	-34,3	27,3	27,8	-34,2	0,0	0,0	0,0	0,950	0,000	5025,250	0,0	-34,4		17:28:33:972		
007:18:00,000	-32,8	27,8	27,6	-32,8	0,0	0,0	0,0	0,950	0,000	5025,157	0,0	-32,8		17:29:33:972		
007:19:00,000	-32,7	28,2	27,8	-32,7	0,0	0,0	0,0	0,950	0,000	5026,129	0,0	-32,5		17:30:33:972		
007:20:00,000	-33,1	27,9	27,8	-33,1	0,0	0,0	0,0	0,950	0,000	5026,574	0,0	-32,8		17:31:33:972		
007:21:00,000	-33,3	27,3	27,7	-33,3	0,0	0,0	0,0	0,950	0,000	5025,676	0,0	-33,5		17:32:33:972		
007:22:00,000	-33,4	27,5	27,6	-33,4	0,0	0,0	0,0	0,950	0,000	5025,361	0,0	-33,3		17:33:33:972		
007:23:00,000	-32,9	28,2	27,8	-32,9	0,0	0,0	0,0	0,950	0,000	5026,009	0,0	-32,8		17:34:33:972		
007:24:00,000	-32,9	28,5	28,0	-32,9	0,0	0,0	0,0	0,950	0,000	5027,722	0,0	-32,6		17:35:33:972		
007:25:00,000	-32,7	29,1	28,6	-32,7	0,0	0,0	0,0	0,950	0,000	5028,376	0,0	-32,6		17:36:33:972		
007:26:00,000	-33,1	29,0	28,6	-33,1	0,0	0,0	0,0	0,950	0,000	5028,713	0,0	-32,8		17:37:33:972		
007:27:00,000	-33,5	28,5	28,6	-33,5	0,0	0,0	0,0	0,950	0,000	5027,278	0,0	-33,3		17:38:33:972		
007:28:00,000	-33,8	28,1	28,4	-33,8	0,0	0,0	0,0	0,950	0,000	5027,972	0,0	-33,8		17:39:33:972		
007:29:00,000	-33,8	28,1	28,3	-33,7	0,0	0,0	0,0	0,950	0,000	5026,454	0,0	-33,6		17:40:33:972		
007:30:00,000	-33,5	28,1	28,3	-33,5	0,0	0,0	0,0	0,950	0,000	5026,685	0,0	-33,4		17:41:33:972		
007:31:00,000	-33,7	27,6	28,0	-33,7	0,0	0,0	0,0	0,950	0,000	5026,269	0,0	-33,7		17:42:33:972		
007:32:00,000	-33,6	27,7	27,9	-33,6	0,0	0,0	0,0	0,950	0,000	5026,500	0,0	-33,5		17:43:33:972		
007:33:00,000	-33,6	27,9	27,9	-33,5	0,0	0,0	0,0	0,950	0,000	5025,352	0,0	-33,4		17:44:33:972		
007:34:00,000	-33,4	28,4	28,0	-33,4	0,0	0,0	0,0	0,950	0,000	5026,176	0,0	-33,3		17:45:33:972		
007:35:00,000	-33,9	28,7	28,4	-33,9	0,0	0,0	0,0	0,950	0,000	5027,395	0,0	-33,7		17:46:33:972		
007:36:00,000	-33,6	29,1	28,7	-33,6	0,0	0,0	0,0	0,950	0,000	5027,806	0,0	-33,6		17:47:33:972		
007:37:00,000	-34,2	28,5	28,7	-34,2	0,0	0,0	0,0	0,950	0,000	5027,000	0,0	-34,1		17:48:33:972		
007:38:00,000	-34,5	28,0	28,3	-34,5	0,0	0,0	0,0	0,950	0,000	5027,176	0,0	-34,2		17:49:33:972		
007:39:00,000	-34,7	27,6	28,0	-34,7	0,0	0,0	0,0	0,950	0,000	5025,833	0,0	-34,6		17:50:33:972		
007:40:00,000	-34,4	27,6	27,9	-34,4	0,0	0,0	0,0	0,950	0,000	5025,843	0,0	-34,2		17:51:33:972		
007:41:00,000	-34,6	27,5	27,8	-34,6	0,0	0,0	0,0	0,950	0,000	5025,787	0,0	-34,6		17:52:33:972		
007:42:00,000	-35,3	27,3	27,6	-35,2	0,0	0,0	0,0	0,950	0,000	5025,165	0,0	-34,9		17:53:33:972		
007:43:00,000	-35,4	27,2	27,5	-35,4	0,0	0,0	0,0	0,950	0,000	5025,398	0,0	-35,1		17:54:33:972		
007:44:00,000	-35,1	27,4	27,5	-35,1	0,0	0,0	0,0	0,950	0,000	5027,926	0,0	-35,0		17:55:33:972		
007:45:00,000	-34,8	27,8	27,5	-34,8	0,0	0,0	0,0	0,950	0,000	5025,615	0,0	-34,3		17:56:33:972		
007:46:00,000	-35,2	27,9	27,6	-35,2	0,0	0,0	0,0	0,950	0,000	5026,537	0,0	-34,9		17:57:33:972		
007:47:00,000	-34,5	27,8	27,6	-34,4	0,0	0,0	0,0	0,950	0,000	5026,194	0,0	-34,4		17:58:33:972		
007:48:00,000	-34,4	27,8	27,6	-34,4	0,0	0,0	0,0	0,950	0,000	5024,954	0,0	-34,4		17:59:33:972		
007:49:00,000	-34,7	27,7	27,6	-34,7	0,0	0,0	0,0	0,950	0,000	5025,843	0,0	-34,7		18:00:33:972		
007:50:00,000	-34,7	27,6	27,6	-34,7	0,0	0,0	0,0	0,950	0,000	5025,944	0,0	-34,3		18:01:33:972		
007:51:00,000	-34,7	27,6	27,6	-34,7	0,0	0,0	0,0	0,950	0,000	5025,861	0,0	-34,4		18:02:33:972		
007:52:00,000	-35,2	27,8	27,6	-35,2	0,0	0,0	0,0	0,950	0,000	5026,027	0,0	-34,9		18:03:33:972		
007:53:00,000	-35,2	28,2	27,9	-35,2	0,0	0,0	0,0	0,950	0,000	5026,185	0,0	-35,0		18:04:33:972		
007:54:00,000	-34,7	28,7	28,3	-34,6	0,0	0,0	0,0	0,950	0,000	5027,741	0,0	-34,5		18:05:33:972		
007:55:00,000	-35,2	28,1	28,3	-35,3	0,0	0,0	0,0	0,950	0,000	5027,519	0,0	-35,0		18:06:33:972		
007:56:00,000	-35,9	28,1	28,3	-35,8	0,0	0,0	0,0	0,950	0,000	5027,065	0,0	-35,3		18:07:33:972		
007:57:00,000	-35,7	27,8	28,1	-35,6	0,0	0,0	0,0	0,950	0,000	5026,583	0,0	-35,4		18:08:33:972		
007:58:00,000	-35,9	27,7	28,1	-35,9	0,0	0,0	0,0	0,950	0,000	5026,750	0,0	-35,8		18:09:33:972		
007:59:00,000	-35,2	27,9	28,0	-35,1	0,0	0,0	0,0	0,950	0,000	5026,454	0,0	-35,1		18:10:33:972		
008:00:00,000	-35,5	27,9	28,0	-35,5	0,0	0,0	0,0	0,950	0,000	5026,824	0,0	-35,1		18:11:33:972		
008:01:00,000	-35,5	28,1	28,0	-35,5	0,0	0,0	0,0	0,950	0,000	5028,167	0,0	-35,3		18:12:33:972		
008:02:00,000	-35,5	27,9	28,0	-35,5	0,0	0,0	0,0	0,950	0,000	5026,861	0,0	-35,4		18:13:33:972		
008:03:00,000	-35,1	28,1	28,0	-35,1	0,0	0,0	0,0	0,950	0,000	5027,296	0,0	-35,2		18:14:33:972		
008:04:00,000	-35,3	28,1	28,0	-35,3	0,0	0,0	0,0	0,950	0,000	5027,685	0,0	-35,0		18:15:33:972		
008:05:00,000	-35,4	28,0	28,0	-35,5	0,0	0,0	0,0	0,950	0,000	5027,204	0,0	-35,3		18:16:33:972		
008:06:00,000	-35,8	28,1	28,0	-35,9	0,0	0,0	0,0	0,950	0,000	5027,546	0,0	-35,9		18:17:33:972		
008:07:00,000	-35,2	28,3	28,1	-35,1	0,0	0,0	0,0	0,950	0,000	5027,444	0,0	-34,7		18:18:33:972		
008:08:00,000	-35,3	28,2	28,1	-35,4	0,0	0,0	0,0	0,950	0,000	5027,167	0,0	-35,1		18:19:33:972		
008:09:00,000	-35,5	28,0	28,1	-35,5	0,0	0,0	0,0	0,950	0,000	5027,019	0,0	-35,2		18:20:33:972		
008:10:00,000	-35,6	27,7	28,0	-35,6	0,0	0,0	0,0	0,950	0,000	5027,102	0,0	-35,2		18:21:33:972		
008:11:00,000	-35,6	27,6	27,9	-35,6	0,0	0,0	0,0	0,950	0,000	5027,771	0,0	-35,5		18:22:33:972		
008:12:00,000	-35,1	27,6	27,9	-35,0	0,0	0,0	0,0	0,950	0,000	5027,000	0,0	-35,1		18:23:33:972		
008:13:00,000	-34,8	27,8	27,9	-34,8	0,0	0,0	0,0	0,950	0,000	5026,296	0,0	-34,7		18:24:33:972		
008:14:00,000	-34,7	28,1	27,9	-34,7	0,0	0,0	0,0	0,950	0,000	5025,871	0,0	-34,5		18:25:33:972		
008:15:00,000	-34,8	28,5	28,2	-34,8	0,0	0,0	0,0	0,950	0,000	5027,315	0,0	-34,6		18:26:33:972		
008:16:00,000	-34,8	28,6	28,4	-34,9	0,0	0,0	0,0	0,950	0,000	5027,250	0,0	-34,6		18:27:33:972		
008:17:00,000	-35,8	28,3	28,4	-35,8	0,0	0,0	0,0	0,950	0,000	5027,352	0,0	-35,7		18:28:33:972		
008:18:00,000	-36,3	28,1	28,3	-36,3	0,0	0,0	0,0	0,950	0,000	5027,174	0,0	-36,2		18:29:33:972		
008:19:00,000	-36,8	27,7	28,1	-36,8	0,0	0,0	0,0	0,950	0,000	5026,028	0,0	-36,8		18:30:33:972		
008:20:00,000	-37,1	27,6	28,0	-37,0	0,0	0,0	0,0	0,950	0,000	5026,000	0,0	-36,8		18:31:33:972		
008:21:00,000	-37,3	27,5	27,9	-37,3	0,0	0,0	0,0	0,950	0,000	5025,657	0,0	-37,3		18:32:33:972		
008:22:00,000	-36,8	27,4	27,7	-36,8	0,0	0,0	0,0	0,950	0,000	5024,907	0,0	-36,6		18:33:33:972		
008:23:00,000	-36,8	27,4	27,7	-36,7	0,0	0,0	0,0	0,950	0,000	5024,871	0,0	-36,6		18:34:33:972		
008:24:00,000	-36,9	27,4	27,7	-36,9	0,0	0,0	0,0	0,950	0,000	5024,037	0,0	-36,7		18:35:33:972		
008:25:00,000	-37,5	27,4	27,7	-37,4	0,0	0,0	0,0	0,950	0,000	5025,954	0,0	-37,3		18:36:33:972		
008:26:00,000	-36,9	27,5	27,7	-36,9	0,0	0,0	0,0	0,950	0,000	5026,119	0,0	-36,7		18:37:33:972		
008:27:00,000	-37,0	27,4	27,7	-37,0	0,0	0,0	0,0	0,950	0,000	5026,157	0,0	-37,1		18:38:33:972		
008:28:00,000	-37,0	27,5	27,6	-37,0	0,0	0,0	0,0	0,950	0,000	5025,194	0,0	-37,0		18:39:33:972		
008:29:00,000	-36,7	27,5	27,6	-36,7	0,0	0,0	0,0	0,950	0,000	5025,361	0,0	-36,6		18:40:33:972		
008:30:00,000	-36,7	27,6	27,6	-36,7	0,0	0,0	0,0	0,950	0,000	5025,129	0,0	-36,8		18:41:33:972		
008:31:00,000	-37,0	27,7	27,6	-37,0	0,0	0,0	0,0	0,950	0,000	5024,954	0,0	-37,1		18:42:33:972		
008:32:00,000	-36,7	28,1	27,8	-36,7	0,0	0,0	0,0	0,950	0,000	5025,139	0,0	-36,3		18:43:33:972		
008:33:00,000	-36,7	28,1	27,9	-36,7	0,0	0,0	0,0	0,950	0,000	5025,250	0,0	-36,8		18:44:33:972		
008:34:00,000	-36,9	28,2	28,0	-37,0	0,0	0,0	0,0	0,950	0,000	5026,468	0,0	-36,7		18:45:33:972		
008:35:00,000	-37,6	27,5	27,9	-37,6	0,0	0,0	0,0	0,950	0,000	5026,139	0,0	-37,5		18:46:33:972		
008:36:00,000	-37,5	27,4	27,8	-37,5	0,0	0,0	0,0	0,950	0,000	5025,333	0,0	-37,1		18:47:33:972		
008:37:00,000	-37,5	27,5	27,8	-37,5	0,0	0,0	0,0	0,950	0,000	5024,713	0,0	-37,2		18:48:33:972		
008:38:00,000	-38,0	27,0	27,5	-38,0	0,0	0,0	0,0	0,950	0,000	5024,871	0,0	-37,7		18:49:33:972		
008:39:00,000	-38,6	26,7	27,2	-38,6	0,0	0,0	0,0	0,950	0,000	5024,596	0,0	-38,4		18:50:33:972		
008:40:00,000	-38,5	26,8	27,1	-38,5	0,0	0,0	0,0	0,950	0,000	5025,287	0,0	-38,3		18:51:33:972		
008:41:00,000	-37,9	27,2	27,1	-37,9	0,0	0,0	0,0	0,950	0,000	5025,907	0,0	-37,6		18:52:33:972		
008:42:00,000	-37,6	27,6	27,3	-37,6	0,0	0,0	0,0	0,950	0,000	5025,333	0,0	-37,4		18:53:33:972		
008:43:00,000	-37,0	28,1	27,7	-37,0	0,0	0,0	0,0	0,950	0,000	5029,657	0,0	-36,9		18:54:33:972		
008:44:00,000	-37,0	28,2	27,9	-37,0	0,0	0,0	0,0	0,950	0,000	5036,583	0,0	-37,1		18:55:33:972		
008:45:00,000	-37,6	28,3	28,0	-37,6	0,0	0,0	0,0	0,950	0,000	5027,269	0,0	-37,3		18:56:33:972		
008:46:00,000	-37,1	28,5	28,2	-37,1	0,0	0,0	0,0	0,950	0,000	5027,500	0,0	-37,1		18:57:33:972		
008:47:00,000	-37,5	28,3	28,2	-37,5	0,0	0,0	0,0	0,950	0,000	5027,871	0,0	-37,1		18:58:33:972		
008:48:00,000	-37,5	28,1	28,2	-37,5	0,0	0,0	0,0	0,950	0,000	5027,546	0,0	-37,3		18:59:33:972		
008:49:00,000	-37,4	27,7	28,1	-37,4	0,0	0,0	0,0	0,950	0,000	5026,491	0,0	-37,3		19:00:33:972		
008:50:00,000	-37,6	27,0	27,5	-37,7	0,0	0,0	0,0	0,950	0,000	5024,578	0,0	-37,4		19:01:33:972		
008:51:00,000	-38,3	26,4	27,0	-38,3	0,0	0,0	0,0	0,950	0,000	5025,537	0,0	-38,1		19:02:33:972		
008:52:00,000	-38,0	26,3	26,8	-38,0	0,0	0,0	0,0	0,950	0,000	5024,430	0,0	-37,8		19:03:33:972		
008:53:00,000	-37,8	26,7	26,8	-37,8	0,0	0,0	0,0	0,950	0,000	5024,587	0,0	-37,9		19:04:33:972		
008:54:00,000	-37,1	26,5	26,8	-37,1	0,0	0,0	0,0	0,950	0,000	5024,713	0,0	-37,0		19:05:33:972		
008:55:00,000	-35,4	25,8	26,5	-35,4	0,0	0,0	0,0	0,950	0,000	5024,722	0,0	-35,4		19:06:33:972		
008:56:00,000	-38,1	25,4	26,1	-38,1	0,0	0,0	0,0	0,950	0,000	5022,444	0,0	-37,9		19:07:33:972		
008:57:00,000	-37,2	25,3	25,9	-37,2	0,0	0,0	0,0	0,950	0,000	5023,019	0,0	-37,0		19:08:33:972		
008:58:00,000	-28,3	25,3	25,9	-28,3	0,0	0,0	0,0	0,950	0,000	5023,121	0,0	-28,1		19:09:33:972		
008:59:00,000	-23,4	25,1	25,7	-23,4	0,0	0,0	0,0	0,950	0,000	5022,852	0,0	-23,3		19:10:33:972		
009:00:00,000	-35,9	25,0	25,6	-35,8	0,0	0,0	0,0	0,950	0,000	5022,667	0,0	-35,8		19:11:33:972		
009:01:00,000	-35,7	24,9	25,5	-35,7	0,0	0,0	0,0	0,950	0,000	5023,185	0,0	-35,6		19:12:33:972		
009:02:00,000	-38,0	24,9	25,5	-38,0	0,0	0,0	0,0	0,950	0,000	5022,796	0,0	-38,1		19:13:33:972		
009:03:00,000	-38,4	24,9	25,5	-38,4	0,0	0,0	0,0	0,950	0,000	5022,546	0,0	-38,2		19:14:33:972		
009:04:00,000	-38,3	24,9	25,5	-38,3	0,0	0,0	0,0	0,950	0,000	5022,611	0,0	-38,1		19:15:33:972		
009:05:00,000	-36,2	25,0	25,5	-36,2	0,0	0,0	0,0	0,950	0,000	5023,315	0,0	-35,9		19:16:33:972		
009:06:00,000	-34,1	25,1	25,5	-34,1	0,0	0,0	0,0	0,950	0,000	5021,835	0,0	-33,9		19:17:33:972		
009:07:00,000	-35,2	25,0	25,5	-35,2	0,0	0,0	0,0	0,950	0,000	5022,333	0,0	-35,0		19:18:33:972		
009:08:00,000	-29,0	25,0	25,5	-29,0	0,0	0,0	0,0	0,950	0,000	5021,379	0,0	-28,9		19:19:33:972		
009:09:00,000	-4,5	25,0	25,5	-4,5	0,0	0,0	0,0	0,950	0,000	5022,259	0,0	-4,2		19:20:33:972		
009:10:00,000	-7,0	24,9	25,5	-7,0	0,0	0,0	0,0	0,950	0,000	5022,981	0,0	-6,8		19:21:33:972		
009:11:00,000	-10,5	24,9	25,5	-10,4	0,0	0,0	0,0	0,950	0,000	5023,917	0,0	-10,4		19:22:33:972		
009:12:00,000	-21,3	25,1	25,5	-21,3	0,0	0,0	0,0	0,950	0,000	5023,176	0,0	-21,1		19:23:33:972		
009:13:00,000	-18,9	25,3	25,5	-18,9	0,0	0,0	0,0	0,950	0,000	5023,083	0,0	-18,7		19:24:33:972		
009:14:00,000	-7,6	25,3	25,5	-7,6	0,0	0,0	0,0	0,950	0,000	5022,926	0,0	-7,5		19:25:33:972		
009:15:00,000	-9,3	25,1	25,5	-9,3	0,0	0,0	0,0	0,950	0,000	5022,306	0,0	-9,1		19:26:33:972		
009:16:00,000	-7,4	24,8	25,5	-7,4	0,0	0,0	0,0	0,950	0,000	5022,019	0,0	-7,3		19:27:33:972		
009:17:00,000	-7,1	24,6	25,3	-7,1	0,0	0,0	0,0	0,950	0,000	5022,422	0,0	-7,0		19:28:33:972		
009:18:00,000	-32,6	24,5	25,2	-32,6	0,0	0,0	0,0	0,950	0,000	5022,379	0,0	-32,6		19:29:33:972		
009:19:00,000	-35,9	24,5	25,2	-35,9	0,0	0,0	0,0	0,950	0,000	5021,713	0,0	-35,7		19:30:33:972		
009:20:00,000	-37,3	24,5	25,2	-37,3	0,0	0,0	0,0	0,950	0,000	5021,444	0,0	-37,2		19:31:33:972		
009:21:00,000	-37,4	24,5	25,2	-37,4	0,0	0,0	0,0	0,950	0,000	5022,583	0,0	-37,4		19:32:33:972		
009:22:00,000	-37,8	24,5	25,2	-37,8	0,0	0,0	0,0	0,950	0,000	5021,731	0,0	-37,8		19:33:33:972		
009:23:00,000	-34,6	24,5	25,2	-34,5	0,0	0,0	0,0	0,950	0,000	5021,697	0,0	-34,3		19:34:33:972		
009:24:00,000	-37,3	24,5	25,2	-37,3	0,0	0,0	0,0	0,950	0,000	5021,611	0,0	-37,0		19:35:33:972		
009:25:00,000	-38,0	24,5	25,1	-38,0	0,0	0,0	0,0	0,950	0,000	5022,701	0,0	-37,7		19:36:33:972		
009:26:00,000	-37,5	24,5	25,1	-37,5	0,0	0,0	0,0	0,950	0,000	5022,284	0,0	-37,4		19:37:33:972		
009:27:00,000	-37,7	24,6	25,1	-37,7	0,0	0,0	0,0	0,950	0,000	5022,759	0,0	-37,4		19:38:33:972		
009:28:00,000	-32,6	24,7	25,1	-32,6	0,0	0,0	0,0	0,950	0,000	5022,583	0,0	-32,4		19:39:33:972		
009:29:00,000	-9,5	24,7	25,1	-9,5	0,0	0,0	0,0	0,950	0,000	5022,083	0,0	-9,4		19:40:33:972		
009:30:00,000	-7,8	24,6	25,1	-7,8	0,0	0,0	0,0	0,950	0,000	5021,611	0,0	-7,8		19:41:33:972		
009:31:00,000	-24,3	24,6	25,1	-24,3	0,0	0,0	0,0	0,950	0,000	5023,241	0,0	-24,1		19:42:33:972		
009:32:00,000	-20,2	24,6	25,1	-20,2	0,0	0,0	0,0	0,950	0,000	5021,688	0,0	-20,0		19:43:33:972		
009:33:00,000	-2,5	24,4	25,1	-2,5	0,0	0,0	0,0	0,950	0,000	5021,851	0,0	-2,4		19:44:33:972		
009:34:00,000	-13,2	24,3	24,9	-13,2	0,0	0,0	0,0	0,950	0,000	5021,661	0,0	-13,1		19:45:33:972		
009:35:00,000	-31,7	24,2	24,9	-31,7	0,0	0,0	0,0	0,950	0,000	5021,420	0,0	-31,6		19:46:33:972		
009:36:00,000	-37,5	24,2	24,9	-37,5	0,0	0,0	0,0	0,950	0,000	5022,211	0,0	-37,2		19:47:33:972		
009:37:00,000	-38,1	24,2	24,9	-38,1	0,0	0,0	0,0	0,950	0,000	5021,093	0,0	-38,1		19:48:33:972		
009:38:00,000	-38,3	24,2	24,8	-38,3	0,0	0,0	0,0	0,950	0,000	5021,629	0,0	-38,4		19:49:33:972		
009:39:00,000	-38,3	24,1	24,8	-38,3	0,0	0,0	0,0	0,950	0,000	5020,750	0,0	-38,2		19:50:33:972		
009:40:00,000	-38,2	24,1	24,7	-38,2	0,0	0,0	0,0	0,950	0,000	5021,806	0,0	-38,1		19:51:33:972		
009:41:00,000	-38,3	24,0	24,7	-38,3	0,0	0,0	0,0	0,950	0,000	5022,385	0,0	-38,1		19:52:33:972		
009:42:00,000	-38,4	24,0	24,6	-38,3	0,0	0,0	0,0	0,950	0,000	5020,477	0,0	-38,1		19:53:33:972		
009:43:00,000	-38,4	24,1	24,6	-38,3	0,0	0,0	0,0	0,950	0,000	5021,101	0,0	-38,3		19:54:33:972		
009:44:00,000	-38,4	24,1	24,6	-38,4	0,0	0,0	0,0	0,950	0,000	5021,343	0,0	-38,2		19:55:33:972		
009:45:00,000	-38,4	24,1	24,6	-38,4	0,0	0,0	0,0	0,950	0,000	5021,611	0,0	-38,5		19:56:33:972		
009:46:00,000	-38,3	24,1	24,6	-38,3	0,0	0,0	0,0	0,950	0,000	5021,685	0,0	-38,2		19:57:33:972		
009:47:00,000	-38,4	24,0	24,6	-38,4	0,0	0,0	0,0	0,950	0,000	5021,546	0,0	-38,3		19:58:33:972		
009:48:00,000	-38,3	24,0	24,6	-38,3	0,0	0,0	0,0	0,950	0,000	5021,121	0,0	-38,1		19:59:33:972		
009:49:00,000	-38,3	23,9	24,6	-38,3	0,0	0,0	0,0	0,950	0,000	5021,231	0,0	-38,0		20:00:33:972		
009:50:00,000	-38,2	23,9	24,6	-38,2	0,0	0,0	0,0	0,950	0,000	5021,009	0,0	-38,0		20:01:33:972		
009:51:00,000	-38,0	23,9	24,6	-38,0	0,0	0,0	0,0	0,950	0,000	5021,769	0,0	-37,9		20:02:33:972		
009:52:00,000	-37,9	23,9	24,5	-37,9	0,0	0,0	0,0	0,950	0,000	5021,741	0,0	-37,7		20:03:33:972		
009:53:00,000	-37,8	23,9	24,5	-37,8	0,0	0,0	0,0	0,950	0,000	5020,954	0,0	-37,7		20:04:33:972		
009:54:00,000	-37,7	23,9	24,5	-37,7	0,0	0,0	0,0	0,950	0,000	5020,798	0,0	-37,4		20:05:33:972		
009:55:00,000	-37,3	23,9	24,5	-37,3	0,0	0,0	0,0	0,950	0,000	5021,009	0,0	-37,1		20:06:33:972		
009:56:00,000	-37,6	23,9	24,5	-37,6	0,0	0,0	0,0	0,950	0,000	5021,250	0,0	-37,4		20:07:33:972		
009:57:00,000	-37,7	23,9	24,5	-37,7	0,0	0,0	0,0	0,950	0,000	5021,093	0,0	-37,7		20:08:33:972		
009:58:00,000	-37,6	23,9	24,5	-37,6	0,0	0,0	0,0	0,950	0,000	5020,648	0,0	-37,4		20:09:33:972		
009:59:00,000	-37,7	23,9	24,5	-37,7	0,0	0,0	0,0	0,950	0,000	5021,509	0,0	-37,6		20:10:33:972		
010:00:00,000	-37,7	23,9	24,4	-37,7	0,0	0,0	0,0	0,950	0,000	5021,981	0,0	-37,5		20:11:33:972		
010:01:00,000	-37,3	23,8	24,4	-37,3	0,0	0,0	0,0	0,950	0,000	5021,824	0,0	-37,1		20:12:33:972		
010:02:00,000	-34,1	23,8	24,4	-34,1	0,0	0,0	0,0	0,950	0,000	5021,278	0,0	-34,0		20:13:33:972		
010:03:00,000	-18,6	23,7	24,3	-18,6	0,0	0,0	0,0	0,950	0,000	5020,954	0,0	-18,4		20:14:33:972		
010:04:00,000	-12,1	23,6	24,3	-12,1	0,0	0,0	0,0	0,950	0,000	5021,028	0,0	-12,0		20:15:33:972		
010:05:00,000	-20,3	23,6	24,2	-20,3	0,0	0,0	0,0	0,950	0,000	5019,935	0,0	-20,2		20:16:33:972		
010:06:00,000	-25,8	23,5	24,2	-25,8	0,0	0,0	0,0	0,950	0,000	5020,491	0,0	-25,7		20:17:33:972		
010:07:00,000	-33,4	23,5	24,1	-33,4	0,0	0,0	0,0	0,950	0,000	5021,009	0,0	-33,3		20:18:33:972		
010:08:00,000	-36,4	23,4	24,1	-36,4	0,0	0,0	0,0	0,950	0,000	5021,019	0,0	-36,2		20:19:33:972		
010:09:00,000	-36,3	23,4	24,0	-36,3	0,0	0,0	0,0	0,950	0,000	5021,667	0,0	-36,1		20:20:33:972		
010:10:00,000	-36,2	23,3	24,0	-36,2	0,0	0,0	0,0	0,950	0,000	5026,556	0,0	-36,1		20:21:33:972		
010:11:00,000	-34,5	23,3	23,9	-34,5	0,0	0,0	0,0	0,950	0,000	5021,296	0,0	-34,3		20:22:33:972		
010:12:00,000	-31,3	23,2	23,9	-31,3	0,0	0,0	0,0	0,950	0,000	5021,184	0,0	-31,1		20:23:33:972		
010:13:00,000	-35,7	23,2	23,9	-35,8	0,0	0,0	0,0	0,950	0,000	5021,278	0,0	-35,4		20:24:33:972		
010:14:00,000	-36,0	23,2	23,9	-36,0	0,0	0,0	0,0	0,950	0,000	5020,713	0,0	-36,0		20:25:33:972		
010:15:00,000	-35,9	23,2	23,9	-35,9	0,0	0,0	0,0	0,950	0,000	5021,213	0,0	-35,7		20:26:33:972		
010:16:00,000	-33,7	23,2	23,8	-33,7	0,0	0,0	0,0	0,950	0,000	5020,889	0,0	-33,7		20:27:33:972		
010:17:00,000	-35,5	23,2	23,8	-35,5	0,0	0,0	0,0	0,950	0,000	5021,287	0,0	-35,3		20:28:33:972		
010:18:00,000	-35,2	23,1	23,8	-35,1	0,0	0,0	0,0	0,950	0,000	5020,583	0,0	-34,9		20:29:33:972		
010:19:00,000	-35,5	23,1	23,8	-35,5	0,0	0,0	0,0	0,950	0,000	5020,560	0,0	-35,3		20:30:33:972		
010:20:00,000	-34,8	23,1	23,7	-34,8	0,0	0,0	0,0	0,950	0,000	5020,204	0,0	-34,6		20:31:33:972		
010:21:00,000	-32,7	23,1	23,7	-32,7	0,0	0,0	0,0	0,950	0,000	5020,972	0,0	-32,6		20:32:33:972		
010:22:00,000	-19,8	23,1	23,7	-19,8	0,0	0,0	0,0	0,950	0,000	5020,287	0,0	-19,5		20:33:33:972		
010:23:00,000	-17,4	23,1	23,7	-17,4	0,0	0,0	0,0	0,950	0,000	5019,509	0,0	-17,2		20:34:33:972		
010:24:00,000	-20,5	23,0	23,7	-20,5	0,0	0,0	0,0	0,950	0,000	5020,898	0,0	-20,3		20:35:33:972		
010:25:00,000	-32,8	23,0	23,7	-32,7	0,0	0,0	0,0	0,950	0,000	5020,593	0,0	-32,6		20:36:33:972		
010:26:00,000	-32,6	23,0	23,7	-32,6	0,0	0,0	0,0	0,950	0,000	5020,509	0,0	-32,2		20:37:33:972		
010:27:00,000	-33,8	23,0	23,6	-33,8	0,0	0,0	0,0	0,950	0,000	5020,167	0,0	-33,6		20:38:33:972		
010:28:00,000	-34,7	23,0	23,6	-34,7	0,0	0,0	0,0	0,950	0,000	5020,220	0,0	-34,4		20:39:33:972		
010:29:00,000	-35,7	22,9	23,6	-35,7	0,0	0,0	0,0	0,950	0,000	5020,769	0,0	-35,4		20:40:33:972		
010:30:00,000	-35,9	22,9	23,5	-35,9	0,0	0,0	0,0	0,950	0,000	5020,028	0,0	-35,7		20:41:33:972		
010:31:00,000	-35,6	22,9	23,5	-35,6	0,0	0,0	0,0	0,950	0,000	5020,778	0,0	-35,4		20:42:33:972		
010:32:00,000	-34,9	22,8	23,5	-34,9	0,0	0,0	0,0	0,950	0,000	5019,954	0,0	-34,8		20:43:33:972		
010:33:00,000	-31,5	22,8	23,5	-31,5	0,0	0,0	0,0	0,950	0,000	5020,417	0,0	-31,3		20:44:33:972		
010:34:00,000	-29,9	22,8	23,5	-29,9	0,0	0,0	0,0	0,950	0,000	5019,881	0,0	-29,8		20:45:33:972		
010:35:00,000	-31,8	22,8	23,5	-31,8	0,0	0,0	0,0	0,950	0,000	5020,194	0,0	-31,5		20:46:33:972		
010:36:00,000	-31,5	22,8	23,4	-31,5	0,0	0,0	0,0	0,950	0,000	5020,065	0,0	-31,3		20:47:33:972		
010:37:00,000	-14,4	22,8	23,4	-14,4	0,0	0,0	0,0	0,950	0,000	5019,176	0,0	-14,3		20:48:33:972		
010:38:00,000	-16,9	22,7	23,4	-16,9	0,0	0,0	0,0	0,950	0,000	5020,121	0,0	-16,7		20:49:33:972		
010:39:00,000	-15,7	22,7	23,4	-15,7	0,0	0,0	0,0	0,950	0,000	5020,157	0,0	-15,6		20:50:33:972		
010:40:00,000	-17,4	22,7	23,3	-17,4	0,0	0,0	0,0	0,950	0,000	5020,639	0,0	-17,1		20:51:33:972		
010:41:00,000	-26,8	22,7	23,3	-26,7	0,0	0,0	0,0	0,950	0,000	5020,229	0,0	-26,6		20:52:33:972		
010:42:00,000	-19,9	22,7	23,3	-19,9	0,0	0,0	0,0	0,950	0,000	5019,861	0,0	-19,7		20:53:33:972		
010:43:00,000	-10,7	22,7	23,3	-10,7	0,0	0,0	0,0	0,950	0,000	5019,713	0,0	-10,7		20:54:33:972		
010:44:00,000	-9,1	22,7	23,3	-9,1	0,0	0,0	0,0	0,950	0,000	5019,954	0,0	-9,0		20:55:33:972		
010:45:00,000	-9,1	22,7	23,3	-9,1	0,0	0,0	0,0	0,950	0,000	5019,759	0,0	-8,9		20:56:33:972		
010:46:00,000	-2,0	22,7	23,3	-2,0	0,0	0,0	0,0	0,950	0,000	5019,954	0,0	-2,0		20:57:33:972		
010:47:00,000	-1,1	22,7	23,3	-1,1	0,0	0,0	0,0	0,950	0,000	5019,907	0,0	-1,1		20:58:33:972		
010:48:00,000	-2,2	22,7	23,3	-2,2	0,0	0,0	0,0	0,950	0,000	5019,639	0,0	-2,1		20:59:33:972		
010:49:00,000	-7,5	22,7	23,3	-7,5	0,0	0,0	0,0	0,950	0,000	5019,639	0,0	-7,4		21:00:33:972		
010:50:00,000	-23,7	22,7	23,3	-23,7	0,0	0,0	0,0	0,950	0,000	5019,509	0,0	-23,4		21:01:33:972		
010:51:00,000	-15,4	22,7	23,3	-15,4	0,0	0,0	0,0	0,950	0,000	5020,879	0,0	-15,3		21:02:33:972		
010:52:00,000	-16,2	22,7	23,3	-16,2	0,0	0,0	0,0	0,950	0,000	5019,324	0,0	-16,0		21:03:33:972		
010:53:00,000	-4,6	22,7	23,3	-4,6	0,0	0,0	0,0	0,950	0,000	5019,981	0,0	-4,4		21:04:33:972		
010:54:00,000	-4,3	22,7	23,3	-4,3	0,0	0,0	0,0	0,950	0,000	5019,731	0,0	-4,3		21:05:33:972		
010:55:00,000	-9,9	22,7	23,3	-9,9	0,0	0,0	0,0	0,950	0,000	5021,139	0,0	-10,0		21:06:33:972		
010:56:00,000	-31,0	22,7	23,3	-31,0	0,0	0,0	0,0	0,950	0,000	5020,287	0,0	-30,9		21:07:33:972		
010:57:00,000	-35,2	22,7	23,3	-35,1	0,0	0,0	0,0	0,950	0,000	5019,128	0,0	-34,8		21:08:33:972		
010:58:00,000	-26,4	22,7	23,3	-26,4	0,0	0,0	0,0	0,950	0,000	5020,629	0,0	-26,3		21:09:33:972		
010:59:00,000	-33,5	22,6	23,3	-33,5	0,0	0,0	0,0	0,950	0,000	5019,972	0,0	-33,2		21:10:33:972		
011:00:00,000	-33,9	22,6	23,3	-33,9	0,0	0,0	0,0	0,950	0,000	5020,509	0,0	-33,8		21:11:33:972		
011:01:00,000	-31,0	22,6	23,2	-31,0	0,0	0,0	0,0	0,950	0,000	5019,734	0,0	-31,1		21:12:33:972		
011:02:00,000	-33,2	22,6	23,2	-33,2	0,0	0,0	0,0	0,950	0,000	5020,477	0,0	-33,0		21:13:33:972		
011:03:00,000	-35,7	22,5	23,2	-35,7	0,0	0,0	0,0	0,950	0,000	5019,560	0,0	-35,6		21:14:33:972		
011:04:00,000	-36,6	22,4	23,1	-36,6	0,0	0,0	0,0	0,950	0,000	5020,148	0,0	-36,7		21:15:33:972		
011:05:00,000	-34,3	22,4	23,1	-34,2	0,0	0,0	0,0	0,950	0,000	5019,648	0,0	-34,2		21:16:33:972		
011:06:00,000	-34,1	22,3	23,0	-34,1	0,0	0,0	0,0	0,950	0,000	5019,898	0,0	-34,0		21:17:33:972		
011:07:00,000	-35,7	22,3	23,0	-35,7	0,0	0,0	0,0	0,950	0,000	5019,121	0,0	-35,7		21:18:33:972		
011:08:00,000	-36,9	22,2	22,9	-36,9	0,0	0,0	0,0	0,950	0,000	5018,722	0,0	-36,8		21:19:33:972		
011:09:00,000	-37,0	22,2	22,9	-37,0	0,0	0,0	0,0	0,950	0,000	5019,815	0,0	-36,6		21:20:33:972		
011:10:00,000	-37,1	22,2	22,9	-37,1	0,0	0,0	0,0	0,950	0,000	5019,844	0,0	-36,9		21:21:33:972		
011:11:00,000	-36,9	22,2	22,9	-36,9	0,0	0,0	0,0	0,950	0,000	5020,505	0,0	-36,6		21:22:33:972		
011:12:00,000	-35,8	22,1	22,9	-35,8	0,0	0,0	0,0	0,950	0,000	5019,073	0,0	-35,7		21:23:33:972		
011:13:00,000	-34,4	22,0	22,8	-34,4	0,0	0,0	0,0	0,950	0,000	5020,250	0,0	-34,2		21:24:33:972		
011:14:00,000	-34,5	22,0	22,7	-34,5	0,0	0,0	0,0	0,950	0,000	5019,509	0,0	-34,3		21:25:33:972		
011:15:00,000	-33,9	22,0	22,7	-33,9	0,0	0,0	0,0	0,950	0,000	5019,083	0,0	-33,7		21:26:33:972		
011:16:00,000	-34,4	22,0	22,7	-34,4	0,0	0,0	0,0	0,950	0,000	5019,472	0,0	-34,4		21:27:33:972		
011:17:00,000	-35,6	22,0	22,7	-35,6	0,0	0,0	0,0	0,950	0,000	5019,417	0,0	-35,5		21:28:33:972		
011:18:00,000	-36,2	22,0	22,7	-36,2	0,0	0,0	0,0	0,950	0,000	5020,129	0,0	-35,8		21:29:33:972		
011:19:00,000	-35,9	21,9	22,6	-35,9	0,0	0,0	0,0	0,950	0,000	5019,454	0,0	-35,6		21:30:33:972		
011:20:00,000	-33,6	21,9	22,6	-33,6	0,0	0,0	0,0	0,950	0,000	5019,128	0,0	-33,3		21:31:33:972		
011:21:00,000	-28,4	21,9	22,6	-28,4	0,0	0,0	0,0	0,950	0,000	5019,673	0,0	-28,3		21:32:33:972		
011:22:00,000	-22,5	21,8	22,5	-22,5	0,0	0,0	0,0	0,950	0,000	5019,321	0,0	-22,4		21:33:33:972		
011:23:00,000	-19,4	21,8	22,5	-19,4	0,0	0,0	0,0	0,950	0,000	5019,398	0,0	-19,2		21:34:33:972		
011:24:00,000	-19,9	21,8	22,5	-19,9	0,0	0,0	0,0	0,950	0,000	5018,972	0,0	-19,7		21:35:33:972		
011:25:00,000	-24,2	21,8	22,5	-24,2	0,0	0,0	0,0	0,950	0,000	5019,670	0,0	-24,1		21:36:33:972		
011:26:00,000	-20,6	21,8	22,5	-20,5	0,0	0,0	0,0	0,950	0,000	5019,458	0,0	-20,3		21:37:33:972		
011:27:00,000	-29,2	21,8	22,5	-29,2	0,0	0,0	0,0	0,950	0,000	5018,936	0,0	-29,1		21:38:33:972		
011:28:00,000	-33,8	21,8	22,5	-33,8	0,0	0,0	0,0	0,950	0,000	5019,065	0,0	-33,6		21:39:33:972		
011:29:00,000	-35,9	21,8	22,5	-35,8	0,0	0,0	0,0	0,950	0,000	5018,296	0,0	-35,7		21:40:33:972		
011:30:00,000	-36,1	21,7	22,4	-36,0	0,0	0,0	0,0	0,950	0,000	5018,287	0,0	-36,0		21:41:33:972		
011:31:00,000	-35,9	21,7	22,4	-35,9	0,0	0,0	0,0	0,950	0,000	5020,111	0,0	-35,8		21:42:33:972		
011:32:00,000	-35,8	21,6	22,4	-35,8	0,0	0,0	0,0	0,950	0,000	5018,769	0,0	-35,7		21:43:33:972		
011:33:00,000	-35,4	21,6	22,4	-35,4	0,0	0,0	0,0	0,950	0,000	5018,898	0,0	-35,3		21:44:33:972		
011:34:00,000	-35,2	21,6	22,3	-35,2	0,0	0,0	0,0	0,950	0,000	5018,621	0,0	-35,0		21:45:33:972		
011:35:00,000	-35,4	21,6	22,3	-35,4	0,0	0,0	0,0	0,950	0,000	5019,009	0,0	-35,2		21:46:33:972		
011:36:00,000	-35,7	21,6	22,3	-35,7	0,0	0,0	0,0	0,950	0,000	5019,147	0,0	-35,6		21:47:33:972		
011:37:00,000	-35,5	21,6	22,3	-35,5	0,0	0,0	0,0	0,950	0,000	5019,528	0,0	-35,4		21:48:33:972		
011:38:00,000	-34,7	21,6	22,3	-34,7	0,0	0,0	0,0	0,950	0,000	5018,676	0,0	-34,7		21:49:33:972		
011:39:00,000	-30,7	21,6	22,3	-30,6	0,0	0,0	0,0	0,950	0,000	5018,593	0,0	-30,6		21:50:33:972		
011:40:00,000	-25,9	21,5	22,3	-25,9	0,0	0,0	0,0	0,950	0,000	5019,651	0,0	-25,8		21:51:33:972		
011:41:00,000	-17,2	21,5	22,3	-17,2	0,0	0,0	0,0	0,950	0,000	5019,324	0,0	-17,2		21:52:33:972		
011:42:00,000	-7,8	21,5	22,3	-7,8	0,0	0,0	0,0	0,950	0,000	5018,333	0,0	-7,8		21:53:33:972		
011:43:00,000	-7,4	21,4	22,2	-7,4	0,0	0,0	0,0	0,950	0,000	5018,324	0,0	-7,4		21:54:33:972		
011:44:00,000	-5,7	21,4	22,2	-5,7	0,0	0,0	0,0	0,950	0,000	5018,046	0,0	-5,5		21:55:33:972		
011:45:00,000	-10,3	21,4	22,2	-10,3	0,0	0,0	0,0	0,950	0,000	5018,306	0,0	-10,4		21:56:33:972		
011:46:00,000	-20,1	21,4	22,2	-20,1	0,0	0,0	0,0	0,950	0,000	5018,667	0,0	-19,9		21:57:33:972		
011:47:00,000	-11,4	21,4	22,2	-11,4	0,0	0,0	0,0	0,950	0,000	5019,065	0,0	-11,3		21:58:33:972		
011:48:00,000	-11,6	21,4	22,2	-11,6	0,0	0,0	0,0	0,950	0,000	5018,752	0,0	-11,5		21:59:33:972		
011:49:00,000	-19,0	21,4	22,2	-19,0	0,0	0,0	0,0	0,950	0,000	5017,935	0,0	-19,0		22:00:33:972		
011:50:00,000	-16,2	21,4	22,2	-16,2	0,0	0,0	0,0	0,950	0,000	5017,963	0,0	-16,2		22:01:33:972		
011:51:00,000	-15,7	21,4	22,2	-15,7	0,0	0,0	0,0	0,950	0,000	5018,778	0,0	-15,6		22:02:33:972		
011:52:00,000	-12,3	21,4	22,2	-12,3	0,0	0,0	0,0	0,950	0,000	5019,093	0,0	-12,3		22:03:33:972		
011:53:00,000	-9,9	21,4	22,1	-9,8	0,0	0,0	0,0	0,950	0,000	5018,129	0,0	-9,8		22:04:33:972		
011:54:00,000	-10,9	21,3	22,1	-10,9	0,0	0,0	0,0	0,950	0,000	5019,371	0,0	-10,8		22:05:33:972		
011:55:00,000	-9,9	21,3	22,1	-9,9	0,0	0,0	0,0	0,950	0,000	5017,713	0,0	-9,8		22:06:33:972		
011:56:00,000	-7,4	21,3	22,1	-7,4	0,0	0,0	0,0	0,950	0,000	5019,138	0,0	-7,2		22:07:33:972		
011:57:00,000	-8,0	21,3	22,1	-8,0	0,0	0,0	0,0	0,950	0,000	5017,824	0,0	-8,0		22:08:33:972		
011:58:00,000	-10,1	21,3	22,1	-10,1	0,0	0,0	0,0	0,950	0,000	5019,028	0,0	-10,0		22:09:33:972		
011:59:00,000	-12,9	21,3	22,1	-12,9	0,0	0,0	0,0	0,950	0,000	5017,954	0,0	-12,6		22:10:33:972		
012:00:00,000	-11,1	21,3	22,1	-11,1	0,0	0,0	0,0	0,950	0,000	5018,129	0,0	-10,8		22:11:33:972		
012:01:00,000	-7,1	21,4	22,1	-7,1	0,0	0,0	0,0	0,950	0,000	5019,083	0,0	-7,0		22:12:33:972		
012:02:00,000	-7,9	21,4	22,1	-7,9	0,0	0,0	0,0	0,950	0,000	5017,935	0,0	-7,6		22:13:33:972		
012:03:00,000	-8,2	21,4	22,1	-8,2	0,0	0,0	0,0	0,950	0,000	5020,852	0,0	-8,1		22:14:33:972		
012:04:00,000	-9,6	21,5	22,1	-9,6	0,0	0,0	0,0	0,950	0,000	5020,027	0,0	-9,5		22:15:33:972		
012:05:00,000	-9,6	21,5	22,1	-9,5	0,0	0,0	0,0	0,950	0,000	5018,667	0,0	-9,4		22:16:33:972		
012:06:00,000	-19,2	21,5	22,1	-19,2	0,0	0,0	0,0	0,950	0,000	5018,111	0,0	-19,1		22:17:33:972		
012:07:00,000	-28,4	21,5	22,1	-28,4	0,0	0,0	0,0	0,950	0,000	5018,889	0,0	-28,3		22:18:33:972		
012:08:00,000	-22,6	21,5	22,1	-22,6	0,0	0,0	0,0	0,950	0,000	5018,713	0,0	-22,4		22:19:33:972		
012:09:00,000	-11,7	21,5	22,1	-11,7	0,0	0,0	0,0	0,950	0,000	5017,963	0,0	-11,6		22:20:33:972		
012:10:00,000	-10,8	21,6	22,1	-10,8	0,0	0,0	0,0	0,950	0,000	5019,444	0,0	-10,7		22:21:33:972		
012:11:00,000	-6,6	21,6	22,1	-6,6	0,0	0,0	0,0	0,950	0,000	5018,991	0,0	-6,4		22:22:33:972		
012:12:00,000	-10,1	21,6	22,1	-10,1	0,0	0,0	0,0	0,950	0,000	5019,000	0,0	-10,0		22:23:33:972		
012:13:00,000	-14,2	21,6	22,1	-14,2	0,0	0,0	0,0	0,950	0,000	5019,496	0,0	-14,2		22:24:33:972		
012:14:00,000	-13,3	21,6	22,1	-13,3	0,0	0,0	0,0	0,950	0,000	5019,361	0,0	-13,1		22:25:33:972		
012:15:00,000	-13,5	21,6	22,1	-13,5	0,0	0,0	0,0	0,950	0,000	5018,574	0,0	-13,3		22:26:33:972		
012:16:00,000	-24,4	21,6	22,1	-24,4	0,0	0,0	0,0	0,950	0,000	5018,833	0,0	-24,1		22:27:33:972		
012:17:00,000	-24,1	21,6	22,1	-24,1	0,0	0,0	0,0	0,950	0,000	5017,661	0,0	-23,9		22:28:33:972		
012:18:00,000	-21,4	21,5	22,1	-21,4	0,0	0,0	0,0	0,950	0,000	5018,861	0,0	-21,2		22:29:33:972		
012:19:00,000	-29,5	21,5	22,1	-29,5	0,0	0,0	0,0	0,950	0,000	5017,972	0,0	-29,3		22:30:33:972		
012:20:00,000	-27,3	21,5	22,1	-27,3	0,0	0,0	0,0	0,950	0,000	5018,796	0,0	-27,2		22:31:33:972		
012:21:00,000	-20,1	21,5	22,1	-20,1	0,0	0,0	0,0	0,950	0,000	5018,741	0,0	-19,8		22:32:33:972		
012:22:00,000	-8,1	21,5	22,1	-8,1	0,0	0,0	0,0	0,950	0,000	5018,824	0,0	-7,8		22:33:33:972		
012:23:00,000	-9,8	21,5	22,1	-9,8	0,0	0,0	0,0	0,950	0,000	5018,065	0,0	-9,7		22:34:33:972		
012:24:00,000	-24,7	21,5	22,1	-24,7	0,0	0,0	0,0	0,950	0,000	5017,688	0,0	-24,5		22:35:33:972		
012:25:00,000	-35,4	21,4	22,1	-35,4	0,0	0,0	0,0	0,950	0,000	5019,318	0,0	-35,3		22:36:33:972		
012:26:00,000	-35,4	21,4	22,1	-35,4	0,0	0,0	0,0	0,950	0,000	5018,440	0,0	-35,4		22:37:33:972		
012:27:00,000	-33,5	21,3	22,1	-33,5	0,0	0,0	0,0	0,950	0,000	5017,148	0,0	-33,3		22:38:33:972		
012:28:00,000	-26,4	21,3	22,1	-26,4	0,0	0,0	0,0	0,950	0,000	5018,611	0,0	-26,2		22:39:33:972		
012:29:00,000	-24,0	21,3	22,1	-24,0	0,0	0,0	0,0	0,950	0,000	5018,898	0,0	-24,0		22:40:33:972		
012:30:00,000	-33,4	21,2	22,1	-33,4	0,0	0,0	0,0	0,950	0,000	5018,826	0,0	-33,3		22:41:33:972		
012:31:00,000	-36,3	21,2	22,0	-36,3	0,0	0,0	0,0	0,950	0,000	5018,472	0,0	-36,2		22:42:33:972		
012:32:00,000	-35,9	21,1	21,9	-35,9	0,0	0,0	0,0	0,950	0,000	5017,787	0,0	-35,6		22:43:33:972		
012:33:00,000	-32,2	21,0	21,9	-32,2	0,0	0,0	0,0	0,950	0,000	5017,759	0,0	-31,9		22:44:33:972		
012:34:00,000	-27,7	21,0	21,8	-27,7	0,0	0,0	0,0	0,950	0,000	5017,333	0,0	-27,4		22:45:33:972		
012:35:00,000	-26,1	21,0	21,8	-26,1	0,0	0,0	0,0	0,950	0,000	5017,963	0,0	-25,9		22:46:33:972		
012:36:00,000	-23,5	21,0	21,8	-23,5	0,0	0,0	0,0	0,950	0,000	5018,037	0,0	-23,4		22:47:33:972		
012:37:00,000	-19,8	21,0	21,8	-19,8	0,0	0,0	0,0	0,950	0,000	5018,908	0,0	-19,7		22:48:33:972		
012:38:00,000	-18,5	21,0	21,8	-18,5	0,0	0,0	0,0	0,950	0,000	5018,224	0,0	-18,5		22:49:33:972		
012:39:00,000	-18,0	20,9	21,7	-18,0	0,0	0,0	0,0	0,950	0,000	5018,194	0,0	-17,8		22:50:33:972		
012:40:00,000	-21,4	20,9	21,7	-21,4	0,0	0,0	0,0	0,950	0,000	5018,881	0,0	-21,3		22:51:33:972		
012:41:00,000	-16,4	20,9	21,7	-16,3	0,0	0,0	0,0	0,950	0,000	5019,028	0,0	-16,1		22:52:33:972		
012:42:00,000	-20,9	20,9	21,7	-20,9	0,0	0,0	0,0	0,950	0,000	5018,463	0,0	-20,9		22:53:33:972		
012:43:00,000	-23,6	20,9	21,7	-23,6	0,0	0,0	0,0	0,950	0,000	5018,129	0,0	-23,5		22:54:33:972		
012:44:00,000	-27,2	20,9	21,7	-27,2	0,0	0,0	0,0	0,950	0,000	5017,395	0,0	-27,0		22:55:33:972		
012:45:00,000	-23,6	20,9	21,7	-23,6	0,0	0,0	0,0	0,950	0,000	5017,898	0,0	-23,6		22:56:33:972		
012:46:00,000	-25,3	20,9	21,7	-25,3	0,0	0,0	0,0	0,950	0,000	5017,551	0,0	-24,9		22:57:33:972		
012:47:00,000	-28,2	20,9	21,7	-28,2	0,0	0,0	0,0	0,950	0,000	5018,074	0,0	-28,0		22:58:33:972		
012:48:00,000	-25,8	20,8	21,6	-25,8	0,0	0,0	0,0	0,950	0,000	5017,056	0,0	-25,7		22:59:33:972		
012:49:00,000	-19,9	20,8	21,6	-19,9	0,0	0,0	0,0	0,950	0,000	5017,389	0,0	-19,7		23:00:33:972		
012:50:00,000	-15,1	20,8	21,6	-15,1	0,0	0,0	0,0	0,950	0,000	5018,102	0,0	-15,0		23:01:33:972		
012:51:00,000	-15,6	20,7	21,5	-15,6	0,0	0,0	0,0	0,950	0,000	5018,371	0,0	-15,5		23:02:33:972		
012:52:00,000	-16,6	20,7	21,5	-16,6	0,0	0,0	0,0	0,950	0,000	5017,129	0,0	-16,4		23:03:33:972		
012:53:00,000	-24,1	20,7	21,5	-24,1	0,0	0,0	0,0	0,950	0,000	5017,731	0,0	-23,9		23:04:33:972		
012:54:00,000	-25,7	20,7	21,5	-25,7	0,0	0,0	0,0	0,950	0,000	5017,954	0,0	-25,4		23:05:33:972		
012:55:00,000	-15,5	20,6	21,5	-15,5	0,0	0,0	0,0	0,950	0,000	5017,389	0,0	-15,4		23:06:33:972		
012:56:00,000	-6,1	20,6	21,4	-6,1	0,0	0,0	0,0	0,950	0,000	5017,102	0,0	-6,2		23:07:33:972		
012:57:00,000	-3,4	20,5	21,3	-3,4	0,0	0,0	0,0	0,950	0,000	5018,315	0,0	-3,4		23:08:33:972		
012:58:00,000	-3,4	20,4	21,3	-3,4	0,0	0,0	0,0	0,950	0,000	5017,679	0,0	-3,3		23:09:33:972		
012:59:00,000	-8,4	20,4	21,2	-8,4	0,0	0,0	0,0	0,950	0,000	5016,574	0,0	-8,3		23:10:33:972		
013:00:00,000	-12,2	20,3	21,2	-12,2	0,0	0,0	0,0	0,950	0,000	5016,509	0,0	-12,1		23:11:33:972		
013:01:00,000	-16,4	20,3	21,1	-16,4	0,0	0,0	0,0	0,950	0,000	5018,139	0,0	-16,5		23:12:33:972		
013:02:00,000	-25,0	20,2	21,1	-25,0	0,0	0,0	0,0	0,950	0,000	5017,843	0,0	-25,0		23:13:33:972		
013:03:00,000	-25,5	20,2	21,1	-25,5	0,0	0,0	0,0	0,950	0,000	5016,574	0,0	-25,3		23:14:33:972		
013:04:00,000	-21,0	20,2	21,0	-21,0	0,0	0,0	0,0	0,950	0,000	5017,157	0,0	-20,8		23:15:33:972		
013:05:00,000	-12,5	20,1	21,0	-12,5	0,0	0,0	0,0	0,950	0,000	5017,491	0,0	-12,4		23:16:33:972		
013:06:00,000	-13,0	20,1	21,0	-13,0	0,0	0,0	0,0	0,950	0,000	5017,343	0,0	-12,9		23:17:33:972		
013:07:00,000	-17,7	20,1	21,0	-17,7	0,0	0,0	0,0	0,950	0,000	5017,296	0,0	-17,6		23:18:33:972		
013:08:00,000	-22,4	20,1	21,0	-22,4	0,0	0,0	0,0	0,950	0,000	5017,509	0,0	-22,2		23:19:33:972		
013:09:00,000	-20,2	20,0	20,9	-20,2	0,0	0,0	0,0	0,950	0,000	5017,624	0,0	-20,1		23:20:33:972		
013:10:00,000	-21,5	19,9	20,8	-21,5	0,0	0,0	0,0	0,950	0,000	5017,861	0,0	-21,6		23:21:33:972		
013:11:00,000	-22,9	19,8	20,7	-22,9	0,0	0,0	0,0	0,950	0,000	5018,806	0,0	-22,8		23:22:33:972		
013:12:00,000	-18,7	19,7	20,6	-18,7	0,0	0,0	0,0	0,950	0,000	5016,213	0,0	-18,5		23:23:33:972		
013:13:00,000	-15,9	19,7	20,6	-15,9	0,0	0,0	0,0	0,950	0,000	5016,093	0,0	-15,8		23:24:33:972		
013:14:00,000	-13,3	19,6	20,5	-13,3	0,0	0,0	0,0	0,950	0,000	5016,611	0,0	-13,2		23:25:33:972		
013:15:00,000	-10,0	19,6	20,5	-10,0	0,0	0,0	0,0	0,950	0,000	5016,287	0,0	-9,8		23:26:33:972		
013:16:00,000	-12,4	19,5	20,5	-12,4	0,0	0,0	0,0	0,950	0,000	5016,615	0,0	-12,3		23:27:33:972		
013:17:00,000	-10,4	19,5	20,5	-10,5	0,0	0,0	0,0	0,950	0,000	5016,296	0,0	-10,2		23:28:33:972		
013:18:00,000	-10,2	19,5	20,5	-10,2	0,0	0,0	0,0	0,950	0,000	5016,315	0,0	-10,1		23:29:33:972		
013:19:00,000	-9,7	19,5	20,5	-9,7	0,0	0,0	0,0	0,950	0,000	5016,174	0,0	-9,6		23:30:33:972		
013:20:00,000	-7,4	19,5	20,5	-7,4	0,0	0,0	0,0	0,950	0,000	5015,648	0,0	-7,1		23:31:33:972		
013:21:00,000	-11,6	19,5	20,4	-11,6	0,0	0,0	0,0	0,950	0,000	5016,083	0,0	-11,6		23:32:33:972		
013:22:00,000	-24,2	19,5	20,4	-24,2	0,0	0,0	0,0	0,950	0,000	5016,481	0,0	-23,9		23:33:33:972		
013:23:00,000	-27,4	19,5	20,4	-27,4	0,0	0,0	0,0	0,950	0,000	5016,629	0,0	-27,2		23:34:33:972		
013:24:00,000	-30,1	19,4	20,4	-30,1	0,0	0,0	0,0	0,950	0,000	5016,139	0,0	-30,1		23:35:33:972		
013:25:00,000	-21,6	19,4	20,3	-21,6	0,0	0,0	0,0	0,950	0,000	5016,907	0,0	-21,2		23:36:33:972		
013:26:00,000	-13,4	19,4	20,3	-13,4	0,0	0,0	0,0	0,950	0,000	5015,431	0,0	-13,3		23:37:33:972		
013:27:00,000	-8,9	19,3	20,3	-8,9	0,0	0,0	0,0	0,950	0,000	5015,500	0,0	-8,8		23:38:33:972		
013:28:00,000	-3,2	19,3	20,3	-3,2	0,0	0,0	0,0	0,950	0,000	5015,806	0,0	-3,0		23:39:33:972		
013:29:00,000	3,2	19,3	20,2	3,2	0,0	0,0	0,0	0,950	0,000	5016,398	0,0	3,4		23:40:33:972		
013:30:00,000	5,3	19,3	20,2	5,3	0,0	0,0	0,0	0,950	0,000	5016,844	0,0	5,3		23:41:33:972		
013:31:00,000	5,0	19,3	20,2	5,0	0,0	0,0	0,0	0,950	0,000	5016,926	0,0	5,1		23:42:33:972		
013:32:00,000	3,8	19,3	20,2	3,8	0,0	0,0	0,0	0,950	0,000	5016,139	0,0	3,8		23:43:33:972		
013:33:00,000	2,1	19,3	20,2	2,1	0,0	0,0	0,0	0,950	0,000	5016,269	0,0	2,0		23:44:33:972		
013:34:00,000	-3,0	19,2	20,2	-3,0	0,0	0,0	0,0	0,950	0,000	5015,807	0,0	-2,9		23:45:33:972		
013:35:00,000	-9,7	19,2	20,2	-9,7	0,0	0,0	0,0	0,950	0,000	5019,167	0,0	-9,5		23:46:33:972		
013:36:00,000	-17,1	19,2	20,2	-17,1	0,0	0,0	0,0	0,950	0,000	5016,750	0,0	-17,1		23:47:33:972		
013:37:00,000	-26,4	19,2	20,2	-26,4	0,0	0,0	0,0	0,950	0,000	5015,259	0,0	-26,3		23:48:33:972		
013:38:00,000	-32,3	19,2	20,2	-32,2	0,0	0,0	0,0	0,950	0,000	5015,806	0,0	-32,0		23:49:33:972		
013:39:00,000	-31,7	19,2	20,2	-31,7	0,0	0,0	0,0	0,950	0,000	5016,458	0,0	-31,4		23:50:33:972		
013:40:00,000	-21,6	19,3	20,2	-21,6	0,0	0,0	0,0	0,950	0,000	5016,602	0,0	-21,5		23:51:33:972		
013:41:00,000	-8,4	19,3	20,2	-8,4	0,0	0,0	0,0	0,950	0,000	5017,074	0,0	-8,3		23:52:33:972		
013:42:00,000	-3,8	19,3	20,2	-3,8	0,0	0,0	0,0	0,950	0,000	5016,093	0,0	-3,6		23:53:33:972		
013:43:00,000	-3,7	19,3	20,2	-3,7	0,0	0,0	0,0	0,950	0,000	5016,241	0,0	-3,5		23:54:33:972		
013:44:00,000	-3,8	19,3	20,2	-3,8	0,0	0,0	0,0	0,950	0,000	5015,046	0,0	-3,8		23:55:33:972		
013:45:00,000	-1,5	19,3	20,2	-1,5	0,0	0,0	0,0	0,950	0,000	5016,000	0,0	-1,3		23:56:33:972		
013:46:00,000	1,1	19,3	20,2	1,1	0,0	0,0	0,0	0,950	0,000	5016,083	0,0	1,1		23:57:33:972		
013:47:00,000	1,7	19,3	20,2	1,7	0,0	0,0	0,0	0,950	0,000	5016,027	0,0	1,8		23:58:33:972		
013:48:00,000	0,4	19,3	20,2	0,4	0,0	0,0	0,0	0,950	0,000	5016,093	0,0	0,4		23:59:33:972		
013:49:00,000	-1,5	19,3	20,2	-1,5	0,0	0,0	0,0	0,950	0,000	5015,454	0,0	-1,2		00:00:33:972		
013:50:00,000	-7,2	19,3	20,2	-7,2	0,0	0,0	0,0	0,950	0,000	5016,229	0,0	-7,2		00:01:33:972		
013:51:00,000	-14,0	19,3	20,2	-14,0	0,0	0,0	0,0	0,950	0,000	5015,528	0,0	-13,8		00:02:33:972		
013:52:00,000	-12,3	19,3	20,2	-12,3	0,0	0,0	0,0	0,950	0,000	5015,861	0,0	-12,2		00:03:33:972		
013:53:00,000	-4,2	19,3	20,2	-4,2	0,0	0,0	0,0	0,950	0,000	5016,481	0,0	-4,1		00:04:33:972		
013:54:00,000	1,3	19,4	20,2	1,3	0,0	0,0	0,0	0,950	0,000	5016,231	0,0	1,3		00:05:33:972		
013:55:00,000	3,1	19,4	20,2	3,1	0,0	0,0	0,0	0,950	0,000	5017,509	0,0	3,3		00:06:33:972		
013:56:00,000	4,1	19,4	20,2	4,2	0,0	0,0	0,0	0,950	0,000	5016,176	0,0	4,3		00:07:33:972		
013:57:00,000	3,8	19,4	20,2	3,8	0,0	0,0	0,0	0,950	0,000	5015,306	0,0	3,8		00:08:33:972		
013:58:00,000	1,5	19,4	20,2	1,5	0,0	0,0	0,0	0,950	0,000	5016,056	0,0	1,5		00:09:33:972		
013:59:00,000	-2,7	19,4	20,2	-2,7	0,0	0,0	0,0	0,950	0,000	5016,102	0,0	-2,6		00:10:33:972		
014:00:00,000	-4,4	19,4	20,2	-4,4	0,0	0,0	0,0	0,950	0,000	5015,787	0,0	-4,4		00:11:33:972		
014:01:00,000	-0,2	19,4	20,2	-0,2	0,0	0,0	0,0	0,950	0,000	5016,676	0,0	-0,1		00:12:33:972		
014:02:00,000	-0,1	19,4	20,2	-0,1	0,0	0,0	0,0	0,950	0,000	5015,667	0,0	0,0		00:13:33:972		
014:03:00,000	-1,1	19,4	20,2	-1,1	0,0	0,0	0,0	0,950	0,000	5015,750	0,0	-1,0		00:14:33:972		
014:04:00,000	-0,9	19,4	20,2	-0,9	0,0	0,0	0,0	0,950	0,000	5016,670	0,0	-0,8		00:15:33:972		
014:05:00,000	-0,1	19,4	20,2	-0,1	0,0	0,0	0,0	0,950	0,000	5015,897	0,0	0,0		00:16:33:972		
014:06:00,000	0,1	19,4	20,2	0,1	0,0	0,0	0,0	0,950	0,000	5015,431	0,0	0,2		00:17:33:972		
014:07:00,000	0,2	19,4	20,2	0,2	0,0	0,0	0,0	0,950	0,000	5016,972	0,0	0,3		00:18:33:972		
014:08:00,000	0,3	19,4	20,2	0,3	0,0	0,0	0,0	0,950	0,000	5016,694	0,0	0,5		00:19:33:972		
014:09:00,000	0,4	19,4	20,2	0,4	0,0	0,0	0,0	0,950	0,000	5015,269	0,0	0,6		00:20:33:972		
014:10:00,000	0,5	19,4	20,2	0,5	0,0	0,0	0,0	0,950	0,000	5016,157	0,0	0,6		00:21:33:972		
014:11:00,000	0,6	19,4	20,2	0,6	0,0	0,0	0,0	0,950	0,000	5016,796	0,0	0,7		00:22:33:972		
014:12:00,000	0,6	19,4	20,2	0,6	0,0	0,0	0,0	0,950	0,000	5016,176	0,0	0,8		00:23:33:972		
014:13:00,000	0,4	19,4	20,2	0,4	0,0	0,0	0,0	0,950	0,000	5016,157	0,0	0,5		00:24:33:972		
014:14:00,000	-0,2	19,4	20,2	-0,2	0,0	0,0	0,0	0,950	0,000	5016,694	0,0	-0,1		00:25:33:972		
014:15:00,000	-1,7	19,4	20,2	-1,7	0,0	0,0	0,0	0,950	0,000	5015,798	0,0	-1,6		00:26:33:972		
014:16:00,000	-1,1	19,4	20,2	-1,1	0,0	0,0	0,0	0,950	0,000	5015,296	0,0	-0,9		00:27:33:972		
014:17:00,000	-0,3	19,4	20,2	-0,3	0,0	0,0	0,0	0,950	0,000	5016,694	0,0	-0,1		00:28:33:972		
014:18:00,000	-0,8	19,4	20,2	-0,8	0,0	0,0	0,0	0,950	0,000	5016,385	0,0	-0,9		00:29:33:972		
014:19:00,000	-4,2	19,4	20,2	-4,2	0,0	0,0	0,0	0,950	0,000	5015,694	0,0	-4,0		00:30:33:972		
014:20:00,000	-0,4	19,5	20,2	-0,4	0,0	0,0	0,0	0,950	0,000	5015,352	0,0	-0,3		00:31:33:972		
014:21:00,000	0,0	19,5	20,2	0,0	0,0	0,0	0,0	0,950	0,000	5016,138	0,0	0,2		00:32:33:972		
014:22:00,000	1,3	19,6	20,2	1,3	0,0	0,0	0,0	0,950	0,000	5016,074	0,0	1,3		00:33:33:972		
014:23:00,000	1,6	19,6	20,2	1,6	0,0	0,0	0,0	0,950	0,000	5015,889	0,0	1,7		00:34:33:972		
014:24:00,000	1,6	19,6	20,2	1,6	0,0	0,0	0,0	0,950	0,000	5016,083	0,0	1,7		00:35:33:972		
014:25:00,000	1,9	19,7	20,2	1,9	0,0	0,0	0,0	0,950	0,000	5016,111	0,0	1,9		00:36:33:972		
014:26:00,000	1,9	19,7	20,2	1,9	0,0	0,0	0,0	0,950	0,000	5016,944	0,0	1,9		00:37:33:972		
014:27:00,000	1,2	19,7	20,2	1,2	0,0	0,0	0,0	0,950	0,000	5016,468	0,0	1,3		00:38:33:972		
014:28:00,000	-3,5	19,7	20,2	-3,4	0,0	0,0	0,0	0,950	0,000	5017,046	0,0	-3,4		00:39:33:972		
014:29:00,000	-6,8	19,7	20,2	-6,8	0,0	0,0	0,0	0,950	0,000	5015,676	0,0	-6,7		00:40:33:972		
014:30:00,000	-1,3	19,7	20,2	-1,3	0,0	0,0	0,0	0,950	0,000	5016,509	0,0	-1,2		00:41:33:972		
014:31:00,000	0,7	19,7	20,2	0,7	0,0	0,0	0,0	0,950	0,000	5017,139	0,0	0,8		00:42:33:972		
014:32:00,000	2,3	19,7	20,2	2,3	0,0	0,0	0,0	0,950	0,000	5016,468	0,0	2,4		00:43:33:972		
014:33:00,000	4,9	19,7	20,2	4,9	0,0	0,0	0,0	0,950	0,000	5016,379	0,0	5,0		00:44:33:972		
014:34:00,000	6,3	19,7	20,2	6,3	0,0	0,0	0,0	0,950	0,000	5015,917	0,0	6,4		00:45:33:972		
014:35:00,000	7,1	19,7	20,2	7,1	0,0	0,0	0,0	0,950	0,000	5016,806	0,0	7,2		00:46:33:972		
014:36:00,000	7,5	19,7	20,2	7,5	0,0	0,0	0,0	0,950	0,000	5016,879	0,0	7,5		00:47:33:972		
014:37:00,000	7,6	19,7	20,2	7,6	0,0	0,0	0,0	0,950	0,000	5016,222	0,0	7,7		00:48:33:972		
014:38:00,000	7,6	19,7	20,2	7,6	0,0	0,0	0,0	0,950	0,000	5015,963	0,0	7,8		00:49:33:972		
014:39:00,000	7,5	19,7	20,2	7,5	0,0	0,0	0,0	0,950	0,000	5015,981	0,0	7,7		00:50:33:972		
014:40:00,000	7,4	19,7	20,2	7,4	0,0	0,0	0,0	0,950	0,000	5017,537	0,0	7,5		00:51:33:972		
014:41:00,000	7,2	19,7	20,2	7,2	0,0	0,0	0,0	0,950	0,000	5016,633	0,0	7,3		00:52:33:972		
014:42:00,000	7,0	19,7	20,2	7,0	0,0	0,0	0,0	0,950	0,000	5016,213	0,0	7,0		00:53:33:972		
014:43:00,000	7,0	19,7	20,2	7,0	0,0	0,0	0,0	0,950	0,000	5016,639	0,0	7,1		00:54:33:972		
014:44:00,000	7,0	19,7	20,2	7,0	0,0	0,0	0,0	0,950	0,000	5016,444	0,0	7,1		00:55:33:972		
014:45:00,000	7,1	19,7	20,2	7,1	0,0	0,0	0,0	0,950	0,000	5016,389	0,0	7,3		00:56:33:972		
014:46:00,000	7,1	19,7	20,2	7,1	0,0	0,0	0,0	0,950	0,000	5016,306	0,0	7,4		00:57:33:972		
014:47:00,000	6,9	19,6	20,2	6,9	0,0	0,0	0,0	0,950	0,000	5017,065	0,0	7,0		00:58:33:972		
014:48:00,000	6,9	19,6	20,2	6,9	0,0	0,0	0,0	0,950	0,000	5015,287	0,0	7,0		00:59:33:972		
014:49:00,000	6,2	19,6	20,2	6,2	0,0	0,0	0,0	0,950	0,000	5016,379	0,0	6,3		01:00:33:972		
014:50:00,000	4,3	19,6	20,2	4,3	0,0	0,0	0,0	0,950	0,000	5016,743	0,0	4,4		01:01:33:972		
014:51:00,000	2,7	19,6	20,2	2,7	0,0	0,0	0,0	0,950	0,000	5017,083	0,0	2,8		01:02:33:972		
014:52:00,000	-1,3	19,5	20,2	-1,3	0,0	0,0	0,0	0,950	0,000	5015,954	0,0	-1,2		01:03:33:972		
014:53:00,000	-9,8	19,5	20,2	-9,8	0,0	0,0	0,0	0,950	0,000	5015,315	0,0	-9,6		01:04:33:972		
014:54:00,000	-10,5	19,4	20,2	-10,5	0,0	0,0	0,0	0,950	0,000	5016,194	0,0	-10,5		01:05:33:972		
014:55:00,000	-2,9	19,4	20,2	-2,9	0,0	0,0	0,0	0,950	0,000	5016,621	0,0	-2,7		01:06:33:972		
014:56:00,000	2,9	19,3	20,2	2,9	0,0	0,0	0,0	0,950	0,000	5016,519	0,0	2,9		01:07:33:972		
014:57:00,000	4,3	19,3	20,2	4,3	0,0	0,0	0,0	0,950	0,000	5015,750	0,0	4,3		01:08:33:972		
014:58:00,000	4,6	19,3	20,2	4,6	0,0	0,0	0,0	0,950	0,000	5016,266	0,0	4,7		01:09:33:972		
014:59:00,000	5,9	19,3	20,2	5,9	0,0	0,0	0,0	0,950	0,000	5019,324	0,0	5,9		01:10:33:972		
015:00:00,000	5,8	19,3	20,2	5,8	0,0	0,0	0,0	0,950	0,000	5016,528	0,0	6,0		01:11:33:972		
015:01:00,000	5,7	19,3	20,2	5,7	0,0	0,0	0,0	0,950	0,000	5016,477	0,0	5,7		01:12:33:972		
015:02:00,000	5,9	19,3	20,2	5,9	0,0	0,0	0,0	0,950	0,000	5016,065	0,0	6,1		01:13:33:972		
015:03:00,000	6,3	19,3	20,2	6,3	0,0	0,0	0,0	0,950	0,000	5016,019	0,0	6,4		01:14:33:972		
015:04:00,000	6,2	19,3	20,2	6,2	0,0	0,0	0,0	0,950	0,000	5016,257	0,0	6,3		01:15:33:972		
015:05:00,000	3,5	19,3	20,2	3,5	0,0	0,0	0,0	0,950	0,000	5016,047	0,0	3,6		01:16:33:972		
015:06:00,000	0,9	19,3	20,2	0,9	0,0	0,0	0,0	0,950	0,000	5016,009	0,0	1,1		01:17:33:972		
015:07:00,000	3,4	19,3	20,2	3,4	0,0	0,0	0,0	0,950	0,000	5015,824	0,0	3,5		01:18:33:972		
015:08:00,000	3,9	19,3	20,2	3,9	0,0	0,0	0,0	0,950	0,000	5016,546	0,0	4,0		01:19:33:972		
015:09:00,000	4,3	19,3	20,2	4,3	0,0	0,0	0,0	0,950	0,000	5015,944	0,0	4,5		01:20:33:972		
015:10:00,000	5,2	19,3	20,2	5,2	0,0	0,0	0,0	0,950	0,000	5016,389	0,0	5,4		01:21:33:972		
015:11:00,000	4,6	19,3	20,2	4,7	0,0	0,0	0,0	0,950	0,000	5016,578	0,0	4,8		01:22:33:972		
015:12:00,000	3,2	19,3	20,2	3,2	0,0	0,0	0,0	0,950	0,000	5016,121	0,0	3,4		01:23:33:972		
015:13:00,000	3,0	19,3	20,2	3,0	0,0	0,0	0,0	0,950	0,000	5016,481	0,0	3,0		01:24:33:972		
015:14:00,000	1,7	19,3	20,2	1,7	0,0	0,0	0,0	0,950	0,000	5015,667	0,0	1,8		01:25:33:972		
015:15:00,000	-0,8	19,3	20,2	-0,8	0,0	0,0	0,0	0,950	0,000	5016,157	0,0	-0,7		01:26:33:972		
015:16:00,000	-13,5	19,3	20,2	-13,5	0,0	0,0	0,0	0,950	0,000	5015,879	0,0	-13,4		01:27:33:972		
015:17:00,000	-6,9	19,2	20,2	-6,9	0,0	0,0	0,0	0,950	0,000	5016,000	0,0	-6,8		01:28:33:972		
015:18:00,000	-4,2	19,1	20,1	-4,2	0,0	0,0	0,0	0,950	0,000	5015,019	0,0	-4,0		01:29:33:972		
015:19:00,000	-5,4	19,1	20,1	-5,4	0,0	0,0	0,0	0,950	0,000	5015,713	0,0	-5,3		01:30:33:972		
015:20:00,000	-1,1	19,1	20,0	-1,1	0,0	0,0	0,0	0,950	0,000	5015,917	0,0	-1,0		01:31:33:972		
015:21:00,000	0,0	19,1	20,0	0,0	0,0	0,0	0,0	0,950	0,000	5015,395	0,0	0,2		01:32:33:972		
015:22:00,000	1,6	19,0	20,0	1,6	0,0	0,0	0,0	0,950	0,000	5014,889	0,0	1,7		01:33:33:972		
015:23:00,000	0,9	18,9	19,9	0,9	0,0	0,0	0,0	0,950	0,000	5015,963	0,0	1,0		01:34:33:972		
015:24:00,000	-3,9	18,9	19,9	-3,9	0,0	0,0	0,0	0,950	0,000	5016,167	0,0	-3,8		01:35:33:972		
015:25:00,000	-11,9	18,9	19,8	-11,9	0,0	0,0	0,0	0,950	0,000	5016,481	0,0	-11,8		01:36:33:972		
015:26:00,000	-1,3	18,9	19,8	-1,3	0,0	0,0	0,0	0,950	0,000	5015,657	0,0	-1,3		01:37:33:972		
015:27:00,000	2,4	18,8	19,8	2,4	0,0	0,0	0,0	0,950	0,000	5014,862	0,0	2,5		01:38:33:972		
015:28:00,000	2,1	18,8	19,8	2,1	0,0	0,0	0,0	0,950	0,000	5015,509	0,0	2,2		01:39:33:972		
015:29:00,000	1,2	18,8	19,8	1,2	0,0	0,0	0,0	0,950	0,000	5014,454	0,0	1,4		01:40:33:972		
015:30:00,000	-1,6	18,8	19,8	-1,6	0,0	0,0	0,0	0,950	0,000	5015,167	0,0	-1,4		01:41:33:972		
015:31:00,000	-5,4	18,7	19,7	-5,4	0,0	0,0	0,0	0,950	0,000	5016,074	0,0	-5,3		01:42:33:972		
015:32:00,000	4,1	18,6	19,6	4,1	0,0	0,0	0,0	0,950	0,000	5016,398	0,0	4,3		01:43:33:972		
015:33:00,000	5,4	18,6	19,6	5,4	0,0	0,0	0,0	0,950	0,000	5015,111	0,0	5,4		01:44:33:972		
015:34:00,000	5,8	18,5	19,5	5,8	0,0	0,0	0,0	0,950	0,000	5014,917	0,0	6,0		01:45:33:972		
015:35:00,000	5,5	18,5	19,5	5,5	0,0	0,0	0,0	0,950	0,000	5015,027	0,0	5,6		01:46:33:972		
015:36:00,000	4,8	18,5	19,5	4,8	0,0	0,0	0,0	0,950	0,000	5014,639	0,0	5,0		01:47:33:972		
015:37:00,000	3,2	18,5	19,5	3,2	0,0	0,0	0,0	0,950	0,000	5014,824	0,0	3,5		01:48:33:972		
015:38:00,000	-4,4	18,4	19,4	-4,4	0,0	0,0	0,0	0,950	0,000	5015,500	0,0	-4,3		01:49:33:972		
015:39:00,000	-0,7	18,4	19,4	-0,7	0,0	0,0	0,0	0,950	0,000	5015,121	0,0	-0,6		01:50:33:972		
015:40:00,000	1,7	18,4	19,4	1,7	0,0	0,0	0,0	0,950	0,000	5016,165	0,0	1,7		01:51:33:972		
015:41:00,000	-3,5	18,4	19,4	-3,5	0,0	0,0	0,0	0,950	0,000	5015,444	0,0	-3,4		01:52:33:972		
015:42:00,000	1,2	18,4	19,4	1,2	0,0	0,0	0,0	0,950	0,000	5014,426	0,0	1,2		01:53:33:972		
015:43:00,000	4,4	18,5	19,4	4,4	0,0	0,0	0,0	0,950	0,000	5014,871	0,0	4,5		01:54:33:972		
015:44:00,000	2,5	18,6	19,4	2,5	0,0	0,0	0,0	0,950	0,000	5015,204	0,0	2,5		01:55:33:972		
015:45:00,000	0,8	18,6	19,4	0,8	0,0	0,0	0,0	0,950	0,000	5014,917	0,0	1,0		01:56:33:972		
015:46:00,000	-8,0	18,6	19,4	-7,9	0,0	0,0	0,0	0,950	0,000	5014,704	0,0	-7,8		01:57:33:972		
015:47:00,000	-0,6	18,6	19,4	-0,6	0,0	0,0	0,0	0,950	0,000	5014,231	0,0	-0,4		01:58:33:972		
015:48:00,000	1,3	18,6	19,4	1,3	0,0	0,0	0,0	0,950	0,000	5015,101	0,0	1,3		01:59:33:972		
015:49:00,000	-0,2	18,6	19,4	-0,2	0,0	0,0	0,0	0,950	0,000	5014,528	0,0	0,0		02:00:33:972		
015:50:00,000	-0,9	18,6	19,4	-0,9	0,0	0,0	0,0	0,950	0,000	5013,352	0,0	-0,7		02:01:33:972		
015:51:00,000	2,0	18,4	19,4	2,0	0,0	0,0	0,0	0,950	0,000	5014,963	0,0	2,0		02:02:33:972		
015:52:00,000	1,0	18,3	19,3	1,0	0,0	0,0	0,0	0,950	0,000	5014,861	0,0	1,1		02:03:33:972		
015:53:00,000	0,5	18,2	19,2	0,5	0,0	0,0	0,0	0,950	0,000	5014,056	0,0	0,6		02:04:33:972		
015:54:00,000	0,0	18,2	19,2	0,0	0,0	0,0	0,0	0,950	0,000	5014,889	0,0	0,1		02:05:33:972		
015:55:00,000	-2,2	18,1	19,1	-2,2	0,0	0,0	0,0	0,950	0,000	5014,908	0,0	-2,2		02:06:33:972		
015:56:00,000	-8,3	18,0	19,0	-8,3	0,0	0,0	0,0	0,950	0,000	5014,121	0,0	-8,3		02:07:33:972		
015:57:00,000	-20,7	17,9	18,9	-20,7	0,0	0,0	0,0	0,950	0,000	5014,528	0,0	-20,6		02:08:33:972		
015:58:00,000	-11,2	17,9	18,8	-11,2	0,0	0,0	0,0	0,950	0,000	5014,426	0,0	-11,0		02:09:33:972		
015:59:00,000	-10,6	17,8	18,8	-10,6	0,0	0,0	0,0	0,950	0,000	5014,611	0,0	-10,5		02:10:33:972		
016:00:00,000	-4,9	17,8	18,8	-4,9	0,0	0,0	0,0	0,950	0,000	5013,741	0,0	-4,8		02:11:33:972		
016:01:00,000	0,1	17,8	18,8	0,1	0,0	0,0	0,0	0,950	0,000	5014,917	0,0	0,1		02:12:33:972		
016:02:00,000	0,1	17,8	18,8	0,1	0,0	0,0	0,0	0,950	0,000	5013,407	0,0	0,2		02:13:33:972		
016:03:00,000	-2,2	17,8	18,8	-2,2	0,0	0,0	0,0	0,950	0,000	5013,713	0,0	-2,0		02:14:33:972		
016:04:00,000	0,1	17,8	18,8	0,1	0,0	0,0	0,0	0,950	0,000	5014,167	0,0	0,1		02:15:33:972		
016:05:00,000	-0,5	17,8	18,8	-0,5	0,0	0,0	0,0	0,950	0,000	5014,213	0,0	-0,4		02:16:33:972		
016:06:00,000	-0,4	17,8	18,7	-0,4	0,0	0,0	0,0	0,950	0,000	5014,046	0,0	-0,4		02:17:33:972		
016:07:00,000	0,9	17,8	18,7	0,9	0,0	0,0	0,0	0,950	0,000	5012,741	0,0	1,0		02:18:33:972		
016:08:00,000	0,8	17,7	18,7	0,8	0,0	0,0	0,0	0,950	0,000	5013,954	0,0	0,9		02:19:33:972		
016:09:00,000	-1,4	17,6	18,6	-1,4	0,0	0,0	0,0	0,950	0,000	5013,759	0,0	-1,2		02:20:33:972		
016:10:00,000	-16,2	17,6	18,5	-16,2	0,0	0,0	0,0	0,950	0,000	5014,315	0,0	-16,2		02:21:33:972		
016:11:00,000	-12,4	17,5	18,5	-12,4	0,0	0,0	0,0	0,950	0,000	5014,824	0,0	-12,2		02:22:33:972		
016:12:00,000	-11,6	17,5	18,4	-11,6	0,0	0,0	0,0	0,950	0,000	5013,963	0,0	-11,4		02:23:33:972		
016:13:00,000	-19,8	17,4	18,4	-19,8	0,0	0,0	0,0	0,950	0,000	5014,376	0,0	-19,8		02:24:33:972		
016:14:00,000	-24,5	17,4	18,3	-24,5	0,0	0,0	0,0	0,950	0,000	5016,129	0,0	-24,4		02:25:33:972		
016:15:00,000	-7,6	17,4	18,3	-7,6	0,0	0,0	0,0	0,950	0,000	5012,833	0,0	-7,4		02:26:33:972		
016:16:00,000	-1,2	17,4	18,3	-1,2	0,0	0,0	0,0	0,950	0,000	5013,009	0,0	-1,1		02:27:33:972		
016:17:00,000	-14,7	17,4	18,3	-14,7	0,0	0,0	0,0	0,950	0,000	5014,139	0,0	-14,6		02:28:33:972		
016:18:00,000	-24,5	17,3	18,2	-24,5	0,0	0,0	0,0	0,950	0,000	5012,454	0,0	-24,6		02:29:33:972		
016:19:00,000	-21,8	17,2	18,2	-21,8	0,0	0,0	0,0	0,950	0,000	5013,898	0,0	-21,7		02:30:33:972		
016:20:00,000	-7,5	17,2	18,1	-7,5	0,0	0,0	0,0	0,950	0,000	5013,092	0,0	-7,4		02:31:33:972		
016:21:00,000	-5,0	17,2	18,1	-5,0	0,0	0,0	0,0	0,950	0,000	5013,963	0,0	-4,9		02:32:33:972		
016:22:00,000	-1,7	17,2	18,1	-1,7	0,0	0,0	0,0	0,950	0,000	5013,787	0,0	-1,6		02:33:33:972		
016:23:00,000	4,5	17,2	18,1	4,5	0,0	0,0	0,0	0,950	0,000	5013,615	0,0	4,5		02:34:33:972		
016:24:00,000	6,3	17,1	18,1	6,3	0,0	0,0	0,0	0,950	0,000	5012,843	0,0	6,3		02:35:33:972		
016:25:00,000	7,0	17,1	18,0	7,0	0,0	0,0	0,0	0,950	0,000	5012,935	0,0	7,1		02:36:33:972		
016:26:00,000	7,2	17,1	18,0	7,2	0,0	0,0	0,0	0,950	0,000	5013,019	0,0	7,4		02:37:33:972		
016:27:00,000	7,3	17,0	18,0	7,3	0,0	0,0	0,0	0,950	0,000	5012,611	0,0	7,4		02:38:33:972		
016:28:00,000	7,0	17,0	18,0	7,0	0,0	0,0	0,0	0,950	0,000	5013,009	0,0	7,1		02:39:33:972		
016:29:00,000	5,1	17,0	18,0	5,1	0,0	0,0	0,0	0,950	0,000	5011,550	0,0	5,2		02:40:33:972		
016:30:00,000	3,5	17,0	17,9	3,5	0,0	0,0	0,0	0,950	0,000	5012,111	0,0	3,6		02:41:33:972		
016:31:00,000	2,6	17,0	17,9	2,6	0,0	0,0	0,0	0,950	0,000	5012,701	0,0	2,7		02:42:33:972		
016:32:00,000	4,5	17,0	17,9	4,5	0,0	0,0	0,0	0,950	0,000	5012,486	0,0	4,6		02:43:33:972		
016:33:00,000	3,9	16,9	17,9	3,9	0,0	0,0	0,0	0,950	0,000	5011,787	0,0	4,0		02:44:33:972		
016:34:00,000	-0,1	16,9	17,8	-0,1	0,0	0,0	0,0	0,950	0,000	5011,843	0,0	0,0		02:45:33:972		
016:35:00,000	-8,2	16,9	17,8	-8,2	0,0	0,0	0,0	0,950	0,000	5011,954	0,0	-8,0		02:46:33:972		
016:36:00,000	-7,3	16,9	17,8	-7,2	0,0	0,0	0,0	0,950	0,000	5012,269	0,0	-7,2		02:47:33:972		
016:37:00,000	-3,8	16,9	17,8	-3,8	0,0	0,0	0,0	0,950	0,000	5011,963	0,0	-3,8		02:48:33:972		
016:38:00,000	0,3	16,9	17,8	0,3	0,0	0,0	0,0	0,950	0,000	5011,981	0,0	0,4		02:49:33:972		
016:39:00,000	2,1	16,9	17,8	2,1	0,0	0,0	0,0	0,950	0,000	5011,648	0,0	2,2		02:50:33:972		
016:40:00,000	4,2	16,9	17,8	4,3	0,0	0,0	0,0	0,950	0,000	5013,417	0,0	4,4		02:51:33:972		
016:41:00,000	6,1	17,0	17,8	6,1	0,0	0,0	0,0	0,950	0,000	5012,306	0,0	6,2		02:52:33:972		
016:42:00,000	6,5	17,0	17,8	6,5	0,0	0,0	0,0	0,950	0,000	5012,769	0,0	6,6		02:53:33:972		
016:43:00,000	7,2	17,0	17,8	7,3	0,0	0,0	0,0	0,950	0,000	5012,157	0,0	7,3		02:54:33:972		
016:44:00,000	6,7	16,9	17,8	6,7	0,0	0,0	0,0	0,950	0,000	5012,250	0,0	6,8		02:55:33:972		
016:45:00,000	5,5	16,8	17,8	5,5	0,0	0,0	0,0	0,950	0,000	5012,491	0,0	5,6		02:56:33:972		
016:46:00,000	4,7	16,8	17,8	4,7	0,0	0,0	0,0	0,950	0,000	5011,926	0,0	4,7		02:57:33:972		
016:47:00,000	4,2	16,9	17,8	4,2	0,0	0,0	0,0	0,950	0,000	5011,611	0,0	4,3		02:58:33:972		
016:48:00,000	3,0	17,0	17,8	3,0	0,0	0,0	0,0	0,950	0,000	5012,826	0,0	3,1		02:59:33:972		
016:49:00,000	5,3	17,1	17,8	5,3	0,0	0,0	0,0	0,950	0,000	5012,306	0,0	5,4		03:00:33:972		
016:50:00,000	6,3	17,0	17,8	6,3	0,0	0,0	0,0	0,950	0,000	5012,287	0,0	6,3		03:01:33:972		
016:51:00,000	6,3	16,8	17,8	6,3	0,0	0,0	0,0	0,950	0,000	5012,287	0,0	6,4		03:02:33:972		
016:52:00,000	6,4	16,7	17,7	6,4	0,0	0,0	0,0	0,950	0,000	5012,213	0,0	6,6		03:03:33:972		
016:53:00,000	6,1	16,7	17,6	6,1	0,0	0,0	0,0	0,950	0,000	5011,704	0,0	6,3		03:04:33:972		
016:54:00,000	6,8	16,6	17,6	6,8	0,0	0,0	0,0	0,950	0,000	5011,491	0,0	6,8		03:05:33:972		
016:55:00,000	6,9	16,6	17,5	6,9	0,0	0,0	0,0	0,950	0,000	5012,352	0,0	7,0		03:06:33:972		
016:56:00,000	6,8	16,6	17,5	6,8	0,0	0,0	0,0	0,950	0,000	5011,176	0,0	7,0		03:07:33:972		
016:57:00,000	3,7	16,6	17,5	3,7	0,0	0,0	0,0	0,950	0,000	5012,352	0,0	3,9		03:08:33:972		
016:58:00,000	3,0	16,6	17,5	3,0	0,0	0,0	0,0	0,950	0,000	5011,861	0,0	3,2		03:09:33:972		
016:59:00,000	4,3	16,6	17,5	4,3	0,0	0,0	0,0	0,950	0,000	5011,602	0,0	4,4		03:10:33:972		
017:00:00,000	5,1	16,6	17,5	5,1	0,0	0,0	0,0	0,950	0,000	5011,642	0,0	5,2		03:11:33:972		
017:01:00,000	4,1	16,6	17,5	4,1	0,0	0,0	0,0	0,950	0,000	5019,196	0,0	4,3		03:12:33:972		
017:02:00,000	2,9	16,5	17,5	2,9	0,0	0,0	0,0	0,950	0,000	5012,741	0,0	3,1		03:13:33:972		
017:03:00,000	2,2	16,4	17,4	2,2	0,0	0,0	0,0	0,950	0,000	5027,111	0,0	2,4		03:14:33:972		
017:04:00,000	3,5	16,4	17,4	3,5	0,0	0,0	0,0	0,950	0,000	5017,861	0,0	3,6		03:15:33:972		
017:05:00,000	4,9	16,4	17,4	4,9	0,0	0,0	0,0	0,950	0,000	5012,333	0,0	4,9		03:16:33:972		
017:06:00,000	4,6	16,4	17,4	4,6	0,0	0,0	0,0	0,950	0,000	5012,648	0,0	4,8		03:17:33:972		
017:07:00,000	4,8	16,3	17,3	4,8	0,0	0,0	0,0	0,950	0,000	5011,881	0,0	4,9		03:18:33:972		
017:08:00,000	4,5	16,3	17,3	4,5	0,0	0,0	0,0	0,950	0,000	5011,574	0,0	4,6		03:19:33:972		
017:09:00,000	-4,1	16,2	17,2	-4,1	0,0	0,0	0,0	0,950	0,000	5011,704	0,0	-4,0		03:20:33:972		
017:10:00,000	-5,4	16,2	17,2	-5,4	0,0	0,0	0,0	0,950	0,000	5011,861	0,0	-5,3		03:21:33:972		
017:11:00,000	3,5	16,1	17,1	3,5	0,0	0,0	0,0	0,950	0,000	5012,315	0,0	3,6		03:22:33:972		
017:12:00,000	3,5	16,1	17,1	3,5	0,0	0,0	0,0	0,950	0,000	5011,296	0,0	3,6		03:23:33:972		
017:13:00,000	3,5	16,1	17,1	3,5	0,0	0,0	0,0	0,950	0,000	5012,435	0,0	3,7		03:24:33:972		
017:14:00,000	3,9	16,1	17,1	3,9	0,0	0,0	0,0	0,950	0,000	5011,491	0,0	3,9		03:25:33:972		
017:15:00,000	3,8	16,1	17,1	3,8	0,0	0,0	0,0	0,950	0,000	5011,204	0,0	3,9		03:26:33:972		
017:16:00,000	3,8	16,1	17,1	3,8	0,0	0,0	0,0	0,950	0,000	5011,523	0,0	3,9		03:27:33:972		
017:17:00,000	2,2	16,1	17,1	2,2	0,0	0,0	0,0	0,950	0,000	5015,000	0,0	2,3		03:28:33:972		
017:18:00,000	-3,3	16,1	17,1	-3,3	0,0	0,0	0,0	0,950	0,000	5012,556	0,0	-3,2		03:29:33:972		
017:19:00,000	-3,1	16,1	17,1	-3,1	0,0	0,0	0,0	0,950	0,000	5011,167	0,0	-3,0		03:30:33:972		
017:20:00,000	-0,9	16,1	17,1	-0,9	0,0	0,0	0,0	0,950	0,000	5011,589	0,0	-0,7		03:31:33:972		
017:21:00,000	1,5	16,1	17,1	1,5	0,0	0,0	0,0	0,950	0,000	5011,454	0,0	1,7		03:32:33:972		
017:22:00,000	3,8	16,2	17,1	3,8	0,0	0,0	0,0	0,950	0,000	5011,129	0,0	3,8		03:33:33:972		
017:23:00,000	5,4	16,2	17,1	5,4	0,0	0,0	0,0	0,950	0,000	5011,407	0,0	5,5		03:34:33:972		
017:24:00,000	6,4	16,2	17,1	6,4	0,0	0,0	0,0	0,950	0,000	5011,065	0,0	6,4		03:35:33:972		
017:25:00,000	6,3	16,2	17,1	6,3	0,0	0,0	0,0	0,950	0,000	5011,852	0,0	6,4		03:36:33:972		
017:26:00,000	4,4	16,2	17,1	4,4	0,0	0,0	0,0	0,950	0,000	5012,389	0,0	4,4		03:37:33:972		
017:27:00,000	2,7	16,3	17,1	2,7	0,0	0,0	0,0	0,950	0,000	5011,333	0,0	2,8		03:38:33:972		
017:28:00,000	4,3	16,3	17,1	4,3	0,0	0,0	0,0	0,950	0,000	5011,027	0,0	4,3		03:39:33:972		
017:29:00,000	5,5	16,3	17,1	5,5	0,0	0,0	0,0	0,950	0,000	5011,407	0,0	5,6		03:40:33:972		
017:30:00,000	5,1	16,3	17,1	5,1	0,0	0,0	0,0	0,950	0,000	5011,528	0,0	5,2		03:41:33:972		
017:31:00,000	4,7	16,3	17,1	4,7	0,0	0,0	0,0	0,950	0,000	5011,713	0,0	4,9		03:42:33:972		
017:32:00,000	3,2	16,5	17,1	3,2	0,0	0,0	0,0	0,950	0,000	5011,407	0,0	3,3		03:43:33:972		
017:33:00,000	4,8	16,5	17,1	4,8	0,0	0,0	0,0	0,950	0,000	5011,509	0,0	4,9		03:44:33:972		
017:34:00,000	5,5	16,4	17,1	5,5	0,0	0,0	0,0	0,950	0,000	5012,435	0,0	5,6		03:45:33:972		
017:35:00,000	6,1	16,3	17,1	6,1	0,0	0,0	0,0	0,950	0,000	5011,676	0,0	6,2		03:46:33:972		
017:36:00,000	6,3	16,3	17,1	6,3	0,0	0,0	0,0	0,950	0,000	5011,519	0,0	6,4		03:47:33:972		
017:37:00,000	5,0	16,3	17,1	5,0	0,0	0,0	0,0	0,950	0,000	5011,725	0,0	5,2		03:48:33:972		
017:38:00,000	2,8	16,2	17,1	2,8	0,0	0,0	0,0	0,950	0,000	5011,556	0,0	2,9		03:49:33:972		
017:39:00,000	4,4	16,2	17,1	4,4	0,0	0,0	0,0	0,950	0,000	5011,333	0,0	4,4		03:50:33:972		
017:40:00,000	5,3	16,2	17,1	5,3	0,0	0,0	0,0	0,950	0,000	5011,657	0,0	5,4		03:51:33:972		
017:41:00,000	5,4	16,2	17,1	5,4	0,0	0,0	0,0	0,950	0,000	5012,083	0,0	5,5		03:52:33:972		
017:42:00,000	5,6	16,3	17,1	5,6	0,0	0,0	0,0	0,950	0,000	5012,056	0,0	5,6		03:53:33:972		
017:43:00,000	5,7	16,6	17,1	5,7	0,0	0,0	0,0	0,950	0,000	5012,102	0,0	5,8		03:54:33:972		
017:44:00,000	5,4	16,6	17,1	5,4	0,0	0,0	0,0	0,950	0,000	5010,704	0,0	5,5		03:55:33:972		
017:45:00,000	4,7	16,6	17,1	4,7	0,0	0,0	0,0	0,950	0,000	5012,324	0,0	4,9		03:56:33:972		
017:46:00,000	2,9	16,6	17,1	2,9	0,0	0,0	0,0	0,950	0,000	5012,500	0,0	3,1		03:57:33:972		
017:47:00,000	-4,6	16,4	17,1	-4,6	0,0	0,0	0,0	0,950	0,000	5011,615	0,0	-4,6		03:58:33:972		
017:48:00,000	-24,7	16,4	17,1	-24,7	0,0	0,0	0,0	0,950	0,000	5011,269	0,0	-24,6		03:59:33:972		
017:49:00,000	-7,7	16,3	17,1	-7,7	0,0	0,0	0,0	0,950	0,000	5011,556	0,0	-7,6		04:00:33:972		
017:50:00,000	5,5	16,3	17,1	5,5	0,0	0,0	0,0	0,950	0,000	5012,241	0,0	5,5		04:01:33:972		
017:51:00,000	7,3	16,3	17,1	7,3	0,0	0,0	0,0	0,950	0,000	5012,413	0,0	7,3		04:02:33:972		
017:52:00,000	7,5	16,3	17,1	7,5	0,0	0,0	0,0	0,950	0,000	5012,000	0,0	7,6		04:03:33:972		
017:53:00,000	7,5	16,2	17,1	7,5	0,0	0,0	0,0	0,950	0,000	5010,741	0,0	7,5		04:04:33:972		
017:54:00,000	7,5	16,2	17,1	7,5	0,0	0,0	0,0	0,950	0,000	5011,843	0,0	7,7		04:05:33:972		
017:55:00,000	7,5	16,2	17,1	7,5	0,0	0,0	0,0	0,950	0,000	5011,898	0,0	7,5		04:06:33:972		
017:56:00,000	7,4	16,2	17,1	7,4	0,0	0,0	0,0	0,950	0,000	5010,963	0,0	7,4		04:07:33:972		
017:57:00,000	7,4	16,2	17,1	7,4	0,0	0,0	0,0	0,950	0,000	5011,306	0,0	7,4		04:08:33:972		
017:58:00,000	7,5	16,2	17,1	7,5	0,0	0,0	0,0	0,950	0,000	5011,835	0,0	7,6		04:09:33:972		
017:59:00,000	7,4	16,3	17,1	7,4	0,0	0,0	0,0	0,950	0,000	5011,352	0,0	7,7		04:10:33:972		
018:00:00,000	7,3	16,3	17,1	7,3	0,0	0,0	0,0	0,950	0,000	5011,121	0,0	7,5		04:11:33:972		
018:01:00,000	7,2	16,3	17,1	7,2	0,0	0,0	0,0	0,950	0,000	5011,750	0,0	7,3		04:12:33:972		
018:02:00,000	7,0	16,3	17,1	7,0	0,0	0,0	0,0	0,950	0,000	5011,204	0,0	7,1		04:13:33:972		
018:03:00,000	6,6	16,5	17,1	6,6	0,0	0,0	0,0	0,950	0,000	5011,296	0,0	6,6		04:14:33:972		
018:04:00,000	5,8	16,6	17,1	5,9	0,0	0,0	0,0	0,950	0,000	5012,148	0,0	6,0		04:15:33:972		
018:05:00,000	4,2	16,7	17,1	4,2	0,0	0,0	0,0	0,950	0,000	5011,852	0,0	4,2		04:16:33:972		
018:06:00,000	2,4	16,7	17,2	2,4	0,0	0,0	0,0	0,950	0,000	5012,426	0,0	2,5		04:17:33:972		
018:07:00,000	1,9	16,7	17,2	1,9	0,0	0,0	0,0	0,950	0,000	5011,587	0,0	2,0		04:18:33:972		
018:08:00,000	2,1	16,7	17,2	2,1	0,0	0,0	0,0	0,950	0,000	5010,583	0,0	2,2		04:19:33:972		
018:09:00,000	4,0	16,7	17,2	4,0	0,0	0,0	0,0	0,950	0,000	5011,991	0,0	4,3		04:20:33:972		
018:10:00,000	6,3	16,5	17,2	6,3	0,0	0,0	0,0	0,950	0,000	5012,257	0,0	6,3		04:21:33:972		
018:11:00,000	7,2	16,5	17,2	7,2	0,0	0,0	0,0	0,950	0,000	5012,472	0,0	7,2		04:22:33:972		
018:12:00,000	7,2	16,4	17,2	7,2	0,0	0,0	0,0	0,950	0,000	5012,111	0,0	7,3		04:23:33:972		
018:13:00,000	7,2	16,4	17,2	7,1	0,0	0,0	0,0	0,950	0,000	5011,019	0,0	7,3		04:24:33:972		
018:14:00,000	7,0	16,4	17,2	7,0	0,0	0,0	0,0	0,950	0,000	5011,704	0,0	7,0		04:25:33:972		
018:15:00,000	7,1	16,3	17,2	7,1	0,0	0,0	0,0	0,950	0,000	5011,532	0,0	7,1		04:26:33:972		
018:16:00,000	7,3	16,4	17,2	7,3	0,0	0,0	0,0	0,950	0,000	5011,598	0,0	7,4		04:27:33:972		
018:17:00,000	7,3	16,6	17,2	7,3	0,0	0,0	0,0	0,950	0,000	5014,605	0,0	7,5		04:28:33:972		
018:18:00,000	7,2	16,6	17,2	7,2	0,0	0,0	0,0	0,950	0,000	5011,832	0,0	7,3		04:29:33:972		
018:19:00,000	7,1	16,7	17,2	7,1	0,0	0,0	0,0	0,950	0,000	5012,027	0,0	7,2		04:30:33:972		
018:20:00,000	7,0	16,7	17,2	7,0	0,0	0,0	0,0	0,950	0,000	5011,944	0,0	7,2		04:31:33:972		
018:21:00,000	6,5	16,7	17,2	6,5	0,0	0,0	0,0	0,950	0,000	5012,688	0,0	6,5		04:32:33:972		
018:22:00,000	6,1	16,8	17,2	6,1	0,0	0,0	0,0	0,950	0,000	5012,306	0,0	6,2		04:33:33:972		
018:23:00,000	6,1	16,8	17,2	6,1	0,0	0,0	0,0	0,950	0,000	5012,112	0,0	6,1		04:34:33:972		
018:24:00,000	6,1	16,7	17,2	6,1	0,0	0,0	0,0	0,950	0,000	5012,642	0,0	6,1		04:35:33:972		
018:25:00,000	6,3	16,6	17,2	6,3	0,0	0,0	0,0	0,950	0,000	5012,435	0,0	6,4		04:36:33:972		
018:26:00,000	6,7	16,5	17,2	6,7	0,0	0,0	0,0	0,950	0,000	5012,009	0,0	6,8		04:37:33:972		
018:27:00,000	6,5	16,4	17,2	6,5	0,0	0,0	0,0	0,950	0,000	5011,193	0,0	6,6		04:38:33:972		
018:28:00,000	5,9	16,4	17,2	5,9	0,0	0,0	0,0	0,950	0,000	5012,287	0,0	6,0		04:39:33:972		
018:29:00,000	4,5	16,3	17,2	4,5	0,0	0,0	0,0	0,950	0,000	5011,704	0,0	4,5		04:40:33:972		
018:30:00,000	-7,4	16,3	17,2	-7,4	0,0	0,0	0,0	0,950	0,000	5011,417	0,0	-7,4		04:41:33:972		
018:31:00,000	-19,6	16,2	17,2	-19,6	0,0	0,0	0,0	0,950	0,000	5011,398	0,0	-19,4		04:42:33:972		
018:32:00,000	-1,9	16,1	17,1	-1,8	0,0	0,0	0,0	0,950	0,000	5012,676	0,0	-1,7		04:43:33:972		
018:33:00,000	1,4	16,1	17,0	1,4	0,0	0,0	0,0	0,950	0,000	5010,306	0,0	1,5		04:44:33:972		
018:34:00,000	-0,3	16,0	17,0	-0,3	0,0	0,0	0,0	0,950	0,000	5011,759	0,0	-0,1		04:45:33:972		
018:35:00,000	5,3	16,0	17,0	5,3	0,0	0,0	0,0	0,950	0,000	5011,324	0,0	5,3		04:46:33:972		
018:36:00,000	5,8	16,0	17,0	5,8	0,0	0,0	0,0	0,950	0,000	5011,752	0,0	5,9		04:47:33:972		
018:37:00,000	6,0	16,1	17,0	6,0	0,0	0,0	0,0	0,950	0,000	5011,222	0,0	6,3		04:48:33:972		
018:38:00,000	5,4	16,1	17,0	5,4	0,0	0,0	0,0	0,950	0,000	5010,778	0,0	5,5		04:49:33:972		
018:39:00,000	5,5	16,1	17,0	5,5	0,0	0,0	0,0	0,950	0,000	5011,519	0,0	5,5		04:50:33:972		
018:40:00,000	5,3	16,1	17,0	5,3	0,0	0,0	0,0	0,950	0,000	5011,796	0,0	5,5		04:51:33:972		
018:41:00,000	4,1	16,1	17,0	4,1	0,0	0,0	0,0	0,950	0,000	5010,713	0,0	4,2		04:52:33:972		
018:42:00,000	4,1	16,1	17,0	4,1	0,0	0,0	0,0	0,950	0,000	5011,450	0,0	4,2		04:53:33:972		
018:43:00,000	5,5	15,9	17,0	5,6	0,0	0,0	0,0	0,950	0,000	5010,556	0,0	5,6		04:54:33:972		
018:44:00,000	5,9	15,8	16,9	5,9	0,0	0,0	0,0	0,950	0,000	5011,701	0,0	5,9		04:55:33:972		
018:45:00,000	6,1	15,8	16,8	6,1	0,0	0,0	0,0	0,950	0,000	5011,009	0,0	6,1		04:56:33:972		
018:46:00,000	5,7	15,8	16,8	5,7	0,0	0,0	0,0	0,950	0,000	5011,935	0,0	5,8		04:57:33:972		
018:47:00,000	5,4	15,8	16,8	5,4	0,0	0,0	0,0	0,950	0,000	5010,991	0,0	5,5		04:58:33:972		
018:48:00,000	4,9	15,7	16,8	4,9	0,0	0,0	0,0	0,950	0,000	5011,519	0,0	4,9		04:59:33:972		
018:49:00,000	4,0	15,7	16,7	4,0	0,0	0,0	0,0	0,950	0,000	5011,139	0,0	4,1		05:00:33:972		
018:50:00,000	-10,3	15,7	16,7	-10,3	0,0	0,0	0,0	0,950	0,000	5010,621	0,0	-10,2		05:01:33:972		
018:51:00,000	-18,6	15,7	16,7	-18,5	0,0	0,0	0,0	0,950	0,000	5010,722	0,0	-18,4		05:02:33:972		
018:52:00,000	-1,2	15,7	16,7	-1,2	0,0	0,0	0,0	0,950	0,000	5010,731	0,0	-1,1		05:03:33:972		
018:53:00,000	1,6	15,7	16,7	1,6	0,0	0,0	0,0	0,950	0,000	5010,583	0,0	1,8		05:04:33:972		
018:54:00,000	1,4	15,7	16,7	1,4	0,0	0,0	0,0	0,950	0,000	5010,367	0,0	1,5		05:05:33:972		
018:55:00,000	0,5	15,8	16,7	0,5	0,0	0,0	0,0	0,950	0,000	5011,206	0,0	0,6		05:06:33:972		
018:56:00,000	2,6	15,9	16,7	2,6	0,0	0,0	0,0	0,950	0,000	5010,596	0,0	2,7		05:07:33:972		
018:57:00,000	1,1	16,1	16,7	1,1	0,0	0,0	0,0	0,950	0,000	5010,769	0,0	1,2		05:08:33:972		
018:58:00,000	-6,6	16,2	16,7	-6,6	0,0	0,0	0,0	0,950	0,000	5011,129	0,0	-6,5		05:09:33:972		
018:59:00,000	-7,8	16,2	16,7	-7,8	0,0	0,0	0,0	0,950	0,000	5011,704	0,0	-7,7		05:10:33:972		
019:00:00,000	-0,5	16,3	16,8	-0,5	0,0	0,0	0,0	0,950	0,000	5010,926	0,0	-0,5		05:11:33:972		
019:01:00,000	3,6	16,3	16,9	3,6	0,0	0,0	0,0	0,950	0,000	5011,379	0,0	3,7		05:12:33:972		
019:02:00,000	5,0	16,3	16,9	5,0	0,0	0,0	0,0	0,950	0,000	5010,583	0,0	5,0		05:13:33:972		
019:03:00,000	5,0	16,2	16,9	5,0	0,0	0,0	0,0	0,950	0,000	5011,333	0,0	5,1		05:14:33:972		
019:04:00,000	4,9	16,2	16,9	4,9	0,0	0,0	0,0	0,950	0,000	5011,333	0,0	5,1		05:15:33:972		
019:05:00,000	2,0	16,1	16,9	2,0	0,0	0,0	0,0	0,950	0,000	5011,194	0,0	2,0		05:16:33:972		
019:06:00,000	-3,2	16,1	16,9	-3,2	0,0	0,0	0,0	0,950	0,000	5010,611	0,0	-3,1		05:17:33:972		
019:07:00,000	-10,5	16,1	16,9	-10,5	0,0	0,0	0,0	0,950	0,000	5011,009	0,0	-10,3		05:18:33:972		
019:08:00,000	-1,3	16,0	16,9	-1,3	0,0	0,0	0,0	0,950	0,000	5011,694	0,0	-1,2		05:19:33:972		
019:09:00,000	3,7	15,9	16,9	3,7	0,0	0,0	0,0	0,950	0,000	5011,324	0,0	3,9		05:20:33:972		
019:10:00,000	5,9	15,9	16,9	5,9	0,0	0,0	0,0	0,950	0,000	5010,806	0,0	5,9		05:21:33:972		
019:11:00,000	6,0	15,9	16,9	6,0	0,0	0,0	0,0	0,950	0,000	5010,917	0,0	6,0		05:22:33:972		
019:12:00,000	6,3	15,9	16,9	6,3	0,0	0,0	0,0	0,950	0,000	5012,156	0,0	6,3		05:23:33:972		
019:13:00,000	6,2	15,9	16,9	6,2	0,0	0,0	0,0	0,950	0,000	5014,673	0,0	6,4		05:24:33:972		
019:14:00,000	6,3	15,9	16,9	6,3	0,0	0,0	0,0	0,950	0,000	5011,111	0,0	6,5		05:25:33:972		
019:15:00,000	6,4	16,0	16,9	6,4	0,0	0,0	0,0	0,950	0,000	5010,991	0,0	6,5		05:26:33:972		
019:16:00,000	6,4	16,1	16,9	6,4	0,0	0,0	0,0	0,950	0,000	5012,093	0,0	6,4		05:27:33:972		
019:17:00,000	5,1	16,3	16,9	5,1	0,0	0,0	0,0	0,950	0,000	5011,037	0,0	5,2		05:28:33:972		
019:18:00,000	-3,0	16,3	16,9	-3,0	0,0	0,0	0,0	0,950	0,000	5011,648	0,0	-2,8		05:29:33:972		
019:19:00,000	-0,8	16,3	16,9	-0,8	0,0	0,0	0,0	0,950	0,000	5010,824	0,0	-0,6		05:30:33:972		
019:20:00,000	1,4	16,3	16,9	1,4	0,0	0,0	0,0	0,950	0,000	5011,743	0,0	1,5		05:31:33:972		
019:21:00,000	0,9	16,3	16,9	0,9	0,0	0,0	0,0	0,950	0,000	5011,019	0,0	1,1		05:32:33:972		
019:22:00,000	4,1	16,4	16,9	4,1	0,0	0,0	0,0	0,950	0,000	5012,343	0,0	4,3		05:33:33:972		
019:23:00,000	5,3	16,4	17,0	5,3	0,0	0,0	0,0	0,950	0,000	5011,222	0,0	5,4		05:34:33:972		
019:24:00,000	5,3	16,5	17,0	5,3	0,0	0,0	0,0	0,950	0,000	5011,602	0,0	5,4		05:35:33:972		
019:25:00,000	4,2	16,6	17,1	4,2	0,0	0,0	0,0	0,950	0,000	5012,629	0,0	4,3		05:36:33:972		
019:26:00,000	-6,7	16,6	17,1	-6,7	0,0	0,0	0,0	0,950	0,000	5011,685	0,0	-6,6		05:37:33:972		
019:27:00,000	-5,8	16,6	17,1	-5,8	0,0	0,0	0,0	0,950	0,000	5010,898	0,0	-5,7		05:38:33:972		
019:28:00,000	-7,8	16,8	17,2	-7,8	0,0	0,0	0,0	0,950	0,000	5012,343	0,0	-7,6		05:39:33:972		
019:29:00,000	-3,0	16,8	17,2	-3,0	0,0	0,0	0,0	0,950	0,000	5011,509	0,0	-2,9		05:40:33:972		
019:30:00,000	2,9	16,8	17,3	2,9	0,0	0,0	0,0	0,950	0,000	5011,824	0,0	3,0		05:41:33:972		
019:31:00,000	6,2	16,8	17,3	6,2	0,0	0,0	0,0	0,950	0,000	5011,500	0,0	6,4		05:42:33:972		
019:32:00,000	6,3	16,8	17,3	6,3	0,0	0,0	0,0	0,950	0,000	5012,769	0,0	6,6		05:43:33:972		
019:33:00,000	6,3	16,8	17,3	6,3	0,0	0,0	0,0	0,950	0,000	5011,704	0,0	6,3		05:44:33:972		
019:34:00,000	6,1	16,9	17,3	6,2	0,0	0,0	0,0	0,950	0,000	5011,972	0,0	6,4		05:45:33:972		
019:35:00,000	5,6	16,9	17,4	5,6	0,0	0,0	0,0	0,950	0,000	5011,835	0,0	5,6		05:46:33:972		
019:36:00,000	4,9	16,9	17,4	4,9	0,0	0,0	0,0	0,950	0,000	5012,102	0,0	5,1		05:47:33:972		
019:37:00,000	2,8	17,0	17,4	2,8	0,0	0,0	0,0	0,950	0,000	5012,306	0,0	2,9		05:48:33:972		
019:38:00,000	0,7	17,0	17,5	0,7	0,0	0,0	0,0	0,950	0,000	5011,509	0,0	0,8		05:49:33:972		
019:39:00,000	2,5	17,0	17,5	2,5	0,0	0,0	0,0	0,950	0,000	5012,639	0,0	2,5		05:50:33:972		
019:40:00,000	2,8	17,0	17,5	2,8	0,0	0,0	0,0	0,950	0,000	5013,174	0,0	2,8		05:51:33:972		
019:41:00,000	4,2	17,0	17,5	4,2	0,0	0,0	0,0	0,950	0,000	5012,324	0,0	4,4		05:52:33:972		
019:42:00,000	4,5	17,0	17,5	4,5	0,0	0,0	0,0	0,950	0,000	5012,167	0,0	4,6		05:53:33:972		
019:43:00,000	2,2	16,9	17,5	2,2	0,0	0,0	0,0	0,950	0,000	5012,037	0,0	2,3		05:54:33:972		
019:44:00,000	-0,6	16,9	17,5	-0,6	0,0	0,0	0,0	0,950	0,000	5012,296	0,0	-0,5		05:55:33:972		
019:45:00,000	1,5	16,8	17,5	1,5	0,0	0,0	0,0	0,950	0,000	5011,574	0,0	1,6		05:56:33:972		
019:46:00,000	4,1	16,7	17,5	4,1	0,0	0,0	0,0	0,950	0,000	5011,917	0,0	4,2		05:57:33:972		
019:47:00,000	6,1	16,6	17,5	6,1	0,0	0,0	0,0	0,950	0,000	5011,991	0,0	6,2		05:58:33:972		
019:48:00,000	6,1	16,6	17,5	6,1	0,0	0,0	0,0	0,950	0,000	5011,583	0,0	6,1		05:59:33:972		
019:49:00,000	5,9	16,5	17,5	5,9	0,0	0,0	0,0	0,950	0,000	5011,824	0,0	6,1		06:00:33:972		
019:50:00,000	6,2	16,5	17,4	6,2	0,0	0,0	0,0	0,950	0,000	5011,824	0,0	6,3		06:01:33:972		
019:51:00,000	5,6	16,4	17,4	5,6	0,0	0,0	0,0	0,950	0,000	5011,615	0,0	5,7		06:02:33:972		
019:52:00,000	3,1	16,3	17,3	3,1	0,0	0,0	0,0	0,950	0,000	5011,602	0,0	3,2		06:03:33:972		
019:53:00,000	3,3	16,2	17,2	3,3	0,0	0,0	0,0	0,950	0,000	5011,398	0,0	3,4		06:04:33:972		
019:54:00,000	3,2	16,2	17,2	3,2	0,0	0,0	0,0	0,950	0,000	5011,688	0,0	3,3		06:05:33:972		
019:55:00,000	2,7	16,2	17,2	2,7	0,0	0,0	0,0	0,950	0,000	5011,250	0,0	2,8		06:06:33:972		
019:56:00,000	1,1	16,2	17,2	1,1	0,0	0,0	0,0	0,950	0,000	5011,472	0,0	1,2		06:07:33:972		
019:57:00,000	-2,2	16,2	17,2	-2,2	0,0	0,0	0,0	0,950	0,000	5010,815	0,0	-2,1		06:08:33:972		
019:58:00,000	1,7	16,2	17,2	1,7	0,0	0,0	0,0	0,950	0,000	5011,102	0,0	1,8		06:09:33:972		
019:59:00,000	3,6	16,2	17,2	3,6	0,0	0,0	0,0	0,950	0,000	5011,167	0,0	3,7		06:10:33:972		
020:00:00,000	4,2	16,1	17,1	4,2	0,0	0,0	0,0	0,950	0,000	5011,574	0,0	4,4		06:11:33:972		
020:01:00,000	1,1	16,1	17,1	1,1	0,0	0,0	0,0	0,950	0,000	5013,716	0,0	1,3		06:12:33:972		
020:02:00,000	-5,3	16,0	17,0	-5,3	0,0	0,0	0,0	0,950	0,000	5011,157	0,0	-5,2		06:13:33:972		
020:03:00,000	-21,1	15,9	16,9	-21,1	0,0	0,0	0,0	0,950	0,000	5010,954	0,0	-21,1		06:14:33:972		
020:04:00,000	-15,8	15,8	16,8	-15,8	0,0	0,0	0,0	0,950	0,000	5010,296	0,0	-15,7		06:15:33:972		
020:05:00,000	-10,9	15,8	16,8	-10,9	0,0	0,0	0,0	0,950	0,000	5010,593	0,0	-10,8		06:16:33:972		
020:06:00,000	-6,8	15,8	16,8	-6,8	0,0	0,0	0,0	0,950	0,000	5010,537	0,0	-6,6		06:17:33:972		
020:07:00,000	-2,1	15,8	16,8	-2,1	0,0	0,0	0,0	0,950	0,000	5010,917	0,0	-1,9		06:18:33:972		
020:08:00,000	3,6	15,8	16,8	3,6	0,0	0,0	0,0	0,950	0,000	5010,879	0,0	3,8		06:19:33:972		
020:09:00,000	-1,8	15,8	16,8	-1,8	0,0	0,0	0,0	0,950	0,000	5010,422	0,0	-1,8		06:20:33:972		
020:10:00,000	-8,1	15,7	16,7	-8,1	0,0	0,0	0,0	0,950	0,000	5010,963	0,0	-8,2		06:21:33:972		
020:11:00,000	-8,1	15,7	16,7	-8,1	0,0	0,0	0,0	0,950	0,000	5010,333	0,0	-8,0		06:22:33:972		
020:12:00,000	-6,3	15,7	16,7	-6,3	0,0	0,0	0,0	0,950	0,000	5010,602	0,0	-6,1		06:23:33:972		
020:13:00,000	-7,6	15,7	16,6	-7,6	0,0	0,0	0,0	0,950	0,000	5010,615	0,0	-7,5		06:24:33:972		
020:14:00,000	-8,9	15,6	16,6	-8,9	0,0	0,0	0,0	0,950	0,000	5010,879	0,0	-8,7		06:25:33:972		
020:15:00,000	-4,3	15,6	16,6	-4,3	0,0	0,0	0,0	0,950	0,000	5010,769	0,0	-4,2		06:26:33:972		
020:16:00,000	-2,0	15,6	16,6	-2,0	0,0	0,0	0,0	0,950	0,000	5009,879	0,0	-1,9		06:27:33:972		
020:17:00,000	-2,5	15,6	16,6	-2,5	0,0	0,0	0,0	0,950	0,000	5010,907	0,0	-2,4		06:28:33:972		
020:18:00,000	-1,8	15,6	16,6	-1,8	0,0	0,0	0,0	0,950	0,000	5010,422	0,0	-1,6		06:29:33:972		
020:19:00,000	-4,4	15,6	16,6	-4,4	0,0	0,0	0,0	0,950	0,000	5010,324	0,0	-4,3		06:30:33:972		
020:20:00,000	-3,5	15,5	16,5	-3,5	0,0	0,0	0,0	0,950	0,000	5010,398	0,0	-3,4		06:31:33:972		
020:21:00,000	-13,3	15,5	16,5	-13,3	0,0	0,0	0,0	0,950	0,000	5010,371	0,0	-13,0		06:32:33:972		
020:22:00,000	-12,0	15,5	16,5	-12,0	0,0	0,0	0,0	0,950	0,000	5010,333	0,0	-12,1		06:33:33:972		
020:23:00,000	-14,6	15,5	16,5	-14,6	0,0	0,0	0,0	0,950	0,000	5009,722	0,0	-14,5		06:34:33:972		
020:24:00,000	-17,3	15,5	16,5	-17,3	0,0	0,0	0,0	0,950	0,000	5010,898	0,0	-17,2		06:35:33:972		
020:25:00,000	-18,6	15,4	16,5	-18,6	0,0	0,0	0,0	0,950	0,000	5010,685	0,0	-18,4		06:36:33:972		
020:26:00,000	-8,1	15,4	16,5	-8,1	0,0	0,0	0,0	0,950	0,000	5010,426	0,0	-8,0		06:37:33:972		
020:27:00,000	-15,1	15,6	16,5	-15,1	0,0	0,0	0,0	0,950	0,000	5009,546	0,0	-15,0		06:38:33:972		
020:28:00,000	-10,6	15,6	16,5	-10,6	0,0	0,0	0,0	0,950	0,000	5010,239	0,0	-10,4		06:39:33:972		
020:29:00,000	-6,5	15,6	16,5	-6,5	0,0	0,0	0,0	0,950	0,000	5010,111	0,0	-6,3		06:40:33:972		
020:30:00,000	-3,0	15,5	16,5	-3,0	0,0	0,0	0,0	0,950	0,000	5010,611	0,0	-2,8		06:41:33:972		
020:31:00,000	-16,7	15,5	16,5	-16,7	0,0	0,0	0,0	0,950	0,000	5010,056	0,0	-16,7		06:42:33:972		
020:32:00,000	-19,6	15,6	16,5	-19,6	0,0	0,0	0,0	0,950	0,000	5010,991	0,0	-19,4		06:43:33:972		
020:33:00,000	-12,2	15,6	16,5	-12,2	0,0	0,0	0,0	0,950	0,000	5010,407	0,0	-12,1		06:44:33:972		
020:34:00,000	-2,7	15,6	16,5	-2,7	0,0	0,0	0,0	0,950	0,000	5010,046	0,0	-2,5		06:45:33:972		
020:35:00,000	-0,1	15,7	16,5	-0,1	0,0	0,0	0,0	0,950	0,000	5010,176	0,0	-0,1		06:46:33:972		
020:36:00,000	-2,7	15,7	16,5	-2,7	0,0	0,0	0,0	0,950	0,000	5010,269	0,0	-2,7		06:47:33:972		
020:37:00,000	-0,7	15,7	16,5	-0,7	0,0	0,0	0,0	0,950	0,000	5009,852	0,0	-0,6		06:48:33:972		
020:38:00,000	-7,6	15,7	16,5	-7,6	0,0	0,0	0,0	0,950	0,000	5009,954	0,0	-7,6		06:49:33:972		
020:39:00,000	-19,5	15,7	16,5	-19,5	0,0	0,0	0,0	0,950	0,000	5010,611	0,0	-19,3		06:50:33:972		
020:40:00,000	-10,4	15,6	16,5	-10,4	0,0	0,0	0,0	0,950	0,000	5010,879	0,0	-10,3		06:51:33:972		
020:41:00,000	-6,7	15,6	16,5	-6,7	0,0	0,0	0,0	0,950	0,000	5010,046	0,0	-6,7		06:52:33:972		
020:42:00,000	-2,6	15,7	16,5	-2,6	0,0	0,0	0,0	0,950	0,000	5010,481	0,0	-2,4		06:53:33:972		
020:43:00,000	-0,1	15,6	16,5	-0,1	0,0	0,0	0,0	0,950	0,000	5010,556	0,0	0,0		06:54:33:972		
020:44:00,000	2,5	15,6	16,5	2,5	0,0	0,0	0,0	0,950	0,000	5014,110	0,0	2,6		06:55:33:972		
020:45:00,000	4,4	15,6	16,5	4,4	0,0	0,0	0,0	0,950	0,000	5010,398	0,0	4,6		06:56:33:972		
020:46:00,000	4,5	15,6	16,5	4,5	0,0	0,0	0,0	0,950	0,000	5009,713	0,0	4,6		06:57:33:972		
020:47:00,000	3,7	15,6	16,5	3,7	0,0	0,0	0,0	0,950	0,000	5010,444	0,0	3,9		06:58:33:972		
020:48:00,000	4,0	15,7	16,5	4,0	0,0	0,0	0,0	0,950	0,000	5010,593	0,0	4,1		06:59:33:972		
020:49:00,000	2,3	15,8	16,5	2,3	0,0	0,0	0,0	0,950	0,000	5010,454	0,0	2,5		07:00:33:972		
020:50:00,000	1,2	15,9	16,5	1,2	0,0	0,0	0,0	0,950	0,000	5010,704	0,0	1,3		07:01:33:972		
020:51:00,000	2,0	16,0	16,5	2,0	0,0	0,0	0,0	0,950	0,000	5010,523	0,0	2,1		07:02:33:972		
020:52:00,000	3,7	16,0	16,5	3,7	0,0	0,0	0,0	0,950	0,000	5011,121	0,0	3,8		07:03:33:972		
020:53:00,000	4,2	16,0	16,5	4,2	0,0	0,0	0,0	0,950	0,000	5010,528	0,0	4,2		07:04:33:972		
020:54:00,000	4,3	15,8	16,5	4,3	0,0	0,0	0,0	0,950	0,000	5011,194	0,0	4,3		07:05:33:972		
020:55:00,000	4,3	15,7	16,5	4,3	0,0	0,0	0,0	0,950	0,000	5010,806	0,0	4,4		07:06:33:972		
020:56:00,000	3,9	15,7	16,5	3,9	0,0	0,0	0,0	0,950	0,000	5010,639	0,0	3,9		07:07:33:972		
020:57:00,000	1,6	15,7	16,5	1,6	0,0	0,0	0,0	0,950	0,000	5010,621	0,0	1,5		07:08:33:972		
020:58:00,000	1,2	15,9	16,5	1,2	0,0	0,0	0,0	0,950	0,000	5010,241	0,0	1,4		07:09:33:972		
020:59:00,000	3,8	15,9	16,5	3,8	0,0	0,0	0,0	0,950	0,000	5010,704	0,0	4,0		07:10:33:972		
021:00:00,000	5,4	15,9	16,5	5,4	0,0	0,0	0,0	0,950	0,000	5010,750	0,0	5,6		07:11:33:972		
021:01:00,000	5,9	16,0	16,6	5,9	0,0	0,0	0,0	0,950	0,000	5010,871	0,0	6,0		07:12:33:972		
021:02:00,000	6,0	16,1	16,6	6,0	0,0	0,0	0,0	0,950	0,000	5012,250	0,0	5,9		07:13:33:972		
021:03:00,000	5,8	16,1	16,6	5,8	0,0	0,0	0,0	0,950	0,000	5010,269	0,0	5,9		07:14:33:972		
021:04:00,000	4,7	15,8	16,6	4,7	0,0	0,0	0,0	0,950	0,000	5012,542	0,0	4,7		07:15:33:972		
021:05:00,000	2,6	15,8	16,6	2,6	0,0	0,0	0,0	0,950	0,000	5011,315	0,0	2,6		07:16:33:972		
021:06:00,000	1,5	15,7	16,6	1,5	0,0	0,0	0,0	0,950	0,000	5010,963	0,0	1,7		07:17:33:972		
021:07:00,000	0,6	15,4	16,5	0,6	0,0	0,0	0,0	0,950	0,000	5010,352	0,0	0,8		07:18:33:972		
021:08:00,000	-0,9	15,4	16,5	-0,9	0,0	0,0	0,0	0,950	0,000	5010,422	0,0	-0,8		07:19:33:972		
021:09:00,000	-3,8	15,4	16,5	-3,8	0,0	0,0	0,0	0,950	0,000	5010,269	0,0	-3,7		07:20:33:972		
021:10:00,000	-7,3	15,4	16,5	-7,3	0,0	0,0	0,0	0,950	0,000	5010,750	0,0	-7,2		07:21:33:972		
021:11:00,000	-3,8	15,5	16,5	-3,8	0,0	0,0	0,0	0,950	0,000	5009,926	0,0	-3,8		07:22:33:972		
021:12:00,000	0,5	15,5	16,5	0,5	0,0	0,0	0,0	0,950	0,000	5010,731	0,0	0,6		07:23:33:972		
021:13:00,000	1,1	15,5	16,5	1,1	0,0	0,0	0,0	0,950	0,000	5009,444	0,0	1,1		07:24:33:972		
021:14:00,000	0,9	15,4	16,5	0,9	0,0	0,0	0,0	0,950	0,000	5010,908	0,0	1,0		07:25:33:972		
021:15:00,000	-1,4	15,4	16,5	-1,4	0,0	0,0	0,0	0,950	0,000	5009,722	0,0	-1,4		07:26:33:972		
021:16:00,000	-2,3	15,4	16,5	-2,3	0,0	0,0	0,0	0,950	0,000	5009,741	0,0	-2,2		07:27:33:972		
021:17:00,000	0,6	15,6	16,5	0,6	0,0	0,0	0,0	0,950	0,000	5009,574	0,0	0,8		07:28:33:972		
021:18:00,000	1,8	15,6	16,5	1,8	0,0	0,0	0,0	0,950	0,000	5010,528	0,0	1,9		07:29:33:972		
021:19:00,000	2,9	15,6	16,5	2,9	0,0	0,0	0,0	0,950	0,000	5010,917	0,0	3,1		07:30:33:972		
021:20:00,000	2,6	15,6	16,5	2,6	0,0	0,0	0,0	0,950	0,000	5010,935	0,0	2,7		07:31:33:972		
021:21:00,000	2,5	15,6	16,5	2,5	0,0	0,0	0,0	0,950	0,000	5011,481	0,0	2,5		07:32:33:972		
021:22:00,000	2,7	15,6	16,5	2,7	0,0	0,0	0,0	0,950	0,000	5011,407	0,0	2,8		07:33:33:972		
021:23:00,000	2,8	15,5	16,5	2,8	0,0	0,0	0,0	0,950	0,000	5010,296	0,0	2,8		07:34:33:972		
021:24:00,000	2,9	15,5	16,5	2,9	0,0	0,0	0,0	0,950	0,000	5010,741	0,0	3,0		07:35:33:972		
021:25:00,000	3,1	15,4	16,5	3,1	0,0	0,0	0,0	0,950	0,000	5011,083	0,0	3,1		07:36:33:972		
021:26:00,000	2,8	15,2	16,4	2,8	0,0	0,0	0,0	0,950	0,000	5013,519	0,0	2,8		07:37:33:972		
021:27:00,000	2,5	15,1	16,2	2,4	0,0	0,0	0,0	0,950	0,000	5010,404	0,0	2,5		07:38:33:972		
021:28:00,000	3,5	15,1	16,2	3,5	0,0	0,0	0,0	0,950	0,000	5009,083	0,0	3,6		07:39:33:972		
021:29:00,000	5,1	15,1	16,2	5,2	0,0	0,0	0,0	0,950	0,000	5009,796	0,0	5,3		07:40:33:972		
021:30:00,000	5,8	15,1	16,2	5,8	0,0	0,0	0,0	0,950	0,000	5009,926	0,0	5,9		07:41:33:972		
021:31:00,000	5,9	15,0	16,1	5,9	0,0	0,0	0,0	0,950	0,000	5010,119	0,0	5,9		07:42:33:972		
021:32:00,000	5,9	15,2	16,1	5,9	0,0	0,0	0,0	0,950	0,000	5010,787	0,0	6,0		07:43:33:972		
021:33:00,000	6,0	15,3	16,1	6,0	0,0	0,0	0,0	0,950	0,000	5010,472	0,0	6,1		07:44:33:972		
021:34:00,000	6,1	15,4	16,1	6,1	0,0	0,0	0,0	0,950	0,000	5010,213	0,0	6,1		07:45:33:972		
021:35:00,000	6,1	15,5	16,1	6,1	0,0	0,0	0,0	0,950	0,000	5010,139	0,0	6,3		07:46:33:972		
021:36:00,000	6,0	15,5	16,1	6,0	0,0	0,0	0,0	0,950	0,000	5008,741	0,0	6,1		07:47:33:972		
021:37:00,000	5,8	15,5	16,1	5,8	0,0	0,0	0,0	0,950	0,000	5010,615	0,0	5,9		07:48:33:972		
021:38:00,000	5,3	15,5	16,1	5,3	0,0	0,0	0,0	0,950	0,000	5010,074	0,0	5,4		07:49:33:972		
021:39:00,000	5,9	15,4	16,1	5,9	0,0	0,0	0,0	0,950	0,000	5010,296	0,0	6,0		07:50:33:972		
021:40:00,000	6,2	15,2	16,1	6,2	0,0	0,0	0,0	0,950	0,000	5010,621	0,0	6,3		07:51:33:972		
021:41:00,000	6,3	15,3	16,1	6,3	0,0	0,0	0,0	0,950	0,000	5009,991	0,0	6,4		07:52:33:972		
021:42:00,000	6,4	15,3	16,1	6,4	0,0	0,0	0,0	0,950	0,000	5009,917	0,0	6,5		07:53:33:972		
021:43:00,000	6,3	15,4	16,1	6,3	0,0	0,0	0,0	0,950	0,000	5010,000	0,0	6,5		07:54:33:972		
021:44:00,000	6,3	15,3	16,1	6,3	0,0	0,0	0,0	0,950	0,000	5010,000	0,0	6,4		07:55:33:972		
021:45:00,000	5,9	15,2	16,1	5,9	0,0	0,0	0,0	0,950	0,000	5009,481	0,0	6,1		07:56:33:972		
021:46:00,000	5,4	15,2	16,1	5,4	0,0	0,0	0,0	0,950	0,000	5009,633	0,0	5,5		07:57:33:972		
021:47:00,000	4,8	15,2	16,1	4,8	0,0	0,0	0,0	0,950	0,000	5010,694	0,0	4,8		07:58:33:972		
021:48:00,000	4,6	15,2	16,1	4,6	0,0	0,0	0,0	0,950	0,000	5011,250	0,0	4,8		07:59:33:972		
021:49:00,000	4,3	15,2	16,1	4,3	0,0	0,0	0,0	0,950	0,000	5010,037	0,0	4,4		08:00:33:972		
021:50:00,000	3,1	15,2	16,1	3,1	0,0	0,0	0,0	0,950	0,000	5010,204	0,0	3,2		08:01:33:972		
021:51:00,000	-0,6	15,3	16,1	-0,6	0,0	0,0	0,0	0,950	0,000	5010,139	0,0	-0,5		08:02:33:972		
021:52:00,000	-4,9	15,3	16,1	-4,9	0,0	0,0	0,0	0,950	0,000	5009,787	0,0	-4,8		08:03:33:972		
021:53:00,000	-0,4	15,3	16,1	-0,4	0,0	0,0	0,0	0,950	0,000	5010,266	0,0	-0,3		08:04:33:972		
021:54:00,000	3,1	15,2	16,1	3,2	0,0	0,0	0,0	0,950	0,000	5009,917	0,0	3,3		08:05:33:972		
021:55:00,000	3,2	15,0	16,1	3,2	0,0	0,0	0,0	0,950	0,000	5009,861	0,0	3,2		08:06:33:972		
021:56:00,000	5,5	14,8	16,1	5,5	0,0	0,0	0,0	0,950	0,000	5009,565	0,0	5,5		08:07:33:972		
021:57:00,000	4,6	14,5	15,8	4,6	0,0	0,0	0,0	0,950	0,000	5009,407	0,0	4,6		08:08:33:972		
021:58:00,000	4,6	14,4	15,6	4,6	0,0	0,0	0,0	0,950	0,000	5009,694	0,0	4,7		08:09:33:972		
021:59:00,000	5,2	14,2	15,4	5,2	0,0	0,0	0,0	0,950	0,000	5008,833	0,0	5,4		08:10:33:972		
022:00:00,000	5,5	14,0	15,2	5,5	0,0	0,0	0,0	0,950	0,000	5008,284	0,0	5,6		08:11:33:972		
022:01:00,000	3,4	13,7	15,0	3,4	0,0	0,0	0,0	0,950	0,000	5008,879	0,0	3,4		08:12:33:972		
022:02:00,000	3,7	13,7	14,9	3,7	0,0	0,0	0,0	0,950	0,000	5008,454	0,0	3,7		08:13:33:972		
022:03:00,000	6,1	13,7	14,9	6,1	0,0	0,0	0,0	0,950	0,000	5008,250	0,0	6,3		08:14:33:972		
022:04:00,000	5,9	13,6	14,9	5,9	0,0	0,0	0,0	0,950	0,000	5008,398	0,0	5,9		08:15:33:972		
022:05:00,000	5,8	13,7	14,9	5,8	0,0	0,0	0,0	0,950	0,000	5007,371	0,0	5,9		08:16:33:972		
022:06:00,000	6,7	13,6	14,9	6,7	0,0	0,0	0,0	0,950	0,000	5007,871	0,0	6,8		08:17:33:972		
022:07:00,000	7,0	13,5	14,8	7,0	0,0	0,0	0,0	0,950	0,000	5007,778	0,0	7,1		08:18:33:972		
022:08:00,000	7,0	13,5	14,7	7,0	0,0	0,0	0,0	0,950	0,000	5010,417	0,0	7,1		08:19:33:972		
022:09:00,000	6,6	13,6	14,7	6,6	0,0	0,0	0,0	0,950	0,000	5007,972	0,0	6,7		08:20:33:972		
022:10:00,000	4,7	13,7	14,7	4,7	0,0	0,0	0,0	0,950	0,000	5008,615	0,0	4,8		08:21:33:972		
022:11:00,000	2,0	13,9	14,7	2,0	0,0	0,0	0,0	0,950	0,000	5008,750	0,0	2,1		08:22:33:972		
022:12:00,000	0,9	13,8	14,7	0,9	0,0	0,0	0,0	0,950	0,000	5009,556	0,0	1,0		08:23:33:972		
022:13:00,000	-6,4	13,9	14,7	-6,4	0,0	0,0	0,0	0,950	0,000	5007,759	0,0	-6,3		08:24:33:972		
022:14:00,000	-10,1	14,1	14,8	-10,1	0,0	0,0	0,0	0,950	0,000	5008,213	0,0	-10,0		08:25:33:972		
022:15:00,000	-11,1	14,6	15,1	-11,1	0,0	0,0	0,0	0,950	0,000	5007,944	0,0	-10,9		08:26:33:972		
022:16:00,000	-11,5	15,0	15,4	-11,5	0,0	0,0	0,0	0,950	0,000	5009,621	0,0	-11,4		08:27:33:972		
022:17:00,000	-9,4	15,4	15,7	-9,4	0,0	0,0	0,0	0,950	0,000	5009,241	0,0	-9,3		08:28:33:972		
022:18:00,000	-5,3	15,5	16,0	-5,3	0,0	0,0	0,0	0,950	0,000	5010,477	0,0	-5,2		08:29:33:972		
022:19:00,000	-8,7	15,7	16,2	-8,7	0,0	0,0	0,0	0,950	0,000	5009,813	0,0	-8,6		08:30:33:972		
022:20:00,000	-6,3	15,7	16,3	-6,3	0,0	0,0	0,0	0,950	0,000	5010,056	0,0	-6,2		08:31:33:972		
022:21:00,000	-10,2	15,8	16,3	-10,2	0,0	0,0	0,0	0,950	0,000	5010,248	0,0	-10,0		08:32:33:972		
022:22:00,000	-11,7	15,7	16,4	-11,6	0,0	0,0	0,0	0,950	0,000	5010,861	0,0	-11,6		08:33:33:972		
022:23:00,000	-10,4	15,1	16,4	-10,4	0,0	0,0	0,0	0,950	0,000	5009,685	0,0	-10,4		08:34:33:972		
022:24:00,000	-13,0	15,1	16,4	-13,0	0,0	0,0	0,0	0,950	0,000	5008,617	0,0	-12,9		08:35:33:972		
022:25:00,000	-11,9	15,1	16,4	-11,9	0,0	0,0	0,0	0,950	0,000	5009,257	0,0	-11,8		08:36:33:972		
022:26:00,000	-9,3	15,2	16,4	-9,3	0,0	0,0	0,0	0,950	0,000	5010,083	0,0	-9,1		08:37:33:972		
022:27:00,000	-12,7	15,2	16,4	-12,7	0,0	0,0	0,0	0,950	0,000	5010,093	0,0	-12,5		08:38:33:972		
022:28:00,000	-15,6	15,6	16,4	-15,6	0,0	0,0	0,0	0,950	0,000	5010,639	0,0	-15,6		08:39:33:972		
022:29:00,000	-15,6	16,2	16,5	-15,6	0,0	0,0	0,0	0,950	0,000	5010,027	0,0	-15,5		08:40:33:972		
022:30:00,000	-15,9	16,8	16,8	-15,9	0,0	0,0	0,0	0,950	0,000	5010,759	0,0	-15,8		08:41:33:972		
022:31:00,000	-16,3	17,2	17,1	-16,3	0,0	0,0	0,0	0,950	0,000	5011,278	0,0	-16,1		08:42:33:972		
022:32:00,000	-16,4	17,4	17,3	-16,4	0,0	0,0	0,0	0,950	0,000	5011,194	0,0	-16,3		08:43:33:972		
022:33:00,000	-17,2	17,5	17,4	-17,2	0,0	0,0	0,0	0,950	0,000	5011,454	0,0	-16,9		08:44:33:972		
022:34:00,000	-19,2	17,0	17,4	-19,2	0,0	0,0	0,0	0,950	0,000	5010,121	0,0	-19,2		08:45:33:972		
022:35:00,000	-19,8	16,8	17,4	-19,8	0,0	0,0	0,0	0,950	0,000	5010,639	0,0	-19,6		08:46:33:972		
022:36:00,000	-20,7	17,0	17,4	-20,7	0,0	0,0	0,0	0,950	0,000	5010,806	0,0	-20,5		08:47:33:972		
022:37:00,000	-21,1	17,2	17,4	-21,1	0,0	0,0	0,0	0,950	0,000	5010,500	0,0	-20,9		08:48:33:972		
022:38:00,000	-21,3	17,1	17,4	-21,3	0,0	0,0	0,0	0,950	0,000	5010,871	0,0	-21,1		08:49:33:972		
022:39:00,000	-21,8	16,9	17,4	-21,8	0,0	0,0	0,0	0,950	0,000	5011,019	0,0	-21,6		08:50:33:972		
022:40:00,000	-22,6	17,1	17,4	-22,6	0,0	0,0	0,0	0,950	0,000	5011,367	0,0	-22,7		08:51:33:972		
022:41:00,000	-23,1	17,3	17,4	-23,1	0,0	0,0	0,0	0,950	0,000	5011,315	0,0	-22,9		08:52:33:972		
022:42:00,000	-23,9	17,2	17,4	-23,9	0,0	0,0	0,0	0,950	0,000	5011,833	0,0	-23,8		08:53:33:972		
022:43:00,000	-24,3	17,3	17,5	-24,3	0,0	0,0	0,0	0,950	0,000	5011,926	0,0	-24,1		08:54:33:972		
022:44:00,000	-25,9	17,3	17,5	-25,9	0,0	0,0	0,0	0,950	0,000	5011,879	0,0	-25,8		08:55:33:972		
022:45:00,000	-26,3	17,4	17,5	-26,3	0,0	0,0	0,0	0,950	0,000	5011,556	0,0	-26,0		08:56:33:972		
022:46:00,000	-26,9	18,1	17,8	-26,9	0,0	0,0	0,0	0,950	0,000	5011,028	0,0	-26,7		08:57:33:972		
022:47:00,000	-27,7	18,3	18,1	-27,7	0,0	0,0	0,0	0,950	0,000	5014,184	0,0	-27,5		08:58:33:972		
022:48:00,000	-28,2	18,3	18,2	-28,2	0,0	0,0	0,0	0,950	0,000	5017,426	0,0	-28,0		08:59:33:972		
022:49:00,000	-26,3	18,4	18,4	-26,4	0,0	0,0	0,0	0,950	0,000	5013,296	0,0	-26,1		09:00:33:972		
022:50:00,000	-25,5	18,0	18,4	-25,5	0,0	0,0	0,0	0,950	0,000	5013,417	0,0	-25,4		09:01:33:972		
022:51:00,000	-20,7	17,7	18,4	-20,7	0,0	0,0	0,0	0,950	0,000	5012,861	0,0	-20,6		09:02:33:972		
022:52:00,000	-14,7	17,7	18,4	-14,7	0,0	0,0	0,0	0,950	0,000	5013,213	0,0	-14,6		09:03:33:972		
022:53:00,000	-16,7	17,9	18,4	-16,7	0,0	0,0	0,0	0,950	0,000	5012,444	0,0	-16,5		09:04:33:972		
022:54:00,000	-22,0	17,9	18,4	-22,0	0,0	0,0	0,0	0,950	0,000	5012,889	0,0	-22,0		09:05:33:972		
022:55:00,000	-22,7	18,5	18,4	-22,7	0,0	0,0	0,0	0,950	0,000	5013,556	0,0	-22,6		09:06:33:972		
022:56:00,000	-26,9	18,7	18,6	-26,9	0,0	0,0	0,0	0,950	0,000	5012,861	0,0	-26,8		09:07:33:972		
022:57:00,000	-27,6	19,0	18,8	-27,6	0,0	0,0	0,0	0,950	0,000	5014,333	0,0	-27,6		09:08:33:972		
022:58:00,000	-30,1	19,0	19,0	-30,1	0,0	0,0	0,0	0,950	0,000	5015,333	0,0	-30,1		09:09:33:972		
022:59:00,000	-31,3	19,1	19,0	-31,3	0,0	0,0	0,0	0,950	0,000	5013,963	0,0	-31,1		09:10:33:972		
023:00:00,000	-32,4	19,1	19,1	-32,4	0,0	0,0	0,0	0,950	0,000	5014,685	0,0	-32,2		09:11:33:972		
023:01:00,000	-32,8	19,3	19,1	-32,8	0,0	0,0	0,0	0,950	0,000	5017,147	0,0	-32,6		09:12:33:972		
023:02:00,000	-32,9	19,5	19,3	-32,9	0,0	0,0	0,0	0,950	0,000	5015,636	0,0	-32,8		09:13:33:972		
023:03:00,000	-33,8	19,3	19,3	-33,8	0,0	0,0	0,0	0,950	0,000	5014,367	0,0	-33,6		09:14:33:972		
023:04:00,000	-33,7	19,4	19,3	-33,6	0,0	0,0	0,0	0,950	0,000	5015,121	0,0	-33,6		09:15:33:972		
023:05:00,000	-32,8	19,5	19,5	-32,8	0,0	0,0	0,0	0,950	0,000	5014,435	0,0	-32,7		09:16:33:972		
023:06:00,000	-33,1	19,2	19,5	-33,1	0,0	0,0	0,0	0,950	0,000	5013,879	0,0	-32,9		09:17:33:972		
023:07:00,000	-33,8	18,9	19,5	-33,8	0,0	0,0	0,0	0,950	0,000	5014,972	0,0	-33,7		09:18:33:972		
023:08:00,000	-34,3	19,0	19,4	-34,2	0,0	0,0	0,0	0,950	0,000	5014,477	0,0	-34,1		09:19:33:972		
023:09:00,000	-31,0	19,2	19,4	-31,0	0,0	0,0	0,0	0,950	0,000	5014,047	0,0	-30,8		09:20:33:972		
023:10:00,000	-27,5	19,4	19,4	-27,5	0,0	0,0	0,0	0,950	0,000	5014,898	0,0	-27,3		09:21:33:972		
023:11:00,000	-28,9	19,1	19,4	-28,9	0,0	0,0	0,0	0,950	0,000	5013,917	0,0	-28,7		09:22:33:972		
023:12:00,000	-31,6	18,4	19,2	-31,6	0,0	0,0	0,0	0,950	0,000	5014,463	0,0	-31,4		09:23:33:972		
023:13:00,000	-29,5	18,0	18,8	-29,5	0,0	0,0	0,0	0,950	0,000	5012,807	0,0	-29,3		09:24:33:972		
023:14:00,000	-28,3	17,8	18,7	-28,3	0,0	0,0	0,0	0,950	0,000	5013,472	0,0	-28,2		09:25:33:972		
023:15:00,000	-31,7	18,0	18,7	-31,7	0,0	0,0	0,0	0,950	0,000	5013,574	0,0	-31,5		09:26:33:972		
023:16:00,000	-32,4	18,1	18,7	-32,4	0,0	0,0	0,0	0,950	0,000	5013,778	0,0	-32,1		09:27:33:972		
023:17:00,000	-34,2	18,3	18,7	-34,2	0,0	0,0	0,0	0,950	0,000	5012,926	0,0	-34,2		09:28:33:972		
023:18:00,000	-33,8	19,1	18,8	-33,8	0,0	0,0	0,0	0,950	0,000	5014,046	0,0	-33,6		09:29:33:972		
023:19:00,000	-33,0	19,6	19,2	-33,0	0,0	0,0	0,0	0,950	0,000	5014,306	0,0	-32,8		09:30:33:972		
023:20:00,000	-30,6	20,4	19,7	-30,6	0,0	0,0	0,0	0,950	0,000	5014,991	0,0	-30,4		09:31:33:972		
023:21:00,000	-31,5	20,7	20,1	-31,5	0,0	0,0	0,0	0,950	0,000	5015,028	0,0	-31,3		09:32:33:972		
023:22:00,000	-29,6	21,2	20,5	-29,6	0,0	0,0	0,0	0,950	0,000	5015,611	0,0	-29,4		09:33:33:972		
023:23:00,000	-28,2	21,6	20,8	-28,2	0,0	0,0	0,0	0,950	0,000	5018,129	0,0	-28,1		09:34:33:972		
023:24:00,000	-29,9	22,2	21,3	-29,9	0,0	0,0	0,0	0,950	0,000	5017,815	0,0	-29,8		09:35:33:972		
023:25:00,000	-32,7	22,6	21,7	-32,7	0,0	0,0	0,0	0,950	0,000	5017,407	0,0	-32,6		09:36:33:972		
023:26:00,000	-33,9	22,7	22,1	-33,9	0,0	0,0	0,0	0,950	0,000	5018,542	0,0	-33,9		09:37:33:972		
023:27:00,000	-32,4	22,0	22,1	-32,4	0,0	0,0	0,0	0,950	0,000	5017,139	0,0	-32,2		09:38:33:972		
023:28:00,000	-30,3	21,5	21,9	-30,3	0,0	0,0	0,0	0,950	0,000	5016,685	0,0	-30,2		09:39:33:972		
023:29:00,000	-29,6	20,7	21,3	-29,6	0,0	0,0	0,0	0,950	0,000	5016,093	0,0	-29,5		09:40:33:972		
023:30:00,000	-24,2	20,3	21,0	-24,2	0,0	0,0	0,0	0,950	0,000	5016,629	0,0	-24,0		09:41:33:972		
023:31:00,000	-30,0	20,1	20,8	-30,0	0,0	0,0	0,0	0,950	0,000	5016,065	0,0	-29,8		09:42:33:972		
023:32:00,000	-29,8	20,2	20,7	-29,8	0,0	0,0	0,0	0,950	0,000	5016,324	0,0	-29,7		09:43:33:972		
023:33:00,000	-34,2	20,1	20,7	-34,2	0,0	0,0	0,0	0,950	0,000	5016,954	0,0	-34,0		09:44:33:972		
023:34:00,000	-35,8	19,8	20,5	-35,8	0,0	0,0	0,0	0,950	0,000	5015,741	0,0	-35,6		09:45:33:972		
023:35:00,000	-35,3	19,6	20,2	-35,2	0,0	0,0	0,0	0,950	0,000	5015,444	0,0	-34,9		09:46:33:972		
023:36:00,000	-18,7	19,5	20,2	-18,7	0,0	0,0	0,0	0,950	0,000	5014,769	0,0	-18,4		09:47:33:972		
023:37:00,000	-10,7	19,6	20,2	-10,7	0,0	0,0	0,0	0,950	0,000	5015,073	0,0	-10,6		09:48:33:972		
023:38:00,000	-2,1	19,7	20,2	-2,1	0,0	0,0	0,0	0,950	0,000	5014,629	0,0	-1,9		09:49:33:972		
023:39:00,000	4,7	19,4	20,1	4,7	0,0	0,0	0,0	0,950	0,000	5015,129	0,0	4,9		09:50:33:972		
023:40:00,000	3,9	19,3	20,0	3,9	0,0	0,0	0,0	0,950	0,000	5015,879	0,0	3,9		09:51:33:972		
023:41:00,000	-3,7	19,4	20,0	-3,7	0,0	0,0	0,0	0,950	0,000	5015,093	0,0	-3,7		09:52:33:972		
023:42:00,000	-15,5	19,5	20,0	-15,5	0,0	0,0	0,0	0,950	0,000	5015,898	0,0	-15,4		09:53:33:972		
023:43:00,000	-12,7	20,0	20,0	-12,6	0,0	0,0	0,0	0,950	0,000	5015,278	0,0	-12,5		09:54:33:972		
023:44:00,000	-5,8	20,4	20,1	-5,8	0,0	0,0	0,0	0,950	0,000	5016,504	0,0	-5,7		09:55:33:972		
023:45:00,000	-0,6	20,8	20,3	-0,6	0,0	0,0	0,0	0,950	0,000	5015,593	0,0	-0,5		09:56:33:972		
023:46:00,000	4,8	20,6	20,4	4,8	0,0	0,0	0,0	0,950	0,000	5016,009	0,0	4,9		09:57:33:972		
023:47:00,000	-5,8	20,5	20,5	-5,8	0,0	0,0	0,0	0,950	0,000	5016,759	0,0	-5,8		09:58:33:972		
023:48:00,000	-26,4	20,1	20,5	-26,4	0,0	0,0	0,0	0,950	0,000	5017,093	0,0	-26,3		09:59:33:972		
023:49:00,000	-14,0	20,2	20,5	-14,0	0,0	0,0	0,0	0,950	0,000	5014,879	0,0	-13,9		10:00:33:972		
023:50:00,000	-6,7	20,4	20,5	-6,7	0,0	0,0	0,0	0,950	0,000	5015,759	0,0	-6,6		10:01:33:972		
023:51:00,000	-2,8	20,2	20,5	-2,8	0,0	0,0	0,0	0,950	0,000	5015,266	0,0	-2,6		10:02:33:972		
023:52:00,000	-10,0	19,5	20,4	-10,0	0,0	0,0	0,0	0,950	0,000	5016,019	0,0	-10,0		10:03:33:972		
023:53:00,000	-15,4	19,3	20,2	-15,4	0,0	0,0	0,0	0,950	0,000	5016,019	0,0	-15,3		10:04:33:972		
023:54:00,000	1,4	19,3	20,0	1,4	0,0	0,0	0,0	0,950	0,000	5014,481	0,0	1,6		10:05:33:972		
023:55:00,000	6,5	19,4	20,0	6,5	0,0	0,0	0,0	0,950	0,000	5015,352	0,0	6,6		10:06:33:972		
023:56:00,000	6,6	19,3	20,0	6,6	0,0	0,0	0,0	0,950	0,000	5015,046	0,0	6,8		10:07:33:972		
023:57:00,000	6,1	19,2	20,0	6,1	0,0	0,0	0,0	0,950	0,000	5015,250	0,0	6,1		10:08:33:972		
023:58:00,000	3,7	19,1	19,9	3,7	0,0	0,0	0,0	0,950	0,000	5013,861	0,0	3,7		10:09:33:972		
023:59:00,000	3,1	19,0	19,8	3,1	0,0	0,0	0,0	0,950	0,000	5016,504	0,0	3,2		10:10:33:972		
024:00:00,000	1,3	18,9	19,6	1,3	0,0	0,0	0,0	0,950	0,000	5015,713	0,0	1,4		10:11:33:972		
024:01:00,000	0,2	19,2	19,6	0,2	0,0	0,0	0,0	0,950	0,000	5014,519	0,0	0,2		10:12:33:972		
024:02:00,000	-2,9	19,4	19,6	-2,9	0,0	0,0	0,0	0,950	0,000	5015,371	0,0	-2,7		10:13:33:972		
024:03:00,000	4,0	19,2	19,6	4,0	0,0	0,0	0,0	0,950	0,000	5015,056	0,0	4,0		10:14:33:972		
024:04:00,000	4,9	19,2	19,6	4,9	0,0	0,0	0,0	0,950	0,000	5015,981	0,0	5,1		10:15:33:972		
024:05:00,000	5,0	19,6	19,7	5,0	0,0	0,0	0,0	0,950	0,000	5015,713	0,0	5,2		10:16:33:972		
024:06:00,000	5,9	20,1	20,0	5,9	0,0	0,0	0,0	0,950	0,000	5015,167	0,0	5,9		10:17:33:972		
024:07:00,000	2,2	20,2	20,2	2,2	0,0	0,0	0,0	0,950	0,000	5015,835	0,0	2,2		10:18:33:972		
024:08:00,000	1,5	20,4	20,4	1,5	0,0	0,0	0,0	0,950	0,000	5015,879	0,0	1,6		10:19:33:972		
024:09:00,000	0,3	20,3	20,4	0,3	0,0	0,0	0,0	0,950	0,000	5015,593	0,0	0,2		10:20:33:972		
024:10:00,000	-3,1	20,1	20,4	-3,1	0,0	0,0	0,0	0,950	0,000	5015,444	0,0	-3,0		10:21:33:972		
024:11:00,000	-3,3	20,1	20,4	-3,3	0,0	0,0	0,0	0,950	0,000	5016,037	0,0	-3,2		10:22:33:972		
024:12:00,000	-18,3	19,9	20,4	-18,3	0,0	0,0	0,0	0,950	0,000	5016,648	0,0	-18,1		10:23:33:972		
024:13:00,000	-26,8	19,8	20,4	-26,8	0,0	0,0	0,0	0,950	0,000	5015,639	0,0	-26,7		10:24:33:972		
024:14:00,000	-19,7	20,1	20,4	-19,6	0,0	0,0	0,0	0,950	0,000	5015,824	0,0	-19,6		10:25:33:972		
024:15:00,000	-6,9	20,4	20,4	-6,9	0,0	0,0	0,0	0,950	0,000	5016,000	0,0	-6,8		10:26:33:972		
024:16:00,000	-19,7	20,7	20,5	-19,7	0,0	0,0	0,0	0,950	0,000	5015,843	0,0	-19,9		10:27:33:972		
024:17:00,000	-17,6	20,9	20,7	-17,6	0,0	0,0	0,0	0,950	0,000	5016,202	0,0	-17,4		10:28:33:972		
024:18:00,000	-12,4	20,7	20,9	-12,4	0,0	0,0	0,0	0,950	0,000	5016,954	0,0	-12,3		10:29:33:972		
024:19:00,000	-3,0	20,2	20,9	-3,0	0,0	0,0	0,0	0,950	0,000	5015,639	0,0	-2,9		10:30:33:972		
024:20:00,000	4,0	20,2	20,9	3,9	0,0	0,0	0,0	0,950	0,000	5015,713	0,0	4,0		10:31:33:972		
024:21:00,000	6,0	20,1	20,8	6,0	0,0	0,0	0,0	0,950	0,000	5015,667	0,0	6,1		10:32:33:972		
024:22:00,000	2,5	20,3	20,8	2,5	0,0	0,0	0,0	0,950	0,000	5015,287	0,0	2,5		10:33:33:972		
024:23:00,000	2,8	20,2	20,8	2,8	0,0	0,0	0,0	0,950	0,000	5015,167	0,0	2,9		10:34:33:972		
024:24:00,000	2,9	20,0	20,7	2,9	0,0	0,0	0,0	0,950	0,000	5015,750	0,0	3,0		10:35:33:972		
024:25:00,000	-4,0	20,1	20,6	-4,0	0,0	0,0	0,0	0,950	0,000	5015,881	0,0	-3,8		10:36:33:972		
024:26:00,000	-0,4	20,4	20,6	-0,4	0,0	0,0	0,0	0,950	0,000	5016,185	0,0	-0,4		10:37:33:972		
024:27:00,000	-0,3	20,5	20,6	-0,3	0,0	0,0	0,0	0,950	0,000	5015,583	0,0	-0,1		10:38:33:972		
024:28:00,000	3,0	20,3	20,6	3,0	0,0	0,0	0,0	0,950	0,000	5016,241	0,0	3,1		10:39:33:972		
024:29:00,000	2,2	20,2	20,6	2,2	0,0	0,0	0,0	0,950	0,000	5016,496	0,0	2,3		10:40:33:972		
024:30:00,000	2,8	20,2	20,6	2,8	0,0	0,0	0,0	0,950	0,000	5015,556	0,0	2,9		10:41:33:972		
024:31:00,000	0,5	20,2	20,6	0,5	0,0	0,0	0,0	0,950	0,000	5015,944	0,0	0,5		10:42:33:972		
024:32:00,000	4,1	20,3	20,6	4,1	0,0	0,0	0,0	0,950	0,000	5016,389	0,0	4,3		10:43:33:972		
024:33:00,000	5,3	20,8	20,7	5,3	0,0	0,0	0,0	0,950	0,000	5015,907	0,0	5,4		10:44:33:972		
024:34:00,000	5,2	21,1	21,0	5,2	0,0	0,0	0,0	0,950	0,000	5015,269	0,0	5,3		10:45:33:972		
024:35:00,000	1,7	20,7	21,0	1,7	0,0	0,0	0,0	0,950	0,000	5016,083	0,0	1,9		10:46:33:972		
024:36:00,000	-5,9	20,7	21,0	-5,9	0,0	0,0	0,0	0,950	0,000	5019,565	0,0	-5,9		10:47:33:972		
024:37:00,000	-9,8	21,2	21,0	-9,8	0,0	0,0	0,0	0,950	0,000	5016,843	0,0	-9,7		10:48:33:972		
024:38:00,000	-6,2	21,3	21,1	-6,2	0,0	0,0	0,0	0,950	0,000	5016,287	0,0	-6,2		10:49:33:972		
024:39:00,000	-10,3	21,6	21,3	-10,3	0,0	0,0	0,0	0,950	0,000	5016,500	0,0	-10,2		10:50:33:972		
024:40:00,000	-16,6	21,4	21,3	-16,6	0,0	0,0	0,0	0,950	0,000	5017,259	0,0	-16,4		10:51:33:972		
024:41:00,000	-22,7	21,0	21,3	-22,7	0,0	0,0	0,0	0,950	0,000	5016,778	0,0	-22,6		10:52:33:972		
024:42:00,000	-21,0	21,6	21,4	-21,0	0,0	0,0	0,0	0,950	0,000	5017,639	0,0	-20,9		10:53:33:972		
024:43:00,000	-20,9	22,1	21,8	-20,9	0,0	0,0	0,0	0,950	0,000	5018,111	0,0	-20,9		10:54:33:972		
024:44:00,000	-24,2	21,9	21,8	-24,2	0,0	0,0	0,0	0,950	0,000	5017,500	0,0	-24,1		10:55:33:972		
024:45:00,000	-22,6	21,4	21,8	-22,6	0,0	0,0	0,0	0,950	0,000	5018,147	0,0	-22,5		10:56:33:972		
024:46:00,000	-19,8	21,2	21,7	-19,8	0,0	0,0	0,0	0,950	0,000	5016,759	0,0	-19,5		10:57:33:972		
024:47:00,000	-11,8	21,0	21,6	-11,8	0,0	0,0	0,0	0,950	0,000	5016,231	0,0	-11,7		10:58:33:972		
024:48:00,000	-7,6	21,2	21,5	-7,6	0,0	0,0	0,0	0,950	0,000	5017,907	0,0	-7,4		10:59:33:972		
024:49:00,000	1,1	21,4	21,5	1,1	0,0	0,0	0,0	0,950	0,000	5016,444	0,0	1,3		11:00:33:972		
024:50:00,000	-11,4	21,0	21,5	-11,4	0,0	0,0	0,0	0,950	0,000	5016,843	0,0	-11,4		11:01:33:972		
024:51:00,000	-10,1	20,8	21,3	-10,1	0,0	0,0	0,0	0,950	0,000	5016,211	0,0	-9,9		11:02:33:972		
024:52:00,000	-8,5	21,2	21,3	-8,5	0,0	0,0	0,0	0,950	0,000	5016,167	0,0	-8,4		11:03:33:972		
024:53:00,000	-5,9	21,8	21,6	-5,9	0,0	0,0	0,0	0,950	0,000	5016,685	0,0	-5,6		11:04:33:972		
024:54:00,000	-17,4	21,7	21,8	-17,4	0,0	0,0	0,0	0,950	0,000	5018,148	0,0	-17,3		11:05:33:972		
024:55:00,000	-17,3	21,4	21,8	-17,3	0,0	0,0	0,0	0,950	0,000	5025,463	0,0	-17,2		11:06:33:972		
024:56:00,000	-20,9	21,8	21,8	-20,9	0,0	0,0	0,0	0,950	0,000	5017,509	0,0	-20,7		11:07:33:972		
024:57:00,000	-25,9	21,5	21,8	-25,9	0,0	0,0	0,0	0,950	0,000	5017,435	0,0	-25,8		11:08:33:972		
024:58:00,000	-29,3	21,4	21,8	-29,3	0,0	0,0	0,0	0,950	0,000	5016,954	0,0	-29,2		11:09:33:972		
024:59:00,000	-30,4	21,3	21,7	-30,4	0,0	0,0	0,0	0,950	0,000	5018,056	0,0	-30,3		11:10:33:972		
025:00:00,000	-22,9	21,5	21,7	-22,9	0,0	0,0	0,0	0,950	0,000	5018,193	0,0	-22,6		11:11:33:972		
025:01:00,000	-7,6	21,7	21,7	-7,6	0,0	0,0	0,0	0,950	0,000	5018,398	0,0	-7,4		11:12:33:972		
025:02:00,000	3,6	22,2	22,0	3,6	0,0	0,0	0,0	0,950	0,000	5018,454	0,0	3,6		11:13:33:972		
025:03:00,000	0,4	22,6	22,4	0,4	0,0	0,0	0,0	0,950	0,000	5018,333	0,0	0,4		11:14:33:972		
025:04:00,000	-2,5	22,4	22,6	-2,5	0,0	0,0	0,0	0,950	0,000	5018,537	0,0	-2,4		11:15:33:972		
025:05:00,000	2,4	21,8	22,5	2,4	0,0	0,0	0,0	0,950	0,000	5018,426	0,0	2,5		11:16:33:972		
025:06:00,000	-11,0	21,6	22,2	-11,0	0,0	0,0	0,0	0,950	0,000	5018,148	0,0	-10,9		11:17:33:972		
025:07:00,000	-16,5	21,7	22,1	-16,5	0,0	0,0	0,0	0,950	0,000	5018,046	0,0	-16,2		11:18:33:972		
025:08:00,000	-22,9	21,8	22,1	-22,9	0,0	0,0	0,0	0,950	0,000	5018,269	0,0	-22,6		11:19:33:972		
025:09:00,000	-19,8	21,9	22,1	-19,8	0,0	0,0	0,0	0,950	0,000	5016,639	0,0	-19,6		11:20:33:972		
025:10:00,000	-21,3	22,3	22,2	-21,3	0,0	0,0	0,0	0,950	0,000	5018,231	0,0	-21,4		11:21:33:972		
025:11:00,000	-17,1	22,4	22,5	-17,1	0,0	0,0	0,0	0,950	0,000	5018,509	0,0	-16,9		11:22:33:972		
025:12:00,000	-20,8	22,0	22,5	-20,8	0,0	0,0	0,0	0,950	0,000	5022,759	0,0	-20,7		11:23:33:972		
---------------------------------
End of File
