timestamp,source_start,source_end,Random 80/20,Chronological holdout
2026-04-20 09:45:00,2026-04-20 09:45:02.000,2026-04-20 09:47:04.000,validation,train
2026-04-20 09:51:00,2026-04-20 09:51:02.000,2026-04-20 09:53:02.000,train,train
2026-04-20 10:00:00,2026-04-20 10:00:02.000,2026-04-20 10:02:04.000,train,train
2026-04-20 10:06:00,2026-04-20 10:06:02.000,2026-04-20 10:17:36.000,validation,train
2026-04-20 10:09:00,2026-04-20 10:06:02.000,2026-04-20 10:20:36.000,train,train
2026-04-20 10:12:00,2026-04-20 10:06:02.000,2026-04-20 10:23:36.000,train,train
2026-04-20 10:15:00,2026-04-20 10:06:02.000,2026-04-20 10:26:36.000,train,train
2026-04-20 10:18:00,2026-04-20 10:08:02.000,2026-04-20 10:29:36.000,train,train
2026-04-20 10:21:00,2026-04-20 10:11:02.000,2026-04-20 10:32:36.000,validation,train
2026-04-20 10:24:00,2026-04-20 10:14:02.000,2026-04-20 10:35:36.000,train,train
2026-04-20 10:27:00,2026-04-20 10:17:02.000,2026-04-20 10:38:36.000,validation,train
2026-04-20 10:30:00,2026-04-20 10:20:02.000,2026-04-20 10:41:36.000,train,train
2026-04-20 10:33:00,2026-04-20 10:23:02.000,2026-04-20 10:44:36.000,train,train
2026-04-20 10:36:00,2026-04-20 10:26:02.000,2026-04-20 10:47:36.000,train,train
2026-04-20 10:39:00,2026-04-20 10:29:02.000,2026-04-20 10:50:36.000,validation,train
2026-04-20 10:42:00,2026-04-20 10:32:02.000,2026-04-20 10:53:37.000,train,train
2026-04-20 10:45:00,2026-04-20 10:35:02.000,2026-04-20 10:53:37.000,train,train
2026-04-20 10:48:00,2026-04-20 10:38:02.000,2026-04-20 10:53:37.000,train,train
2026-04-20 10:51:00,2026-04-20 10:41:02.000,2026-04-20 10:53:37.000,train,train
2026-04-20 10:57:00,2026-04-20 10:57:02.000,2026-04-20 11:09:39.644,validation,train
2026-04-20 11:00:00,2026-04-20 10:57:02.000,2026-04-20 11:12:39.644,train,train
2026-04-20 11:03:00,2026-04-20 10:57:02.000,2026-04-20 11:15:39.644,train,train
2026-04-20 11:06:00,2026-04-20 10:57:02.000,2026-04-20 11:17:39.644,train,train
2026-04-20 11:09:00,2026-04-20 10:59:02.000,2026-04-20 11:21:49.473,train,train
2026-04-20 11:12:00,2026-04-20 11:01:52.190,2026-04-20 11:24:49.473,train,train
2026-04-20 11:15:00,2026-04-20 11:04:52.190,2026-04-20 11:27:49.473,train,train
2026-04-20 11:18:00,2026-04-20 11:08:02.000,2026-04-20 11:29:49.473,train,train
2026-04-20 11:21:00,2026-04-20 11:10:39.644,2026-04-20 11:32:49.473,train,train
2026-04-20 11:24:00,2026-04-20 11:13:39.644,2026-04-20 11:35:49.473,train,train
2026-04-20 11:27:00,2026-04-20 11:16:39.644,2026-04-20 11:38:49.473,validation,train
2026-04-20 11:30:00,2026-04-20 11:20:02.000,2026-04-20 11:41:49.473,train,train
2026-04-20 11:33:00,2026-04-20 11:23:02.000,2026-04-20 11:44:49.473,validation,train
2026-04-20 11:36:00,2026-04-20 11:26:02.000,2026-04-20 11:47:49.473,train,train
2026-04-20 11:39:00,2026-04-20 11:29:02.000,2026-04-20 11:50:49.473,validation,train
2026-04-20 11:42:00,2026-04-20 11:32:02.000,2026-04-20 11:53:49.473,train,train
2026-04-20 11:45:00,2026-04-20 11:35:02.000,2026-04-20 11:56:49.473,validation,train
2026-04-20 11:48:00,2026-04-20 11:38:02.000,2026-04-20 11:59:49.473,validation,train
2026-04-20 11:51:00,2026-04-20 11:41:02.000,2026-04-20 12:02:49.473,train,train
2026-04-20 11:54:00,2026-04-20 11:44:02.000,2026-04-20 12:05:49.473,train,train
2026-04-20 11:57:00,2026-04-20 11:47:02.000,2026-04-20 12:08:49.473,validation,train
2026-04-20 12:00:00,2026-04-20 11:50:02.000,2026-04-20 12:11:49.473,train,train
2026-04-20 12:03:00,2026-04-20 11:53:02.000,2026-04-20 12:14:49.473,validation,train
2026-04-20 12:06:00,2026-04-20 11:56:02.000,2026-04-20 12:17:49.473,train,train
2026-04-20 12:09:00,2026-04-20 11:59:02.000,2026-04-20 12:20:49.473,train,train
2026-04-20 12:12:00,2026-04-20 12:02:02.000,2026-04-20 12:23:49.473,train,train
2026-04-20 12:15:00,2026-04-20 12:05:02.000,2026-04-20 12:26:49.473,train,train
2026-04-20 12:18:00,2026-04-20 12:08:02.000,2026-04-20 12:29:49.473,train,train
2026-04-20 12:21:00,2026-04-20 12:11:02.000,2026-04-20 12:32:49.473,validation,train
2026-04-20 12:24:00,2026-04-20 12:14:02.000,2026-04-20 12:35:49.473,train,train
2026-04-20 12:27:00,2026-04-20 12:17:02.000,2026-04-20 12:38:49.473,train,train
2026-04-20 12:30:00,2026-04-20 12:20:02.000,2026-04-20 12:41:49.473,validation,train
2026-04-20 12:33:00,2026-04-20 12:23:02.000,2026-04-20 12:44:49.473,train,train
2026-04-20 12:36:00,2026-04-20 12:26:02.000,2026-04-20 12:47:49.473,train,train
2026-04-20 12:39:00,2026-04-20 12:29:02.000,2026-04-20 12:50:49.473,train,train
2026-04-20 12:42:00,2026-04-20 12:32:02.000,2026-04-20 12:53:49.473,train,train
2026-04-20 12:45:00,2026-04-20 12:35:02.000,2026-04-20 12:56:49.473,train,train
2026-04-20 12:48:00,2026-04-20 12:38:02.000,2026-04-20 12:59:49.473,train,train
2026-04-20 12:51:00,2026-04-20 12:41:02.000,2026-04-20 13:02:49.473,train,train
2026-04-20 12:54:00,2026-04-20 12:44:02.000,2026-04-20 13:05:49.473,train,train
2026-04-20 12:57:00,2026-04-20 12:47:02.000,2026-04-20 13:08:49.473,train,train
2026-04-20 13:00:00,2026-04-20 12:50:02.000,2026-04-20 13:11:49.473,train,train
2026-04-20 13:03:00,2026-04-20 12:53:02.000,2026-04-20 13:14:49.473,train,train
2026-04-20 13:06:00,2026-04-20 12:56:02.000,2026-04-20 13:17:49.473,train,train
2026-04-20 13:09:00,2026-04-20 12:59:02.000,2026-04-20 13:20:49.473,validation,train
2026-04-20 13:12:00,2026-04-20 13:02:02.000,2026-04-20 13:23:49.473,train,train
2026-04-20 13:15:00,2026-04-20 13:05:02.000,2026-04-20 13:26:49.473,train,train
2026-04-20 13:18:00,2026-04-20 13:08:02.000,2026-04-20 13:29:49.473,train,train
2026-04-20 13:21:00,2026-04-20 13:11:02.000,2026-04-20 13:32:49.473,train,train
2026-04-20 13:24:00,2026-04-20 13:14:02.000,2026-04-20 13:35:49.473,train,train
2026-04-20 13:27:00,2026-04-20 13:17:02.000,2026-04-20 13:38:49.473,train,train
2026-04-20 13:30:00,2026-04-20 13:20:02.000,2026-04-20 13:41:49.473,validation,train
2026-04-20 13:33:00,2026-04-20 13:23:02.000,2026-04-20 13:44:49.473,train,train
2026-04-20 13:36:00,2026-04-20 13:26:02.000,2026-04-20 13:47:49.473,train,train
2026-04-20 13:39:00,2026-04-20 13:29:02.000,2026-04-20 13:50:49.473,validation,train
2026-04-20 13:42:00,2026-04-20 13:32:02.000,2026-04-20 13:53:49.473,train,train
2026-04-20 13:45:00,2026-04-20 13:35:02.000,2026-04-20 13:56:49.473,train,train
2026-04-20 13:48:00,2026-04-20 13:38:02.000,2026-04-20 13:59:49.473,validation,train
2026-04-20 13:51:00,2026-04-20 13:41:02.000,2026-04-20 14:02:49.473,train,train
2026-04-20 13:54:00,2026-04-20 13:44:02.000,2026-04-20 14:05:49.473,train,train
2026-04-20 13:57:00,2026-04-20 13:47:02.000,2026-04-20 14:08:49.473,validation,train
2026-04-20 14:00:00,2026-04-20 13:50:02.000,2026-04-20 14:11:49.473,validation,train
2026-04-20 14:03:00,2026-04-20 13:53:02.000,2026-04-20 14:14:49.473,train,train
2026-04-20 14:06:00,2026-04-20 13:56:02.000,2026-04-20 14:17:49.473,train,train
2026-04-20 14:09:00,2026-04-20 13:59:02.000,2026-04-20 14:20:49.473,train,train
2026-04-20 14:12:00,2026-04-20 14:02:02.000,2026-04-20 14:23:49.473,train,train
2026-04-20 14:15:00,2026-04-20 14:05:02.000,2026-04-20 14:26:49.473,train,train
2026-04-20 14:18:00,2026-04-20 14:08:02.000,2026-04-20 14:29:49.473,train,train
2026-04-20 14:21:00,2026-04-20 14:11:02.000,2026-04-20 14:32:49.473,train,train
2026-04-20 14:24:00,2026-04-20 14:14:02.000,2026-04-20 14:35:49.473,validation,train
2026-04-20 14:27:00,2026-04-20 14:17:02.000,2026-04-20 14:38:49.473,train,train
2026-04-20 14:30:00,2026-04-20 14:20:02.000,2026-04-20 14:41:49.473,train,train
2026-04-20 14:33:00,2026-04-20 14:23:02.000,2026-04-20 14:44:49.473,train,train
2026-04-20 14:36:00,2026-04-20 14:26:02.000,2026-04-20 14:47:49.473,validation,train
2026-04-20 14:39:00,2026-04-20 14:29:02.000,2026-04-20 14:50:49.473,validation,train
2026-04-20 14:42:00,2026-04-20 14:32:02.000,2026-04-20 14:53:49.473,train,train
2026-04-20 14:45:00,2026-04-20 14:35:02.000,2026-04-20 14:56:49.473,validation,train
2026-04-20 14:48:00,2026-04-20 14:38:02.000,2026-04-20 14:59:49.473,validation,train
2026-04-20 14:51:00,2026-04-20 14:41:02.000,2026-04-20 15:02:49.473,train,train
2026-04-20 14:54:00,2026-04-20 14:44:02.000,2026-04-20 15:05:49.473,train,train
2026-04-20 14:57:00,2026-04-20 14:47:02.000,2026-04-20 15:08:49.473,train,train
2026-04-20 15:00:00,2026-04-20 14:50:02.000,2026-04-20 15:11:49.473,train,train
2026-04-20 15:03:00,2026-04-20 14:53:02.000,2026-04-20 15:14:49.473,validation,train
2026-04-20 15:06:00,2026-04-20 14:56:02.000,2026-04-20 15:17:49.473,train,train
2026-04-20 15:09:00,2026-04-20 14:59:02.000,2026-04-20 15:20:49.473,validation,train
2026-04-20 15:12:00,2026-04-20 15:02:02.000,2026-04-20 15:23:49.473,train,train
2026-04-20 15:15:00,2026-04-20 15:05:02.000,2026-04-20 15:26:49.473,train,train
2026-04-20 15:18:00,2026-04-20 15:08:02.000,2026-04-20 15:29:49.473,validation,train
2026-04-20 15:21:00,2026-04-20 15:11:02.000,2026-04-20 15:32:49.473,validation,train
2026-04-20 15:24:00,2026-04-20 15:14:02.000,2026-04-20 15:35:49.473,validation,train
2026-04-20 15:27:00,2026-04-20 15:17:02.000,2026-04-20 15:38:49.473,train,train
2026-04-20 15:30:00,2026-04-20 15:20:02.000,2026-04-20 15:41:49.473,train,train
2026-04-20 15:33:00,2026-04-20 15:23:02.000,2026-04-20 15:44:49.473,train,train
2026-04-20 15:36:00,2026-04-20 15:26:02.000,2026-04-20 15:47:49.473,train,train
2026-04-20 15:39:00,2026-04-20 15:29:02.000,2026-04-20 15:50:49.473,train,train
2026-04-20 15:42:00,2026-04-20 15:32:02.000,2026-04-20 15:53:49.473,train,train
2026-04-20 15:45:00,2026-04-20 15:35:02.000,2026-04-20 15:56:49.473,train,train
2026-04-20 15:48:00,2026-04-20 15:38:02.000,2026-04-20 15:59:49.473,train,train
2026-04-20 15:51:00,2026-04-20 15:41:02.000,2026-04-20 16:02:49.473,train,train
2026-04-20 15:54:00,2026-04-20 15:44:02.000,2026-04-20 16:05:49.473,train,train
2026-04-20 15:57:00,2026-04-20 15:47:02.000,2026-04-20 16:08:49.473,validation,train
2026-04-20 16:00:00,2026-04-20 15:50:02.000,2026-04-20 16:11:49.473,train,train
2026-04-20 16:03:00,2026-04-20 15:53:02.000,2026-04-20 16:14:49.473,train,train
2026-04-20 16:06:00,2026-04-20 15:56:02.000,2026-04-20 16:17:49.473,train,train
2026-04-20 16:09:00,2026-04-20 15:59:02.000,2026-04-20 16:20:49.473,validation,train
2026-04-20 16:12:00,2026-04-20 16:02:02.000,2026-04-20 16:23:49.473,train,train
2026-04-20 16:15:00,2026-04-20 16:05:02.000,2026-04-20 16:26:49.473,train,train
2026-04-20 16:18:00,2026-04-20 16:08:02.000,2026-04-20 16:29:49.473,train,train
2026-04-20 16:21:00,2026-04-20 16:11:02.000,2026-04-20 16:32:49.473,train,train
2026-04-20 16:24:00,2026-04-20 16:14:02.000,2026-04-20 16:35:49.473,train,train
2026-04-20 16:27:00,2026-04-20 16:17:02.000,2026-04-20 16:38:49.473,train,train
2026-04-20 16:30:00,2026-04-20 16:20:02.000,2026-04-20 16:41:49.473,train,train
2026-04-20 16:33:00,2026-04-20 16:23:02.000,2026-04-20 16:44:49.473,validation,train
2026-04-20 16:36:00,2026-04-20 16:26:02.000,2026-04-20 16:47:49.473,train,train
2026-04-20 16:39:00,2026-04-20 16:29:02.000,2026-04-20 16:47:49.473,train,train
2026-04-20 16:42:00,2026-04-20 16:32:02.000,2026-04-20 16:47:49.473,train,train
2026-04-20 16:45:00,2026-04-20 16:35:02.000,2026-04-20 16:47:49.473,validation,train
2026-04-20 17:00:00,2026-04-20 17:00:02.000,2026-04-20 17:12:56.000,train,train
2026-04-20 17:03:00,2026-04-20 17:00:02.000,2026-04-20 17:14:56.000,train,train
2026-04-20 17:06:00,2026-04-20 17:00:02.000,2026-04-20 17:17:56.000,train,train
2026-04-20 17:09:00,2026-04-20 17:00:02.000,2026-04-20 17:20:56.000,train,train
2026-04-20 17:12:00,2026-04-20 17:01:03.000,2026-04-20 17:23:56.000,train,train
2026-04-20 17:15:00,2026-04-20 17:05:02.000,2026-04-20 17:26:56.000,train,train
2026-04-20 17:18:00,2026-04-20 17:08:02.000,2026-04-20 17:29:57.000,train,train
2026-04-20 17:21:00,2026-04-20 17:11:02.000,2026-04-20 17:32:57.000,train,train
2026-04-20 17:24:00,2026-04-20 17:14:02.000,2026-04-20 17:35:57.000,validation,train
2026-04-20 17:27:00,2026-04-20 17:17:02.000,2026-04-20 17:38:57.000,train,train
2026-04-20 17:30:00,2026-04-20 17:20:02.000,2026-04-20 17:41:57.000,train,train
2026-04-20 17:33:00,2026-04-20 17:23:02.000,2026-04-20 17:44:57.000,train,train
2026-04-20 17:36:00,2026-04-20 17:26:02.000,2026-04-20 17:47:57.000,train,train
2026-04-20 17:39:00,2026-04-20 17:29:02.000,2026-04-20 17:50:57.000,validation,train
2026-04-20 17:42:00,2026-04-20 17:32:02.000,2026-04-20 17:53:57.000,train,train
2026-04-20 17:45:00,2026-04-20 17:35:02.000,2026-04-20 17:56:57.000,train,train
2026-04-20 17:48:00,2026-04-20 17:38:02.000,2026-04-20 17:59:57.000,train,train
2026-04-20 17:51:00,2026-04-20 17:41:02.000,2026-04-20 18:02:57.000,train,train
2026-04-20 17:54:00,2026-04-20 17:44:02.000,2026-04-20 18:05:57.000,train,train
2026-04-20 17:57:00,2026-04-20 17:47:02.000,2026-04-20 18:08:57.000,train,train
2026-04-20 18:00:00,2026-04-20 17:50:02.000,2026-04-20 18:11:57.000,train,train
2026-04-20 18:03:00,2026-04-20 17:53:02.000,2026-04-20 18:14:57.000,train,train
2026-04-20 18:06:00,2026-04-20 17:56:02.000,2026-04-20 18:17:57.000,train,train
2026-04-20 18:09:00,2026-04-20 17:59:02.000,2026-04-20 18:20:57.000,train,train
2026-04-20 18:12:00,2026-04-20 18:02:02.000,2026-04-20 18:23:57.000,train,train
2026-04-20 18:15:00,2026-04-20 18:05:02.000,2026-04-20 18:26:57.000,train,train
2026-04-20 18:18:00,2026-04-20 18:08:02.000,2026-04-20 18:29:57.000,train,train
2026-04-20 18:21:00,2026-04-20 18:11:02.000,2026-04-20 18:32:57.000,train,train
2026-04-20 18:24:00,2026-04-20 18:14:02.000,2026-04-20 18:35:58.000,train,train
2026-04-20 18:27:00,2026-04-20 18:17:02.000,2026-04-20 18:38:58.000,train,train
2026-04-20 18:30:00,2026-04-20 18:20:02.000,2026-04-20 18:41:58.000,train,train
2026-04-20 18:33:00,2026-04-20 18:23:02.000,2026-04-20 18:44:58.000,validation,train
2026-04-20 18:36:00,2026-04-20 18:26:02.000,2026-04-20 18:47:58.000,train,train
2026-04-20 18:39:00,2026-04-20 18:29:02.000,2026-04-20 18:50:58.000,validation,train
2026-04-20 18:42:00,2026-04-20 18:32:02.000,2026-04-20 18:53:58.000,train,train
2026-04-20 18:45:00,2026-04-20 18:35:02.000,2026-04-20 18:56:58.000,train,train
2026-04-20 18:48:00,2026-04-20 18:38:02.000,2026-04-20 18:59:58.000,train,train
2026-04-20 18:51:00,2026-04-20 18:41:02.000,2026-04-20 19:02:58.000,validation,train
2026-04-20 18:54:00,2026-04-20 18:44:02.000,2026-04-20 19:05:58.000,train,train
2026-04-20 18:57:00,2026-04-20 18:47:02.000,2026-04-20 19:08:58.000,train,train
2026-04-20 19:00:00,2026-04-20 18:50:02.000,2026-04-20 19:11:58.000,train,train
2026-04-20 19:03:00,2026-04-20 18:53:02.000,2026-04-20 19:14:58.000,validation,train
2026-04-20 19:06:00,2026-04-20 18:56:02.000,2026-04-20 19:17:58.000,train,train
2026-04-20 19:09:00,2026-04-20 18:59:02.000,2026-04-20 19:20:58.000,train,train
2026-04-20 19:12:00,2026-04-20 19:02:02.000,2026-04-20 19:23:58.000,train,train
2026-04-20 19:15:00,2026-04-20 19:05:02.000,2026-04-20 19:26:58.000,train,train
2026-04-20 19:18:00,2026-04-20 19:08:02.000,2026-04-20 19:29:58.000,train,train
2026-04-20 19:21:00,2026-04-20 19:11:02.000,2026-04-20 19:32:58.000,train,train
2026-04-20 19:24:00,2026-04-20 19:14:02.000,2026-04-20 19:35:58.000,train,train
2026-04-20 19:27:00,2026-04-20 19:17:02.000,2026-04-20 19:38:58.000,validation,train
2026-04-20 19:30:00,2026-04-20 19:20:02.000,2026-04-20 19:41:58.000,train,train
2026-04-20 19:33:00,2026-04-20 19:23:02.000,2026-04-20 19:44:59.000,train,train
2026-04-20 19:36:00,2026-04-20 19:26:02.000,2026-04-20 19:47:59.000,train,train
2026-04-20 19:39:00,2026-04-20 19:29:02.000,2026-04-20 19:50:59.000,train,train
2026-04-20 19:42:00,2026-04-20 19:32:02.000,2026-04-20 19:53:59.000,train,train
2026-04-20 19:45:00,2026-04-20 19:35:02.000,2026-04-20 19:56:59.000,train,train
2026-04-20 19:48:00,2026-04-20 19:38:02.000,2026-04-20 19:59:59.000,train,train
2026-04-20 19:51:00,2026-04-20 19:41:02.000,2026-04-20 20:02:59.000,train,train
2026-04-20 19:54:00,2026-04-20 19:44:02.000,2026-04-20 20:05:59.000,train,train
2026-04-20 19:57:00,2026-04-20 19:47:02.000,2026-04-20 20:08:59.000,train,train
2026-04-20 20:00:00,2026-04-20 19:50:02.000,2026-04-20 20:11:59.000,train,train
2026-04-20 20:03:00,2026-04-20 19:53:02.000,2026-04-20 20:14:59.000,train,train
2026-04-20 20:06:00,2026-04-20 19:56:02.000,2026-04-20 20:17:59.000,train,train
2026-04-20 20:09:00,2026-04-20 19:59:02.000,2026-04-20 20:20:59.000,train,train
2026-04-20 20:12:00,2026-04-20 20:02:02.000,2026-04-20 20:23:59.000,validation,train
2026-04-20 20:15:00,2026-04-20 20:05:02.000,2026-04-20 20:26:59.000,train,train
2026-04-20 20:18:00,2026-04-20 20:08:02.000,2026-04-20 20:29:59.000,train,train
2026-04-20 20:21:00,2026-04-20 20:11:02.000,2026-04-20 20:32:59.000,train,train
2026-04-20 20:24:00,2026-04-20 20:14:02.000,2026-04-20 20:35:59.000,train,train
2026-04-20 20:27:00,2026-04-20 20:17:02.000,2026-04-20 20:38:59.000,train,train
2026-04-20 20:30:00,2026-04-20 20:20:02.000,2026-04-20 20:41:59.000,train,train
2026-04-20 20:33:00,2026-04-20 20:23:02.000,2026-04-20 20:44:59.000,train,train
2026-04-20 20:36:00,2026-04-20 20:26:02.000,2026-04-20 20:47:59.000,train,train
2026-04-20 20:39:00,2026-04-20 20:29:02.000,2026-04-20 20:51:00.000,train,train
2026-04-20 20:42:00,2026-04-20 20:32:02.000,2026-04-20 20:54:00.000,validation,train
2026-04-20 20:45:00,2026-04-20 20:35:02.000,2026-04-20 20:57:00.000,train,train
2026-04-20 20:48:00,2026-04-20 20:38:02.000,2026-04-20 20:59:18.736,train,train
2026-04-20 20:51:00,2026-04-20 20:40:59.000,2026-04-20 21:02:18.736,train,train
2026-04-20 20:54:00,2026-04-20 20:43:59.000,2026-04-20 21:05:18.736,validation,train
2026-04-20 20:57:00,2026-04-20 20:46:59.000,2026-04-20 21:08:18.736,train,train
2026-04-20 21:00:00,2026-04-20 20:50:00.000,2026-04-20 21:11:18.736,validation,train
2026-04-20 21:03:00,2026-04-20 20:53:00.000,2026-04-20 21:14:18.736,validation,train
2026-04-20 21:06:00,2026-04-20 20:56:00.000,2026-04-20 21:17:18.736,validation,train
2026-04-20 21:09:00,2026-04-20 20:59:00.000,2026-04-20 21:20:18.736,train,train
2026-04-20 21:12:00,2026-04-20 21:02:00.000,2026-04-20 21:23:18.736,train,train
2026-04-20 21:15:00,2026-04-20 21:05:00.000,2026-04-20 21:26:18.736,train,train
2026-04-20 21:18:00,2026-04-20 21:08:00.000,2026-04-20 21:29:18.736,train,train
2026-04-20 21:21:00,2026-04-20 21:11:00.000,2026-04-20 21:32:18.736,train,train
2026-04-20 21:24:00,2026-04-20 21:14:00.000,2026-04-20 21:35:18.736,train,train
2026-04-20 21:27:00,2026-04-20 21:17:00.000,2026-04-20 21:38:18.736,train,train
2026-04-20 21:30:00,2026-04-20 21:20:00.000,2026-04-20 21:41:18.736,train,train
2026-04-20 21:33:00,2026-04-20 21:23:00.000,2026-04-20 21:44:18.736,train,train
2026-04-20 21:36:00,2026-04-20 21:26:00.000,2026-04-20 21:47:18.736,train,train
2026-04-20 21:39:00,2026-04-20 21:29:00.000,2026-04-20 21:50:18.736,train,train
2026-04-20 21:42:00,2026-04-20 21:32:00.000,2026-04-20 21:53:18.736,train,train
2026-04-20 21:45:00,2026-04-20 21:35:00.000,2026-04-20 21:56:18.736,train,train
2026-04-20 21:48:00,2026-04-20 21:38:00.000,2026-04-20 21:59:18.736,train,train
2026-04-20 21:51:00,2026-04-20 21:41:00.000,2026-04-20 22:02:18.736,train,train
2026-04-20 21:54:00,2026-04-20 21:44:00.000,2026-04-20 22:05:18.736,train,train
2026-04-20 21:57:00,2026-04-20 21:47:00.000,2026-04-20 22:08:18.736,train,train
2026-04-20 22:00:00,2026-04-20 21:50:00.000,2026-04-20 22:11:18.736,train,train
2026-04-20 22:03:00,2026-04-20 21:53:00.000,2026-04-20 22:14:18.736,train,train
2026-04-20 22:06:00,2026-04-20 21:56:00.000,2026-04-20 22:17:18.736,train,train
2026-04-20 22:09:00,2026-04-20 21:59:01.000,2026-04-20 22:20:18.736,train,train
2026-04-20 22:12:00,2026-04-20 22:02:01.000,2026-04-20 22:23:18.736,train,train
2026-04-20 22:15:00,2026-04-20 22:05:01.000,2026-04-20 22:26:18.736,train,train
2026-04-20 22:18:00,2026-04-20 22:08:01.000,2026-04-20 22:29:18.736,train,train
2026-04-20 22:21:00,2026-04-20 22:11:01.000,2026-04-20 22:32:18.736,train,train
2026-04-20 22:24:00,2026-04-20 22:14:01.000,2026-04-20 22:35:18.736,train,train
2026-04-20 22:27:00,2026-04-20 22:17:01.000,2026-04-20 22:38:18.736,validation,train
2026-04-20 22:30:00,2026-04-20 22:20:01.000,2026-04-20 22:41:18.736,train,train
2026-04-20 22:33:00,2026-04-20 22:23:01.000,2026-04-20 22:44:18.736,train,train
2026-04-20 22:36:00,2026-04-20 22:26:01.000,2026-04-20 22:47:18.736,validation,train
2026-04-20 22:39:00,2026-04-20 22:29:01.000,2026-04-20 22:50:18.736,train,train
2026-04-20 22:42:00,2026-04-20 22:32:01.000,2026-04-20 22:53:18.736,train,train
2026-04-20 22:45:00,2026-04-20 22:35:01.000,2026-04-20 22:56:18.736,validation,train
2026-04-20 22:48:00,2026-04-20 22:38:01.000,2026-04-20 22:59:18.736,train,train
2026-04-20 22:51:00,2026-04-20 22:41:01.000,2026-04-20 23:02:18.736,train,train
2026-04-20 22:54:00,2026-04-20 22:44:01.000,2026-04-20 23:05:18.736,train,train
2026-04-20 22:57:00,2026-04-20 22:47:01.000,2026-04-20 23:08:18.736,train,train
2026-04-20 23:00:00,2026-04-20 22:50:01.000,2026-04-20 23:11:18.736,train,train
2026-04-20 23:03:00,2026-04-20 22:53:01.000,2026-04-20 23:14:18.736,train,train
2026-04-20 23:06:00,2026-04-20 22:56:01.000,2026-04-20 23:17:18.736,train,train
2026-04-20 23:09:00,2026-04-20 22:59:01.000,2026-04-20 23:20:18.736,validation,train
2026-04-20 23:12:00,2026-04-20 23:02:01.000,2026-04-20 23:23:18.736,train,train
2026-04-20 23:15:00,2026-04-20 23:05:02.000,2026-04-20 23:26:18.736,train,train
2026-04-20 23:18:00,2026-04-20 23:08:02.000,2026-04-20 23:29:18.736,train,train
2026-04-20 23:21:00,2026-04-20 23:11:02.000,2026-04-20 23:32:18.736,validation,train
2026-04-20 23:24:00,2026-04-20 23:14:02.000,2026-04-20 23:35:18.736,train,train
2026-04-20 23:27:00,2026-04-20 23:17:02.000,2026-04-20 23:38:18.736,validation,train
2026-04-20 23:30:00,2026-04-20 23:20:02.000,2026-04-20 23:41:18.736,train,train
2026-04-20 23:33:00,2026-04-20 23:23:02.000,2026-04-20 23:44:18.736,validation,train
2026-04-20 23:36:00,2026-04-20 23:26:02.000,2026-04-20 23:47:18.736,train,train
2026-04-20 23:39:00,2026-04-20 23:29:02.000,2026-04-20 23:50:18.736,train,train
2026-04-20 23:42:00,2026-04-20 23:32:02.000,2026-04-20 23:53:18.736,train,train
2026-04-20 23:45:00,2026-04-20 23:35:02.000,2026-04-20 23:56:18.736,train,train
2026-04-20 23:48:00,2026-04-20 23:38:02.000,2026-04-20 23:59:18.736,train,train
2026-04-20 23:51:00,2026-04-20 23:41:02.000,2026-04-21 00:02:18.736,train,train
2026-04-20 23:54:00,2026-04-20 23:44:02.000,2026-04-21 00:05:18.736,validation,train
2026-04-20 23:57:00,2026-04-20 23:47:02.000,2026-04-21 00:08:18.736,train,train
2026-04-21 00:00:00,2026-04-20 23:50:02.000,2026-04-21 00:11:18.736,train,train
2026-04-21 00:03:00,2026-04-20 23:53:02.000,2026-04-21 00:14:18.736,train,train
2026-04-21 00:06:00,2026-04-20 23:56:02.000,2026-04-21 00:17:18.736,train,train
2026-04-21 00:09:00,2026-04-20 23:59:02.000,2026-04-21 00:20:18.736,train,train
2026-04-21 00:12:00,2026-04-21 00:02:02.000,2026-04-21 00:23:18.736,train,train
2026-04-21 00:15:00,2026-04-21 00:05:02.000,2026-04-21 00:26:18.736,train,train
2026-04-21 00:18:00,2026-04-21 00:08:02.000,2026-04-21 00:29:18.736,train,train
2026-04-21 00:21:00,2026-04-21 00:11:02.000,2026-04-21 00:32:18.736,train,train
2026-04-21 00:24:00,2026-04-21 00:14:02.000,2026-04-21 00:35:18.736,train,train
2026-04-21 00:27:00,2026-04-21 00:17:02.000,2026-04-21 00:38:18.736,train,train
2026-04-21 00:30:00,2026-04-21 00:20:02.000,2026-04-21 00:41:18.736,validation,train
2026-04-21 00:33:00,2026-04-21 00:23:02.000,2026-04-21 00:44:18.736,train,train
2026-04-21 00:36:00,2026-04-21 00:26:02.000,2026-04-21 00:47:18.736,validation,train
2026-04-21 00:39:00,2026-04-21 00:29:02.000,2026-04-21 00:50:18.736,train,train
2026-04-21 00:42:00,2026-04-21 00:32:02.000,2026-04-21 00:53:18.736,validation,train
2026-04-21 00:45:00,2026-04-21 00:35:02.000,2026-04-21 00:56:18.736,validation,train
2026-04-21 00:48:00,2026-04-21 00:38:02.000,2026-04-21 00:59:18.736,train,train
2026-04-21 00:51:00,2026-04-21 00:41:02.000,2026-04-21 01:02:18.736,validation,train
2026-04-21 00:54:00,2026-04-21 00:44:02.000,2026-04-21 01:05:18.736,train,train
2026-04-21 00:57:00,2026-04-21 00:47:02.000,2026-04-21 01:08:18.736,validation,train
2026-04-21 01:00:00,2026-04-21 00:50:02.000,2026-04-21 01:11:18.736,train,train
2026-04-21 01:03:00,2026-04-21 00:53:02.000,2026-04-21 01:14:18.736,train,train
2026-04-21 01:06:00,2026-04-21 00:56:02.000,2026-04-21 01:17:18.736,train,train
2026-04-21 01:09:00,2026-04-21 00:59:02.000,2026-04-21 01:20:18.736,validation,train
2026-04-21 01:12:00,2026-04-21 01:02:02.000,2026-04-21 01:23:18.736,train,train
2026-04-21 01:15:00,2026-04-21 01:05:02.000,2026-04-21 01:26:18.736,train,train
2026-04-21 01:18:00,2026-04-21 01:08:02.000,2026-04-21 01:29:18.736,train,train
2026-04-21 01:21:00,2026-04-21 01:11:02.000,2026-04-21 01:32:18.736,validation,train
2026-04-21 01:24:00,2026-04-21 01:14:02.000,2026-04-21 01:35:18.736,validation,train
2026-04-21 01:27:00,2026-04-21 01:17:02.000,2026-04-21 01:38:18.736,train,train
2026-04-21 01:30:00,2026-04-21 01:20:02.000,2026-04-21 01:41:18.736,train,train
2026-04-21 01:33:00,2026-04-21 01:23:02.000,2026-04-21 01:44:18.736,train,train
2026-04-21 01:36:00,2026-04-21 01:26:02.000,2026-04-21 01:47:18.736,train,train
2026-04-21 01:39:00,2026-04-21 01:29:02.000,2026-04-21 01:50:18.736,train,train
2026-04-21 01:42:00,2026-04-21 01:32:02.000,2026-04-21 01:53:18.736,train,train
2026-04-21 01:45:00,2026-04-21 01:35:02.000,2026-04-21 01:56:18.736,validation,train
2026-04-21 01:48:00,2026-04-21 01:38:02.000,2026-04-21 01:59:18.736,train,train
2026-04-21 01:51:00,2026-04-21 01:41:02.000,2026-04-21 02:02:18.736,train,train
2026-04-21 01:54:00,2026-04-21 01:44:02.000,2026-04-21 02:05:18.736,train,train
2026-04-21 01:57:00,2026-04-21 01:47:02.000,2026-04-21 02:08:18.736,validation,train
2026-04-21 02:00:00,2026-04-21 01:50:02.000,2026-04-21 02:11:18.736,validation,train
2026-04-21 02:03:00,2026-04-21 01:53:02.000,2026-04-21 02:14:18.736,train,train
2026-04-21 02:06:00,2026-04-21 01:56:02.000,2026-04-21 02:17:18.736,validation,train
2026-04-21 02:09:00,2026-04-21 01:59:02.000,2026-04-21 02:20:18.736,train,train
2026-04-21 02:12:00,2026-04-21 02:02:02.000,2026-04-21 02:23:18.736,train,train
2026-04-21 02:15:00,2026-04-21 02:05:02.000,2026-04-21 02:26:18.736,validation,train
2026-04-21 02:18:00,2026-04-21 02:08:02.000,2026-04-21 02:29:18.736,train,train
2026-04-21 02:21:00,2026-04-21 02:11:02.000,2026-04-21 02:32:18.736,train,train
2026-04-21 02:24:00,2026-04-21 02:14:02.000,2026-04-21 02:35:18.736,train,train
2026-04-21 02:27:00,2026-04-21 02:17:02.000,2026-04-21 02:38:18.736,train,train
2026-04-21 02:30:00,2026-04-21 02:20:02.000,2026-04-21 02:41:18.736,train,train
2026-04-21 02:33:00,2026-04-21 02:23:02.000,2026-04-21 02:44:18.736,train,train
2026-04-21 02:36:00,2026-04-21 02:26:02.000,2026-04-21 02:47:18.736,train,train
2026-04-21 02:39:00,2026-04-21 02:29:02.000,2026-04-21 02:50:18.736,train,train
2026-04-21 02:42:00,2026-04-21 02:32:02.000,2026-04-21 02:53:18.736,validation,train
2026-04-21 02:45:00,2026-04-21 02:35:02.000,2026-04-21 02:56:18.736,train,train
2026-04-21 02:48:00,2026-04-21 02:38:02.000,2026-04-21 02:59:18.736,train,train
2026-04-21 02:51:00,2026-04-21 02:41:02.000,2026-04-21 03:02:18.736,validation,train
2026-04-21 02:54:00,2026-04-21 02:44:02.000,2026-04-21 03:05:18.736,train,train
2026-04-21 02:57:00,2026-04-21 02:47:02.000,2026-04-21 03:08:18.736,validation,train
2026-04-21 03:00:00,2026-04-21 02:50:02.000,2026-04-21 03:11:18.736,train,train
2026-04-21 03:03:00,2026-04-21 02:53:02.000,2026-04-21 03:14:18.736,train,train
2026-04-21 03:06:00,2026-04-21 02:56:02.000,2026-04-21 03:17:18.736,train,train
2026-04-21 03:09:00,2026-04-21 02:59:02.000,2026-04-21 03:20:18.736,train,train
2026-04-21 03:12:00,2026-04-21 03:02:02.000,2026-04-21 03:23:18.736,train,train
2026-04-21 03:15:00,2026-04-21 03:05:02.000,2026-04-21 03:26:18.736,train,train
2026-04-21 03:18:00,2026-04-21 03:08:02.000,2026-04-21 03:29:18.736,train,train
2026-04-21 03:21:00,2026-04-21 03:11:02.000,2026-04-21 03:32:18.736,train,train
2026-04-21 03:24:00,2026-04-21 03:14:02.000,2026-04-21 03:35:18.736,train,train
2026-04-21 03:27:00,2026-04-21 03:17:02.000,2026-04-21 03:38:18.736,train,train
2026-04-21 03:30:00,2026-04-21 03:20:02.000,2026-04-21 03:41:18.736,validation,train
2026-04-21 03:33:00,2026-04-21 03:23:02.000,2026-04-21 03:44:18.736,train,train
2026-04-21 03:36:00,2026-04-21 03:26:02.000,2026-04-21 03:47:18.736,train,train
2026-04-21 03:39:00,2026-04-21 03:29:02.000,2026-04-21 03:50:18.736,validation,train
2026-04-21 03:42:00,2026-04-21 03:32:02.000,2026-04-21 03:53:18.736,train,train
2026-04-21 03:45:00,2026-04-21 03:35:02.000,2026-04-21 03:56:18.736,train,train
2026-04-21 03:48:00,2026-04-21 03:38:02.000,2026-04-21 03:59:18.736,train,train
2026-04-21 03:51:00,2026-04-21 03:41:02.000,2026-04-21 04:02:18.736,train,train
2026-04-21 03:54:00,2026-04-21 03:44:02.000,2026-04-21 04:05:18.736,train,train
2026-04-21 03:57:00,2026-04-21 03:47:02.000,2026-04-21 04:08:18.736,train,train
2026-04-21 04:00:00,2026-04-21 03:50:02.000,2026-04-21 04:11:18.736,train,train
2026-04-21 04:03:00,2026-04-21 03:53:02.000,2026-04-21 04:14:18.736,train,train
2026-04-21 04:06:00,2026-04-21 03:56:02.000,2026-04-21 04:17:18.736,train,train
2026-04-21 04:09:00,2026-04-21 03:59:02.000,2026-04-21 04:20:18.736,train,train
2026-04-21 04:12:00,2026-04-21 04:02:02.000,2026-04-21 04:23:18.736,validation,train
2026-04-21 04:15:00,2026-04-21 04:05:02.000,2026-04-21 04:26:18.736,train,train
2026-04-21 04:18:00,2026-04-21 04:08:02.000,2026-04-21 04:29:18.736,train,train
2026-04-21 04:21:00,2026-04-21 04:11:02.000,2026-04-21 04:32:18.736,train,train
2026-04-21 04:24:00,2026-04-21 04:14:02.000,2026-04-21 04:35:18.736,train,train
2026-04-21 04:27:00,2026-04-21 04:17:02.000,2026-04-21 04:38:18.736,train,train
2026-04-21 04:30:00,2026-04-21 04:20:02.000,2026-04-21 04:41:18.736,train,train
2026-04-21 04:33:00,2026-04-21 04:23:02.000,2026-04-21 04:44:18.736,validation,train
2026-04-21 04:36:00,2026-04-21 04:26:02.000,2026-04-21 04:47:18.736,train,train
2026-04-21 04:39:00,2026-04-21 04:29:02.000,2026-04-21 04:50:18.736,train,train
2026-04-21 04:42:00,2026-04-21 04:32:02.000,2026-04-21 04:53:18.736,train,train
2026-04-21 04:45:00,2026-04-21 04:35:02.000,2026-04-21 04:56:18.736,train,train
2026-04-21 04:48:00,2026-04-21 04:38:02.000,2026-04-21 04:59:18.736,train,train
2026-04-21 04:51:00,2026-04-21 04:41:02.000,2026-04-21 05:02:18.736,validation,train
2026-04-21 04:54:00,2026-04-21 04:44:02.000,2026-04-21 05:05:18.736,train,train
2026-04-21 04:57:00,2026-04-21 04:47:02.000,2026-04-21 05:08:18.736,train,train
2026-04-21 05:00:00,2026-04-21 04:50:02.000,2026-04-21 05:11:18.736,train,train
2026-04-21 05:03:00,2026-04-21 04:53:02.000,2026-04-21 05:14:18.736,train,train
2026-04-21 05:06:00,2026-04-21 04:56:02.000,2026-04-21 05:17:18.736,train,train
2026-04-21 05:09:00,2026-04-21 04:59:02.000,2026-04-21 05:20:18.736,validation,train
2026-04-21 05:12:00,2026-04-21 05:02:02.000,2026-04-21 05:23:18.736,train,train
2026-04-21 05:15:00,2026-04-21 05:05:02.000,2026-04-21 05:26:18.736,validation,train
2026-04-21 05:18:00,2026-04-21 05:08:02.000,2026-04-21 05:29:18.736,train,train
2026-04-21 05:21:00,2026-04-21 05:11:02.000,2026-04-21 05:32:18.736,train,train
2026-04-21 05:24:00,2026-04-21 05:14:02.000,2026-04-21 05:35:18.736,train,train
2026-04-21 05:27:00,2026-04-21 05:17:02.000,2026-04-21 05:38:18.736,train,train
2026-04-21 05:30:00,2026-04-21 05:20:02.000,2026-04-21 05:41:18.736,train,train
2026-04-21 05:33:00,2026-04-21 05:23:02.000,2026-04-21 05:44:18.736,train,train
2026-04-21 05:36:00,2026-04-21 05:26:02.000,2026-04-21 05:47:18.736,validation,train
2026-04-21 05:39:00,2026-04-21 05:29:02.000,2026-04-21 05:50:18.736,train,train
2026-04-21 05:42:00,2026-04-21 05:32:02.000,2026-04-21 05:53:18.736,train,train
2026-04-21 05:45:00,2026-04-21 05:35:02.000,2026-04-21 05:56:18.736,train,train
2026-04-21 05:48:00,2026-04-21 05:38:02.000,2026-04-21 05:59:18.736,train,train
2026-04-21 05:51:00,2026-04-21 05:41:02.000,2026-04-21 06:02:18.736,train,train
2026-04-21 05:54:00,2026-04-21 05:44:02.000,2026-04-21 06:05:18.736,train,train
2026-04-21 05:57:00,2026-04-21 05:47:02.000,2026-04-21 06:08:18.736,train,train
2026-04-21 06:00:00,2026-04-21 05:50:02.000,2026-04-21 06:11:18.736,train,train
2026-04-21 06:03:00,2026-04-21 05:53:02.000,2026-04-21 06:14:18.736,train,train
2026-04-21 06:06:00,2026-04-21 05:56:02.000,2026-04-21 06:17:18.736,validation,train
2026-04-21 06:09:00,2026-04-21 05:59:02.000,2026-04-21 06:20:18.736,validation,train
2026-04-21 06:12:00,2026-04-21 06:02:02.000,2026-04-21 06:23:18.736,train,train
2026-04-21 06:15:00,2026-04-21 06:05:02.000,2026-04-21 06:26:18.736,train,train
2026-04-21 06:18:00,2026-04-21 06:08:02.000,2026-04-21 06:29:18.736,train,train
2026-04-21 06:21:00,2026-04-21 06:11:02.000,2026-04-21 06:32:18.736,train,train
2026-04-21 06:24:00,2026-04-21 06:14:02.000,2026-04-21 06:35:18.736,train,train
2026-04-21 06:27:00,2026-04-21 06:17:02.000,2026-04-21 06:38:18.736,train,train
2026-04-21 06:30:00,2026-04-21 06:20:02.000,2026-04-21 06:41:18.736,train,train
2026-04-21 06:33:00,2026-04-21 06:23:02.000,2026-04-21 06:44:18.736,validation,train
2026-04-21 06:36:00,2026-04-21 06:26:02.000,2026-04-21 06:47:18.736,validation,train
2026-04-21 06:39:00,2026-04-21 06:29:02.000,2026-04-21 06:50:18.736,validation,train
2026-04-21 06:42:00,2026-04-21 06:32:02.000,2026-04-21 06:53:18.736,validation,train
2026-04-21 06:45:00,2026-04-21 06:35:02.000,2026-04-21 06:56:18.736,train,train
2026-04-21 06:48:00,2026-04-21 06:38:02.000,2026-04-21 06:59:18.736,train,train
2026-04-21 06:51:00,2026-04-21 06:41:02.000,2026-04-21 07:02:18.736,train,train
2026-04-21 06:54:00,2026-04-21 06:44:02.000,2026-04-21 07:05:18.736,train,train
2026-04-21 06:57:00,2026-04-21 06:47:02.000,2026-04-21 07:08:18.736,validation,train
2026-04-21 07:00:00,2026-04-21 06:50:02.000,2026-04-21 07:11:18.736,validation,train
2026-04-21 07:03:00,2026-04-21 06:53:02.000,2026-04-21 07:14:18.736,train,train
2026-04-21 07:06:00,2026-04-21 06:56:02.000,2026-04-21 07:17:18.736,train,train
2026-04-21 07:09:00,2026-04-21 06:59:02.000,2026-04-21 07:20:18.736,train,train
2026-04-21 07:12:00,2026-04-21 07:02:02.000,2026-04-21 07:23:18.736,train,train
2026-04-21 07:15:00,2026-04-21 07:05:02.000,2026-04-21 07:26:18.736,train,train
2026-04-21 07:18:00,2026-04-21 07:08:02.000,2026-04-21 07:29:18.736,train,train
2026-04-21 07:21:00,2026-04-21 07:11:02.000,2026-04-21 07:32:18.736,train,train
2026-04-21 07:24:00,2026-04-21 07:14:02.000,2026-04-21 07:35:18.736,validation,train
2026-04-21 07:27:00,2026-04-21 07:17:02.000,2026-04-21 07:38:18.736,train,train
2026-04-21 07:30:00,2026-04-21 07:20:02.000,2026-04-21 07:41:18.736,validation,train
2026-04-21 07:33:00,2026-04-21 07:23:02.000,2026-04-21 07:44:18.736,validation,train
2026-04-21 07:36:00,2026-04-21 07:26:02.000,2026-04-21 07:47:18.736,validation,train
2026-04-21 07:39:00,2026-04-21 07:29:02.000,2026-04-21 07:50:18.736,train,train
2026-04-21 07:42:00,2026-04-21 07:32:02.000,2026-04-21 07:53:18.736,train,train
2026-04-21 07:45:00,2026-04-21 07:35:02.000,2026-04-21 07:56:18.736,validation,train
2026-04-21 07:48:00,2026-04-21 07:38:02.000,2026-04-21 07:59:18.736,train,train
2026-04-21 07:51:00,2026-04-21 07:41:02.000,2026-04-21 08:02:18.736,train,train
2026-04-21 07:54:00,2026-04-21 07:44:02.000,2026-04-21 08:05:18.736,validation,train
2026-04-21 07:57:00,2026-04-21 07:47:02.000,2026-04-21 08:08:18.736,train,train
2026-04-21 08:00:00,2026-04-21 07:50:02.000,2026-04-21 08:11:18.736,train,train
2026-04-21 08:03:00,2026-04-21 07:53:02.000,2026-04-21 08:14:18.736,train,train
2026-04-21 08:06:00,2026-04-21 07:56:02.000,2026-04-21 08:17:18.736,train,train
2026-04-21 08:09:00,2026-04-21 07:59:02.000,2026-04-21 08:20:18.736,validation,train
2026-04-21 08:12:00,2026-04-21 08:02:02.000,2026-04-21 08:23:18.736,validation,train
2026-04-21 08:15:00,2026-04-21 08:05:02.000,2026-04-21 08:26:18.736,train,train
2026-04-21 08:18:00,2026-04-21 08:08:02.000,2026-04-21 08:29:18.736,train,train
2026-04-21 08:21:00,2026-04-21 08:11:02.000,2026-04-21 08:32:18.736,train,train
2026-04-21 08:24:00,2026-04-21 08:14:02.000,2026-04-21 08:35:18.736,train,train
2026-04-21 08:27:00,2026-04-21 08:17:02.000,2026-04-21 08:38:18.736,train,train
2026-04-21 08:30:00,2026-04-21 08:20:02.000,2026-04-21 08:41:18.736,train,train
2026-04-21 08:33:00,2026-04-21 08:23:02.000,2026-04-21 08:44:18.736,train,train
2026-04-21 08:36:00,2026-04-21 08:26:02.000,2026-04-21 08:47:18.736,train,train
2026-04-21 08:39:00,2026-04-21 08:29:02.000,2026-04-21 08:50:18.736,train,train
2026-04-21 08:42:00,2026-04-21 08:32:02.000,2026-04-21 08:53:18.736,validation,train
2026-04-21 08:45:00,2026-04-21 08:35:02.000,2026-04-21 08:56:18.736,train,train
2026-04-21 08:48:00,2026-04-21 08:38:02.000,2026-04-21 08:59:18.736,train,train
2026-04-21 08:51:00,2026-04-21 08:41:02.000,2026-04-21 09:02:18.736,train,train
2026-04-21 08:54:00,2026-04-21 08:44:02.000,2026-04-21 09:05:18.736,train,train
2026-04-21 08:57:00,2026-04-21 08:47:02.000,2026-04-21 09:08:21.000,train,train
2026-04-21 09:00:00,2026-04-21 08:50:02.000,2026-04-21 09:11:21.000,train,train
2026-04-21 09:03:00,2026-04-21 08:53:02.000,2026-04-21 09:14:21.000,validation,train
2026-04-21 09:06:00,2026-04-21 08:56:02.000,2026-04-21 09:17:21.000,train,train
2026-04-21 09:09:00,2026-04-21 08:59:02.000,2026-04-21 09:20:22.000,train,train
2026-04-21 09:12:00,2026-04-21 09:02:02.000,2026-04-21 09:23:22.000,train,train
2026-04-21 09:15:00,2026-04-21 09:05:02.000,2026-04-21 09:26:22.000,validation,train
2026-04-21 09:18:00,2026-04-21 09:08:02.000,2026-04-21 09:29:22.000,train,train
2026-04-21 09:21:00,2026-04-21 09:11:02.000,2026-04-21 09:32:22.000,train,train
2026-04-21 09:24:00,2026-04-21 09:14:02.000,2026-04-21 09:32:22.000,train,train
2026-04-21 09:27:00,2026-04-21 09:17:02.000,2026-04-21 09:32:22.000,validation,train
2026-04-21 09:30:00,2026-04-21 09:20:02.000,2026-04-21 09:32:22.000,train,train
2026-04-22 10:15:00,2026-04-22 10:15:48.460,2026-04-22 10:26:54.000,validation,train
2026-04-22 10:18:00,2026-04-22 10:15:48.460,2026-04-22 10:29:54.000,validation,train
2026-04-22 10:21:00,2026-04-22 10:15:48.460,2026-04-22 10:32:54.000,validation,train
2026-04-22 10:24:00,2026-04-22 10:15:48.460,2026-04-22 10:35:54.000,train,train
2026-04-22 10:27:00,2026-04-22 10:17:06.000,2026-04-22 10:38:54.000,train,train
2026-04-22 10:30:00,2026-04-22 10:20:06.000,2026-04-22 10:41:54.000,train,train
2026-04-22 10:33:00,2026-04-22 10:23:06.000,2026-04-22 10:44:54.000,train,train
2026-04-22 10:36:00,2026-04-22 10:26:06.000,2026-04-22 10:47:54.000,train,train
2026-04-22 10:39:00,2026-04-22 10:29:06.000,2026-04-22 10:50:54.000,train,train
2026-04-22 10:42:00,2026-04-22 10:32:06.000,2026-04-22 10:52:06.000,train,train
2026-04-22 10:45:00,2026-04-22 10:35:06.000,2026-04-22 10:52:06.000,train,train
2026-04-22 10:48:00,2026-04-22 10:38:06.000,2026-04-22 10:52:06.000,train,train
2026-04-22 10:51:00,2026-04-22 10:41:06.000,2026-04-22 10:52:06.000,train,train
2026-04-22 11:09:00,2026-04-22 11:09:17.689,2026-04-22 11:20:42.000,train,train
2026-04-22 11:12:00,2026-04-22 11:09:17.689,2026-04-22 11:23:42.000,train,train
2026-04-22 11:15:00,2026-04-22 11:09:17.689,2026-04-22 11:26:42.000,train,train
2026-04-22 11:18:00,2026-04-22 11:09:17.689,2026-04-22 11:29:42.000,validation,train
2026-04-22 11:21:00,2026-04-22 11:11:17.689,2026-04-22 11:32:42.000,train,train
2026-04-22 11:24:00,2026-04-22 11:14:17.689,2026-04-22 11:35:42.000,train,train
2026-04-22 11:27:00,2026-04-22 11:17:17.689,2026-04-22 11:38:42.000,validation,train
2026-04-22 11:30:00,2026-04-22 11:20:17.689,2026-04-22 11:41:42.000,validation,train
2026-04-22 11:33:00,2026-04-22 11:23:17.689,2026-04-22 11:41:42.000,train,train
2026-04-22 11:36:00,2026-04-22 11:26:17.689,2026-04-22 11:41:42.000,train,train
2026-04-22 11:39:00,2026-04-22 11:29:17.689,2026-04-22 11:41:42.000,train,train
2026-04-22 17:57:00,2026-04-22 17:57:32.000,2026-04-22 18:08:42.000,train,train
2026-04-22 18:00:00,2026-04-22 17:57:32.000,2026-04-22 18:11:42.000,train,train
2026-04-22 18:03:00,2026-04-22 17:57:32.000,2026-04-22 18:14:42.000,train,train
2026-04-22 18:06:00,2026-04-22 17:57:32.000,2026-04-22 18:17:42.000,train,train
2026-04-22 18:09:00,2026-04-22 17:59:32.000,2026-04-22 18:20:42.000,train,train
2026-04-22 18:12:00,2026-04-22 18:02:32.000,2026-04-22 18:23:42.000,validation,train
2026-04-22 18:15:00,2026-04-22 18:05:32.000,2026-04-22 18:26:42.000,train,train
2026-04-22 18:18:00,2026-04-22 18:08:32.000,2026-04-22 18:29:42.000,train,train
2026-04-22 18:21:00,2026-04-22 18:11:33.000,2026-04-22 18:32:42.000,train,train
2026-04-22 18:24:00,2026-04-22 18:14:33.000,2026-04-22 18:35:42.000,validation,train
2026-04-22 18:27:00,2026-04-22 18:17:33.000,2026-04-22 18:38:42.000,train,train
2026-04-22 18:30:00,2026-04-22 18:20:33.000,2026-04-22 18:41:42.000,train,train
2026-04-22 18:33:00,2026-04-22 18:23:33.000,2026-04-22 18:44:42.000,train,train
2026-04-22 18:36:00,2026-04-22 18:26:34.000,2026-04-22 18:47:42.000,train,train
2026-04-22 18:39:00,2026-04-22 18:29:34.000,2026-04-22 18:50:42.000,train,train
2026-04-22 18:42:00,2026-04-22 18:32:34.000,2026-04-22 18:53:42.000,train,train
2026-04-22 18:45:00,2026-04-22 18:35:34.000,2026-04-22 18:56:42.000,train,train
2026-04-22 18:48:00,2026-04-22 18:38:34.000,2026-04-22 18:59:42.000,train,train
2026-04-22 18:51:00,2026-04-22 18:41:34.000,2026-04-22 19:02:42.000,train,train
2026-04-22 18:54:00,2026-04-22 18:44:34.000,2026-04-22 19:05:42.000,validation,train
2026-04-22 18:57:00,2026-04-22 18:47:34.000,2026-04-22 19:08:42.000,train,train
2026-04-22 19:00:00,2026-04-22 18:50:34.000,2026-04-22 19:11:42.000,train,train
2026-04-22 19:03:00,2026-04-22 18:53:34.000,2026-04-22 19:14:42.000,train,train
2026-04-22 19:06:00,2026-04-22 18:56:34.000,2026-04-22 19:17:42.000,train,train
2026-04-22 19:09:00,2026-04-22 18:59:34.000,2026-04-22 19:20:42.000,train,train
2026-04-22 19:12:00,2026-04-22 19:02:34.000,2026-04-22 19:23:42.000,train,train
2026-04-22 19:15:00,2026-04-22 19:05:34.000,2026-04-22 19:26:42.000,train,train
2026-04-22 19:18:00,2026-04-22 19:08:34.000,2026-04-22 19:29:42.000,validation,train
2026-04-22 19:21:00,2026-04-22 19:11:35.000,2026-04-22 19:32:42.000,train,train
2026-04-22 19:24:00,2026-04-22 19:14:35.000,2026-04-22 19:35:42.000,train,train
2026-04-22 19:27:00,2026-04-22 19:17:35.000,2026-04-22 19:38:42.000,train,train
2026-04-22 19:30:00,2026-04-22 19:20:35.000,2026-04-22 19:41:42.000,train,train
2026-04-22 19:33:00,2026-04-22 19:23:35.000,2026-04-22 19:44:42.000,train,train
2026-04-22 19:36:00,2026-04-22 19:26:35.000,2026-04-22 19:47:42.000,train,train
2026-04-22 19:39:00,2026-04-22 19:29:35.000,2026-04-22 19:50:42.000,train,train
2026-04-22 19:42:00,2026-04-22 19:32:35.000,2026-04-22 19:53:42.000,train,train
2026-04-22 19:45:00,2026-04-22 19:35:35.000,2026-04-22 19:56:42.000,train,train
2026-04-22 19:48:00,2026-04-22 19:38:35.000,2026-04-22 19:59:42.000,train,train
2026-04-22 19:51:00,2026-04-22 19:41:35.000,2026-04-22 20:02:42.000,train,train
2026-04-22 19:54:00,2026-04-22 19:44:35.000,2026-04-22 20:05:42.000,validation,train
2026-04-22 19:57:00,2026-04-22 19:47:35.000,2026-04-22 20:08:42.000,train,train
2026-04-22 20:00:00,2026-04-22 19:50:35.000,2026-04-22 20:11:42.000,validation,train
2026-04-22 20:03:00,2026-04-22 19:53:35.000,2026-04-22 20:14:42.000,validation,train
2026-04-22 20:06:00,2026-04-22 19:56:35.000,2026-04-22 20:17:42.000,train,train
2026-04-22 20:09:00,2026-04-22 19:59:35.000,2026-04-22 20:20:42.000,train,train
2026-04-22 20:12:00,2026-04-22 20:02:35.000,2026-04-22 20:23:42.000,train,train
2026-04-22 20:15:00,2026-04-22 20:05:35.000,2026-04-22 20:26:42.000,train,train
2026-04-22 20:18:00,2026-04-22 20:08:35.000,2026-04-22 20:29:42.000,train,train
2026-04-22 20:21:00,2026-04-22 20:11:35.000,2026-04-22 20:32:42.000,train,train
2026-04-22 20:24:00,2026-04-22 20:14:35.000,2026-04-22 20:35:42.000,train,train
2026-04-22 20:27:00,2026-04-22 20:17:35.000,2026-04-22 20:38:42.000,train,train
2026-04-22 20:30:00,2026-04-22 20:20:35.680,2026-04-22 20:41:42.000,validation,train
2026-04-22 20:33:00,2026-04-22 20:23:35.680,2026-04-22 20:44:42.000,validation,train
2026-04-22 20:36:00,2026-04-22 20:26:35.680,2026-04-22 20:47:42.000,train,train
2026-04-22 20:39:00,2026-04-22 20:29:35.680,2026-04-22 20:50:42.000,train,train
2026-04-22 20:42:00,2026-04-22 20:32:35.680,2026-04-22 20:53:42.000,train,train
2026-04-22 20:45:00,2026-04-22 20:35:35.680,2026-04-22 20:56:42.000,train,train
2026-04-22 20:48:00,2026-04-22 20:38:35.680,2026-04-22 20:59:42.000,train,train
2026-04-22 20:51:00,2026-04-22 20:41:35.680,2026-04-22 21:02:42.000,validation,train
2026-04-22 20:54:00,2026-04-22 20:44:35.680,2026-04-22 21:05:42.000,train,train
2026-04-22 20:57:00,2026-04-22 20:47:35.680,2026-04-22 21:08:42.000,train,train
2026-04-22 21:00:00,2026-04-22 20:50:35.680,2026-04-22 21:11:42.000,train,train
2026-04-22 21:03:00,2026-04-22 20:53:35.680,2026-04-22 21:14:42.000,train,train
2026-04-22 21:06:00,2026-04-22 20:56:35.680,2026-04-22 21:17:42.000,validation,train
2026-04-22 21:09:00,2026-04-22 20:59:35.680,2026-04-22 21:20:39.000,train,train
2026-04-22 21:12:00,2026-04-22 21:02:35.680,2026-04-22 21:23:39.000,train,train
2026-04-22 21:15:00,2026-04-22 21:05:35.680,2026-04-22 21:26:39.000,train,train
2026-04-22 21:18:00,2026-04-22 21:08:35.680,2026-04-22 21:29:39.000,train,train
2026-04-22 21:21:00,2026-04-22 21:11:35.680,2026-04-22 21:32:39.000,train,train
2026-04-22 21:24:00,2026-04-22 21:14:35.680,2026-04-22 21:35:39.000,train,train
2026-04-22 21:27:00,2026-04-22 21:17:35.680,2026-04-22 21:38:39.000,train,train
2026-04-22 21:30:00,2026-04-22 21:20:35.680,2026-04-22 21:41:39.000,validation,train
2026-04-22 21:33:00,2026-04-22 21:23:34.000,2026-04-22 21:44:39.000,validation,train
2026-04-22 21:36:00,2026-04-22 21:26:34.000,2026-04-22 21:47:39.000,train,train
2026-04-22 21:39:00,2026-04-22 21:29:34.000,2026-04-22 21:50:39.000,validation,train
2026-04-22 21:42:00,2026-04-22 21:32:34.000,2026-04-22 21:53:39.000,train,train
2026-04-22 21:45:00,2026-04-22 21:35:34.000,2026-04-22 21:56:39.000,validation,train
2026-04-22 21:48:00,2026-04-22 21:38:34.000,2026-04-22 21:59:39.000,validation,train
2026-04-22 21:51:00,2026-04-22 21:41:34.000,2026-04-22 22:02:39.000,train,train
2026-04-22 21:54:00,2026-04-22 21:44:34.000,2026-04-22 22:05:39.000,train,train
2026-04-22 21:57:00,2026-04-22 21:47:35.000,2026-04-22 22:08:39.000,train,train
2026-04-22 22:00:00,2026-04-22 21:50:35.000,2026-04-22 22:11:39.000,train,train
2026-04-22 22:03:00,2026-04-22 21:53:35.000,2026-04-22 22:14:39.000,validation,train
2026-04-22 22:06:00,2026-04-22 21:56:35.000,2026-04-22 22:17:39.000,train,train
2026-04-22 22:09:00,2026-04-22 21:59:35.000,2026-04-22 22:20:39.000,train,train
2026-04-22 22:12:00,2026-04-22 22:02:35.000,2026-04-22 22:23:39.000,validation,train
2026-04-22 22:15:00,2026-04-22 22:05:35.000,2026-04-22 22:26:39.000,validation,train
2026-04-22 22:18:00,2026-04-22 22:08:35.000,2026-04-22 22:29:39.000,train,train
2026-04-22 22:21:00,2026-04-22 22:11:35.000,2026-04-22 22:32:39.000,train,train
2026-04-22 22:24:00,2026-04-22 22:14:35.000,2026-04-22 22:35:39.000,train,train
2026-04-22 22:27:00,2026-04-22 22:17:35.000,2026-04-22 22:38:39.000,train,train
2026-04-22 22:30:00,2026-04-22 22:20:35.000,2026-04-22 22:41:39.000,validation,train
2026-04-22 22:33:00,2026-04-22 22:23:35.000,2026-04-22 22:44:39.000,train,train
2026-04-22 22:36:00,2026-04-22 22:26:35.000,2026-04-22 22:47:39.000,train,train
2026-04-22 22:39:00,2026-04-22 22:29:35.000,2026-04-22 22:50:39.000,train,train
2026-04-22 22:42:00,2026-04-22 22:32:35.000,2026-04-22 22:53:39.000,validation,train
2026-04-22 22:45:00,2026-04-22 22:35:35.000,2026-04-22 22:56:39.000,train,train
2026-04-22 22:48:00,2026-04-22 22:38:35.000,2026-04-22 22:59:39.000,train,train
2026-04-22 22:51:00,2026-04-22 22:41:35.000,2026-04-22 23:02:39.000,train,train
2026-04-22 22:54:00,2026-04-22 22:44:35.000,2026-04-22 23:05:39.000,validation,train
2026-04-22 22:57:00,2026-04-22 22:47:35.000,2026-04-22 23:08:39.000,train,train
2026-04-22 23:00:00,2026-04-22 22:50:35.000,2026-04-22 23:11:39.000,validation,train
2026-04-22 23:03:00,2026-04-22 22:53:35.000,2026-04-22 23:14:39.000,train,train
2026-04-22 23:06:00,2026-04-22 22:56:35.680,2026-04-22 23:17:39.000,train,train
2026-04-22 23:09:00,2026-04-22 22:59:35.680,2026-04-22 23:20:39.000,train,train
2026-04-22 23:12:00,2026-04-22 23:02:35.680,2026-04-22 23:23:39.000,train,train
2026-04-22 23:15:00,2026-04-22 23:05:35.680,2026-04-22 23:26:39.000,train,train
2026-04-22 23:18:00,2026-04-22 23:08:35.680,2026-04-22 23:29:39.000,train,train
2026-04-22 23:21:00,2026-04-22 23:11:35.680,2026-04-22 23:32:39.000,train,train
2026-04-22 23:24:00,2026-04-22 23:14:35.680,2026-04-22 23:35:39.000,train,train
2026-04-22 23:27:00,2026-04-22 23:17:35.680,2026-04-22 23:38:39.000,train,train
2026-04-22 23:30:00,2026-04-22 23:20:35.680,2026-04-22 23:41:39.000,train,train
2026-04-22 23:33:00,2026-04-22 23:23:35.680,2026-04-22 23:44:39.000,train,train
2026-04-22 23:36:00,2026-04-22 23:26:35.680,2026-04-22 23:47:39.000,train,train
2026-04-22 23:39:00,2026-04-22 23:29:35.680,2026-04-22 23:50:39.000,validation,train
2026-04-22 23:42:00,2026-04-22 23:32:35.680,2026-04-22 23:53:39.000,train,train
2026-04-22 23:45:00,2026-04-22 23:35:35.680,2026-04-22 23:56:39.000,train,train
2026-04-22 23:48:00,2026-04-22 23:38:35.680,2026-04-22 23:59:39.000,validation,train
2026-04-22 23:51:00,2026-04-22 23:41:35.680,2026-04-23 00:02:39.000,train,train
2026-04-22 23:54:00,2026-04-22 23:44:35.680,2026-04-23 00:05:39.000,train,train
2026-04-22 23:57:00,2026-04-22 23:47:35.680,2026-04-23 00:08:39.000,train,train
2026-04-23 00:00:00,2026-04-22 23:50:35.680,2026-04-23 00:11:39.000,train,train
2026-04-23 00:03:00,2026-04-22 23:53:35.680,2026-04-23 00:14:39.000,train,train
2026-04-23 00:06:00,2026-04-22 23:56:35.680,2026-04-23 00:17:39.000,train,train
2026-04-23 00:09:00,2026-04-22 23:59:35.680,2026-04-23 00:20:39.000,train,train
2026-04-23 00:12:00,2026-04-23 00:02:35.680,2026-04-23 00:23:39.000,train,train
2026-04-23 00:15:00,2026-04-23 00:05:35.680,2026-04-23 00:26:39.000,train,train
2026-04-23 00:18:00,2026-04-23 00:08:35.680,2026-04-23 00:29:39.000,train,train
2026-04-23 00:21:00,2026-04-23 00:11:35.680,2026-04-23 00:32:39.000,train,train
2026-04-23 00:24:00,2026-04-23 00:14:35.680,2026-04-23 00:35:39.000,validation,train
2026-04-23 00:27:00,2026-04-23 00:17:35.680,2026-04-23 00:38:39.000,validation,train
2026-04-23 00:30:00,2026-04-23 00:20:35.680,2026-04-23 00:41:39.000,train,train
2026-04-23 00:33:00,2026-04-23 00:23:35.680,2026-04-23 00:44:39.000,validation,train
2026-04-23 00:36:00,2026-04-23 00:26:35.680,2026-04-23 00:47:39.000,validation,train
2026-04-23 00:39:00,2026-04-23 00:29:35.680,2026-04-23 00:50:39.000,train,train
2026-04-23 00:42:00,2026-04-23 00:32:35.680,2026-04-23 00:53:39.000,train,train
2026-04-23 00:45:00,2026-04-23 00:35:35.680,2026-04-23 00:56:39.000,train,train
2026-04-23 00:48:00,2026-04-23 00:38:35.680,2026-04-23 00:59:39.000,train,train
2026-04-23 00:51:00,2026-04-23 00:41:35.680,2026-04-23 01:02:39.000,train,train
2026-04-23 00:54:00,2026-04-23 00:44:35.680,2026-04-23 01:05:39.000,train,train
2026-04-23 00:57:00,2026-04-23 00:47:35.680,2026-04-23 01:08:39.000,train,train
2026-04-23 01:00:00,2026-04-23 00:50:35.680,2026-04-23 01:11:39.000,train,train
2026-04-23 01:03:00,2026-04-23 00:53:35.680,2026-04-23 01:14:39.000,validation,train
2026-04-23 01:06:00,2026-04-23 00:56:35.680,2026-04-23 01:17:39.000,train,train
2026-04-23 01:09:00,2026-04-23 00:59:35.680,2026-04-23 01:20:39.000,train,train
2026-04-23 01:12:00,2026-04-23 01:02:35.680,2026-04-23 01:23:39.000,train,train
2026-04-23 01:15:00,2026-04-23 01:05:35.680,2026-04-23 01:26:39.000,validation,train
2026-04-23 01:18:00,2026-04-23 01:08:35.680,2026-04-23 01:29:39.000,train,train
2026-04-23 01:21:00,2026-04-23 01:11:35.680,2026-04-23 01:32:39.000,train,train
2026-04-23 01:24:00,2026-04-23 01:14:35.680,2026-04-23 01:35:39.000,train,train
2026-04-23 01:27:00,2026-04-23 01:17:35.680,2026-04-23 01:38:39.000,train,train
2026-04-23 01:30:00,2026-04-23 01:20:35.680,2026-04-23 01:41:39.000,train,train
2026-04-23 01:33:00,2026-04-23 01:23:35.680,2026-04-23 01:44:39.000,train,train
2026-04-23 01:36:00,2026-04-23 01:26:35.680,2026-04-23 01:47:39.000,train,train
2026-04-23 01:39:00,2026-04-23 01:29:35.680,2026-04-23 01:50:39.000,train,train
2026-04-23 01:42:00,2026-04-23 01:32:35.680,2026-04-23 01:53:39.000,train,train
2026-04-23 01:45:00,2026-04-23 01:35:35.680,2026-04-23 01:56:39.000,validation,train
2026-04-23 01:48:00,2026-04-23 01:38:35.680,2026-04-23 01:59:39.000,train,train
2026-04-23 01:51:00,2026-04-23 01:41:35.680,2026-04-23 02:02:39.000,train,train
2026-04-23 01:54:00,2026-04-23 01:44:35.680,2026-04-23 02:05:39.000,train,train
2026-04-23 01:57:00,2026-04-23 01:47:35.680,2026-04-23 02:08:39.000,validation,train
2026-04-23 02:00:00,2026-04-23 01:50:35.680,2026-04-23 02:11:39.000,train,train
2026-04-23 02:03:00,2026-04-23 01:53:35.680,2026-04-23 02:14:39.000,train,train
2026-04-23 02:06:00,2026-04-23 01:56:35.680,2026-04-23 02:17:39.000,train,train
2026-04-23 02:09:00,2026-04-23 01:59:35.680,2026-04-23 02:20:39.000,validation,train
2026-04-23 02:12:00,2026-04-23 02:02:35.680,2026-04-23 02:23:39.000,train,train
2026-04-23 02:15:00,2026-04-23 02:05:35.680,2026-04-23 02:26:39.000,train,train
2026-04-23 02:18:00,2026-04-23 02:08:35.680,2026-04-23 02:29:39.000,train,train
2026-04-23 02:21:00,2026-04-23 02:11:35.680,2026-04-23 02:32:39.000,train,train
2026-04-23 02:24:00,2026-04-23 02:14:35.680,2026-04-23 02:35:39.000,train,train
2026-04-23 02:27:00,2026-04-23 02:17:35.680,2026-04-23 02:38:39.000,train,train
2026-04-23 02:30:00,2026-04-23 02:20:35.680,2026-04-23 02:41:39.000,train,train
2026-04-23 02:33:00,2026-04-23 02:23:35.680,2026-04-23 02:44:39.000,train,train
2026-04-23 02:36:00,2026-04-23 02:26:35.680,2026-04-23 02:47:39.000,train,train
2026-04-23 02:39:00,2026-04-23 02:29:35.680,2026-04-23 02:50:39.000,train,train
2026-04-23 02:42:00,2026-04-23 02:32:35.680,2026-04-23 02:53:39.000,train,train
2026-04-23 02:45:00,2026-04-23 02:35:35.680,2026-04-23 02:56:39.000,train,train
2026-04-23 02:48:00,2026-04-23 02:38:35.680,2026-04-23 02:59:39.000,validation,train
2026-04-23 02:51:00,2026-04-23 02:41:35.680,2026-04-23 03:02:39.000,train,train
2026-04-23 02:54:00,2026-04-23 02:44:35.680,2026-04-23 03:05:39.000,train,train
2026-04-23 02:57:00,2026-04-23 02:47:35.680,2026-04-23 03:08:39.000,train,train
2026-04-23 03:00:00,2026-04-23 02:50:35.680,2026-04-23 03:11:39.000,train,train
2026-04-23 03:03:00,2026-04-23 02:53:35.680,2026-04-23 03:14:39.000,validation,train
2026-04-23 03:06:00,2026-04-23 02:56:35.680,2026-04-23 03:17:39.000,train,train
2026-04-23 03:09:00,2026-04-23 02:59:35.680,2026-04-23 03:20:39.000,train,train
2026-04-23 03:12:00,2026-04-23 03:02:35.680,2026-04-23 03:23:40.000,validation,train
2026-04-23 03:15:00,2026-04-23 03:05:35.680,2026-04-23 03:26:40.000,train,train
2026-04-23 03:18:00,2026-04-23 03:08:35.680,2026-04-23 03:29:40.000,train,train
2026-04-23 03:21:00,2026-04-23 03:11:35.680,2026-04-23 03:32:40.000,train,train
2026-04-23 03:24:00,2026-04-23 03:14:35.680,2026-04-23 03:35:40.000,train,train
2026-04-23 03:27:00,2026-04-23 03:17:35.680,2026-04-23 03:38:40.000,train,train
2026-04-23 03:30:00,2026-04-23 03:20:35.680,2026-04-23 03:41:40.000,train,train
2026-04-23 03:33:00,2026-04-23 03:23:35.680,2026-04-23 03:44:40.000,validation,train
2026-04-23 03:36:00,2026-04-23 03:26:35.680,2026-04-23 03:47:40.000,train,train
2026-04-23 03:39:00,2026-04-23 03:29:35.680,2026-04-23 03:50:40.000,train,train
2026-04-23 03:42:00,2026-04-23 03:32:35.680,2026-04-23 03:53:40.000,train,train
2026-04-23 03:45:00,2026-04-23 03:35:35.680,2026-04-23 03:56:40.000,train,train
2026-04-23 03:48:00,2026-04-23 03:38:35.680,2026-04-23 03:59:40.000,train,train
2026-04-23 03:51:00,2026-04-23 03:41:35.680,2026-04-23 04:02:40.000,train,train
2026-04-23 03:54:00,2026-04-23 03:44:35.680,2026-04-23 04:05:40.000,train,train
2026-04-23 03:57:00,2026-04-23 03:47:35.680,2026-04-23 04:08:40.000,train,train
2026-04-23 04:00:00,2026-04-23 03:50:35.680,2026-04-23 04:11:40.000,train,train
2026-04-23 04:03:00,2026-04-23 03:53:35.680,2026-04-23 04:14:40.000,train,train
2026-04-23 04:06:00,2026-04-23 03:56:35.680,2026-04-23 04:17:40.000,validation,train
2026-04-23 04:09:00,2026-04-23 03:59:35.680,2026-04-23 04:20:40.000,train,train
2026-04-23 04:12:00,2026-04-23 04:02:35.680,2026-04-23 04:23:40.000,train,train
2026-04-23 04:15:00,2026-04-23 04:05:35.680,2026-04-23 04:26:40.000,train,train
2026-04-23 04:18:00,2026-04-23 04:08:35.680,2026-04-23 04:29:41.000,train,train
2026-04-23 04:21:00,2026-04-23 04:11:35.680,2026-04-23 04:32:41.000,train,train
2026-04-23 04:24:00,2026-04-23 04:14:35.680,2026-04-23 04:35:41.000,validation,train
2026-04-23 04:27:00,2026-04-23 04:17:35.680,2026-04-23 04:38:41.000,train,train
2026-04-23 04:30:00,2026-04-23 04:20:35.680,2026-04-23 04:41:41.000,train,train
2026-04-23 04:33:00,2026-04-23 04:23:35.680,2026-04-23 04:44:41.000,train,train
2026-04-23 04:36:00,2026-04-23 04:26:35.680,2026-04-23 04:47:41.000,validation,train
2026-04-23 04:39:00,2026-04-23 04:29:35.680,2026-04-23 04:50:41.000,train,train
2026-04-23 04:42:00,2026-04-23 04:32:35.680,2026-04-23 04:53:41.000,train,train
2026-04-23 04:45:00,2026-04-23 04:35:35.680,2026-04-23 04:56:41.000,train,train
2026-04-23 04:48:00,2026-04-23 04:38:35.680,2026-04-23 04:56:41.000,validation,train
2026-04-23 04:51:00,2026-04-23 04:41:35.680,2026-04-23 04:56:41.000,train,train
2026-04-23 04:54:00,2026-04-23 04:44:35.680,2026-04-23 04:56:41.000,validation,train
2026-04-23 09:00:00,2026-04-23 09:00:39.000,2026-04-23 09:11:45.000,train,train
2026-04-23 09:03:00,2026-04-23 09:00:39.000,2026-04-23 09:14:45.000,train,train
2026-04-23 09:06:00,2026-04-23 09:00:39.000,2026-04-23 09:17:45.000,validation,train
2026-04-23 09:09:00,2026-04-23 09:00:39.000,2026-04-23 09:20:45.000,validation,train
2026-04-23 09:12:00,2026-04-23 09:02:07.724,2026-04-23 09:23:45.000,validation,train
2026-04-23 09:15:00,2026-04-23 09:05:07.724,2026-04-23 09:26:45.000,train,train
2026-04-23 09:18:00,2026-04-23 09:08:07.724,2026-04-23 09:29:45.000,train,train
2026-04-23 09:21:00,2026-04-23 09:11:07.724,2026-04-23 09:32:45.000,validation,train
2026-04-23 09:24:00,2026-04-23 09:14:07.724,2026-04-23 09:35:45.000,train,train
2026-04-23 09:27:00,2026-04-23 09:17:07.724,2026-04-23 09:38:45.000,train,train
2026-04-23 09:30:00,2026-04-23 09:20:07.724,2026-04-23 09:41:45.000,train,train
2026-04-23 09:33:00,2026-04-23 09:23:07.724,2026-04-23 09:44:45.000,train,train
2026-04-23 09:36:00,2026-04-23 09:26:07.724,2026-04-23 09:47:45.000,train,train
2026-04-23 09:39:00,2026-04-23 09:29:07.724,2026-04-23 09:50:45.000,train,train
2026-04-23 09:42:00,2026-04-23 09:32:07.724,2026-04-23 09:53:45.000,train,train
2026-04-23 09:45:00,2026-04-23 09:35:07.724,2026-04-23 09:56:45.000,train,train
2026-04-23 09:48:00,2026-04-23 09:38:07.724,2026-04-23 09:59:45.000,train,train
2026-04-23 09:51:00,2026-04-23 09:41:07.724,2026-04-23 10:02:45.000,train,train
2026-04-23 09:54:00,2026-04-23 09:44:07.724,2026-04-23 10:05:46.000,train,train
2026-04-23 09:57:00,2026-04-23 09:47:07.724,2026-04-23 10:08:46.000,validation,train
2026-04-23 10:00:00,2026-04-23 09:50:07.724,2026-04-23 10:11:46.000,train,train
2026-04-23 10:03:00,2026-04-23 09:53:07.724,2026-04-23 10:14:46.000,train,train
2026-04-23 10:06:00,2026-04-23 09:56:07.724,2026-04-23 10:17:46.000,validation,train
2026-04-23 10:09:00,2026-04-23 09:59:07.724,2026-04-23 10:20:46.000,train,train
2026-04-23 10:12:00,2026-04-23 10:02:07.724,2026-04-23 10:23:46.000,validation,train
2026-04-23 10:15:00,2026-04-23 10:05:07.724,2026-04-23 10:26:46.000,validation,train
2026-04-23 10:18:00,2026-04-23 10:08:07.724,2026-04-23 10:29:46.000,train,train
2026-04-23 10:21:00,2026-04-23 10:11:07.724,2026-04-23 10:32:46.000,train,train
2026-04-23 10:24:00,2026-04-23 10:14:07.724,2026-04-23 10:35:46.000,train,train
2026-04-23 10:27:00,2026-04-23 10:17:07.724,2026-04-23 10:38:46.000,validation,train
2026-04-23 10:30:00,2026-04-23 10:20:07.724,2026-04-23 10:41:46.000,train,train
2026-04-23 10:33:00,2026-04-23 10:23:07.724,2026-04-23 10:44:46.000,validation,train
2026-04-23 10:36:00,2026-04-23 10:26:07.724,2026-04-23 10:47:46.000,train,train
2026-04-23 10:39:00,2026-04-23 10:29:07.724,2026-04-23 10:50:46.000,validation,train
2026-04-23 10:42:00,2026-04-23 10:32:07.724,2026-04-23 10:53:46.000,train,train
2026-04-23 10:45:00,2026-04-23 10:35:07.724,2026-04-23 10:56:46.000,train,train
2026-04-23 10:48:00,2026-04-23 10:38:07.724,2026-04-23 10:59:46.000,validation,train
2026-04-23 10:51:00,2026-04-23 10:41:07.724,2026-04-23 11:02:46.000,train,train
2026-04-23 10:54:00,2026-04-23 10:44:07.724,2026-04-23 11:05:46.000,train,train
2026-04-23 10:57:00,2026-04-23 10:47:07.724,2026-04-23 11:08:46.000,train,train
2026-04-23 11:00:00,2026-04-23 10:50:07.724,2026-04-23 11:11:47.000,train,train
2026-04-23 11:03:00,2026-04-23 10:53:07.724,2026-04-23 11:14:47.000,train,train
2026-04-23 11:06:00,2026-04-23 10:56:07.724,2026-04-23 11:17:47.000,train,train
2026-04-23 11:09:00,2026-04-23 10:59:07.724,2026-04-23 11:20:47.000,train,train
2026-04-23 11:12:00,2026-04-23 11:02:07.724,2026-04-23 11:23:47.000,train,train
2026-04-23 11:15:00,2026-04-23 11:05:07.724,2026-04-23 11:26:47.000,validation,train
2026-04-23 11:18:00,2026-04-23 11:08:07.724,2026-04-23 11:29:47.000,train,train
2026-04-23 11:21:00,2026-04-23 11:11:07.724,2026-04-23 11:32:47.000,validation,train
2026-04-23 11:24:00,2026-04-23 11:14:07.724,2026-04-23 11:35:47.000,train,train
2026-04-23 11:27:00,2026-04-23 11:17:07.724,2026-04-23 11:38:47.000,train,train
2026-04-23 11:30:00,2026-04-23 11:20:07.724,2026-04-23 11:41:47.000,validation,train
2026-04-23 11:33:00,2026-04-23 11:23:07.724,2026-04-23 11:44:47.000,train,train
2026-04-23 11:36:00,2026-04-23 11:26:07.724,2026-04-23 11:47:47.000,train,train
2026-04-23 11:39:00,2026-04-23 11:29:07.724,2026-04-23 11:50:47.000,validation,train
2026-04-23 11:42:00,2026-04-23 11:32:07.724,2026-04-23 11:53:47.000,validation,train
2026-04-23 11:45:00,2026-04-23 11:35:07.724,2026-04-23 11:56:47.000,train,train
2026-04-23 11:48:00,2026-04-23 11:38:07.724,2026-04-23 11:59:47.000,train,train
2026-04-23 11:51:00,2026-04-23 11:41:07.724,2026-04-23 12:02:47.000,train,train
2026-04-23 11:54:00,2026-04-23 11:44:07.724,2026-04-23 12:05:47.000,train,train
2026-04-23 11:57:00,2026-04-23 11:47:07.724,2026-04-23 12:08:47.000,train,train
2026-04-23 12:00:00,2026-04-23 11:50:07.724,2026-04-23 12:11:47.000,train,train
2026-04-23 12:03:00,2026-04-23 11:53:07.724,2026-04-23 12:14:47.000,train,train
2026-04-23 12:06:00,2026-04-23 11:56:07.724,2026-04-23 12:17:47.000,train,train
2026-04-23 12:09:00,2026-04-23 11:59:07.724,2026-04-23 12:20:48.000,validation,train
2026-04-23 12:12:00,2026-04-23 12:02:07.724,2026-04-23 12:23:48.000,train,train
2026-04-23 12:15:00,2026-04-23 12:05:07.724,2026-04-23 12:26:48.000,train,train
2026-04-23 12:18:00,2026-04-23 12:08:07.724,2026-04-23 12:29:48.000,validation,train
2026-04-23 12:21:00,2026-04-23 12:11:07.724,2026-04-23 12:32:48.000,train,train
2026-04-23 12:24:00,2026-04-23 12:14:07.724,2026-04-23 12:35:48.000,train,train
2026-04-23 12:27:00,2026-04-23 12:17:07.724,2026-04-23 12:38:48.000,train,train
2026-04-23 12:30:00,2026-04-23 12:20:07.724,2026-04-23 12:41:48.000,train,train
2026-04-23 12:33:00,2026-04-23 12:23:07.724,2026-04-23 12:44:48.000,validation,train
2026-04-23 12:36:00,2026-04-23 12:26:07.724,2026-04-23 12:47:48.000,train,train
2026-04-23 12:39:00,2026-04-23 12:29:07.724,2026-04-23 12:50:48.000,train,train
2026-04-23 12:42:00,2026-04-23 12:32:07.724,2026-04-23 12:53:48.000,train,train
2026-04-23 12:45:00,2026-04-23 12:35:07.724,2026-04-23 12:56:48.000,train,train
2026-04-23 12:48:00,2026-04-23 12:38:07.724,2026-04-23 12:59:48.000,train,train
2026-04-23 12:51:00,2026-04-23 12:41:07.724,2026-04-23 13:02:48.000,validation,train
2026-04-23 12:54:00,2026-04-23 12:44:07.724,2026-04-23 13:05:48.000,train,train
2026-04-23 12:57:00,2026-04-23 12:47:07.724,2026-04-23 13:08:48.000,train,train
2026-04-23 13:00:00,2026-04-23 12:50:07.724,2026-04-23 13:11:48.000,train,train
2026-04-23 13:03:00,2026-04-23 12:53:07.724,2026-04-23 13:14:48.000,train,train
2026-04-23 13:06:00,2026-04-23 12:56:07.724,2026-04-23 13:17:48.000,train,train
2026-04-23 13:09:00,2026-04-23 12:59:07.724,2026-04-23 13:20:48.000,validation,train
2026-04-23 13:12:00,2026-04-23 13:02:07.724,2026-04-23 13:23:48.000,validation,train
2026-04-23 13:15:00,2026-04-23 13:05:07.724,2026-04-23 13:26:48.000,train,train
2026-04-23 13:18:00,2026-04-23 13:08:07.724,2026-04-23 13:29:49.000,train,train
2026-04-23 13:21:00,2026-04-23 13:11:07.724,2026-04-23 13:32:49.000,train,train
2026-04-23 13:24:00,2026-04-23 13:14:07.724,2026-04-23 13:35:49.000,validation,train
2026-04-23 13:27:00,2026-04-23 13:17:07.724,2026-04-23 13:38:49.000,train,train
2026-04-23 13:30:00,2026-04-23 13:20:07.724,2026-04-23 13:41:49.000,validation,train
2026-04-23 13:33:00,2026-04-23 13:23:07.724,2026-04-23 13:44:49.000,train,train
2026-04-23 13:36:00,2026-04-23 13:26:07.724,2026-04-23 13:47:49.000,train,train
2026-04-23 13:39:00,2026-04-23 13:29:07.724,2026-04-23 13:50:49.000,train,train
2026-04-23 13:42:00,2026-04-23 13:32:07.724,2026-04-23 13:53:49.000,train,train
2026-04-23 13:45:00,2026-04-23 13:35:07.724,2026-04-23 13:56:49.000,train,train
2026-04-23 13:48:00,2026-04-23 13:38:07.724,2026-04-23 13:59:49.000,train,train
2026-04-23 13:51:00,2026-04-23 13:41:07.724,2026-04-23 14:02:49.000,train,train
2026-04-23 13:54:00,2026-04-23 13:44:07.724,2026-04-23 14:05:49.000,train,train
2026-04-23 13:57:00,2026-04-23 13:47:07.724,2026-04-23 14:08:49.000,train,train
2026-04-23 14:00:00,2026-04-23 13:50:07.724,2026-04-23 14:11:49.000,train,train
2026-04-23 14:03:00,2026-04-23 13:53:07.724,2026-04-23 14:14:49.000,train,train
2026-04-23 14:06:00,2026-04-23 13:56:07.724,2026-04-23 14:17:49.000,train,train
2026-04-23 14:09:00,2026-04-23 13:59:07.724,2026-04-23 14:20:49.000,train,train
2026-04-23 14:12:00,2026-04-23 14:02:07.724,2026-04-23 14:23:49.000,train,train
2026-04-23 14:15:00,2026-04-23 14:05:07.724,2026-04-23 14:26:49.000,train,train
2026-04-23 14:18:00,2026-04-23 14:08:07.724,2026-04-23 14:29:49.000,train,train
2026-04-23 14:21:00,2026-04-23 14:11:07.724,2026-04-23 14:32:49.000,train,train
2026-04-23 14:24:00,2026-04-23 14:14:07.724,2026-04-23 14:35:50.000,train,train
2026-04-23 14:27:00,2026-04-23 14:17:07.724,2026-04-23 14:38:50.000,train,train
2026-04-23 14:30:00,2026-04-23 14:20:07.724,2026-04-23 14:41:50.000,train,train
2026-04-23 14:33:00,2026-04-23 14:23:07.724,2026-04-23 14:44:50.000,train,train
2026-04-23 14:36:00,2026-04-23 14:26:07.724,2026-04-23 14:47:50.000,train,train
2026-04-23 14:39:00,2026-04-23 14:29:07.724,2026-04-23 14:50:50.000,train,train
2026-04-23 14:42:00,2026-04-23 14:32:07.724,2026-04-23 14:53:50.000,train,train
2026-04-23 14:45:00,2026-04-23 14:35:07.724,2026-04-23 14:56:50.000,train,train
2026-04-23 14:48:00,2026-04-23 14:38:07.724,2026-04-23 14:59:50.000,train,train
2026-04-23 14:51:00,2026-04-23 14:41:07.724,2026-04-23 15:02:50.000,train,train
2026-04-23 14:54:00,2026-04-23 14:44:07.724,2026-04-23 15:05:50.000,train,train
2026-04-23 14:57:00,2026-04-23 14:47:07.724,2026-04-23 15:08:50.000,train,train
2026-04-23 15:00:00,2026-04-23 14:50:07.724,2026-04-23 15:11:50.000,train,train
2026-04-23 15:03:00,2026-04-23 14:53:07.724,2026-04-23 15:14:50.000,train,train
2026-04-23 15:06:00,2026-04-23 14:56:07.724,2026-04-23 15:17:50.000,train,train
2026-04-23 15:09:00,2026-04-23 14:59:07.724,2026-04-23 15:20:50.000,train,train
2026-04-23 15:12:00,2026-04-23 15:02:07.724,2026-04-23 15:23:50.000,train,train
2026-04-23 15:15:00,2026-04-23 15:05:07.724,2026-04-23 15:26:50.000,validation,train
2026-04-23 15:18:00,2026-04-23 15:08:07.724,2026-04-23 15:29:50.000,train,train
2026-04-23 15:21:00,2026-04-23 15:11:07.724,2026-04-23 15:32:50.000,train,train
2026-04-23 15:24:00,2026-04-23 15:14:07.724,2026-04-23 15:35:50.000,validation,train
2026-04-23 15:27:00,2026-04-23 15:17:07.724,2026-04-23 15:38:50.000,train,train
2026-04-23 15:30:00,2026-04-23 15:20:07.724,2026-04-23 15:41:50.000,train,train
2026-04-23 15:33:00,2026-04-23 15:23:07.724,2026-04-23 15:44:51.000,train,train
2026-04-23 15:36:00,2026-04-23 15:26:07.724,2026-04-23 15:47:51.000,train,train
2026-04-23 15:39:00,2026-04-23 15:29:07.724,2026-04-23 15:50:51.000,train,train
2026-04-23 15:42:00,2026-04-23 15:32:07.724,2026-04-23 15:53:51.000,train,train
2026-04-23 15:45:00,2026-04-23 15:35:07.724,2026-04-23 15:56:51.000,train,train
2026-04-23 15:48:00,2026-04-23 15:38:07.724,2026-04-23 15:59:51.000,train,train
2026-04-23 15:51:00,2026-04-23 15:41:07.724,2026-04-23 16:02:51.000,train,train
2026-04-23 15:54:00,2026-04-23 15:44:07.724,2026-04-23 16:05:51.000,train,train
2026-04-23 15:57:00,2026-04-23 15:47:07.724,2026-04-23 16:08:51.000,validation,train
2026-04-23 16:00:00,2026-04-23 15:50:07.724,2026-04-23 16:11:51.000,train,train
2026-04-23 16:03:00,2026-04-23 15:53:07.724,2026-04-23 16:14:51.000,validation,train
2026-04-23 16:06:00,2026-04-23 15:56:07.724,2026-04-23 16:17:51.000,train,train
2026-04-23 16:09:00,2026-04-23 15:59:07.724,2026-04-23 16:20:51.000,train,train
2026-04-23 16:12:00,2026-04-23 16:02:07.724,2026-04-23 16:23:51.000,train,train
2026-04-23 16:15:00,2026-04-23 16:05:07.724,2026-04-23 16:26:51.000,validation,train
2026-04-23 16:18:00,2026-04-23 16:08:07.724,2026-04-23 16:29:51.000,train,train
2026-04-23 16:21:00,2026-04-23 16:11:07.724,2026-04-23 16:32:51.000,train,train
2026-04-23 16:24:00,2026-04-23 16:14:07.724,2026-04-23 16:35:51.000,train,train
2026-04-23 16:27:00,2026-04-23 16:17:07.724,2026-04-23 16:38:51.000,train,train
2026-04-23 16:30:00,2026-04-23 16:20:07.724,2026-04-23 16:41:51.000,train,train
2026-04-23 16:33:00,2026-04-23 16:23:07.724,2026-04-23 16:44:51.000,train,train
2026-04-23 16:36:00,2026-04-23 16:26:07.724,2026-04-23 16:47:51.000,train,train
2026-04-23 16:39:00,2026-04-23 16:29:07.724,2026-04-23 16:50:52.000,train,train
2026-04-23 16:42:00,2026-04-23 16:32:07.724,2026-04-23 16:53:52.000,train,train
2026-04-23 16:45:00,2026-04-23 16:35:07.724,2026-04-23 16:56:52.000,validation,train
2026-04-23 16:48:00,2026-04-23 16:38:07.724,2026-04-23 16:59:52.000,train,train
2026-04-23 16:51:00,2026-04-23 16:41:07.724,2026-04-23 17:02:52.000,validation,train
2026-04-23 16:54:00,2026-04-23 16:44:07.724,2026-04-23 17:05:52.000,train,train
2026-04-23 16:57:00,2026-04-23 16:47:07.724,2026-04-23 17:08:52.000,train,train
2026-04-23 17:00:00,2026-04-23 16:50:07.724,2026-04-23 17:11:52.000,train,train
2026-04-23 17:03:00,2026-04-23 16:53:07.724,2026-04-23 17:14:52.000,train,train
2026-04-23 17:06:00,2026-04-23 16:56:07.724,2026-04-23 17:17:52.000,train,train
2026-04-23 17:09:00,2026-04-23 16:59:07.724,2026-04-23 17:20:52.000,train,train
2026-04-23 17:12:00,2026-04-23 17:02:07.724,2026-04-23 17:23:52.000,train,train
2026-04-23 17:15:00,2026-04-23 17:05:07.724,2026-04-23 17:26:52.000,train,train
2026-04-23 17:18:00,2026-04-23 17:08:07.724,2026-04-23 17:29:52.000,train,train
2026-04-23 17:21:00,2026-04-23 17:11:07.724,2026-04-23 17:32:52.000,train,train
2026-04-23 17:24:00,2026-04-23 17:14:07.724,2026-04-23 17:35:53.000,train,train
2026-04-23 17:27:00,2026-04-23 17:17:07.724,2026-04-23 17:38:53.000,train,train
2026-04-23 17:30:00,2026-04-23 17:20:07.724,2026-04-23 17:41:53.000,validation,train
2026-04-23 17:33:00,2026-04-23 17:23:07.724,2026-04-23 17:44:53.000,train,train
2026-04-23 17:36:00,2026-04-23 17:26:07.724,2026-04-23 17:47:53.000,validation,train
2026-04-23 17:39:00,2026-04-23 17:29:07.724,2026-04-23 17:50:53.000,train,train
2026-04-23 17:42:00,2026-04-23 17:32:07.724,2026-04-23 17:53:53.000,train,train
2026-04-23 17:45:00,2026-04-23 17:35:07.724,2026-04-23 17:56:53.000,train,train
2026-04-23 17:48:00,2026-04-23 17:38:07.724,2026-04-23 17:59:53.000,train,train
2026-04-23 17:51:00,2026-04-23 17:41:07.724,2026-04-23 18:02:53.000,train,train
2026-04-23 17:54:00,2026-04-23 17:44:07.724,2026-04-23 18:05:53.000,train,train
2026-04-23 17:57:00,2026-04-23 17:47:07.724,2026-04-23 18:08:53.000,train,train
2026-04-23 18:00:00,2026-04-23 17:50:07.724,2026-04-23 18:11:53.000,train,train
2026-04-23 18:03:00,2026-04-23 17:53:07.724,2026-04-23 18:14:53.000,train,train
2026-04-23 18:06:00,2026-04-23 17:56:07.724,2026-04-23 18:17:53.000,train,train
2026-04-23 18:09:00,2026-04-23 17:59:07.724,2026-04-23 18:20:53.000,train,train
2026-04-23 18:12:00,2026-04-23 18:02:07.724,2026-04-23 18:23:53.000,validation,train
2026-04-23 18:15:00,2026-04-23 18:05:07.724,2026-04-23 18:26:53.000,train,train
2026-04-23 18:18:00,2026-04-23 18:08:07.724,2026-04-23 18:29:53.000,train,train
2026-04-23 18:21:00,2026-04-23 18:11:07.724,2026-04-23 18:32:53.000,train,train
2026-04-23 18:24:00,2026-04-23 18:14:07.724,2026-04-23 18:35:53.000,train,train
2026-04-23 18:27:00,2026-04-23 18:17:07.724,2026-04-23 18:38:53.000,validation,train
2026-04-23 18:30:00,2026-04-23 18:20:07.724,2026-04-23 18:41:54.000,train,train
2026-04-23 18:33:00,2026-04-23 18:23:07.724,2026-04-23 18:44:54.000,validation,train
2026-04-23 18:36:00,2026-04-23 18:26:07.724,2026-04-23 18:47:54.000,train,train
2026-04-23 18:39:00,2026-04-23 18:29:07.724,2026-04-23 18:50:54.000,train,train
2026-04-23 18:42:00,2026-04-23 18:32:07.724,2026-04-23 18:53:54.000,train,train
2026-04-23 18:45:00,2026-04-23 18:35:07.724,2026-04-23 18:56:54.000,train,train
2026-04-23 18:48:00,2026-04-23 18:38:07.724,2026-04-23 18:59:54.000,train,train
2026-04-23 18:51:00,2026-04-23 18:41:07.724,2026-04-23 19:02:54.000,validation,train
2026-04-23 18:54:00,2026-04-23 18:44:07.724,2026-04-23 19:05:54.000,validation,train
2026-04-23 18:57:00,2026-04-23 18:47:07.724,2026-04-23 19:08:54.000,train,train
2026-04-23 19:00:00,2026-04-23 18:50:07.724,2026-04-23 19:11:54.000,train,train
2026-04-23 19:03:00,2026-04-23 18:53:07.724,2026-04-23 19:14:54.000,train,train
2026-04-23 19:06:00,2026-04-23 18:56:07.724,2026-04-23 19:17:54.000,train,train
2026-04-23 19:09:00,2026-04-23 18:59:07.724,2026-04-23 19:20:54.000,validation,train
2026-04-23 19:12:00,2026-04-23 19:02:07.724,2026-04-23 19:23:54.000,train,train
2026-04-23 19:15:00,2026-04-23 19:05:07.724,2026-04-23 19:26:54.000,validation,train
2026-04-23 19:18:00,2026-04-23 19:08:07.724,2026-04-23 19:29:54.000,train,train
2026-04-23 19:21:00,2026-04-23 19:11:07.724,2026-04-23 19:32:54.000,train,train
2026-04-23 19:24:00,2026-04-23 19:14:07.724,2026-04-23 19:35:54.000,train,train
2026-04-23 19:27:00,2026-04-23 19:17:07.724,2026-04-23 19:38:54.000,train,train
2026-04-23 19:30:00,2026-04-23 19:20:07.724,2026-04-23 19:41:54.000,validation,train
2026-04-23 19:33:00,2026-04-23 19:23:07.724,2026-04-23 19:44:54.000,train,train
2026-04-23 19:36:00,2026-04-23 19:26:07.724,2026-04-23 19:47:54.000,train,train
2026-04-23 19:39:00,2026-04-23 19:29:07.724,2026-04-23 19:50:55.000,train,train
2026-04-23 19:42:00,2026-04-23 19:32:07.724,2026-04-23 19:53:55.000,train,train
2026-04-23 19:45:00,2026-04-23 19:35:07.724,2026-04-23 19:56:55.000,train,train
2026-04-23 19:48:00,2026-04-23 19:38:07.724,2026-04-23 19:59:55.000,validation,train
2026-04-23 19:51:00,2026-04-23 19:41:07.724,2026-04-23 20:02:55.000,train,train
2026-04-23 19:54:00,2026-04-23 19:44:07.724,2026-04-23 20:05:55.000,train,train
2026-04-23 19:57:00,2026-04-23 19:47:07.724,2026-04-23 20:08:55.000,train,train
2026-04-23 20:00:00,2026-04-23 19:50:07.724,2026-04-23 20:11:55.000,train,train
2026-04-23 20:03:00,2026-04-23 19:53:07.724,2026-04-23 20:14:55.000,validation,train
2026-04-23 20:06:00,2026-04-23 19:56:07.724,2026-04-23 20:17:55.000,train,train
2026-04-23 20:09:00,2026-04-23 19:59:07.724,2026-04-23 20:20:55.000,train,train
2026-04-23 20:12:00,2026-04-23 20:02:07.724,2026-04-23 20:23:55.000,train,train
2026-04-23 20:15:00,2026-04-23 20:05:07.724,2026-04-23 20:26:55.000,train,train
2026-04-23 20:18:00,2026-04-23 20:08:07.724,2026-04-23 20:29:55.000,validation,train
2026-04-23 20:21:00,2026-04-23 20:11:07.724,2026-04-23 20:32:55.000,train,train
2026-04-23 20:24:00,2026-04-23 20:14:07.724,2026-04-23 20:35:55.000,train,train
2026-04-23 20:27:00,2026-04-23 20:17:07.724,2026-04-23 20:38:55.000,train,train
2026-04-23 20:30:00,2026-04-23 20:20:07.724,2026-04-23 20:41:55.000,train,train
2026-04-23 20:33:00,2026-04-23 20:23:07.724,2026-04-23 20:44:55.000,train,train
2026-04-23 20:36:00,2026-04-23 20:26:07.724,2026-04-23 20:47:55.000,train,train
2026-04-23 20:39:00,2026-04-23 20:29:07.724,2026-04-23 20:50:55.000,train,train
2026-04-23 20:42:00,2026-04-23 20:32:07.724,2026-04-23 20:53:55.000,train,train
2026-04-23 20:45:00,2026-04-23 20:35:07.724,2026-04-23 20:56:56.000,train,train
2026-04-23 20:48:00,2026-04-23 20:38:07.724,2026-04-23 20:59:56.000,train,train
2026-04-23 20:51:00,2026-04-23 20:41:07.724,2026-04-23 21:02:56.000,train,train
2026-04-23 20:54:00,2026-04-23 20:44:07.724,2026-04-23 21:05:56.000,train,train
2026-04-23 20:57:00,2026-04-23 20:47:07.724,2026-04-23 21:08:56.000,train,train
2026-04-23 21:00:00,2026-04-23 20:50:07.724,2026-04-23 21:11:56.000,train,train
2026-04-23 21:03:00,2026-04-23 20:53:07.724,2026-04-23 21:14:56.000,validation,train
2026-04-23 21:06:00,2026-04-23 20:56:07.724,2026-04-23 21:17:56.000,train,train
2026-04-23 21:09:00,2026-04-23 20:59:07.724,2026-04-23 21:20:56.000,train,train
2026-04-23 21:12:00,2026-04-23 21:02:07.724,2026-04-23 21:23:56.000,train,train
2026-04-23 21:15:00,2026-04-23 21:05:07.724,2026-04-23 21:26:56.000,train,train
2026-04-23 21:18:00,2026-04-23 21:08:07.724,2026-04-23 21:29:56.000,validation,train
2026-04-23 21:21:00,2026-04-23 21:11:07.724,2026-04-23 21:32:56.000,validation,train
2026-04-23 21:24:00,2026-04-23 21:14:07.724,2026-04-23 21:35:56.000,train,train
2026-04-23 21:27:00,2026-04-23 21:17:07.724,2026-04-23 21:38:56.000,validation,train
2026-04-23 21:30:00,2026-04-23 21:20:07.724,2026-04-23 21:41:56.000,train,train
2026-04-23 21:33:00,2026-04-23 21:23:07.724,2026-04-23 21:44:56.000,train,train
2026-04-23 21:36:00,2026-04-23 21:26:07.724,2026-04-23 21:47:56.000,train,train
2026-04-23 21:39:00,2026-04-23 21:29:07.724,2026-04-23 21:50:56.000,train,train
2026-04-23 21:42:00,2026-04-23 21:32:07.724,2026-04-23 21:53:56.000,train,train
2026-04-23 21:45:00,2026-04-23 21:35:07.724,2026-04-23 21:56:56.000,train,train
2026-04-23 21:48:00,2026-04-23 21:38:07.724,2026-04-23 21:59:56.000,validation,train
2026-04-23 21:51:00,2026-04-23 21:41:07.724,2026-04-23 22:02:56.000,train,train
2026-04-23 21:54:00,2026-04-23 21:44:07.724,2026-04-23 22:05:57.000,train,train
2026-04-23 21:57:00,2026-04-23 21:47:07.724,2026-04-23 22:08:57.000,validation,train
2026-04-23 22:00:00,2026-04-23 21:50:07.724,2026-04-23 22:11:57.000,validation,train
2026-04-23 22:03:00,2026-04-23 21:53:07.724,2026-04-23 22:14:57.000,train,train
2026-04-23 22:06:00,2026-04-23 21:56:07.724,2026-04-23 22:17:57.000,validation,train
2026-04-23 22:09:00,2026-04-23 21:59:07.724,2026-04-23 22:20:57.000,train,train
2026-04-23 22:12:00,2026-04-23 22:02:07.724,2026-04-23 22:23:57.000,train,train
2026-04-23 22:15:00,2026-04-23 22:05:07.724,2026-04-23 22:26:57.000,train,train
2026-04-23 22:18:00,2026-04-23 22:08:07.724,2026-04-23 22:29:57.000,train,train
2026-04-23 22:21:00,2026-04-23 22:11:07.724,2026-04-23 22:32:57.000,train,train
2026-04-23 22:24:00,2026-04-23 22:14:07.724,2026-04-23 22:35:57.000,train,train
2026-04-23 22:27:00,2026-04-23 22:17:07.724,2026-04-23 22:38:57.000,train,train
2026-04-23 22:30:00,2026-04-23 22:20:07.724,2026-04-23 22:41:57.000,train,train
2026-04-23 22:33:00,2026-04-23 22:23:07.724,2026-04-23 22:44:57.000,train,train
2026-04-23 22:36:00,2026-04-23 22:26:07.724,2026-04-23 22:47:57.000,train,train
2026-04-23 22:39:00,2026-04-23 22:29:07.724,2026-04-23 22:50:57.000,train,train
2026-04-23 22:42:00,2026-04-23 22:32:07.724,2026-04-23 22:53:57.000,train,train
2026-04-23 22:45:00,2026-04-23 22:35:07.724,2026-04-23 22:56:57.000,train,train
2026-04-23 22:48:00,2026-04-23 22:38:07.724,2026-04-23 22:59:57.000,train,train
2026-04-23 22:51:00,2026-04-23 22:41:07.724,2026-04-23 23:02:57.000,train,train
2026-04-23 22:54:00,2026-04-23 22:44:07.724,2026-04-23 23:05:57.000,train,train
2026-04-23 22:57:00,2026-04-23 22:47:07.724,2026-04-23 23:08:57.000,train,train
2026-04-23 23:00:00,2026-04-23 22:50:07.724,2026-04-23 23:11:58.000,train,train
2026-04-23 23:03:00,2026-04-23 22:53:07.724,2026-04-23 23:14:58.000,train,train
2026-04-23 23:06:00,2026-04-23 22:56:07.724,2026-04-23 23:17:58.000,validation,train
2026-04-23 23:09:00,2026-04-23 22:59:07.724,2026-04-23 23:20:58.000,train,train
2026-04-23 23:12:00,2026-04-23 23:02:07.724,2026-04-23 23:23:58.000,train,train
2026-04-23 23:15:00,2026-04-23 23:05:07.724,2026-04-23 23:26:58.000,train,train
2026-04-23 23:18:00,2026-04-23 23:08:07.724,2026-04-23 23:29:58.000,train,train
2026-04-23 23:21:00,2026-04-23 23:11:07.724,2026-04-23 23:32:58.000,train,train
2026-04-23 23:24:00,2026-04-23 23:14:07.724,2026-04-23 23:35:58.000,train,train
2026-04-23 23:27:00,2026-04-23 23:17:07.724,2026-04-23 23:38:58.000,train,train
2026-04-23 23:30:00,2026-04-23 23:20:07.724,2026-04-23 23:41:58.000,train,train
2026-04-23 23:33:00,2026-04-23 23:23:07.724,2026-04-23 23:44:58.000,validation,train
2026-04-23 23:36:00,2026-04-23 23:26:07.724,2026-04-23 23:47:58.000,train,train
2026-04-23 23:39:00,2026-04-23 23:29:07.724,2026-04-23 23:50:58.000,train,train
2026-04-23 23:42:00,2026-04-23 23:32:07.724,2026-04-23 23:53:58.000,train,train
2026-04-23 23:45:00,2026-04-23 23:35:07.724,2026-04-23 23:56:58.000,train,train
2026-04-23 23:48:00,2026-04-23 23:38:07.724,2026-04-23 23:59:58.000,train,train
2026-04-23 23:51:00,2026-04-23 23:41:07.724,2026-04-24 00:02:58.000,train,train
2026-04-23 23:54:00,2026-04-23 23:44:07.724,2026-04-24 00:05:58.000,train,train
2026-04-23 23:57:00,2026-04-23 23:47:07.724,2026-04-24 00:08:58.000,validation,train
2026-04-24 00:00:00,2026-04-23 23:50:07.724,2026-04-24 00:11:58.000,validation,train
2026-04-24 00:03:00,2026-04-23 23:53:07.724,2026-04-24 00:14:58.000,train,train
2026-04-24 00:06:00,2026-04-23 23:56:07.724,2026-04-24 00:17:58.000,train,train
2026-04-24 00:09:00,2026-04-23 23:59:07.724,2026-04-24 00:20:59.000,train,train
2026-04-24 00:12:00,2026-04-24 00:02:07.724,2026-04-24 00:23:59.000,train,train
2026-04-24 00:15:00,2026-04-24 00:05:07.724,2026-04-24 00:26:59.000,train,train
2026-04-24 00:18:00,2026-04-24 00:08:07.724,2026-04-24 00:29:59.000,train,train
2026-04-24 00:21:00,2026-04-24 00:11:07.724,2026-04-24 00:32:59.000,train,train
2026-04-24 00:24:00,2026-04-24 00:14:07.724,2026-04-24 00:35:59.000,train,train
2026-04-24 00:27:00,2026-04-24 00:17:07.724,2026-04-24 00:38:59.000,train,train
2026-04-24 00:30:00,2026-04-24 00:20:07.724,2026-04-24 00:41:59.000,train,train
2026-04-24 00:33:00,2026-04-24 00:23:07.724,2026-04-24 00:44:59.000,validation,train
2026-04-24 00:36:00,2026-04-24 00:26:07.724,2026-04-24 00:47:59.000,train,train
2026-04-24 00:39:00,2026-04-24 00:29:07.724,2026-04-24 00:50:59.000,train,train
2026-04-24 00:42:00,2026-04-24 00:32:07.724,2026-04-24 00:53:59.000,train,train
2026-04-24 00:45:00,2026-04-24 00:35:07.724,2026-04-24 00:56:59.000,validation,train
2026-04-24 00:48:00,2026-04-24 00:38:07.724,2026-04-24 00:59:59.000,train,train
2026-04-24 00:51:00,2026-04-24 00:41:07.724,2026-04-24 01:02:59.000,train,train
2026-04-24 00:54:00,2026-04-24 00:44:07.724,2026-04-24 01:05:59.000,train,train
2026-04-24 00:57:00,2026-04-24 00:47:07.724,2026-04-24 01:08:59.000,train,train
2026-04-24 01:00:00,2026-04-24 00:50:07.724,2026-04-24 01:11:59.000,train,train
2026-04-24 01:03:00,2026-04-24 00:53:07.724,2026-04-24 01:14:59.000,train,train
2026-04-24 01:06:00,2026-04-24 00:56:07.724,2026-04-24 01:17:59.000,train,train
2026-04-24 01:09:00,2026-04-24 00:59:07.724,2026-04-24 01:20:59.000,train,train
2026-04-24 01:12:00,2026-04-24 01:02:07.724,2026-04-24 01:23:59.000,train,train
2026-04-24 01:15:00,2026-04-24 01:05:07.724,2026-04-24 01:27:00.000,train,train
2026-04-24 01:18:00,2026-04-24 01:08:07.724,2026-04-24 01:30:00.000,train,train
2026-04-24 01:21:00,2026-04-24 01:11:07.724,2026-04-24 01:33:00.000,train,train
2026-04-24 01:24:00,2026-04-24 01:14:07.724,2026-04-24 01:35:39.000,validation,train
2026-04-24 01:27:00,2026-04-24 01:16:59.000,2026-04-24 01:38:39.000,train,train
2026-04-24 01:30:00,2026-04-24 01:19:59.000,2026-04-24 01:41:39.000,validation,train
2026-04-24 01:33:00,2026-04-24 01:22:59.000,2026-04-24 01:44:39.000,validation,train
2026-04-24 01:36:00,2026-04-24 01:25:59.000,2026-04-24 01:47:39.000,train,train
2026-04-24 01:39:00,2026-04-24 01:29:00.000,2026-04-24 01:50:39.000,train,train
2026-04-24 01:42:00,2026-04-24 01:32:00.000,2026-04-24 01:53:39.000,train,train
2026-04-24 01:45:00,2026-04-24 01:35:00.000,2026-04-24 01:56:39.000,train,train
2026-04-24 01:48:00,2026-04-24 01:38:00.000,2026-04-24 01:59:39.000,train,train
2026-04-24 01:51:00,2026-04-24 01:41:00.000,2026-04-24 02:02:39.000,train,train
2026-04-24 01:54:00,2026-04-24 01:44:00.000,2026-04-24 02:05:39.000,train,train
2026-04-24 01:57:00,2026-04-24 01:47:00.000,2026-04-24 02:08:39.000,train,train
2026-04-24 02:00:00,2026-04-24 01:50:00.000,2026-04-24 02:11:39.000,train,train
2026-04-24 02:03:00,2026-04-24 01:53:00.000,2026-04-24 02:14:39.000,train,train
2026-04-24 02:06:00,2026-04-24 01:56:00.000,2026-04-24 02:17:39.000,validation,train
2026-04-24 02:09:00,2026-04-24 01:59:00.000,2026-04-24 02:20:39.000,train,train
2026-04-24 02:12:00,2026-04-24 02:02:00.000,2026-04-24 02:23:39.000,train,train
2026-04-24 02:15:00,2026-04-24 02:05:00.000,2026-04-24 02:26:39.000,validation,train
2026-04-24 02:18:00,2026-04-24 02:08:00.000,2026-04-24 02:29:39.000,train,train
2026-04-24 02:21:00,2026-04-24 02:11:00.000,2026-04-24 02:32:39.000,train,train
2026-04-24 02:24:00,2026-04-24 02:14:00.000,2026-04-24 02:35:39.000,train,train
2026-04-24 02:27:00,2026-04-24 02:17:00.000,2026-04-24 02:38:39.000,train,train
2026-04-24 02:30:00,2026-04-24 02:20:00.000,2026-04-24 02:41:39.000,validation,train
2026-04-24 02:33:00,2026-04-24 02:23:00.000,2026-04-24 02:44:39.000,train,train
2026-04-24 02:36:00,2026-04-24 02:26:00.000,2026-04-24 02:47:39.000,train,train
2026-04-24 02:39:00,2026-04-24 02:29:00.000,2026-04-24 02:50:39.000,train,train
2026-04-24 02:42:00,2026-04-24 02:32:00.000,2026-04-24 02:53:39.000,train,train
2026-04-24 02:45:00,2026-04-24 02:35:01.000,2026-04-24 02:56:39.000,train,train
2026-04-24 02:48:00,2026-04-24 02:38:01.000,2026-04-24 02:59:39.000,train,train
2026-04-24 02:51:00,2026-04-24 02:41:01.000,2026-04-24 03:02:39.000,validation,train
2026-04-24 02:54:00,2026-04-24 02:44:01.000,2026-04-24 03:05:39.000,train,train
2026-04-24 02:57:00,2026-04-24 02:47:01.000,2026-04-24 03:08:39.000,train,train
2026-04-24 03:00:00,2026-04-24 02:50:01.000,2026-04-24 03:11:39.000,validation,train
2026-04-24 03:03:00,2026-04-24 02:53:01.000,2026-04-24 03:14:39.000,train,train
2026-04-24 03:06:00,2026-04-24 02:56:01.000,2026-04-24 03:17:39.000,train,train
2026-04-24 03:09:00,2026-04-24 02:59:01.000,2026-04-24 03:20:39.000,train,train
2026-04-24 03:12:00,2026-04-24 03:02:01.000,2026-04-24 03:23:39.000,train,train
2026-04-24 03:15:00,2026-04-24 03:05:01.000,2026-04-24 03:26:39.000,validation,train
2026-04-24 03:18:00,2026-04-24 03:08:01.000,2026-04-24 03:29:39.000,train,train
2026-04-24 03:21:00,2026-04-24 03:11:01.000,2026-04-24 03:32:39.000,validation,train
2026-04-24 03:24:00,2026-04-24 03:14:01.000,2026-04-24 03:35:39.000,train,train
2026-04-24 03:27:00,2026-04-24 03:17:01.000,2026-04-24 03:38:39.000,train,train
2026-04-24 03:30:00,2026-04-24 03:20:01.000,2026-04-24 03:41:39.000,train,train
2026-04-24 03:33:00,2026-04-24 03:23:01.000,2026-04-24 03:44:39.000,validation,train
2026-04-24 03:36:00,2026-04-24 03:26:01.000,2026-04-24 03:47:39.000,train,train
2026-04-24 03:39:00,2026-04-24 03:29:01.000,2026-04-24 03:50:39.000,validation,train
2026-04-24 03:42:00,2026-04-24 03:32:01.000,2026-04-24 03:53:39.000,train,train
2026-04-24 03:45:00,2026-04-24 03:35:01.000,2026-04-24 03:56:39.000,train,train
2026-04-24 03:48:00,2026-04-24 03:38:01.000,2026-04-24 03:59:39.000,validation,train
2026-04-24 03:51:00,2026-04-24 03:41:02.000,2026-04-24 04:02:39.000,train,train
2026-04-24 03:54:00,2026-04-24 03:44:02.000,2026-04-24 04:05:39.000,train,train
2026-04-24 03:57:00,2026-04-24 03:47:02.000,2026-04-24 04:08:39.000,validation,train
2026-04-24 04:00:00,2026-04-24 03:50:02.000,2026-04-24 04:11:39.000,train,train
2026-04-24 04:03:00,2026-04-24 03:53:02.000,2026-04-24 04:14:39.000,train,train
2026-04-24 04:06:00,2026-04-24 03:56:02.000,2026-04-24 04:17:39.000,train,train
2026-04-24 04:09:00,2026-04-24 03:59:02.000,2026-04-24 04:20:39.000,train,train
2026-04-24 04:12:00,2026-04-24 04:02:02.000,2026-04-24 04:23:39.000,train,train
2026-04-24 04:15:00,2026-04-24 04:05:02.000,2026-04-24 04:26:39.000,train,train
2026-04-24 04:18:00,2026-04-24 04:08:02.000,2026-04-24 04:29:39.000,train,train
2026-04-24 04:21:00,2026-04-24 04:11:02.000,2026-04-24 04:32:39.000,train,train
2026-04-24 04:24:00,2026-04-24 04:14:02.000,2026-04-24 04:35:39.000,train,train
2026-04-24 04:27:00,2026-04-24 04:17:02.000,2026-04-24 04:38:39.000,train,train
2026-04-24 04:30:00,2026-04-24 04:20:02.000,2026-04-24 04:41:39.000,train,train
2026-04-24 04:33:00,2026-04-24 04:23:02.000,2026-04-24 04:44:39.000,train,train
2026-04-24 04:36:00,2026-04-24 04:26:02.000,2026-04-24 04:47:39.000,train,train
2026-04-24 04:39:00,2026-04-24 04:29:02.000,2026-04-24 04:50:39.000,train,train
2026-04-24 04:42:00,2026-04-24 04:32:02.000,2026-04-24 04:53:39.000,train,train
2026-04-24 04:45:00,2026-04-24 04:35:02.000,2026-04-24 04:56:39.000,train,train
2026-04-24 04:48:00,2026-04-24 04:38:02.000,2026-04-24 04:59:39.000,validation,train
2026-04-24 04:51:00,2026-04-24 04:41:02.000,2026-04-24 05:02:39.000,train,train
2026-04-24 04:54:00,2026-04-24 04:44:03.000,2026-04-24 05:05:39.000,train,train
2026-04-24 04:57:00,2026-04-24 04:47:03.000,2026-04-24 05:08:39.000,validation,train
2026-04-24 05:00:00,2026-04-24 04:50:03.000,2026-04-24 05:11:39.000,validation,train
2026-04-24 05:03:00,2026-04-24 04:53:03.000,2026-04-24 05:14:39.000,validation,train
2026-04-24 05:06:00,2026-04-24 04:56:03.000,2026-04-24 05:17:39.000,validation,train
2026-04-24 05:09:00,2026-04-24 04:59:03.000,2026-04-24 05:20:39.000,train,train
2026-04-24 05:12:00,2026-04-24 05:02:03.000,2026-04-24 05:23:39.000,train,train
2026-04-24 05:15:00,2026-04-24 05:05:03.000,2026-04-24 05:26:39.000,train,train
2026-04-24 05:18:00,2026-04-24 05:08:03.000,2026-04-24 05:29:39.000,train,train
2026-04-24 05:21:00,2026-04-24 05:11:03.000,2026-04-24 05:32:39.000,validation,train
2026-04-24 05:24:00,2026-04-24 05:14:03.000,2026-04-24 05:35:39.000,train,train
2026-04-24 05:27:00,2026-04-24 05:17:03.000,2026-04-24 05:38:39.000,train,train
2026-04-24 05:30:00,2026-04-24 05:20:03.000,2026-04-24 05:41:39.000,validation,train
2026-04-24 05:33:00,2026-04-24 05:23:03.000,2026-04-24 05:44:39.000,train,train
2026-04-24 05:36:00,2026-04-24 05:26:03.000,2026-04-24 05:47:39.000,validation,train
2026-04-24 05:39:00,2026-04-24 05:29:03.000,2026-04-24 05:50:39.000,train,train
2026-04-24 05:42:00,2026-04-24 05:32:03.000,2026-04-24 05:53:39.000,train,train
2026-04-24 05:45:00,2026-04-24 05:35:03.000,2026-04-24 05:56:39.000,train,train
2026-04-24 05:48:00,2026-04-24 05:38:03.000,2026-04-24 05:59:39.000,train,train
2026-04-24 05:51:00,2026-04-24 05:41:03.000,2026-04-24 06:02:39.000,train,train
2026-04-24 05:54:00,2026-04-24 05:44:03.000,2026-04-24 06:05:39.000,train,train
2026-04-24 05:57:00,2026-04-24 05:47:03.000,2026-04-24 06:08:39.000,train,train
2026-04-24 06:00:00,2026-04-24 05:50:04.000,2026-04-24 06:11:39.000,train,train
2026-04-24 06:03:00,2026-04-24 05:53:04.000,2026-04-24 06:14:39.000,train,train
2026-04-24 06:06:00,2026-04-24 05:56:04.000,2026-04-24 06:17:39.000,train,train
2026-04-24 06:09:00,2026-04-24 05:59:04.000,2026-04-24 06:20:39.000,train,train
2026-04-24 06:12:00,2026-04-24 06:02:04.000,2026-04-24 06:23:39.000,train,train
2026-04-24 06:15:00,2026-04-24 06:05:04.000,2026-04-24 06:26:39.000,train,train
2026-04-24 06:18:00,2026-04-24 06:08:04.000,2026-04-24 06:29:39.000,train,train
2026-04-24 06:21:00,2026-04-24 06:11:04.000,2026-04-24 06:32:39.000,train,train
2026-04-24 06:24:00,2026-04-24 06:14:04.000,2026-04-24 06:35:39.000,train,train
2026-04-24 06:27:00,2026-04-24 06:17:04.000,2026-04-24 06:38:39.000,train,train
2026-04-24 06:30:00,2026-04-24 06:20:04.000,2026-04-24 06:41:39.000,train,train
2026-04-24 06:33:00,2026-04-24 06:23:04.000,2026-04-24 06:44:39.000,validation,train
2026-04-24 06:36:00,2026-04-24 06:26:04.000,2026-04-24 06:47:39.000,train,train
2026-04-24 06:39:00,2026-04-24 06:29:04.000,2026-04-24 06:50:39.000,train,train
2026-04-24 06:42:00,2026-04-24 06:32:04.000,2026-04-24 06:53:39.000,validation,train
2026-04-24 06:45:00,2026-04-24 06:35:04.000,2026-04-24 06:56:39.000,train,train
2026-04-24 06:48:00,2026-04-24 06:38:04.000,2026-04-24 06:59:39.000,validation,train
2026-04-24 06:51:00,2026-04-24 06:41:04.000,2026-04-24 07:02:39.000,train,train
2026-04-24 06:54:00,2026-04-24 06:44:04.000,2026-04-24 07:05:39.000,validation,train
2026-04-24 06:57:00,2026-04-24 06:47:04.000,2026-04-24 07:08:39.000,train,train
2026-04-24 07:00:00,2026-04-24 06:50:04.000,2026-04-24 07:11:39.000,train,train
2026-04-24 07:03:00,2026-04-24 06:53:04.000,2026-04-24 07:14:39.000,train,train
2026-04-24 07:06:00,2026-04-24 06:56:05.000,2026-04-24 07:17:39.000,train,train
2026-04-24 07:09:00,2026-04-24 06:59:05.000,2026-04-24 07:20:39.000,train,train
2026-04-24 07:12:00,2026-04-24 07:02:05.000,2026-04-24 07:23:39.000,validation,train
2026-04-24 07:15:00,2026-04-24 07:05:05.000,2026-04-24 07:26:39.000,validation,train
2026-04-24 07:18:00,2026-04-24 07:08:05.000,2026-04-24 07:29:39.000,validation,train
2026-04-24 07:21:00,2026-04-24 07:11:05.000,2026-04-24 07:32:39.000,train,train
2026-04-24 07:24:00,2026-04-24 07:14:05.000,2026-04-24 07:35:39.000,train,train
2026-04-24 07:27:00,2026-04-24 07:17:05.000,2026-04-24 07:38:39.000,validation,train
2026-04-24 07:30:00,2026-04-24 07:20:05.000,2026-04-24 07:41:39.000,train,train
2026-04-24 07:33:00,2026-04-24 07:23:05.000,2026-04-24 07:44:39.000,train,train
2026-04-24 07:36:00,2026-04-24 07:26:05.000,2026-04-24 07:47:39.000,train,train
2026-04-24 07:39:00,2026-04-24 07:29:05.000,2026-04-24 07:50:39.000,train,train
2026-04-24 07:42:00,2026-04-24 07:32:05.000,2026-04-24 07:53:39.000,train,train
2026-04-24 07:45:00,2026-04-24 07:35:05.000,2026-04-24 07:56:39.000,validation,train
2026-04-24 07:48:00,2026-04-24 07:38:05.000,2026-04-24 07:59:39.000,train,train
2026-04-24 07:51:00,2026-04-24 07:41:05.000,2026-04-24 08:02:39.000,train,train
2026-04-24 07:54:00,2026-04-24 07:44:05.000,2026-04-24 08:05:39.000,train,train
2026-04-24 07:57:00,2026-04-24 07:47:05.000,2026-04-24 08:08:39.000,train,train
2026-04-24 08:00:00,2026-04-24 07:50:05.000,2026-04-24 08:11:39.000,train,train
2026-04-24 08:03:00,2026-04-24 07:53:05.000,2026-04-24 08:14:39.000,train,train
2026-04-24 08:06:00,2026-04-24 07:56:05.000,2026-04-24 08:17:39.000,train,train
2026-04-24 08:09:00,2026-04-24 07:59:05.000,2026-04-24 08:20:39.000,train,train
2026-04-24 08:12:00,2026-04-24 08:02:05.000,2026-04-24 08:23:39.000,validation,train
2026-04-24 08:15:00,2026-04-24 08:05:06.000,2026-04-24 08:26:39.000,train,train
2026-04-24 08:18:00,2026-04-24 08:08:06.000,2026-04-24 08:29:39.000,train,train
2026-04-24 08:21:00,2026-04-24 08:11:06.000,2026-04-24 08:32:39.000,validation,train
2026-04-24 08:24:00,2026-04-24 08:14:06.000,2026-04-24 08:35:39.000,train,train
2026-04-24 08:27:00,2026-04-24 08:17:06.000,2026-04-24 08:38:39.000,validation,train
2026-04-24 08:30:00,2026-04-24 08:20:06.000,2026-04-24 08:41:39.000,train,train
2026-04-24 08:33:00,2026-04-24 08:23:06.000,2026-04-24 08:44:39.000,train,train
2026-04-24 08:36:00,2026-04-24 08:26:06.000,2026-04-24 08:47:39.000,validation,train
2026-04-24 08:39:00,2026-04-24 08:29:06.000,2026-04-24 08:50:39.000,train,train
2026-04-24 08:42:00,2026-04-24 08:32:06.000,2026-04-24 08:53:39.000,train,train
2026-04-24 08:45:00,2026-04-24 08:35:06.000,2026-04-24 08:56:39.000,train,train
2026-04-24 08:48:00,2026-04-24 08:38:06.000,2026-04-24 08:59:39.000,train,train
2026-04-24 08:51:00,2026-04-24 08:41:06.000,2026-04-24 09:02:39.000,validation,train
2026-04-24 08:54:00,2026-04-24 08:44:06.000,2026-04-24 09:05:39.000,train,train
2026-04-24 08:57:00,2026-04-24 08:47:06.000,2026-04-24 09:08:39.000,validation,train
2026-04-24 09:00:00,2026-04-24 08:50:06.000,2026-04-24 09:11:39.000,train,train
2026-04-24 09:03:00,2026-04-24 08:53:06.000,2026-04-24 09:14:39.000,train,train
2026-04-24 09:06:00,2026-04-24 08:56:06.000,2026-04-24 09:17:39.000,validation,train
2026-04-24 09:09:00,2026-04-24 08:59:06.000,2026-04-24 09:20:39.000,validation,train
2026-04-24 09:12:00,2026-04-24 09:02:06.000,2026-04-24 09:23:39.000,validation,train
2026-04-24 09:15:00,2026-04-24 09:05:06.000,2026-04-24 09:26:39.000,train,train
2026-04-24 09:18:00,2026-04-24 09:08:06.000,2026-04-24 09:29:39.000,train,train
2026-04-24 09:21:00,2026-04-24 09:11:07.000,2026-04-24 09:32:39.000,train,train
2026-04-24 09:24:00,2026-04-24 09:14:07.000,2026-04-24 09:35:39.000,validation,train
2026-04-24 09:27:00,2026-04-24 09:17:07.000,2026-04-24 09:38:39.000,train,train
2026-04-24 09:30:00,2026-04-24 09:20:07.000,2026-04-24 09:41:39.000,validation,train
2026-04-24 09:33:00,2026-04-24 09:23:07.000,2026-04-24 09:44:39.000,train,train
2026-04-24 09:36:00,2026-04-24 09:26:07.000,2026-04-24 09:47:39.000,train,train
2026-04-24 09:39:00,2026-04-24 09:29:07.000,2026-04-24 09:50:39.000,train,train
2026-04-24 09:42:00,2026-04-24 09:32:07.000,2026-04-24 09:53:39.000,train,train
2026-04-24 09:45:00,2026-04-24 09:35:07.000,2026-04-24 09:56:39.000,validation,train
2026-04-24 09:48:00,2026-04-24 09:38:07.000,2026-04-24 09:59:39.000,train,train
2026-04-24 09:51:00,2026-04-24 09:41:07.000,2026-04-24 10:02:39.000,validation,train
2026-04-24 09:54:00,2026-04-24 09:44:07.000,2026-04-24 10:05:39.000,train,train
2026-04-24 09:57:00,2026-04-24 09:47:07.000,2026-04-24 10:08:39.000,validation,train
2026-04-24 10:00:00,2026-04-24 09:50:07.000,2026-04-24 10:11:39.000,train,train
2026-04-24 10:03:00,2026-04-24 09:53:07.000,2026-04-24 10:14:39.000,train,train
2026-04-24 10:06:00,2026-04-24 09:56:07.000,2026-04-24 10:17:39.000,validation,train
2026-04-24 10:09:00,2026-04-24 09:59:07.000,2026-04-24 10:20:39.000,train,train
2026-04-24 10:12:00,2026-04-24 10:02:07.000,2026-04-24 10:23:39.000,train,train
2026-04-24 10:15:00,2026-04-24 10:05:07.000,2026-04-24 10:26:39.000,train,train
2026-04-24 10:18:00,2026-04-24 10:08:07.000,2026-04-24 10:29:39.000,validation,train
2026-04-24 10:21:00,2026-04-24 10:11:07.000,2026-04-24 10:32:39.000,train,train
2026-04-24 10:24:00,2026-04-24 10:14:07.000,2026-04-24 10:35:39.000,validation,train
2026-04-24 10:27:00,2026-04-24 10:17:07.724,2026-04-24 10:38:39.000,train,train
2026-04-24 10:30:00,2026-04-24 10:20:07.724,2026-04-24 10:41:39.000,train,train
2026-04-24 10:33:00,2026-04-24 10:23:07.724,2026-04-24 10:44:39.000,train,train
2026-04-24 10:36:00,2026-04-24 10:26:07.724,2026-04-24 10:47:39.000,train,train
2026-04-24 10:39:00,2026-04-24 10:29:07.724,2026-04-24 10:50:39.000,validation,train
2026-04-24 10:42:00,2026-04-24 10:32:07.724,2026-04-24 10:53:39.000,train,train
2026-04-24 10:45:00,2026-04-24 10:35:07.724,2026-04-24 10:56:39.000,train,train
2026-04-24 10:48:00,2026-04-24 10:38:07.724,2026-04-24 10:59:39.000,train,train
2026-04-24 10:51:00,2026-04-24 10:41:07.724,2026-04-24 11:02:39.000,train,train
2026-04-24 10:54:00,2026-04-24 10:44:07.724,2026-04-24 11:05:39.000,train,train
2026-04-24 10:57:00,2026-04-24 10:47:07.724,2026-04-24 11:08:39.000,train,train
2026-04-24 11:00:00,2026-04-24 10:50:07.724,2026-04-24 11:11:39.000,train,train
2026-04-24 11:03:00,2026-04-24 10:53:07.724,2026-04-24 11:14:39.000,train,train
2026-04-24 11:06:00,2026-04-24 10:56:07.724,2026-04-24 11:17:39.000,validation,train
2026-04-24 11:09:00,2026-04-24 10:59:07.724,2026-04-24 11:20:39.000,train,train
2026-04-24 11:12:00,2026-04-24 11:02:07.724,2026-04-24 11:23:39.000,train,train
2026-04-24 11:15:00,2026-04-24 11:05:07.724,2026-04-24 11:26:39.000,train,train
2026-04-24 11:18:00,2026-04-24 11:08:07.724,2026-04-24 11:29:39.000,validation,train
2026-04-24 11:21:00,2026-04-24 11:11:07.724,2026-04-24 11:32:39.000,train,train
2026-04-24 11:24:00,2026-04-24 11:14:07.724,2026-04-24 11:35:39.000,train,train
2026-04-24 11:27:00,2026-04-24 11:17:07.724,2026-04-24 11:38:39.000,train,train
2026-04-24 11:30:00,2026-04-24 11:20:07.724,2026-04-24 11:41:39.000,train,train
2026-04-24 11:33:00,2026-04-24 11:23:07.724,2026-04-24 11:44:39.000,train,train
2026-04-24 11:36:00,2026-04-24 11:26:07.724,2026-04-24 11:47:39.000,train,train
2026-04-24 11:39:00,2026-04-24 11:29:07.724,2026-04-24 11:50:39.000,train,train
2026-04-24 11:42:00,2026-04-24 11:32:07.724,2026-04-24 11:53:39.000,validation,train
2026-04-24 11:45:00,2026-04-24 11:35:07.724,2026-04-24 11:56:39.000,train,train
2026-04-24 11:48:00,2026-04-24 11:38:07.724,2026-04-24 11:59:39.000,validation,train
2026-04-24 11:51:00,2026-04-24 11:41:07.724,2026-04-24 12:02:39.000,train,train
2026-04-24 11:54:00,2026-04-24 11:44:07.724,2026-04-24 12:05:39.000,train,train
2026-04-24 11:57:00,2026-04-24 11:47:07.724,2026-04-24 12:08:39.000,validation,train
2026-04-24 12:00:00,2026-04-24 11:50:07.724,2026-04-24 12:11:39.000,train,train
2026-04-24 12:03:00,2026-04-24 11:53:07.724,2026-04-24 12:14:39.000,train,train
2026-04-24 12:06:00,2026-04-24 11:56:07.724,2026-04-24 12:17:39.000,validation,train
2026-04-24 12:09:00,2026-04-24 11:59:07.724,2026-04-24 12:20:39.000,validation,train
2026-04-24 12:12:00,2026-04-24 12:02:07.724,2026-04-24 12:23:39.000,train,train
2026-04-24 12:15:00,2026-04-24 12:05:07.724,2026-04-24 12:26:39.000,train,train
2026-04-24 12:18:00,2026-04-24 12:08:07.724,2026-04-24 12:29:39.000,train,train
2026-04-24 12:21:00,2026-04-24 12:11:07.724,2026-04-24 12:32:39.000,train,train
2026-04-24 12:24:00,2026-04-24 12:14:07.724,2026-04-24 12:35:39.000,train,train
2026-04-24 12:27:00,2026-04-24 12:17:07.724,2026-04-24 12:38:39.000,train,train
2026-04-24 12:30:00,2026-04-24 12:20:07.724,2026-04-24 12:41:39.000,validation,train
2026-04-24 12:33:00,2026-04-24 12:23:07.724,2026-04-24 12:44:39.000,train,train
2026-04-24 12:36:00,2026-04-24 12:26:07.724,2026-04-24 12:47:39.000,train,train
2026-04-24 12:39:00,2026-04-24 12:29:07.724,2026-04-24 12:50:39.000,train,train
2026-04-24 12:42:00,2026-04-24 12:32:07.724,2026-04-24 12:53:39.000,train,train
2026-04-24 12:45:00,2026-04-24 12:35:07.724,2026-04-24 12:56:39.000,train,train
2026-04-24 12:48:00,2026-04-24 12:38:07.724,2026-04-24 12:59:39.000,train,train
2026-04-24 12:51:00,2026-04-24 12:41:07.724,2026-04-24 13:02:39.000,train,train
2026-04-24 12:54:00,2026-04-24 12:44:07.724,2026-04-24 13:05:39.000,train,train
2026-04-24 12:57:00,2026-04-24 12:47:07.724,2026-04-24 13:08:39.000,train,train
2026-04-24 13:00:00,2026-04-24 12:50:07.724,2026-04-24 13:11:39.000,train,train
2026-04-24 13:03:00,2026-04-24 12:53:07.724,2026-04-24 13:14:39.000,train,train
2026-04-24 13:06:00,2026-04-24 12:56:07.724,2026-04-24 13:17:39.000,train,train
2026-04-24 13:09:00,2026-04-24 12:59:07.724,2026-04-24 13:20:39.000,train,train
2026-04-24 13:12:00,2026-04-24 13:02:07.724,2026-04-24 13:23:39.000,train,train
2026-04-24 13:15:00,2026-04-24 13:05:07.724,2026-04-24 13:26:39.000,train,train
2026-04-24 13:18:00,2026-04-24 13:08:07.724,2026-04-24 13:29:39.000,validation,train
2026-04-24 13:21:00,2026-04-24 13:11:07.724,2026-04-24 13:32:39.000,train,train
2026-04-24 13:24:00,2026-04-24 13:14:07.724,2026-04-24 13:35:39.000,train,train
2026-04-24 13:27:00,2026-04-24 13:17:07.724,2026-04-24 13:38:39.000,train,train
2026-04-24 13:30:00,2026-04-24 13:20:07.724,2026-04-24 13:41:39.000,validation,train
2026-04-24 13:33:00,2026-04-24 13:23:07.724,2026-04-24 13:44:39.000,validation,train
2026-04-24 13:36:00,2026-04-24 13:26:07.724,2026-04-24 13:47:39.000,train,train
2026-04-24 13:39:00,2026-04-24 13:29:07.724,2026-04-24 13:50:39.000,validation,train
2026-04-24 13:42:00,2026-04-24 13:32:07.724,2026-04-24 13:53:39.000,validation,train
2026-04-24 13:45:00,2026-04-24 13:35:07.724,2026-04-24 13:56:39.000,train,train
2026-04-24 13:48:00,2026-04-24 13:38:07.724,2026-04-24 13:59:39.000,train,train
2026-04-24 13:51:00,2026-04-24 13:41:07.724,2026-04-24 14:02:39.000,train,train
2026-04-24 13:54:00,2026-04-24 13:44:07.724,2026-04-24 14:05:39.000,train,train
2026-04-24 13:57:00,2026-04-24 13:47:07.724,2026-04-24 14:08:39.000,train,train
2026-04-24 14:00:00,2026-04-24 13:50:07.724,2026-04-24 14:11:39.000,train,train
2026-04-24 14:03:00,2026-04-24 13:53:07.724,2026-04-24 14:14:39.000,train,train
2026-04-24 14:06:00,2026-04-24 13:56:07.724,2026-04-24 14:17:39.000,train,train
2026-04-24 14:09:00,2026-04-24 13:59:07.724,2026-04-24 14:20:39.000,train,train
2026-04-24 14:12:00,2026-04-24 14:02:07.724,2026-04-24 14:23:39.000,train,train
2026-04-24 14:15:00,2026-04-24 14:05:07.724,2026-04-24 14:26:39.000,train,train
2026-04-24 14:18:00,2026-04-24 14:08:07.724,2026-04-24 14:29:39.000,validation,train
2026-04-24 14:21:00,2026-04-24 14:11:07.724,2026-04-24 14:32:39.000,train,train
2026-04-24 14:24:00,2026-04-24 14:14:07.724,2026-04-24 14:35:39.000,train,train
2026-04-24 14:27:00,2026-04-24 14:17:07.724,2026-04-24 14:38:39.000,train,train
2026-04-24 14:30:00,2026-04-24 14:20:07.724,2026-04-24 14:41:39.000,train,train
2026-04-24 14:33:00,2026-04-24 14:23:07.724,2026-04-24 14:44:39.000,train,train
2026-04-24 14:36:00,2026-04-24 14:26:07.724,2026-04-24 14:47:39.000,validation,train
2026-04-24 14:39:00,2026-04-24 14:29:07.724,2026-04-24 14:50:39.000,train,train
2026-04-24 14:42:00,2026-04-24 14:32:07.724,2026-04-24 14:53:39.000,train,train
2026-04-24 14:45:00,2026-04-24 14:35:07.724,2026-04-24 14:56:39.000,train,train
2026-04-24 14:48:00,2026-04-24 14:38:07.724,2026-04-24 14:59:39.000,train,train
2026-04-24 14:51:00,2026-04-24 14:41:07.724,2026-04-24 15:02:39.000,train,train
2026-04-24 14:54:00,2026-04-24 14:44:07.724,2026-04-24 15:05:39.000,train,train
2026-04-24 14:57:00,2026-04-24 14:47:07.724,2026-04-24 15:08:39.000,train,train
2026-04-24 15:00:00,2026-04-24 14:50:07.724,2026-04-24 15:11:39.000,train,train
2026-04-24 15:03:00,2026-04-24 14:53:07.724,2026-04-24 15:14:39.000,train,train
2026-04-24 15:06:00,2026-04-24 14:56:07.724,2026-04-24 15:17:39.000,train,train
2026-04-24 15:09:00,2026-04-24 14:59:07.724,2026-04-24 15:20:39.000,train,train
2026-04-24 15:12:00,2026-04-24 15:02:07.724,2026-04-24 15:23:39.000,train,train
2026-04-24 15:15:00,2026-04-24 15:05:07.724,2026-04-24 15:26:39.000,train,train
2026-04-24 15:18:00,2026-04-24 15:08:07.724,2026-04-24 15:29:39.000,train,train
2026-04-24 15:21:00,2026-04-24 15:11:07.724,2026-04-24 15:32:39.000,train,train
2026-04-24 15:24:00,2026-04-24 15:14:07.724,2026-04-24 15:35:39.000,train,train
2026-04-24 15:27:00,2026-04-24 15:17:07.724,2026-04-24 15:38:39.000,validation,train
2026-04-24 15:30:00,2026-04-24 15:20:07.724,2026-04-24 15:41:39.000,train,train
2026-04-24 15:33:00,2026-04-24 15:23:07.724,2026-04-24 15:44:39.000,train,train
2026-04-24 15:36:00,2026-04-24 15:26:07.724,2026-04-24 15:47:39.000,train,train
2026-04-24 15:39:00,2026-04-24 15:29:07.724,2026-04-24 15:50:39.000,train,train
2026-04-24 15:42:00,2026-04-24 15:32:07.724,2026-04-24 15:53:39.000,train,train
2026-04-24 15:45:00,2026-04-24 15:35:07.724,2026-04-24 15:56:39.000,train,train
2026-04-24 15:48:00,2026-04-24 15:38:07.724,2026-04-24 15:59:39.000,train,train
2026-04-24 15:51:00,2026-04-24 15:41:07.724,2026-04-24 16:02:39.000,train,train
2026-04-24 15:54:00,2026-04-24 15:44:07.724,2026-04-24 16:05:39.000,train,train
2026-04-24 15:57:00,2026-04-24 15:47:07.724,2026-04-24 16:08:39.000,validation,train
2026-04-24 16:00:00,2026-04-24 15:50:07.724,2026-04-24 16:11:39.000,train,train
2026-04-24 16:03:00,2026-04-24 15:53:07.724,2026-04-24 16:14:39.000,train,train
2026-04-24 16:06:00,2026-04-24 15:56:07.724,2026-04-24 16:17:39.000,train,train
2026-04-24 16:09:00,2026-04-24 15:59:07.724,2026-04-24 16:20:39.000,train,train
2026-04-24 16:12:00,2026-04-24 16:02:07.724,2026-04-24 16:23:39.000,train,train
2026-04-24 16:15:00,2026-04-24 16:05:07.724,2026-04-24 16:26:39.000,train,train
2026-04-24 16:18:00,2026-04-24 16:08:07.724,2026-04-24 16:29:39.000,train,train
2026-04-24 16:21:00,2026-04-24 16:11:07.724,2026-04-24 16:32:39.000,train,train
2026-04-24 16:24:00,2026-04-24 16:14:07.724,2026-04-24 16:35:39.000,train,train
2026-04-24 16:27:00,2026-04-24 16:17:07.724,2026-04-24 16:38:39.000,train,train
2026-04-24 16:30:00,2026-04-24 16:20:07.724,2026-04-24 16:41:39.000,train,train
2026-04-24 16:33:00,2026-04-24 16:23:07.724,2026-04-24 16:44:39.000,train,train
2026-04-24 16:36:00,2026-04-24 16:26:07.724,2026-04-24 16:47:39.000,train,train
2026-04-24 16:39:00,2026-04-24 16:29:07.724,2026-04-24 16:50:39.000,train,train
2026-04-24 16:42:00,2026-04-24 16:32:07.724,2026-04-24 16:53:39.000,validation,train
2026-04-24 16:45:00,2026-04-24 16:35:07.724,2026-04-24 16:56:39.000,train,train
2026-04-24 16:48:00,2026-04-24 16:38:07.724,2026-04-24 16:59:39.000,validation,train
2026-04-24 16:51:00,2026-04-24 16:41:07.724,2026-04-24 17:02:39.000,train,train
2026-04-24 16:54:00,2026-04-24 16:44:07.724,2026-04-24 17:05:39.000,train,train
2026-04-24 16:57:00,2026-04-24 16:47:07.724,2026-04-24 17:08:39.000,validation,train
2026-04-24 17:00:00,2026-04-24 16:50:07.724,2026-04-24 17:11:39.000,validation,train
2026-04-24 17:03:00,2026-04-24 16:53:07.724,2026-04-24 17:14:39.000,train,train
2026-04-24 17:06:00,2026-04-24 16:56:07.724,2026-04-24 17:17:39.000,train,train
2026-04-24 17:09:00,2026-04-24 16:59:07.724,2026-04-24 17:20:39.000,train,train
2026-04-24 17:12:00,2026-04-24 17:02:07.724,2026-04-24 17:23:39.000,validation,train
2026-04-24 17:15:00,2026-04-24 17:05:07.724,2026-04-24 17:26:39.000,train,train
2026-04-24 17:18:00,2026-04-24 17:08:07.724,2026-04-24 17:29:39.000,train,train
2026-04-24 17:21:00,2026-04-24 17:11:07.724,2026-04-24 17:32:39.000,train,train
2026-04-24 17:24:00,2026-04-24 17:14:07.724,2026-04-24 17:35:39.000,train,train
2026-04-24 17:27:00,2026-04-24 17:17:07.724,2026-04-24 17:38:39.000,validation,train
2026-04-24 17:30:00,2026-04-24 17:20:07.724,2026-04-24 17:41:39.000,train,train
2026-04-24 17:33:00,2026-04-24 17:23:07.724,2026-04-24 17:44:39.000,train,train
2026-04-24 17:36:00,2026-04-24 17:26:07.724,2026-04-24 17:47:39.000,train,train
2026-04-24 17:39:00,2026-04-24 17:29:07.724,2026-04-24 17:50:39.000,train,train
2026-04-24 17:42:00,2026-04-24 17:32:07.724,2026-04-24 17:53:39.000,train,train
2026-04-24 17:45:00,2026-04-24 17:35:07.724,2026-04-24 17:56:39.000,train,train
2026-04-24 17:48:00,2026-04-24 17:38:07.724,2026-04-24 17:59:39.000,train,train
2026-04-24 17:51:00,2026-04-24 17:41:07.724,2026-04-24 18:02:39.000,validation,train
2026-04-24 17:54:00,2026-04-24 17:44:07.724,2026-04-24 18:05:39.000,validation,train
2026-04-24 17:57:00,2026-04-24 17:47:07.724,2026-04-24 18:08:39.000,train,train
2026-04-24 18:00:00,2026-04-24 17:50:07.724,2026-04-24 18:11:39.000,train,train
2026-04-24 18:03:00,2026-04-24 17:53:07.724,2026-04-24 18:14:39.000,train,train
2026-04-24 18:06:00,2026-04-24 17:56:07.724,2026-04-24 18:17:39.000,validation,train
2026-04-24 18:09:00,2026-04-24 17:59:07.724,2026-04-24 18:20:39.000,validation,train
2026-04-24 18:12:00,2026-04-24 18:02:07.724,2026-04-24 18:23:39.000,train,train
2026-04-24 18:15:00,2026-04-24 18:05:07.724,2026-04-24 18:26:39.000,train,train
2026-04-24 18:18:00,2026-04-24 18:08:07.724,2026-04-24 18:29:39.000,train,train
2026-04-24 18:21:00,2026-04-24 18:11:07.724,2026-04-24 18:32:39.000,train,train
2026-04-24 18:24:00,2026-04-24 18:14:07.724,2026-04-24 18:35:39.000,train,train
2026-04-24 18:27:00,2026-04-24 18:17:07.724,2026-04-24 18:38:39.000,train,train
2026-04-24 18:30:00,2026-04-24 18:20:07.724,2026-04-24 18:41:39.000,train,train
2026-04-24 18:33:00,2026-04-24 18:23:07.724,2026-04-24 18:44:39.000,train,train
2026-04-24 18:36:00,2026-04-24 18:26:07.724,2026-04-24 18:47:39.000,validation,train
2026-04-24 18:39:00,2026-04-24 18:29:07.724,2026-04-24 18:50:39.000,train,train
2026-04-24 18:42:00,2026-04-24 18:32:07.724,2026-04-24 18:53:39.000,train,train
2026-04-24 18:45:00,2026-04-24 18:35:07.724,2026-04-24 18:56:39.000,train,train
2026-04-24 18:48:00,2026-04-24 18:38:07.724,2026-04-24 18:59:39.000,train,train
2026-04-24 18:51:00,2026-04-24 18:41:07.724,2026-04-24 19:02:39.000,train,train
2026-04-24 18:54:00,2026-04-24 18:44:07.724,2026-04-24 19:05:39.000,train,train
2026-04-24 18:57:00,2026-04-24 18:47:07.724,2026-04-24 19:08:39.000,train,train
2026-04-24 19:00:00,2026-04-24 18:50:07.724,2026-04-24 19:11:39.000,train,train
2026-04-24 19:03:00,2026-04-24 18:53:07.724,2026-04-24 19:14:39.000,train,train
2026-04-24 19:06:00,2026-04-24 18:56:07.724,2026-04-24 19:17:39.000,validation,train
2026-04-24 19:09:00,2026-04-24 18:59:07.724,2026-04-24 19:20:39.000,train,train
2026-04-24 19:12:00,2026-04-24 19:02:07.724,2026-04-24 19:23:39.000,train,train
2026-04-24 19:15:00,2026-04-24 19:05:07.724,2026-04-24 19:26:39.000,validation,train
2026-04-24 19:18:00,2026-04-24 19:08:07.724,2026-04-24 19:29:39.000,train,train
2026-04-24 19:21:00,2026-04-24 19:11:07.724,2026-04-24 19:32:39.000,train,train
2026-04-24 19:24:00,2026-04-24 19:14:07.724,2026-04-24 19:35:39.000,validation,train
2026-04-24 19:27:00,2026-04-24 19:17:07.724,2026-04-24 19:38:39.000,train,train
2026-04-24 19:30:00,2026-04-24 19:20:07.724,2026-04-24 19:41:39.000,train,train
2026-04-24 19:33:00,2026-04-24 19:23:07.724,2026-04-24 19:44:39.000,validation,train
2026-04-24 19:36:00,2026-04-24 19:26:07.724,2026-04-24 19:47:39.000,train,train
2026-04-24 19:39:00,2026-04-24 19:29:07.724,2026-04-24 19:50:39.000,train,train
2026-04-24 19:42:00,2026-04-24 19:32:07.724,2026-04-24 19:53:39.000,train,train
2026-04-24 19:45:00,2026-04-24 19:35:07.724,2026-04-24 19:56:39.000,validation,train
2026-04-24 19:48:00,2026-04-24 19:38:07.724,2026-04-24 19:59:39.000,train,train
2026-04-24 19:51:00,2026-04-24 19:41:07.724,2026-04-24 20:02:39.000,validation,train
2026-04-24 19:54:00,2026-04-24 19:44:07.724,2026-04-24 20:05:39.000,train,train
2026-04-24 19:57:00,2026-04-24 19:47:07.724,2026-04-24 20:08:39.000,train,train
2026-04-24 20:00:00,2026-04-24 19:50:07.724,2026-04-24 20:11:39.000,train,train
2026-04-24 20:03:00,2026-04-24 19:53:07.724,2026-04-24 20:14:39.000,train,train
2026-04-24 20:06:00,2026-04-24 19:56:07.724,2026-04-24 20:17:39.000,validation,train
2026-04-24 20:09:00,2026-04-24 19:59:07.724,2026-04-24 20:20:39.000,train,train
2026-04-24 20:12:00,2026-04-24 20:02:07.724,2026-04-24 20:23:39.000,train,train
2026-04-24 20:15:00,2026-04-24 20:05:07.724,2026-04-24 20:26:39.000,train,train
2026-04-24 20:18:00,2026-04-24 20:08:07.724,2026-04-24 20:29:39.000,train,train
2026-04-24 20:21:00,2026-04-24 20:11:07.724,2026-04-24 20:32:39.000,validation,train
2026-04-24 20:24:00,2026-04-24 20:14:07.724,2026-04-24 20:35:39.000,train,train
2026-04-24 20:27:00,2026-04-24 20:17:07.724,2026-04-24 20:38:39.000,train,train
2026-04-24 20:30:00,2026-04-24 20:20:07.724,2026-04-24 20:41:39.000,validation,train
2026-04-24 20:33:00,2026-04-24 20:23:07.724,2026-04-24 20:44:39.000,train,train
2026-04-24 20:36:00,2026-04-24 20:26:07.724,2026-04-24 20:47:39.000,train,train
2026-04-24 20:39:00,2026-04-24 20:29:07.724,2026-04-24 20:50:39.000,train,train
2026-04-24 20:42:00,2026-04-24 20:32:07.724,2026-04-24 20:53:39.000,train,train
2026-04-24 20:45:00,2026-04-24 20:35:07.724,2026-04-24 20:56:39.000,train,train
2026-04-24 20:48:00,2026-04-24 20:38:07.724,2026-04-24 20:59:39.000,validation,train
2026-04-24 20:51:00,2026-04-24 20:41:07.724,2026-04-24 21:02:39.000,train,train
2026-04-24 20:54:00,2026-04-24 20:44:07.724,2026-04-24 21:05:39.000,train,train
2026-04-24 20:57:00,2026-04-24 20:47:07.724,2026-04-24 21:08:39.000,train,train
2026-04-24 21:00:00,2026-04-24 20:50:07.724,2026-04-24 21:11:39.000,train,train
2026-04-24 21:03:00,2026-04-24 20:53:07.724,2026-04-24 21:14:39.000,validation,train
2026-04-24 21:06:00,2026-04-24 20:56:07.724,2026-04-24 21:17:39.000,validation,train
2026-04-24 21:09:00,2026-04-24 20:59:07.724,2026-04-24 21:20:39.000,validation,train
2026-04-24 21:12:00,2026-04-24 21:02:07.724,2026-04-24 21:23:39.000,train,train
2026-04-24 21:15:00,2026-04-24 21:05:07.724,2026-04-24 21:26:39.000,train,train
2026-04-24 21:18:00,2026-04-24 21:08:07.724,2026-04-24 21:29:39.000,validation,train
2026-04-24 21:21:00,2026-04-24 21:11:07.724,2026-04-24 21:32:39.000,train,train
2026-04-24 21:24:00,2026-04-24 21:14:07.724,2026-04-24 21:35:39.000,train,train
2026-04-24 21:27:00,2026-04-24 21:17:07.724,2026-04-24 21:38:39.000,train,train
2026-04-24 21:30:00,2026-04-24 21:20:07.724,2026-04-24 21:41:39.000,train,train
2026-04-24 21:33:00,2026-04-24 21:23:07.724,2026-04-24 21:44:39.000,train,train
2026-04-24 21:36:00,2026-04-24 21:26:07.724,2026-04-24 21:47:39.000,train,train
2026-04-24 21:39:00,2026-04-24 21:29:07.724,2026-04-24 21:50:39.000,train,train
2026-04-24 21:42:00,2026-04-24 21:32:07.724,2026-04-24 21:53:39.000,train,train
2026-04-24 21:45:00,2026-04-24 21:35:07.724,2026-04-24 21:56:39.000,train,train
2026-04-24 21:48:00,2026-04-24 21:38:07.724,2026-04-24 21:59:39.000,train,train
2026-04-24 21:51:00,2026-04-24 21:41:07.724,2026-04-24 22:02:39.000,train,train
2026-04-24 21:54:00,2026-04-24 21:44:07.724,2026-04-24 22:05:39.000,train,train
2026-04-24 21:57:00,2026-04-24 21:47:07.724,2026-04-24 22:08:39.000,train,train
2026-04-24 22:00:00,2026-04-24 21:50:07.724,2026-04-24 22:11:39.000,train,train
2026-04-24 22:03:00,2026-04-24 21:53:07.724,2026-04-24 22:14:40.000,train,train
2026-04-24 22:06:00,2026-04-24 21:56:07.724,2026-04-24 22:17:40.000,validation,train
2026-04-24 22:09:00,2026-04-24 21:59:07.724,2026-04-24 22:20:40.000,validation,train
2026-04-24 22:12:00,2026-04-24 22:02:07.724,2026-04-24 22:23:40.000,train,train
2026-04-24 22:15:00,2026-04-24 22:05:07.724,2026-04-24 22:26:40.000,train,train
2026-04-24 22:18:00,2026-04-24 22:08:07.724,2026-04-24 22:29:40.000,validation,train
2026-04-24 22:21:00,2026-04-24 22:11:07.724,2026-04-24 22:32:40.000,validation,train
2026-04-24 22:24:00,2026-04-24 22:14:07.724,2026-04-24 22:35:40.000,validation,train
2026-04-24 22:27:00,2026-04-24 22:17:07.724,2026-04-24 22:38:40.000,train,train
2026-04-24 22:30:00,2026-04-24 22:20:07.724,2026-04-24 22:41:40.000,train,train
2026-04-24 22:33:00,2026-04-24 22:23:07.724,2026-04-24 22:44:40.000,train,train
2026-04-24 22:36:00,2026-04-24 22:26:07.724,2026-04-24 22:47:40.000,train,train
2026-04-24 22:39:00,2026-04-24 22:29:07.724,2026-04-24 22:50:40.000,train,train
2026-04-24 22:42:00,2026-04-24 22:32:07.724,2026-04-24 22:53:40.000,train,train
2026-04-24 22:45:00,2026-04-24 22:35:07.724,2026-04-24 22:56:40.000,train,train
2026-04-24 22:48:00,2026-04-24 22:38:07.724,2026-04-24 22:59:40.000,train,train
2026-04-24 22:51:00,2026-04-24 22:41:07.724,2026-04-24 23:02:40.000,train,train
2026-04-24 22:54:00,2026-04-24 22:44:07.724,2026-04-24 23:05:40.000,train,train
2026-04-24 22:57:00,2026-04-24 22:47:07.724,2026-04-24 23:08:40.000,validation,train
2026-04-24 23:00:00,2026-04-24 22:50:07.724,2026-04-24 23:11:40.000,train,train
2026-04-24 23:03:00,2026-04-24 22:53:07.724,2026-04-24 23:14:40.000,validation,train
2026-04-24 23:06:00,2026-04-24 22:56:07.724,2026-04-24 23:17:40.000,train,train
2026-04-24 23:09:00,2026-04-24 22:59:07.724,2026-04-24 23:20:40.000,train,train
2026-04-24 23:12:00,2026-04-24 23:02:07.724,2026-04-24 23:23:40.000,train,train
2026-04-24 23:15:00,2026-04-24 23:05:07.724,2026-04-24 23:26:40.000,train,train
2026-04-24 23:18:00,2026-04-24 23:08:07.724,2026-04-24 23:29:40.000,train,train
2026-04-24 23:21:00,2026-04-24 23:11:07.724,2026-04-24 23:32:40.000,train,train
2026-04-24 23:24:00,2026-04-24 23:14:07.724,2026-04-24 23:35:40.000,validation,train
2026-04-24 23:27:00,2026-04-24 23:17:07.724,2026-04-24 23:38:40.000,train,train
2026-04-24 23:30:00,2026-04-24 23:20:07.724,2026-04-24 23:41:40.000,train,train
2026-04-24 23:33:00,2026-04-24 23:23:07.724,2026-04-24 23:44:40.000,train,train
2026-04-24 23:36:00,2026-04-24 23:26:07.724,2026-04-24 23:47:40.000,train,train
2026-04-24 23:39:00,2026-04-24 23:29:07.724,2026-04-24 23:50:40.000,train,train
2026-04-24 23:42:00,2026-04-24 23:32:07.724,2026-04-24 23:53:40.000,train,train
2026-04-24 23:45:00,2026-04-24 23:35:07.724,2026-04-24 23:56:40.000,validation,train
2026-04-24 23:48:00,2026-04-24 23:38:07.724,2026-04-24 23:59:40.000,train,train
2026-04-24 23:51:00,2026-04-24 23:41:07.724,2026-04-25 00:02:40.000,validation,train
2026-04-24 23:54:00,2026-04-24 23:44:07.724,2026-04-25 00:05:40.000,train,train
2026-04-24 23:57:00,2026-04-24 23:47:07.724,2026-04-25 00:08:40.000,train,train
2026-04-25 00:00:00,2026-04-24 23:50:07.724,2026-04-25 00:11:40.000,validation,train
2026-04-25 00:03:00,2026-04-24 23:53:07.724,2026-04-25 00:14:40.000,train,train
2026-04-25 00:06:00,2026-04-24 23:56:07.724,2026-04-25 00:17:40.000,train,train
2026-04-25 00:09:00,2026-04-24 23:59:07.724,2026-04-25 00:20:40.000,validation,train
2026-04-25 00:12:00,2026-04-25 00:02:07.724,2026-04-25 00:23:40.000,train,train
2026-04-25 00:15:00,2026-04-25 00:05:07.724,2026-04-25 00:26:40.000,validation,train
2026-04-25 00:18:00,2026-04-25 00:08:07.724,2026-04-25 00:29:40.000,train,train
2026-04-25 00:21:00,2026-04-25 00:11:07.724,2026-04-25 00:32:40.000,validation,train
2026-04-25 00:24:00,2026-04-25 00:14:07.724,2026-04-25 00:35:40.000,train,train
2026-04-25 00:27:00,2026-04-25 00:17:07.724,2026-04-25 00:38:40.000,train,train
2026-04-25 00:30:00,2026-04-25 00:20:07.724,2026-04-25 00:41:40.000,validation,train
2026-04-25 00:33:00,2026-04-25 00:23:07.724,2026-04-25 00:44:40.000,train,train
2026-04-25 00:36:00,2026-04-25 00:26:07.724,2026-04-25 00:47:40.000,train,train
2026-04-25 00:39:00,2026-04-25 00:29:07.724,2026-04-25 00:50:40.000,train,train
2026-04-25 00:42:00,2026-04-25 00:32:07.724,2026-04-25 00:53:40.000,train,train
2026-04-25 00:45:00,2026-04-25 00:35:07.724,2026-04-25 00:56:40.000,validation,train
2026-04-25 00:48:00,2026-04-25 00:38:07.724,2026-04-25 00:59:40.000,train,train
2026-04-25 00:51:00,2026-04-25 00:41:07.724,2026-04-25 01:02:40.000,train,train
2026-04-25 00:54:00,2026-04-25 00:44:07.724,2026-04-25 01:05:40.000,validation,train
2026-04-25 00:57:00,2026-04-25 00:47:07.724,2026-04-25 01:08:40.000,train,train
2026-04-25 01:00:00,2026-04-25 00:50:07.724,2026-04-25 01:11:40.000,validation,train
2026-04-25 01:03:00,2026-04-25 00:53:07.724,2026-04-25 01:14:40.000,validation,train
2026-04-25 01:06:00,2026-04-25 00:56:07.724,2026-04-25 01:17:40.000,train,train
2026-04-25 01:09:00,2026-04-25 00:59:07.724,2026-04-25 01:20:40.000,train,train
2026-04-25 01:12:00,2026-04-25 01:02:07.724,2026-04-25 01:23:40.000,train,train
2026-04-25 01:15:00,2026-04-25 01:05:07.724,2026-04-25 01:26:40.000,validation,train
2026-04-25 01:18:00,2026-04-25 01:08:07.724,2026-04-25 01:29:40.000,train,train
2026-04-25 01:21:00,2026-04-25 01:11:07.724,2026-04-25 01:32:40.000,train,train
2026-04-25 01:24:00,2026-04-25 01:14:07.724,2026-04-25 01:35:40.000,train,train
2026-04-25 01:27:00,2026-04-25 01:17:07.724,2026-04-25 01:38:40.000,train,train
2026-04-25 01:30:00,2026-04-25 01:20:07.724,2026-04-25 01:41:40.000,train,train
2026-04-25 01:33:00,2026-04-25 01:23:07.724,2026-04-25 01:44:40.000,train,train
2026-04-25 01:36:00,2026-04-25 01:26:07.724,2026-04-25 01:47:40.000,validation,train
2026-04-25 01:39:00,2026-04-25 01:29:07.724,2026-04-25 01:50:40.000,train,train
2026-04-25 01:42:00,2026-04-25 01:32:07.724,2026-04-25 01:53:40.000,train,train
2026-04-25 01:45:00,2026-04-25 01:35:07.724,2026-04-25 01:56:40.000,train,train
2026-04-25 01:48:00,2026-04-25 01:38:07.724,2026-04-25 01:59:40.000,train,train
2026-04-25 01:51:00,2026-04-25 01:41:07.724,2026-04-25 02:02:40.000,train,train
2026-04-25 01:54:00,2026-04-25 01:44:07.724,2026-04-25 02:05:40.000,train,train
2026-04-25 01:57:00,2026-04-25 01:47:07.724,2026-04-25 02:08:40.000,validation,train
2026-04-25 02:00:00,2026-04-25 01:50:07.724,2026-04-25 02:11:40.000,train,train
2026-04-25 02:03:00,2026-04-25 01:53:07.724,2026-04-25 02:14:40.000,train,train
2026-04-25 02:06:00,2026-04-25 01:56:07.724,2026-04-25 02:17:40.000,validation,train
2026-04-25 02:09:00,2026-04-25 01:59:07.724,2026-04-25 02:20:40.000,train,train
2026-04-25 02:12:00,2026-04-25 02:02:07.724,2026-04-25 02:23:40.000,train,train
2026-04-25 02:15:00,2026-04-25 02:05:07.724,2026-04-25 02:26:40.000,validation,train
2026-04-25 02:18:00,2026-04-25 02:08:07.724,2026-04-25 02:29:40.000,train,train
2026-04-25 02:21:00,2026-04-25 02:11:07.724,2026-04-25 02:32:40.000,train,train
2026-04-25 02:24:00,2026-04-25 02:14:07.724,2026-04-25 02:35:40.000,train,train
2026-04-25 02:27:00,2026-04-25 02:17:07.724,2026-04-25 02:38:41.000,train,train
2026-04-25 02:30:00,2026-04-25 02:20:07.724,2026-04-25 02:41:41.000,train,train
2026-04-25 02:33:00,2026-04-25 02:23:07.724,2026-04-25 02:44:41.000,train,train
2026-04-25 02:36:00,2026-04-25 02:26:07.724,2026-04-25 02:47:41.000,train,train
2026-04-25 02:39:00,2026-04-25 02:29:07.724,2026-04-25 02:50:41.000,train,train
2026-04-25 02:42:00,2026-04-25 02:32:07.724,2026-04-25 02:53:41.000,train,train
2026-04-25 02:45:00,2026-04-25 02:35:07.724,2026-04-25 02:56:41.000,train,train
2026-04-25 02:48:00,2026-04-25 02:38:07.724,2026-04-25 02:59:41.000,train,train
2026-04-25 02:51:00,2026-04-25 02:41:07.724,2026-04-25 03:02:41.000,train,train
2026-04-25 02:54:00,2026-04-25 02:44:07.724,2026-04-25 03:05:41.000,train,train
2026-04-25 02:57:00,2026-04-25 02:47:07.724,2026-04-25 03:08:41.000,train,train
2026-04-25 03:00:00,2026-04-25 02:50:07.724,2026-04-25 03:11:41.000,train,train
2026-04-25 03:03:00,2026-04-25 02:53:07.724,2026-04-25 03:14:41.000,train,train
2026-04-25 03:06:00,2026-04-25 02:56:07.724,2026-04-25 03:17:41.000,train,train
2026-04-25 03:09:00,2026-04-25 02:59:07.724,2026-04-25 03:20:41.000,train,train
2026-04-25 03:12:00,2026-04-25 03:02:07.724,2026-04-25 03:23:41.000,train,train
2026-04-25 03:15:00,2026-04-25 03:05:07.724,2026-04-25 03:26:41.000,train,train
2026-04-25 03:18:00,2026-04-25 03:08:07.724,2026-04-25 03:29:41.000,train,train
2026-04-25 03:21:00,2026-04-25 03:11:07.724,2026-04-25 03:32:41.000,train,train
2026-04-25 03:24:00,2026-04-25 03:14:07.724,2026-04-25 03:35:41.000,train,train
2026-04-25 03:27:00,2026-04-25 03:17:07.724,2026-04-25 03:38:41.000,train,train
2026-04-25 03:30:00,2026-04-25 03:20:07.724,2026-04-25 03:41:41.000,train,train
2026-04-25 03:33:00,2026-04-25 03:23:07.724,2026-04-25 03:44:42.000,validation,train
2026-04-25 03:36:00,2026-04-25 03:26:07.724,2026-04-25 03:47:42.000,train,train
2026-04-25 03:39:00,2026-04-25 03:29:07.724,2026-04-25 03:50:42.000,train,train
2026-04-25 03:42:00,2026-04-25 03:32:07.724,2026-04-25 03:53:42.000,train,train
2026-04-25 03:45:00,2026-04-25 03:35:07.724,2026-04-25 03:56:42.000,validation,train
2026-04-25 03:48:00,2026-04-25 03:38:07.724,2026-04-25 03:59:42.000,train,train
2026-04-25 03:51:00,2026-04-25 03:41:07.724,2026-04-25 04:02:42.000,train,train
2026-04-25 03:54:00,2026-04-25 03:44:07.724,2026-04-25 04:05:42.000,train,train
2026-04-25 03:57:00,2026-04-25 03:47:07.724,2026-04-25 04:08:42.000,train,train
2026-04-25 04:00:00,2026-04-25 03:50:07.724,2026-04-25 04:11:42.000,train,train
2026-04-25 04:03:00,2026-04-25 03:53:07.724,2026-04-25 04:14:42.000,validation,train
2026-04-25 04:06:00,2026-04-25 03:56:07.724,2026-04-25 04:17:42.000,train,train
2026-04-25 04:09:00,2026-04-25 03:59:07.724,2026-04-25 04:20:42.000,train,train
2026-04-25 04:12:00,2026-04-25 04:02:07.724,2026-04-25 04:23:42.000,train,train
2026-04-25 04:15:00,2026-04-25 04:05:07.724,2026-04-25 04:26:42.000,validation,train
2026-04-25 04:18:00,2026-04-25 04:08:07.724,2026-04-25 04:29:42.000,train,train
2026-04-25 04:21:00,2026-04-25 04:11:07.724,2026-04-25 04:32:42.000,validation,train
2026-04-25 04:24:00,2026-04-25 04:14:07.724,2026-04-25 04:35:42.000,validation,train
2026-04-25 04:27:00,2026-04-25 04:17:07.724,2026-04-25 04:38:42.000,train,train
2026-04-25 04:30:00,2026-04-25 04:20:07.724,2026-04-25 04:41:42.000,train,train
2026-04-25 04:33:00,2026-04-25 04:23:07.724,2026-04-25 04:44:42.000,train,train
2026-04-25 04:36:00,2026-04-25 04:26:07.724,2026-04-25 04:47:42.000,train,train
2026-04-25 04:39:00,2026-04-25 04:29:07.724,2026-04-25 04:50:42.000,validation,train
2026-04-25 04:42:00,2026-04-25 04:32:07.724,2026-04-25 04:53:43.000,train,train
2026-04-25 04:45:00,2026-04-25 04:35:07.724,2026-04-25 04:56:43.000,train,train
2026-04-25 04:48:00,2026-04-25 04:38:07.724,2026-04-25 04:59:43.000,train,train
2026-04-25 04:51:00,2026-04-25 04:41:07.724,2026-04-25 05:02:43.000,train,train
2026-04-25 04:54:00,2026-04-25 04:44:07.724,2026-04-25 05:05:43.000,train,train
2026-04-25 04:57:00,2026-04-25 04:47:07.724,2026-04-25 05:08:43.000,train,train
2026-04-25 05:00:00,2026-04-25 04:50:07.724,2026-04-25 05:11:43.000,train,train
2026-04-25 05:03:00,2026-04-25 04:53:07.724,2026-04-25 05:14:43.000,train,train
2026-04-25 05:06:00,2026-04-25 04:56:07.724,2026-04-25 05:17:43.000,validation,train
2026-04-25 05:09:00,2026-04-25 04:59:07.724,2026-04-25 05:20:43.000,validation,train
2026-04-25 05:12:00,2026-04-25 05:02:07.724,2026-04-25 05:23:43.000,validation,train
2026-04-25 05:15:00,2026-04-25 05:05:07.724,2026-04-25 05:26:43.000,train,train
2026-04-25 05:18:00,2026-04-25 05:08:07.724,2026-04-25 05:29:43.000,validation,train
2026-04-25 05:21:00,2026-04-25 05:11:07.724,2026-04-25 05:32:43.000,train,train
2026-04-25 05:24:00,2026-04-25 05:14:07.724,2026-04-25 05:35:43.000,train,train
2026-04-25 05:27:00,2026-04-25 05:17:07.724,2026-04-25 05:38:43.000,train,train
2026-04-25 05:30:00,2026-04-25 05:20:07.724,2026-04-25 05:41:43.000,train,train
2026-04-25 05:33:00,2026-04-25 05:23:07.724,2026-04-25 05:44:43.000,validation,train
2026-04-25 05:36:00,2026-04-25 05:26:07.724,2026-04-25 05:47:43.000,train,train
2026-04-25 05:39:00,2026-04-25 05:29:07.724,2026-04-25 05:50:43.000,train,train
2026-04-25 05:42:00,2026-04-25 05:32:07.724,2026-04-25 05:53:43.000,train,train
2026-04-25 05:45:00,2026-04-25 05:35:07.724,2026-04-25 05:56:43.000,train,train
2026-04-25 05:48:00,2026-04-25 05:38:07.724,2026-04-25 05:59:43.000,train,train
2026-04-25 05:51:00,2026-04-25 05:41:07.724,2026-04-25 06:02:44.000,validation,train
2026-04-25 05:54:00,2026-04-25 05:44:07.724,2026-04-25 06:05:44.000,train,train
2026-04-25 05:57:00,2026-04-25 05:47:07.724,2026-04-25 06:08:44.000,train,train
2026-04-25 06:00:00,2026-04-25 05:50:07.724,2026-04-25 06:11:44.000,train,train
2026-04-25 06:03:00,2026-04-25 05:53:07.724,2026-04-25 06:14:44.000,train,train
2026-04-25 06:06:00,2026-04-25 05:56:07.724,2026-04-25 06:17:44.000,train,train
2026-04-25 06:09:00,2026-04-25 05:59:07.724,2026-04-25 06:20:44.000,train,train
2026-04-25 06:12:00,2026-04-25 06:02:07.724,2026-04-25 06:23:44.000,train,train
2026-04-25 06:15:00,2026-04-25 06:05:07.724,2026-04-25 06:26:44.000,validation,train
2026-04-25 06:18:00,2026-04-25 06:08:07.724,2026-04-25 06:29:44.000,validation,train
2026-04-25 06:21:00,2026-04-25 06:11:07.724,2026-04-25 06:32:44.000,train,train
2026-04-25 06:24:00,2026-04-25 06:14:07.724,2026-04-25 06:35:44.000,train,train
2026-04-25 06:27:00,2026-04-25 06:17:07.724,2026-04-25 06:38:44.000,train,train
2026-04-25 06:30:00,2026-04-25 06:20:07.724,2026-04-25 06:41:44.000,train,train
2026-04-25 06:33:00,2026-04-25 06:23:07.724,2026-04-25 06:44:44.000,train,train
2026-04-25 06:36:00,2026-04-25 06:26:07.724,2026-04-25 06:47:44.000,validation,train
2026-04-25 06:39:00,2026-04-25 06:29:07.724,2026-04-25 06:50:44.000,train,train
2026-04-25 06:42:00,2026-04-25 06:32:07.724,2026-04-25 06:53:44.000,train,train
2026-04-25 06:45:00,2026-04-25 06:35:07.724,2026-04-25 06:56:44.000,validation,train
2026-04-25 06:48:00,2026-04-25 06:38:07.724,2026-04-25 06:59:44.000,train,train
2026-04-25 06:51:00,2026-04-25 06:41:07.724,2026-04-25 07:02:44.000,train,train
2026-04-25 06:54:00,2026-04-25 06:44:07.724,2026-04-25 07:05:44.000,train,train
2026-04-25 06:57:00,2026-04-25 06:47:07.724,2026-04-25 07:08:45.000,train,train
2026-04-25 07:00:00,2026-04-25 06:50:07.724,2026-04-25 07:11:45.000,train,train
2026-04-25 07:03:00,2026-04-25 06:53:07.724,2026-04-25 07:14:45.000,train,train
2026-04-25 07:06:00,2026-04-25 06:56:07.724,2026-04-25 07:17:45.000,train,train
2026-04-25 07:09:00,2026-04-25 06:59:07.724,2026-04-25 07:20:45.000,validation,train
2026-04-25 07:12:00,2026-04-25 07:02:07.724,2026-04-25 07:23:45.000,train,train
2026-04-25 07:15:00,2026-04-25 07:05:07.724,2026-04-25 07:26:45.000,train,train
2026-04-25 07:18:00,2026-04-25 07:08:07.724,2026-04-25 07:29:45.000,train,train
2026-04-25 07:21:00,2026-04-25 07:11:07.724,2026-04-25 07:32:45.000,train,train
2026-04-25 07:24:00,2026-04-25 07:14:07.724,2026-04-25 07:35:45.000,train,train
2026-04-25 07:27:00,2026-04-25 07:17:07.724,2026-04-25 07:38:45.000,train,train
2026-04-25 07:30:00,2026-04-25 07:20:07.724,2026-04-25 07:41:45.000,train,train
2026-04-25 07:33:00,2026-04-25 07:23:07.724,2026-04-25 07:44:45.000,train,train
2026-04-25 07:36:00,2026-04-25 07:26:07.724,2026-04-25 07:47:45.000,validation,train
2026-04-25 07:39:00,2026-04-25 07:29:07.724,2026-04-25 07:50:45.000,train,train
2026-04-25 07:42:00,2026-04-25 07:32:07.724,2026-04-25 07:53:45.000,train,train
2026-04-25 07:45:00,2026-04-25 07:35:07.724,2026-04-25 07:56:45.000,train,train
2026-04-25 07:48:00,2026-04-25 07:38:07.724,2026-04-25 07:59:45.000,train,train
2026-04-25 07:51:00,2026-04-25 07:41:07.724,2026-04-25 08:02:45.000,train,train
2026-04-25 07:54:00,2026-04-25 07:44:07.724,2026-04-25 08:05:45.000,train,train
2026-04-25 07:57:00,2026-04-25 07:47:07.724,2026-04-25 08:08:45.000,validation,train
2026-04-25 08:00:00,2026-04-25 07:50:07.724,2026-04-25 08:11:45.000,train,train
2026-04-25 08:03:00,2026-04-25 07:53:07.724,2026-04-25 08:14:45.000,train,train
2026-04-25 08:06:00,2026-04-25 07:56:07.724,2026-04-25 08:17:46.000,train,train
2026-04-25 08:09:00,2026-04-25 07:59:07.724,2026-04-25 08:20:46.000,train,train
2026-04-25 08:12:00,2026-04-25 08:02:07.724,2026-04-25 08:23:46.000,validation,train
2026-04-25 08:15:00,2026-04-25 08:05:07.724,2026-04-25 08:26:46.000,train,train
2026-04-25 08:18:00,2026-04-25 08:08:07.724,2026-04-25 08:29:46.000,train,train
2026-04-25 08:21:00,2026-04-25 08:11:07.724,2026-04-25 08:32:46.000,train,train
2026-04-25 08:24:00,2026-04-25 08:14:07.724,2026-04-25 08:35:46.000,train,train
2026-04-25 08:27:00,2026-04-25 08:17:07.724,2026-04-25 08:38:46.000,validation,train
2026-04-25 08:30:00,2026-04-25 08:20:07.724,2026-04-25 08:41:46.000,train,train
2026-04-25 08:33:00,2026-04-25 08:23:07.724,2026-04-25 08:44:46.000,validation,train
2026-04-25 08:36:00,2026-04-25 08:26:07.724,2026-04-25 08:47:46.000,train,train
2026-04-25 08:39:00,2026-04-25 08:29:07.724,2026-04-25 08:50:46.000,train,train
2026-04-25 08:42:00,2026-04-25 08:32:07.724,2026-04-25 08:53:46.000,train,train
2026-04-25 08:45:00,2026-04-25 08:35:07.724,2026-04-25 08:56:46.000,train,train
2026-04-25 08:48:00,2026-04-25 08:38:07.724,2026-04-25 08:59:46.000,train,train
2026-04-25 08:51:00,2026-04-25 08:41:07.724,2026-04-25 09:02:46.000,train,train
2026-04-25 08:54:00,2026-04-25 08:44:07.724,2026-04-25 09:05:46.000,validation,train
2026-04-25 08:57:00,2026-04-25 08:47:07.724,2026-04-25 09:08:46.000,validation,train
2026-04-25 09:00:00,2026-04-25 08:50:07.724,2026-04-25 09:11:46.000,validation,train
2026-04-25 09:03:00,2026-04-25 08:53:07.724,2026-04-25 09:14:46.000,train,train
2026-04-25 09:06:00,2026-04-25 08:56:07.724,2026-04-25 09:17:46.000,train,train
2026-04-25 09:09:00,2026-04-25 08:59:07.724,2026-04-25 09:20:46.000,train,train
2026-04-25 09:12:00,2026-04-25 09:02:07.724,2026-04-25 09:23:46.000,train,train
2026-04-25 09:15:00,2026-04-25 09:05:07.724,2026-04-25 09:26:47.000,train,train
2026-04-25 09:18:00,2026-04-25 09:08:07.724,2026-04-25 09:29:47.000,train,train
2026-04-25 09:21:00,2026-04-25 09:11:07.724,2026-04-25 09:32:47.000,train,train
2026-04-25 09:24:00,2026-04-25 09:14:07.724,2026-04-25 09:35:47.000,train,train
2026-04-25 09:27:00,2026-04-25 09:17:07.724,2026-04-25 09:38:47.000,train,train
2026-04-25 09:30:00,2026-04-25 09:20:07.724,2026-04-25 09:41:47.000,train,train
2026-04-25 09:33:00,2026-04-25 09:23:07.724,2026-04-25 09:44:47.000,train,train
2026-04-25 09:36:00,2026-04-25 09:26:07.724,2026-04-25 09:47:47.000,validation,train
2026-04-25 09:39:00,2026-04-25 09:29:07.724,2026-04-25 09:50:47.000,train,train
2026-04-25 09:42:00,2026-04-25 09:32:07.724,2026-04-25 09:53:47.000,train,train
2026-04-25 09:45:00,2026-04-25 09:35:07.724,2026-04-25 09:56:47.000,train,train
2026-04-25 09:48:00,2026-04-25 09:38:07.724,2026-04-25 09:59:47.000,train,train
2026-04-25 09:51:00,2026-04-25 09:41:07.724,2026-04-25 10:02:47.000,validation,train
2026-04-25 09:54:00,2026-04-25 09:44:07.724,2026-04-25 10:05:47.000,train,train
2026-04-25 09:57:00,2026-04-25 09:47:07.724,2026-04-25 10:08:47.000,train,train
2026-04-25 10:00:00,2026-04-25 09:50:07.724,2026-04-25 10:11:47.000,validation,train
2026-04-25 10:03:00,2026-04-25 09:53:07.724,2026-04-25 10:14:47.000,validation,train
2026-04-25 10:06:00,2026-04-25 09:56:07.724,2026-04-25 10:17:47.000,train,train
2026-04-25 10:09:00,2026-04-25 09:59:07.724,2026-04-25 10:20:47.000,train,train
2026-04-25 10:12:00,2026-04-25 10:02:07.724,2026-04-25 10:23:47.000,train,train
2026-04-25 10:15:00,2026-04-25 10:05:07.724,2026-04-25 10:26:47.000,train,train
2026-04-25 10:18:00,2026-04-25 10:08:07.724,2026-04-25 10:29:47.000,train,train
2026-04-25 10:21:00,2026-04-25 10:11:07.724,2026-04-25 10:32:47.000,train,train
2026-04-25 10:24:00,2026-04-25 10:14:07.724,2026-04-25 10:35:48.000,train,train
2026-04-25 10:27:00,2026-04-25 10:17:07.724,2026-04-25 10:38:48.000,train,train
2026-04-25 10:30:00,2026-04-25 10:20:07.724,2026-04-25 10:41:48.000,validation,train
2026-04-25 10:33:00,2026-04-25 10:23:07.724,2026-04-25 10:44:48.000,train,train
2026-04-25 10:36:00,2026-04-25 10:26:07.724,2026-04-25 10:47:48.000,validation,train
2026-04-25 10:39:00,2026-04-25 10:29:07.724,2026-04-25 10:50:48.000,train,train
2026-04-25 10:42:00,2026-04-25 10:32:07.724,2026-04-25 10:53:48.000,train,train
2026-04-25 10:45:00,2026-04-25 10:35:07.724,2026-04-25 10:56:48.000,train,train
2026-04-25 10:48:00,2026-04-25 10:38:07.724,2026-04-25 10:59:48.000,train,train
2026-04-25 10:51:00,2026-04-25 10:41:07.724,2026-04-25 11:02:48.000,train,train
2026-04-25 10:54:00,2026-04-25 10:44:07.724,2026-04-25 11:05:48.000,train,train
2026-04-25 10:57:00,2026-04-25 10:47:07.724,2026-04-25 11:08:48.000,validation,train
2026-04-25 11:00:00,2026-04-25 10:50:07.724,2026-04-25 11:11:48.000,train,train
2026-04-25 11:03:00,2026-04-25 10:53:07.724,2026-04-25 11:14:48.000,train,train
2026-04-25 11:06:00,2026-04-25 10:56:07.724,2026-04-25 11:17:48.000,validation,train
2026-04-25 11:09:00,2026-04-25 10:59:07.724,2026-04-25 11:20:48.000,train,train
2026-04-25 11:12:00,2026-04-25 11:02:07.724,2026-04-25 11:23:48.000,train,train
2026-04-25 11:15:00,2026-04-25 11:05:07.724,2026-04-25 11:26:48.000,train,train
2026-04-25 11:18:00,2026-04-25 11:08:07.724,2026-04-25 11:29:48.000,train,train
2026-04-25 11:21:00,2026-04-25 11:11:07.724,2026-04-25 11:32:48.000,validation,train
2026-04-25 11:24:00,2026-04-25 11:14:07.724,2026-04-25 11:35:48.000,train,train
2026-04-25 11:27:00,2026-04-25 11:17:07.724,2026-04-25 11:38:49.000,validation,train
2026-04-25 11:30:00,2026-04-25 11:20:07.724,2026-04-25 11:41:49.000,train,train
2026-04-25 11:33:00,2026-04-25 11:23:07.724,2026-04-25 11:44:49.000,validation,train
2026-04-25 11:36:00,2026-04-25 11:26:07.724,2026-04-25 11:47:49.000,train,train
2026-04-25 11:39:00,2026-04-25 11:29:07.724,2026-04-25 11:50:49.000,train,train
2026-04-25 11:42:00,2026-04-25 11:32:07.724,2026-04-25 11:53:49.000,train,train
2026-04-25 11:45:00,2026-04-25 11:35:07.724,2026-04-25 11:56:49.000,train,train
2026-04-25 11:48:00,2026-04-25 11:38:07.724,2026-04-25 11:59:49.000,train,train
2026-04-25 11:51:00,2026-04-25 11:41:07.724,2026-04-25 12:02:49.000,train,train
2026-04-25 11:54:00,2026-04-25 11:44:07.724,2026-04-25 12:05:49.000,train,train
2026-04-25 11:57:00,2026-04-25 11:47:07.724,2026-04-25 12:08:49.000,validation,train
2026-04-25 12:00:00,2026-04-25 11:50:07.724,2026-04-25 12:11:49.000,validation,train
2026-04-25 12:03:00,2026-04-25 11:53:07.724,2026-04-25 12:14:49.000,validation,train
2026-04-25 12:06:00,2026-04-25 11:56:07.724,2026-04-25 12:17:49.000,train,train
2026-04-25 12:09:00,2026-04-25 11:59:07.724,2026-04-25 12:20:49.000,train,train
2026-04-25 12:12:00,2026-04-25 12:02:07.724,2026-04-25 12:23:49.000,train,train
2026-04-25 12:15:00,2026-04-25 12:05:07.724,2026-04-25 12:26:49.000,train,train
2026-04-25 12:18:00,2026-04-25 12:08:07.724,2026-04-25 12:29:49.000,train,train
2026-04-25 12:21:00,2026-04-25 12:11:07.724,2026-04-25 12:32:49.000,train,train
2026-04-25 12:24:00,2026-04-25 12:14:07.724,2026-04-25 12:35:49.000,train,train
2026-04-25 12:27:00,2026-04-25 12:17:07.724,2026-04-25 12:38:49.000,validation,train
2026-04-25 12:30:00,2026-04-25 12:20:07.724,2026-04-25 12:41:49.000,train,train
2026-04-25 12:33:00,2026-04-25 12:23:07.724,2026-04-25 12:44:50.000,train,train
2026-04-25 12:36:00,2026-04-25 12:26:07.724,2026-04-25 12:47:50.000,train,train
2026-04-25 12:39:00,2026-04-25 12:29:07.724,2026-04-25 12:50:50.000,validation,train
2026-04-25 12:42:00,2026-04-25 12:32:07.724,2026-04-25 12:53:50.000,train,train
2026-04-25 12:45:00,2026-04-25 12:35:07.724,2026-04-25 12:56:50.000,validation,train
2026-04-25 12:48:00,2026-04-25 12:38:07.724,2026-04-25 12:59:50.000,validation,train
2026-04-25 12:51:00,2026-04-25 12:41:07.724,2026-04-25 13:02:50.000,train,train
2026-04-25 12:54:00,2026-04-25 12:44:07.724,2026-04-25 13:05:50.000,train,train
2026-04-25 12:57:00,2026-04-25 12:47:07.724,2026-04-25 13:08:50.000,train,train
2026-04-25 13:00:00,2026-04-25 12:50:07.724,2026-04-25 13:11:50.000,train,train
2026-04-25 13:03:00,2026-04-25 12:53:07.724,2026-04-25 13:14:50.000,train,train
2026-04-25 13:06:00,2026-04-25 12:56:07.724,2026-04-25 13:17:50.000,train,train
2026-04-25 13:09:00,2026-04-25 12:59:07.724,2026-04-25 13:20:50.000,train,train
2026-04-25 13:12:00,2026-04-25 13:02:07.724,2026-04-25 13:23:50.000,train,train
2026-04-25 13:15:00,2026-04-25 13:05:07.724,2026-04-25 13:26:50.000,train,train
2026-04-25 13:18:00,2026-04-25 13:08:07.724,2026-04-25 13:29:50.000,train,train
2026-04-25 13:21:00,2026-04-25 13:11:07.724,2026-04-25 13:32:50.000,validation,train
2026-04-25 13:24:00,2026-04-25 13:14:07.724,2026-04-25 13:35:50.000,train,train
2026-04-25 13:27:00,2026-04-25 13:17:07.724,2026-04-25 13:38:50.000,train,train
2026-04-25 13:30:00,2026-04-25 13:20:07.724,2026-04-25 13:41:50.000,train,train
2026-04-25 13:33:00,2026-04-25 13:23:07.724,2026-04-25 13:44:50.000,train,train
2026-04-25 13:36:00,2026-04-25 13:26:07.724,2026-04-25 13:47:50.000,train,train
2026-04-25 13:39:00,2026-04-25 13:29:07.724,2026-04-25 13:50:50.000,train,train
2026-04-25 13:42:00,2026-04-25 13:32:07.724,2026-04-25 13:53:51.000,train,train
2026-04-25 13:45:00,2026-04-25 13:35:07.724,2026-04-25 13:56:51.000,validation,train
2026-04-25 13:48:00,2026-04-25 13:38:07.724,2026-04-25 13:59:51.000,train,train
2026-04-25 13:51:00,2026-04-25 13:41:07.724,2026-04-25 14:02:51.000,validation,train
2026-04-25 13:54:00,2026-04-25 13:44:07.724,2026-04-25 14:05:51.000,train,train
2026-04-25 13:57:00,2026-04-25 13:47:07.724,2026-04-25 14:08:51.000,train,train
2026-04-25 14:00:00,2026-04-25 13:50:07.724,2026-04-25 14:11:51.000,train,train
2026-04-25 14:03:00,2026-04-25 13:53:07.724,2026-04-25 14:14:51.000,train,train
2026-04-25 14:06:00,2026-04-25 13:56:07.724,2026-04-25 14:17:51.000,train,train
2026-04-25 14:09:00,2026-04-25 13:59:07.724,2026-04-25 14:20:51.000,train,train
2026-04-25 14:12:00,2026-04-25 14:02:07.724,2026-04-25 14:23:51.000,validation,train
2026-04-25 14:15:00,2026-04-25 14:05:07.724,2026-04-25 14:26:51.000,train,train
2026-04-25 14:18:00,2026-04-25 14:08:07.724,2026-04-25 14:29:51.000,train,train
2026-04-25 14:21:00,2026-04-25 14:11:07.724,2026-04-25 14:32:51.000,train,train
2026-04-25 14:24:00,2026-04-25 14:14:07.724,2026-04-25 14:35:51.000,train,train
2026-04-25 14:27:00,2026-04-25 14:17:07.724,2026-04-25 14:38:51.000,validation,train
2026-04-25 14:30:00,2026-04-25 14:20:07.724,2026-04-25 14:41:51.000,train,train
2026-04-25 14:33:00,2026-04-25 14:23:07.724,2026-04-25 14:44:51.000,train,train
2026-04-25 14:36:00,2026-04-25 14:26:07.724,2026-04-25 14:47:51.000,validation,train
2026-04-25 14:39:00,2026-04-25 14:29:07.724,2026-04-25 14:50:51.000,train,train
2026-04-25 14:42:00,2026-04-25 14:32:07.724,2026-04-25 14:53:51.000,validation,train
2026-04-25 14:45:00,2026-04-25 14:35:07.724,2026-04-25 14:56:51.000,validation,train
2026-04-25 14:48:00,2026-04-25 14:38:07.724,2026-04-25 14:59:51.000,train,train
2026-04-25 14:51:00,2026-04-25 14:41:07.724,2026-04-25 15:02:52.000,train,train
2026-04-25 14:54:00,2026-04-25 14:44:07.724,2026-04-25 15:05:52.000,train,train
2026-04-25 14:57:00,2026-04-25 14:47:07.724,2026-04-25 15:08:52.000,train,train
2026-04-25 15:00:00,2026-04-25 14:50:07.724,2026-04-25 15:11:52.000,validation,train
2026-04-25 15:03:00,2026-04-25 14:53:07.724,2026-04-25 15:14:52.000,train,train
2026-04-25 15:06:00,2026-04-25 14:56:07.724,2026-04-25 15:17:52.000,validation,train
2026-04-25 15:09:00,2026-04-25 14:59:07.724,2026-04-25 15:20:52.000,train,train
2026-04-25 15:12:00,2026-04-25 15:02:07.724,2026-04-25 15:23:52.000,validation,train
2026-04-25 15:15:00,2026-04-25 15:05:07.724,2026-04-25 15:26:52.000,train,train
2026-04-25 15:18:00,2026-04-25 15:08:07.724,2026-04-25 15:29:52.000,train,train
2026-04-25 15:21:00,2026-04-25 15:11:07.724,2026-04-25 15:32:52.000,train,train
2026-04-25 15:24:00,2026-04-25 15:14:07.724,2026-04-25 15:35:52.000,train,train
2026-04-25 15:27:00,2026-04-25 15:17:07.724,2026-04-25 15:38:52.000,train,train
2026-04-25 15:30:00,2026-04-25 15:20:07.724,2026-04-25 15:41:52.000,train,train
2026-04-25 15:33:00,2026-04-25 15:23:07.724,2026-04-25 15:44:52.000,train,train
2026-04-25 15:36:00,2026-04-25 15:26:07.724,2026-04-25 15:47:52.000,validation,train
2026-04-25 15:39:00,2026-04-25 15:29:07.724,2026-04-25 15:50:52.000,train,train
2026-04-25 15:42:00,2026-04-25 15:32:07.724,2026-04-25 15:53:52.000,validation,train
2026-04-25 15:45:00,2026-04-25 15:35:07.724,2026-04-25 15:56:52.000,train,train
2026-04-25 15:48:00,2026-04-25 15:38:07.724,2026-04-25 15:59:52.000,validation,train
2026-04-25 15:51:00,2026-04-25 15:41:07.724,2026-04-25 16:02:52.000,train,train
2026-04-25 15:54:00,2026-04-25 15:44:07.724,2026-04-25 16:05:52.000,train,train
2026-04-25 15:57:00,2026-04-25 15:47:07.724,2026-04-25 16:08:53.000,train,train
2026-04-25 16:00:00,2026-04-25 15:50:07.724,2026-04-25 16:11:53.000,train,train
2026-04-25 16:03:00,2026-04-25 15:53:07.724,2026-04-25 16:14:53.000,train,train
2026-04-25 16:06:00,2026-04-25 15:56:07.724,2026-04-25 16:17:53.000,train,train
2026-04-25 16:09:00,2026-04-25 15:59:07.724,2026-04-25 16:20:53.000,train,train
2026-04-25 16:12:00,2026-04-25 16:02:07.724,2026-04-25 16:23:53.000,train,train
2026-04-25 16:15:00,2026-04-25 16:05:07.724,2026-04-25 16:26:53.000,train,train
2026-04-25 16:18:00,2026-04-25 16:08:07.724,2026-04-25 16:29:53.000,train,train
2026-04-25 16:21:00,2026-04-25 16:11:07.724,2026-04-25 16:32:53.000,train,train
2026-04-25 16:24:00,2026-04-25 16:14:07.724,2026-04-25 16:35:53.000,train,train
2026-04-25 16:27:00,2026-04-25 16:17:07.724,2026-04-25 16:38:53.000,train,train
2026-04-25 16:30:00,2026-04-25 16:20:07.724,2026-04-25 16:41:53.000,train,train
2026-04-25 16:33:00,2026-04-25 16:23:07.724,2026-04-25 16:44:53.000,train,train
2026-04-25 16:36:00,2026-04-25 16:26:07.724,2026-04-25 16:47:53.000,train,train
2026-04-25 16:39:00,2026-04-25 16:29:07.724,2026-04-25 16:50:53.000,train,train
2026-04-25 16:42:00,2026-04-25 16:32:07.724,2026-04-25 16:53:53.000,validation,train
2026-04-25 16:45:00,2026-04-25 16:35:07.724,2026-04-25 16:56:53.000,train,train
2026-04-25 16:48:00,2026-04-25 16:38:07.724,2026-04-25 16:59:53.000,train,train
2026-04-25 16:51:00,2026-04-25 16:41:07.724,2026-04-25 17:02:53.000,train,train
2026-04-25 16:54:00,2026-04-25 16:44:07.724,2026-04-25 17:05:53.000,train,train
2026-04-25 16:57:00,2026-04-25 16:47:07.724,2026-04-25 17:08:53.000,train,train
2026-04-25 17:00:00,2026-04-25 16:50:07.724,2026-04-25 17:11:53.000,train,train
2026-04-25 17:03:00,2026-04-25 16:53:07.724,2026-04-25 17:14:54.000,train,train
2026-04-25 17:06:00,2026-04-25 16:56:07.724,2026-04-25 17:17:54.000,validation,train
2026-04-25 17:09:00,2026-04-25 16:59:07.724,2026-04-25 17:20:54.000,validation,train
2026-04-25 17:12:00,2026-04-25 17:02:07.724,2026-04-25 17:23:54.000,validation,train
2026-04-25 17:15:00,2026-04-25 17:05:07.724,2026-04-25 17:26:54.000,train,train
2026-04-25 17:18:00,2026-04-25 17:08:07.724,2026-04-25 17:29:54.000,train,train
2026-04-25 17:21:00,2026-04-25 17:11:07.724,2026-04-25 17:32:54.000,train,train
2026-04-25 17:24:00,2026-04-25 17:14:07.724,2026-04-25 17:35:54.000,validation,train
2026-04-25 17:27:00,2026-04-25 17:17:07.724,2026-04-25 17:38:54.000,train,train
2026-04-25 17:30:00,2026-04-25 17:20:07.724,2026-04-25 17:41:54.000,train,train
2026-04-25 17:33:00,2026-04-25 17:23:07.724,2026-04-25 17:44:54.000,train,train
2026-04-25 17:36:00,2026-04-25 17:26:07.724,2026-04-25 17:47:54.000,train,train
2026-04-25 17:39:00,2026-04-25 17:29:07.724,2026-04-25 17:50:54.000,validation,train
2026-04-25 17:42:00,2026-04-25 17:32:07.724,2026-04-25 17:53:54.000,validation,train
2026-04-25 17:45:00,2026-04-25 17:35:07.724,2026-04-25 17:56:54.000,train,train
2026-04-25 17:48:00,2026-04-25 17:38:07.724,2026-04-25 17:59:54.000,train,train
2026-04-25 17:51:00,2026-04-25 17:41:07.724,2026-04-25 18:02:54.000,train,train
2026-04-25 17:54:00,2026-04-25 17:44:07.724,2026-04-25 18:05:54.000,train,train
2026-04-25 17:57:00,2026-04-25 17:47:07.724,2026-04-25 18:08:54.000,train,train
2026-04-25 18:00:00,2026-04-25 17:50:07.724,2026-04-25 18:11:54.000,validation,train
2026-04-25 18:03:00,2026-04-25 17:53:07.724,2026-04-25 18:14:55.000,train,train
2026-04-25 18:06:00,2026-04-25 17:56:07.724,2026-04-25 18:17:55.000,train,train
2026-04-25 18:09:00,2026-04-25 17:59:07.724,2026-04-25 18:20:55.000,train,train
2026-04-25 18:12:00,2026-04-25 18:02:07.724,2026-04-25 18:23:55.000,train,train
2026-04-25 18:15:00,2026-04-25 18:05:07.724,2026-04-25 18:26:55.000,train,train
2026-04-25 18:18:00,2026-04-25 18:08:07.724,2026-04-25 18:29:55.000,train,train
2026-04-25 18:21:00,2026-04-25 18:11:07.724,2026-04-25 18:32:55.000,train,train
2026-04-25 18:24:00,2026-04-25 18:14:07.724,2026-04-25 18:35:55.000,train,train
2026-04-25 18:27:00,2026-04-25 18:17:07.724,2026-04-25 18:38:55.000,train,train
2026-04-25 18:30:00,2026-04-25 18:20:07.724,2026-04-25 18:41:55.000,train,train
2026-04-25 18:33:00,2026-04-25 18:23:07.724,2026-04-25 18:44:55.000,validation,train
2026-04-25 18:36:00,2026-04-25 18:26:07.724,2026-04-25 18:47:55.000,train,train
2026-04-25 18:39:00,2026-04-25 18:29:07.724,2026-04-25 18:50:55.000,validation,train
2026-04-25 18:42:00,2026-04-25 18:32:07.724,2026-04-25 18:53:55.000,train,train
2026-04-25 18:45:00,2026-04-25 18:35:07.724,2026-04-25 18:56:55.000,train,train
2026-04-25 18:48:00,2026-04-25 18:38:07.724,2026-04-25 18:59:55.000,train,train
2026-04-25 18:51:00,2026-04-25 18:41:07.724,2026-04-25 19:02:55.000,train,train
2026-04-25 18:54:00,2026-04-25 18:44:07.724,2026-04-25 19:05:55.000,train,train
2026-04-25 18:57:00,2026-04-25 18:47:07.724,2026-04-25 19:08:55.000,validation,train
2026-04-25 19:00:00,2026-04-25 18:50:07.724,2026-04-25 19:11:55.000,train,train
2026-04-25 19:03:00,2026-04-25 18:53:07.724,2026-04-25 19:14:55.000,train,train
2026-04-25 19:06:00,2026-04-25 18:56:07.724,2026-04-25 19:17:55.000,train,train
2026-04-25 19:09:00,2026-04-25 18:59:07.724,2026-04-25 19:20:56.000,train,train
2026-04-25 19:12:00,2026-04-25 19:02:07.724,2026-04-25 19:23:56.000,train,train
2026-04-25 19:15:00,2026-04-25 19:05:07.724,2026-04-25 19:26:56.000,train,train
2026-04-25 19:18:00,2026-04-25 19:08:07.724,2026-04-25 19:29:56.000,train,train
2026-04-25 19:21:00,2026-04-25 19:11:07.724,2026-04-25 19:32:56.000,train,train
2026-04-25 19:24:00,2026-04-25 19:14:07.724,2026-04-25 19:35:56.000,train,train
2026-04-25 19:27:00,2026-04-25 19:17:07.724,2026-04-25 19:38:56.000,train,train
2026-04-25 19:30:00,2026-04-25 19:20:07.724,2026-04-25 19:41:56.000,train,train
2026-04-25 19:33:00,2026-04-25 19:23:07.724,2026-04-25 19:44:56.000,train,train
2026-04-25 19:36:00,2026-04-25 19:26:07.724,2026-04-25 19:47:56.000,validation,train
2026-04-25 19:39:00,2026-04-25 19:29:07.724,2026-04-25 19:50:56.000,train,train
2026-04-25 19:42:00,2026-04-25 19:32:07.724,2026-04-25 19:53:56.000,validation,train
2026-04-25 19:45:00,2026-04-25 19:35:07.724,2026-04-25 19:56:56.000,train,train
2026-04-25 19:48:00,2026-04-25 19:38:07.724,2026-04-25 19:59:56.000,train,train
2026-04-25 19:51:00,2026-04-25 19:41:07.724,2026-04-25 20:02:56.000,train,train
2026-04-25 19:54:00,2026-04-25 19:44:07.724,2026-04-25 20:05:56.000,validation,train
2026-04-25 19:57:00,2026-04-25 19:47:07.724,2026-04-25 20:08:56.000,train,train
2026-04-25 20:00:00,2026-04-25 19:50:07.724,2026-04-25 20:11:56.000,validation,train
2026-04-25 20:03:00,2026-04-25 19:53:07.724,2026-04-25 20:14:56.000,train,train
2026-04-25 20:06:00,2026-04-25 19:56:07.724,2026-04-25 20:17:56.000,train,train
2026-04-25 20:09:00,2026-04-25 19:59:07.724,2026-04-25 20:20:56.000,train,train
2026-04-25 20:12:00,2026-04-25 20:02:07.724,2026-04-25 20:23:56.000,train,train
2026-04-25 20:15:00,2026-04-25 20:05:07.724,2026-04-25 20:26:57.000,validation,train
2026-04-25 20:18:00,2026-04-25 20:08:07.724,2026-04-25 20:29:57.000,train,train
2026-04-25 20:21:00,2026-04-25 20:11:07.724,2026-04-25 20:32:57.000,train,train
2026-04-25 20:24:00,2026-04-25 20:14:07.724,2026-04-25 20:35:57.000,train,train
2026-04-25 20:27:00,2026-04-25 20:17:07.724,2026-04-25 20:38:57.000,train,train
2026-04-25 20:30:00,2026-04-25 20:20:07.724,2026-04-25 20:41:57.000,train,train
2026-04-25 20:33:00,2026-04-25 20:23:07.724,2026-04-25 20:44:57.000,train,train
2026-04-25 20:36:00,2026-04-25 20:26:07.724,2026-04-25 20:47:57.000,train,train
2026-04-25 20:39:00,2026-04-25 20:29:07.724,2026-04-25 20:50:57.000,validation,train
2026-04-25 20:42:00,2026-04-25 20:32:07.724,2026-04-25 20:53:57.000,validation,train
2026-04-25 20:45:00,2026-04-25 20:35:07.724,2026-04-25 20:56:57.000,train,train
2026-04-25 20:48:00,2026-04-25 20:38:07.724,2026-04-25 20:59:57.000,train,train
2026-04-25 20:51:00,2026-04-25 20:41:07.724,2026-04-25 21:02:57.000,train,train
2026-04-25 20:54:00,2026-04-25 20:44:07.724,2026-04-25 21:05:57.000,train,train
2026-04-25 20:57:00,2026-04-25 20:47:07.724,2026-04-25 21:08:57.000,train,train
2026-04-25 21:00:00,2026-04-25 20:50:07.724,2026-04-25 21:11:57.000,train,train
2026-04-25 21:03:00,2026-04-25 20:53:07.724,2026-04-25 21:14:57.000,train,train
2026-04-25 21:06:00,2026-04-25 20:56:07.724,2026-04-25 21:17:57.000,train,train
2026-04-25 21:09:00,2026-04-25 20:59:07.724,2026-04-25 21:20:57.000,train,train
2026-04-25 21:12:00,2026-04-25 21:02:07.724,2026-04-25 21:23:57.000,validation,train
2026-04-25 21:15:00,2026-04-25 21:05:07.724,2026-04-25 21:26:57.000,train,train
2026-04-25 21:18:00,2026-04-25 21:08:07.724,2026-04-25 21:29:57.000,train,train
2026-04-25 21:21:00,2026-04-25 21:11:07.724,2026-04-25 21:32:58.000,train,train
2026-04-25 21:24:00,2026-04-25 21:14:07.724,2026-04-25 21:35:58.000,train,train
2026-04-25 21:27:00,2026-04-25 21:17:07.724,2026-04-25 21:38:58.000,train,train
2026-04-25 21:30:00,2026-04-25 21:20:07.724,2026-04-25 21:41:58.000,train,train
2026-04-25 21:33:00,2026-04-25 21:23:07.724,2026-04-25 21:44:58.000,train,train
2026-04-25 21:36:00,2026-04-25 21:26:07.724,2026-04-25 21:47:58.000,validation,train
2026-04-25 21:39:00,2026-04-25 21:29:07.724,2026-04-25 21:50:58.000,train,train
2026-04-25 21:42:00,2026-04-25 21:32:07.724,2026-04-25 21:53:58.000,train,train
2026-04-25 21:45:00,2026-04-25 21:35:07.724,2026-04-25 21:56:58.000,train,train
2026-04-25 21:48:00,2026-04-25 21:38:07.724,2026-04-25 21:59:58.000,train,train
2026-04-25 21:51:00,2026-04-25 21:41:07.724,2026-04-25 22:02:58.000,train,train
2026-04-25 21:54:00,2026-04-25 21:44:07.724,2026-04-25 22:05:58.000,train,train
2026-04-25 21:57:00,2026-04-25 21:47:07.724,2026-04-25 22:08:58.000,train,train
2026-04-25 22:00:00,2026-04-25 21:50:07.724,2026-04-25 22:11:58.000,train,train
2026-04-25 22:03:00,2026-04-25 21:53:07.724,2026-04-25 22:14:58.000,train,train
2026-04-25 22:06:00,2026-04-25 21:56:07.724,2026-04-25 22:17:58.000,train,train
2026-04-25 22:09:00,2026-04-25 21:59:07.724,2026-04-25 22:20:58.000,train,train
2026-04-25 22:12:00,2026-04-25 22:02:07.724,2026-04-25 22:23:58.000,validation,train
2026-04-25 22:15:00,2026-04-25 22:05:07.724,2026-04-25 22:26:58.000,train,train
2026-04-25 22:18:00,2026-04-25 22:08:07.724,2026-04-25 22:29:58.000,train,train
2026-04-25 22:21:00,2026-04-25 22:11:07.724,2026-04-25 22:32:58.000,train,train
2026-04-25 22:24:00,2026-04-25 22:14:07.724,2026-04-25 22:35:58.000,train,train
2026-04-25 22:27:00,2026-04-25 22:17:07.724,2026-04-25 22:38:58.000,train,train
2026-04-25 22:30:00,2026-04-25 22:20:07.724,2026-04-25 22:41:59.000,validation,train
2026-04-25 22:33:00,2026-04-25 22:23:07.724,2026-04-25 22:44:59.000,train,train
2026-04-25 22:36:00,2026-04-25 22:26:07.724,2026-04-25 22:47:59.000,train,train
2026-04-25 22:39:00,2026-04-25 22:29:07.724,2026-04-25 22:50:59.000,train,train
2026-04-25 22:42:00,2026-04-25 22:32:07.724,2026-04-25 22:53:59.000,train,train
2026-04-25 22:45:00,2026-04-25 22:35:07.724,2026-04-25 22:56:59.000,train,train
2026-04-25 22:48:00,2026-04-25 22:38:07.724,2026-04-25 22:59:59.000,train,train
2026-04-25 22:51:00,2026-04-25 22:41:07.724,2026-04-25 23:02:59.000,train,train
2026-04-25 22:54:00,2026-04-25 22:44:07.724,2026-04-25 23:05:59.000,train,train
2026-04-25 22:57:00,2026-04-25 22:47:07.724,2026-04-25 23:08:59.000,validation,train
2026-04-25 23:00:00,2026-04-25 22:50:07.724,2026-04-25 23:11:59.000,train,train
2026-04-25 23:03:00,2026-04-25 22:53:07.724,2026-04-25 23:14:59.000,validation,train
2026-04-25 23:06:00,2026-04-25 22:56:07.724,2026-04-25 23:17:59.000,validation,train
2026-04-25 23:09:00,2026-04-25 22:59:07.724,2026-04-25 23:20:59.000,validation,train
2026-04-25 23:12:00,2026-04-25 23:02:07.724,2026-04-25 23:23:59.000,train,train
2026-04-25 23:15:00,2026-04-25 23:05:07.724,2026-04-25 23:26:59.000,train,train
2026-04-25 23:18:00,2026-04-25 23:08:07.724,2026-04-25 23:29:59.000,train,train
2026-04-25 23:21:00,2026-04-25 23:11:07.724,2026-04-25 23:32:59.000,train,train
2026-04-25 23:24:00,2026-04-25 23:14:07.724,2026-04-25 23:35:59.000,train,train
2026-04-25 23:27:00,2026-04-25 23:17:07.724,2026-04-25 23:38:59.000,train,train
2026-04-25 23:30:00,2026-04-25 23:20:07.724,2026-04-25 23:41:59.000,train,train
2026-04-25 23:33:00,2026-04-25 23:23:07.724,2026-04-25 23:44:59.000,train,train
2026-04-25 23:36:00,2026-04-25 23:26:07.724,2026-04-25 23:48:00.000,train,train
2026-04-25 23:39:00,2026-04-25 23:29:07.724,2026-04-25 23:51:00.000,validation,train
2026-04-25 23:42:00,2026-04-25 23:32:07.724,2026-04-25 23:54:00.000,validation,train
2026-04-25 23:45:00,2026-04-25 23:35:07.724,2026-04-25 23:56:40.000,train,train
2026-04-25 23:48:00,2026-04-25 23:37:59.000,2026-04-25 23:59:40.000,train,train
2026-04-25 23:51:00,2026-04-25 23:40:59.000,2026-04-26 00:02:40.000,train,train
2026-04-25 23:54:00,2026-04-25 23:43:59.000,2026-04-26 00:05:40.000,train,train
2026-04-25 23:57:00,2026-04-25 23:46:59.000,2026-04-26 00:08:40.000,train,train
2026-04-26 00:00:00,2026-04-25 23:50:00.000,2026-04-26 00:11:40.000,validation,train
2026-04-26 00:03:00,2026-04-25 23:53:00.000,2026-04-26 00:14:40.000,train,train
2026-04-26 00:06:00,2026-04-25 23:56:00.000,2026-04-26 00:17:40.000,train,train
2026-04-26 00:09:00,2026-04-25 23:59:00.000,2026-04-26 00:20:40.000,train,train
2026-04-26 00:12:00,2026-04-26 00:02:00.000,2026-04-26 00:23:40.000,train,train
2026-04-26 00:15:00,2026-04-26 00:05:00.000,2026-04-26 00:26:40.000,train,train
2026-04-26 00:18:00,2026-04-26 00:08:00.000,2026-04-26 00:29:40.000,train,train
2026-04-26 00:21:00,2026-04-26 00:11:00.000,2026-04-26 00:32:40.000,validation,train
2026-04-26 00:24:00,2026-04-26 00:14:00.000,2026-04-26 00:35:40.000,train,train
2026-04-26 00:27:00,2026-04-26 00:17:00.000,2026-04-26 00:38:40.000,train,train
2026-04-26 00:30:00,2026-04-26 00:20:00.000,2026-04-26 00:41:40.000,validation,train
2026-04-26 00:33:00,2026-04-26 00:23:00.000,2026-04-26 00:44:40.000,train,train
2026-04-26 00:36:00,2026-04-26 00:26:00.000,2026-04-26 00:47:40.000,validation,train
2026-04-26 00:39:00,2026-04-26 00:29:00.000,2026-04-26 00:50:40.000,validation,train
2026-04-26 00:42:00,2026-04-26 00:32:00.000,2026-04-26 00:53:40.000,train,train
2026-04-26 00:45:00,2026-04-26 00:35:00.000,2026-04-26 00:56:40.000,train,train
2026-04-26 00:48:00,2026-04-26 00:38:00.000,2026-04-26 00:59:40.000,train,train
2026-04-26 00:51:00,2026-04-26 00:41:00.000,2026-04-26 01:02:40.000,train,train
2026-04-26 00:54:00,2026-04-26 00:44:00.000,2026-04-26 01:05:40.000,train,train
2026-04-26 00:57:00,2026-04-26 00:47:00.000,2026-04-26 01:08:40.000,train,train
2026-04-26 01:00:00,2026-04-26 00:50:00.000,2026-04-26 01:11:40.000,train,train
2026-04-26 01:03:00,2026-04-26 00:53:00.000,2026-04-26 01:14:40.000,train,train
2026-04-26 01:06:00,2026-04-26 00:56:01.000,2026-04-26 01:17:40.000,train,train
2026-04-26 01:09:00,2026-04-26 00:59:01.000,2026-04-26 01:20:40.000,train,train
2026-04-26 01:12:00,2026-04-26 01:02:01.000,2026-04-26 01:23:40.000,train,train
2026-04-26 01:15:00,2026-04-26 01:05:01.000,2026-04-26 01:26:40.000,train,train
2026-04-26 01:18:00,2026-04-26 01:08:01.000,2026-04-26 01:29:40.000,train,train
2026-04-26 01:21:00,2026-04-26 01:11:01.000,2026-04-26 01:32:40.000,train,train
2026-04-26 01:24:00,2026-04-26 01:14:01.000,2026-04-26 01:35:40.000,train,train
2026-04-26 01:27:00,2026-04-26 01:17:01.000,2026-04-26 01:38:40.000,train,train
2026-04-26 01:30:00,2026-04-26 01:20:01.000,2026-04-26 01:41:40.000,train,train
2026-04-26 01:33:00,2026-04-26 01:23:01.000,2026-04-26 01:44:40.000,train,train
2026-04-26 01:36:00,2026-04-26 01:26:01.000,2026-04-26 01:47:40.000,train,train
2026-04-26 01:39:00,2026-04-26 01:29:01.000,2026-04-26 01:50:40.000,train,train
2026-04-26 01:42:00,2026-04-26 01:32:01.000,2026-04-26 01:53:40.000,train,train
2026-04-26 01:45:00,2026-04-26 01:35:01.000,2026-04-26 01:56:40.000,train,train
2026-04-26 01:48:00,2026-04-26 01:38:01.000,2026-04-26 01:59:40.000,train,train
2026-04-26 01:51:00,2026-04-26 01:41:01.000,2026-04-26 02:02:40.000,train,train
2026-04-26 01:54:00,2026-04-26 01:44:01.000,2026-04-26 02:05:40.000,validation,train
2026-04-26 01:57:00,2026-04-26 01:47:01.000,2026-04-26 02:08:40.000,train,train
2026-04-26 02:00:00,2026-04-26 01:50:01.000,2026-04-26 02:11:40.000,train,train
2026-04-26 02:03:00,2026-04-26 01:53:01.000,2026-04-26 02:14:40.000,validation,train
2026-04-26 02:06:00,2026-04-26 01:56:01.000,2026-04-26 02:17:40.000,train,train
2026-04-26 02:09:00,2026-04-26 01:59:01.000,2026-04-26 02:20:40.000,train,train
2026-04-26 02:12:00,2026-04-26 02:02:02.000,2026-04-26 02:23:40.000,validation,train
2026-04-26 02:15:00,2026-04-26 02:05:02.000,2026-04-26 02:26:40.000,train,train
2026-04-26 02:18:00,2026-04-26 02:08:02.000,2026-04-26 02:29:40.000,train,train
2026-04-26 02:21:00,2026-04-26 02:11:02.000,2026-04-26 02:32:40.000,validation,train
2026-04-26 02:24:00,2026-04-26 02:14:02.000,2026-04-26 02:35:40.000,train,train
2026-04-26 02:27:00,2026-04-26 02:17:02.000,2026-04-26 02:38:40.000,validation,train
2026-04-26 02:30:00,2026-04-26 02:20:02.000,2026-04-26 02:41:40.000,validation,train
2026-04-26 02:33:00,2026-04-26 02:23:02.000,2026-04-26 02:44:40.000,train,train
2026-04-26 02:36:00,2026-04-26 02:26:02.000,2026-04-26 02:47:40.000,train,train
2026-04-26 02:39:00,2026-04-26 02:29:02.000,2026-04-26 02:50:40.000,train,train
2026-04-26 02:42:00,2026-04-26 02:32:02.000,2026-04-26 02:53:40.000,train,train
2026-04-26 02:45:00,2026-04-26 02:35:02.000,2026-04-26 02:56:40.000,train,train
2026-04-26 02:48:00,2026-04-26 02:38:02.000,2026-04-26 02:59:40.000,train,train
2026-04-26 02:51:00,2026-04-26 02:41:02.000,2026-04-26 03:02:40.000,train,train
2026-04-26 02:54:00,2026-04-26 02:44:02.000,2026-04-26 03:05:40.000,train,train
2026-04-26 02:57:00,2026-04-26 02:47:02.000,2026-04-26 03:08:40.000,validation,train
2026-04-26 03:00:00,2026-04-26 02:50:02.000,2026-04-26 03:11:40.000,train,train
2026-04-26 03:03:00,2026-04-26 02:53:02.000,2026-04-26 03:14:40.000,train,train
2026-04-26 03:06:00,2026-04-26 02:56:02.000,2026-04-26 03:17:40.000,train,train
2026-04-26 03:09:00,2026-04-26 02:59:02.000,2026-04-26 03:20:40.000,validation,train
2026-04-26 03:12:00,2026-04-26 03:02:02.000,2026-04-26 03:23:40.000,train,train
2026-04-26 03:15:00,2026-04-26 03:05:02.000,2026-04-26 03:26:40.000,validation,train
2026-04-26 03:18:00,2026-04-26 03:08:02.000,2026-04-26 03:29:40.000,train,train
2026-04-26 03:21:00,2026-04-26 03:11:03.000,2026-04-26 03:32:40.000,train,train
2026-04-26 03:24:00,2026-04-26 03:14:03.000,2026-04-26 03:35:40.000,validation,train
2026-04-26 03:27:00,2026-04-26 03:17:03.000,2026-04-26 03:38:40.000,train,train
2026-04-26 03:30:00,2026-04-26 03:20:03.000,2026-04-26 03:41:40.000,train,train
2026-04-26 03:33:00,2026-04-26 03:23:03.000,2026-04-26 03:44:40.000,train,train
2026-04-26 03:36:00,2026-04-26 03:26:03.000,2026-04-26 03:47:40.000,train,train
2026-04-26 03:39:00,2026-04-26 03:29:03.000,2026-04-26 03:50:40.000,train,train
2026-04-26 03:42:00,2026-04-26 03:32:03.000,2026-04-26 03:53:40.000,train,train
2026-04-26 03:45:00,2026-04-26 03:35:03.000,2026-04-26 03:56:40.000,validation,train
2026-04-26 03:48:00,2026-04-26 03:38:03.000,2026-04-26 03:59:40.000,train,train
2026-04-26 03:51:00,2026-04-26 03:41:03.000,2026-04-26 04:02:40.000,train,train
2026-04-26 03:54:00,2026-04-26 03:44:03.000,2026-04-26 04:05:40.000,train,train
2026-04-26 03:57:00,2026-04-26 03:47:03.000,2026-04-26 04:08:40.000,train,train
2026-04-26 04:00:00,2026-04-26 03:50:03.000,2026-04-26 04:11:40.000,train,train
2026-04-26 04:03:00,2026-04-26 03:53:03.000,2026-04-26 04:14:40.000,train,train
2026-04-26 04:06:00,2026-04-26 03:56:03.000,2026-04-26 04:17:40.000,train,train
2026-04-26 04:09:00,2026-04-26 03:59:03.000,2026-04-26 04:20:40.000,train,train
2026-04-26 04:12:00,2026-04-26 04:02:03.000,2026-04-26 04:23:40.000,validation,train
2026-04-26 04:15:00,2026-04-26 04:05:03.000,2026-04-26 04:26:40.000,train,train
2026-04-26 04:18:00,2026-04-26 04:08:03.000,2026-04-26 04:29:40.000,train,train
2026-04-26 04:21:00,2026-04-26 04:11:03.000,2026-04-26 04:32:40.000,train,train
2026-04-26 04:24:00,2026-04-26 04:14:03.000,2026-04-26 04:35:40.000,train,train
2026-04-26 04:27:00,2026-04-26 04:17:04.000,2026-04-26 04:38:40.000,train,train
2026-04-26 04:30:00,2026-04-26 04:20:04.000,2026-04-26 04:41:40.000,train,train
2026-04-26 04:33:00,2026-04-26 04:23:04.000,2026-04-26 04:44:40.000,train,train
2026-04-26 04:36:00,2026-04-26 04:26:04.000,2026-04-26 04:47:40.000,train,train
2026-04-26 04:39:00,2026-04-26 04:29:04.000,2026-04-26 04:50:40.000,train,train
2026-04-26 04:42:00,2026-04-26 04:32:04.000,2026-04-26 04:53:40.000,train,train
2026-04-26 04:45:00,2026-04-26 04:35:04.000,2026-04-26 04:56:40.000,train,train
2026-04-26 04:48:00,2026-04-26 04:38:04.000,2026-04-26 04:59:40.000,train,train
2026-04-26 04:51:00,2026-04-26 04:41:04.000,2026-04-26 05:02:40.000,train,train
2026-04-26 04:54:00,2026-04-26 04:44:04.000,2026-04-26 05:05:40.000,validation,train
2026-04-26 04:57:00,2026-04-26 04:47:04.000,2026-04-26 05:08:40.000,train,train
2026-04-26 05:00:00,2026-04-26 04:50:04.000,2026-04-26 05:11:40.000,train,train
2026-04-26 05:03:00,2026-04-26 04:53:04.000,2026-04-26 05:14:40.000,train,train
2026-04-26 05:06:00,2026-04-26 04:56:04.000,2026-04-26 05:17:40.000,train,train
2026-04-26 05:09:00,2026-04-26 04:59:04.000,2026-04-26 05:20:40.000,train,train
2026-04-26 05:12:00,2026-04-26 05:02:04.000,2026-04-26 05:23:40.000,validation,train
2026-04-26 05:15:00,2026-04-26 05:05:04.000,2026-04-26 05:26:40.000,train,train
2026-04-26 05:18:00,2026-04-26 05:08:04.000,2026-04-26 05:29:40.000,train,train
2026-04-26 05:21:00,2026-04-26 05:11:04.000,2026-04-26 05:32:40.000,train,train
2026-04-26 05:24:00,2026-04-26 05:14:04.000,2026-04-26 05:35:40.000,train,train
2026-04-26 05:27:00,2026-04-26 05:17:04.000,2026-04-26 05:38:40.000,train,train
2026-04-26 05:30:00,2026-04-26 05:20:04.000,2026-04-26 05:41:40.000,train,train
2026-04-26 05:33:00,2026-04-26 05:23:04.000,2026-04-26 05:44:40.000,train,train
2026-04-26 05:36:00,2026-04-26 05:26:05.000,2026-04-26 05:47:40.000,train,train
2026-04-26 05:39:00,2026-04-26 05:29:05.000,2026-04-26 05:50:40.000,train,train
2026-04-26 05:42:00,2026-04-26 05:32:05.000,2026-04-26 05:53:40.000,validation,train
2026-04-26 05:45:00,2026-04-26 05:35:05.000,2026-04-26 05:56:40.000,train,train
2026-04-26 05:48:00,2026-04-26 05:38:05.000,2026-04-26 05:59:40.000,train,train
2026-04-26 05:51:00,2026-04-26 05:41:05.000,2026-04-26 06:02:40.000,validation,train
2026-04-26 05:54:00,2026-04-26 05:44:05.000,2026-04-26 06:05:40.000,validation,train
2026-04-26 05:57:00,2026-04-26 05:47:05.000,2026-04-26 06:08:40.000,train,train
2026-04-26 06:00:00,2026-04-26 05:50:05.000,2026-04-26 06:11:40.000,train,train
2026-04-26 06:03:00,2026-04-26 05:53:05.000,2026-04-26 06:14:40.000,train,train
2026-04-26 06:06:00,2026-04-26 05:56:05.000,2026-04-26 06:17:40.000,train,train
2026-04-26 06:09:00,2026-04-26 05:59:05.000,2026-04-26 06:20:40.000,train,train
2026-04-26 06:12:00,2026-04-26 06:02:05.000,2026-04-26 06:23:40.000,train,train
2026-04-26 06:15:00,2026-04-26 06:05:05.000,2026-04-26 06:26:40.000,train,train
2026-04-26 06:18:00,2026-04-26 06:08:05.000,2026-04-26 06:29:40.000,train,train
2026-04-26 06:21:00,2026-04-26 06:11:05.000,2026-04-26 06:32:40.000,train,train
2026-04-26 06:24:00,2026-04-26 06:14:05.000,2026-04-26 06:35:40.000,train,train
2026-04-26 06:27:00,2026-04-26 06:17:05.000,2026-04-26 06:38:40.000,train,train
2026-04-26 06:30:00,2026-04-26 06:20:05.000,2026-04-26 06:41:40.000,train,train
2026-04-26 06:33:00,2026-04-26 06:23:05.000,2026-04-26 06:44:40.000,validation,train
2026-04-26 06:36:00,2026-04-26 06:26:05.000,2026-04-26 06:47:40.000,train,train
2026-04-26 06:39:00,2026-04-26 06:29:05.000,2026-04-26 06:50:40.000,train,train
2026-04-26 06:42:00,2026-04-26 06:32:06.000,2026-04-26 06:53:40.000,train,train
2026-04-26 06:45:00,2026-04-26 06:35:06.000,2026-04-26 06:56:40.000,train,train
2026-04-26 06:48:00,2026-04-26 06:38:06.000,2026-04-26 06:59:40.000,validation,train
2026-04-26 06:51:00,2026-04-26 06:41:06.000,2026-04-26 07:02:40.000,validation,train
2026-04-26 06:54:00,2026-04-26 06:44:06.000,2026-04-26 07:05:40.000,validation,train
2026-04-26 06:57:00,2026-04-26 06:47:06.000,2026-04-26 07:08:40.000,train,train
2026-04-26 07:00:00,2026-04-26 06:50:06.000,2026-04-26 07:11:40.000,train,train
2026-04-26 07:03:00,2026-04-26 06:53:06.000,2026-04-26 07:14:40.000,train,train
2026-04-26 07:06:00,2026-04-26 06:56:06.000,2026-04-26 07:17:40.000,train,train
2026-04-26 07:09:00,2026-04-26 06:59:06.000,2026-04-26 07:20:40.000,train,train
2026-04-26 07:12:00,2026-04-26 07:02:06.000,2026-04-26 07:23:40.000,train,train
2026-04-26 07:15:00,2026-04-26 07:05:06.000,2026-04-26 07:26:40.000,train,train
2026-04-26 07:18:00,2026-04-26 07:08:06.000,2026-04-26 07:29:40.000,train,train
2026-04-26 07:21:00,2026-04-26 07:11:06.000,2026-04-26 07:32:40.000,train,train
2026-04-26 07:24:00,2026-04-26 07:14:06.000,2026-04-26 07:35:40.000,validation,train
2026-04-26 07:27:00,2026-04-26 07:17:06.000,2026-04-26 07:38:40.000,train,train
2026-04-26 07:30:00,2026-04-26 07:20:06.000,2026-04-26 07:41:40.000,train,train
2026-04-26 07:33:00,2026-04-26 07:23:06.000,2026-04-26 07:44:40.000,train,train
2026-04-26 07:36:00,2026-04-26 07:26:06.000,2026-04-26 07:47:40.000,train,train
2026-04-26 07:39:00,2026-04-26 07:29:06.000,2026-04-26 07:50:40.000,validation,train
2026-04-26 07:42:00,2026-04-26 07:32:06.000,2026-04-26 07:53:40.000,train,train
2026-04-26 07:45:00,2026-04-26 07:35:06.000,2026-04-26 07:56:40.000,train,train
2026-04-26 07:48:00,2026-04-26 07:38:06.000,2026-04-26 07:59:40.000,validation,train
2026-04-26 07:51:00,2026-04-26 07:41:07.000,2026-04-26 08:02:40.000,validation,train
2026-04-26 07:54:00,2026-04-26 07:44:07.000,2026-04-26 08:05:40.000,train,train
2026-04-26 07:57:00,2026-04-26 07:47:07.000,2026-04-26 08:08:40.000,train,train
2026-04-26 08:00:00,2026-04-26 07:50:07.000,2026-04-26 08:11:40.000,train,train
2026-04-26 08:03:00,2026-04-26 07:53:07.000,2026-04-26 08:14:40.000,train,train
2026-04-26 08:06:00,2026-04-26 07:56:07.000,2026-04-26 08:17:40.000,train,train
2026-04-26 08:09:00,2026-04-26 07:59:07.000,2026-04-26 08:20:40.000,train,train
2026-04-26 08:12:00,2026-04-26 08:02:07.000,2026-04-26 08:23:40.000,train,train
2026-04-26 08:15:00,2026-04-26 08:05:07.000,2026-04-26 08:26:40.000,train,train
2026-04-26 08:18:00,2026-04-26 08:08:07.000,2026-04-26 08:29:40.000,train,train
2026-04-26 08:21:00,2026-04-26 08:11:07.000,2026-04-26 08:32:40.000,validation,train
2026-04-26 08:24:00,2026-04-26 08:14:07.000,2026-04-26 08:35:40.000,train,train
2026-04-26 08:27:00,2026-04-26 08:17:07.000,2026-04-26 08:38:40.000,validation,train
2026-04-26 08:30:00,2026-04-26 08:20:07.000,2026-04-26 08:41:40.000,train,train
2026-04-26 08:33:00,2026-04-26 08:23:07.000,2026-04-26 08:44:40.000,validation,train
2026-04-26 08:36:00,2026-04-26 08:26:07.000,2026-04-26 08:47:40.000,train,train
2026-04-26 08:39:00,2026-04-26 08:29:07.000,2026-04-26 08:50:40.000,train,train
2026-04-26 08:42:00,2026-04-26 08:32:07.000,2026-04-26 08:53:40.000,validation,train
2026-04-26 08:45:00,2026-04-26 08:35:07.000,2026-04-26 08:56:40.000,train,train
2026-04-26 08:48:00,2026-04-26 08:38:07.000,2026-04-26 08:59:40.000,train,train
2026-04-26 08:51:00,2026-04-26 08:41:07.000,2026-04-26 09:02:40.000,train,train
2026-04-26 08:54:00,2026-04-26 08:44:07.000,2026-04-26 09:05:40.000,train,train
2026-04-26 08:57:00,2026-04-26 08:47:07.724,2026-04-26 09:08:40.000,validation,train
2026-04-26 09:00:00,2026-04-26 08:50:07.724,2026-04-26 09:11:40.000,train,train
2026-04-26 09:03:00,2026-04-26 08:53:07.724,2026-04-26 09:14:40.000,validation,train
2026-04-26 09:06:00,2026-04-26 08:56:07.724,2026-04-26 09:17:40.000,train,train
2026-04-26 09:09:00,2026-04-26 08:59:07.724,2026-04-26 09:20:40.000,validation,train
2026-04-26 09:12:00,2026-04-26 09:02:07.724,2026-04-26 09:23:40.000,train,train
2026-04-26 09:15:00,2026-04-26 09:05:07.724,2026-04-26 09:26:40.000,train,train
2026-04-26 09:18:00,2026-04-26 09:08:07.724,2026-04-26 09:29:40.000,validation,train
2026-04-26 09:21:00,2026-04-26 09:11:07.724,2026-04-26 09:32:40.000,train,train
2026-04-26 09:24:00,2026-04-26 09:14:07.724,2026-04-26 09:35:40.000,train,train
2026-04-26 09:27:00,2026-04-26 09:17:07.724,2026-04-26 09:38:40.000,train,train
2026-04-26 09:30:00,2026-04-26 09:20:07.724,2026-04-26 09:41:40.000,train,train
2026-04-26 09:33:00,2026-04-26 09:23:07.724,2026-04-26 09:44:40.000,train,train
2026-04-26 09:36:00,2026-04-26 09:26:07.724,2026-04-26 09:47:40.000,train,train
2026-04-26 09:39:00,2026-04-26 09:29:07.724,2026-04-26 09:50:40.000,train,train
2026-04-26 09:42:00,2026-04-26 09:32:07.724,2026-04-26 09:53:40.000,train,train
2026-04-26 09:45:00,2026-04-26 09:35:07.724,2026-04-26 09:56:40.000,train,train
2026-04-26 09:48:00,2026-04-26 09:38:07.724,2026-04-26 09:59:40.000,validation,train
2026-04-26 09:51:00,2026-04-26 09:41:07.724,2026-04-26 10:02:40.000,validation,train
2026-04-26 09:54:00,2026-04-26 09:44:07.724,2026-04-26 10:05:40.000,train,train
2026-04-26 09:57:00,2026-04-26 09:47:07.724,2026-04-26 10:08:40.000,train,train
2026-04-26 10:00:00,2026-04-26 09:50:07.724,2026-04-26 10:11:40.000,train,train
2026-04-26 10:03:00,2026-04-26 09:53:07.724,2026-04-26 10:14:40.000,train,train
2026-04-26 10:06:00,2026-04-26 09:56:07.724,2026-04-26 10:17:40.000,train,train
2026-04-26 10:09:00,2026-04-26 09:59:07.724,2026-04-26 10:20:40.000,validation,train
2026-04-26 10:12:00,2026-04-26 10:02:07.724,2026-04-26 10:23:40.000,train,train
2026-04-26 10:15:00,2026-04-26 10:05:07.724,2026-04-26 10:26:40.000,train,train
2026-04-26 10:18:00,2026-04-26 10:08:07.724,2026-04-26 10:29:40.000,train,train
2026-04-26 10:21:00,2026-04-26 10:11:07.724,2026-04-26 10:32:40.000,train,train
2026-04-26 10:24:00,2026-04-26 10:14:07.724,2026-04-26 10:35:40.000,train,train
2026-04-26 10:27:00,2026-04-26 10:17:07.724,2026-04-26 10:38:40.000,train,train
2026-04-26 10:30:00,2026-04-26 10:20:07.724,2026-04-26 10:41:40.000,train,train
2026-04-26 10:33:00,2026-04-26 10:23:07.724,2026-04-26 10:44:40.000,train,train
2026-04-26 10:36:00,2026-04-26 10:26:07.724,2026-04-26 10:47:40.000,validation,train
2026-04-26 10:39:00,2026-04-26 10:29:07.724,2026-04-26 10:50:40.000,validation,train
2026-04-26 10:42:00,2026-04-26 10:32:07.724,2026-04-26 10:53:40.000,train,train
2026-04-26 10:45:00,2026-04-26 10:35:07.724,2026-04-26 10:56:40.000,train,train
2026-04-26 10:48:00,2026-04-26 10:38:07.724,2026-04-26 10:59:40.000,train,train
2026-04-26 10:51:00,2026-04-26 10:41:07.724,2026-04-26 11:02:40.000,train,train
2026-04-26 10:54:00,2026-04-26 10:44:07.724,2026-04-26 11:05:40.000,validation,train
2026-04-26 10:57:00,2026-04-26 10:47:07.724,2026-04-26 11:08:40.000,train,train
2026-04-26 11:00:00,2026-04-26 10:50:07.724,2026-04-26 11:11:40.000,validation,train
2026-04-26 11:03:00,2026-04-26 10:53:07.724,2026-04-26 11:14:40.000,train,train
2026-04-26 11:06:00,2026-04-26 10:56:07.724,2026-04-26 11:17:40.000,train,train
2026-04-26 11:09:00,2026-04-26 10:59:07.724,2026-04-26 11:20:40.000,train,train
2026-04-26 11:12:00,2026-04-26 11:02:07.724,2026-04-26 11:23:40.000,train,train
2026-04-26 11:15:00,2026-04-26 11:05:07.724,2026-04-26 11:26:40.000,train,train
2026-04-26 11:18:00,2026-04-26 11:08:07.724,2026-04-26 11:29:40.000,train,train
2026-04-26 11:21:00,2026-04-26 11:11:07.724,2026-04-26 11:32:40.000,train,train
2026-04-26 11:24:00,2026-04-26 11:14:07.724,2026-04-26 11:35:40.000,validation,train
2026-04-26 11:27:00,2026-04-26 11:17:07.724,2026-04-26 11:38:40.000,train,train
2026-04-26 11:30:00,2026-04-26 11:20:07.724,2026-04-26 11:41:40.000,train,train
2026-04-26 11:33:00,2026-04-26 11:23:07.724,2026-04-26 11:44:40.000,train,train
2026-04-26 11:36:00,2026-04-26 11:26:07.724,2026-04-26 11:47:40.000,train,train
2026-04-26 11:39:00,2026-04-26 11:29:07.724,2026-04-26 11:50:40.000,train,train
2026-04-26 11:42:00,2026-04-26 11:32:07.724,2026-04-26 11:53:40.000,train,train
2026-04-26 11:45:00,2026-04-26 11:35:07.724,2026-04-26 11:56:40.000,train,train
2026-04-26 11:48:00,2026-04-26 11:38:07.724,2026-04-26 11:59:40.000,train,train
2026-04-26 11:51:00,2026-04-26 11:41:07.724,2026-04-26 12:02:40.000,train,train
2026-04-26 11:54:00,2026-04-26 11:44:07.724,2026-04-26 12:05:40.000,train,train
2026-04-26 11:57:00,2026-04-26 11:47:07.724,2026-04-26 12:08:40.000,validation,train
2026-04-26 12:00:00,2026-04-26 11:50:07.724,2026-04-26 12:11:40.000,validation,train
2026-04-26 12:03:00,2026-04-26 11:53:07.724,2026-04-26 12:14:40.000,train,train
2026-04-26 12:06:00,2026-04-26 11:56:07.724,2026-04-26 12:17:40.000,train,train
2026-04-26 12:09:00,2026-04-26 11:59:07.724,2026-04-26 12:20:40.000,validation,train
2026-04-26 12:12:00,2026-04-26 12:02:07.724,2026-04-26 12:23:40.000,validation,train
2026-04-26 12:15:00,2026-04-26 12:05:07.724,2026-04-26 12:26:40.000,validation,train
2026-04-26 12:18:00,2026-04-26 12:08:07.724,2026-04-26 12:29:40.000,train,train
2026-04-26 12:21:00,2026-04-26 12:11:07.724,2026-04-26 12:32:40.000,train,train
2026-04-26 12:24:00,2026-04-26 12:14:07.724,2026-04-26 12:35:40.000,train,train
2026-04-26 12:27:00,2026-04-26 12:17:07.724,2026-04-26 12:38:40.000,train,train
2026-04-26 12:30:00,2026-04-26 12:20:07.724,2026-04-26 12:41:40.000,validation,train
2026-04-26 12:33:00,2026-04-26 12:23:07.724,2026-04-26 12:44:40.000,train,train
2026-04-26 12:36:00,2026-04-26 12:26:07.724,2026-04-26 12:47:40.000,train,train
2026-04-26 12:39:00,2026-04-26 12:29:07.724,2026-04-26 12:50:40.000,train,train
2026-04-26 12:42:00,2026-04-26 12:32:07.724,2026-04-26 12:53:40.000,train,train
2026-04-26 12:45:00,2026-04-26 12:35:07.724,2026-04-26 12:56:40.000,train,train
2026-04-26 12:48:00,2026-04-26 12:38:07.724,2026-04-26 12:59:40.000,validation,train
2026-04-26 12:51:00,2026-04-26 12:41:07.724,2026-04-26 13:02:40.000,train,train
2026-04-26 12:54:00,2026-04-26 12:44:07.724,2026-04-26 13:05:40.000,train,train
2026-04-26 12:57:00,2026-04-26 12:47:07.724,2026-04-26 13:08:40.000,train,train
2026-04-26 13:00:00,2026-04-26 12:50:07.724,2026-04-26 13:11:40.000,train,train
2026-04-26 13:03:00,2026-04-26 12:53:07.724,2026-04-26 13:14:40.000,validation,train
2026-04-26 13:06:00,2026-04-26 12:56:07.724,2026-04-26 13:17:40.000,train,train
2026-04-26 13:09:00,2026-04-26 12:59:07.724,2026-04-26 13:20:40.000,train,train
2026-04-26 13:12:00,2026-04-26 13:02:07.724,2026-04-26 13:23:40.000,train,train
2026-04-26 13:15:00,2026-04-26 13:05:07.724,2026-04-26 13:26:40.000,validation,train
2026-04-26 13:18:00,2026-04-26 13:08:07.724,2026-04-26 13:29:40.000,train,train
2026-04-26 13:21:00,2026-04-26 13:11:07.724,2026-04-26 13:32:40.000,validation,train
2026-04-26 13:24:00,2026-04-26 13:14:07.724,2026-04-26 13:35:40.000,validation,train
2026-04-26 13:27:00,2026-04-26 13:17:07.724,2026-04-26 13:38:40.000,train,train
2026-04-26 13:30:00,2026-04-26 13:20:07.724,2026-04-26 13:41:40.000,train,train
2026-04-26 13:33:00,2026-04-26 13:23:07.724,2026-04-26 13:44:40.000,train,train
2026-04-26 13:36:00,2026-04-26 13:26:07.724,2026-04-26 13:47:40.000,train,train
2026-04-26 13:39:00,2026-04-26 13:29:07.724,2026-04-26 13:50:40.000,train,train
2026-04-26 13:42:00,2026-04-26 13:32:07.724,2026-04-26 13:53:40.000,validation,train
2026-04-26 13:45:00,2026-04-26 13:35:07.724,2026-04-26 13:56:40.000,train,train
2026-04-26 13:48:00,2026-04-26 13:38:07.724,2026-04-26 13:59:40.000,train,train
2026-04-26 13:51:00,2026-04-26 13:41:07.724,2026-04-26 14:02:40.000,train,train
2026-04-26 13:54:00,2026-04-26 13:44:07.724,2026-04-26 14:05:40.000,validation,train
2026-04-26 13:57:00,2026-04-26 13:47:07.724,2026-04-26 14:08:40.000,train,train
2026-04-26 14:00:00,2026-04-26 13:50:07.724,2026-04-26 14:11:40.000,train,train
2026-04-26 14:03:00,2026-04-26 13:53:07.724,2026-04-26 14:14:40.000,validation,train
2026-04-26 14:06:00,2026-04-26 13:56:07.724,2026-04-26 14:17:40.000,train,train
2026-04-26 14:09:00,2026-04-26 13:59:07.724,2026-04-26 14:20:40.000,validation,train
2026-04-26 14:12:00,2026-04-26 14:02:07.724,2026-04-26 14:23:40.000,train,train
2026-04-26 14:15:00,2026-04-26 14:05:07.724,2026-04-26 14:26:40.000,train,train
2026-04-26 14:18:00,2026-04-26 14:08:07.724,2026-04-26 14:29:40.000,train,train
2026-04-26 14:21:00,2026-04-26 14:11:07.724,2026-04-26 14:32:40.000,train,train
2026-04-26 14:24:00,2026-04-26 14:14:07.724,2026-04-26 14:35:40.000,train,train
2026-04-26 14:27:00,2026-04-26 14:17:07.724,2026-04-26 14:38:40.000,validation,train
2026-04-26 14:30:00,2026-04-26 14:20:07.724,2026-04-26 14:41:40.000,train,train
2026-04-26 14:33:00,2026-04-26 14:23:07.724,2026-04-26 14:44:40.000,train,train
2026-04-26 14:36:00,2026-04-26 14:26:07.724,2026-04-26 14:47:40.000,train,train
2026-04-26 14:39:00,2026-04-26 14:29:07.724,2026-04-26 14:50:40.000,train,train
2026-04-26 14:42:00,2026-04-26 14:32:07.724,2026-04-26 14:53:40.000,train,train
2026-04-26 14:45:00,2026-04-26 14:35:07.724,2026-04-26 14:56:40.000,train,train
2026-04-26 14:48:00,2026-04-26 14:38:07.724,2026-04-26 14:59:40.000,train,train
2026-04-26 14:51:00,2026-04-26 14:41:07.724,2026-04-26 15:02:40.000,train,train
2026-04-26 14:54:00,2026-04-26 14:44:07.724,2026-04-26 15:05:40.000,train,train
2026-04-26 14:57:00,2026-04-26 14:47:07.724,2026-04-26 15:08:40.000,validation,train
2026-04-26 15:00:00,2026-04-26 14:50:07.724,2026-04-26 15:11:40.000,validation,train
2026-04-26 15:03:00,2026-04-26 14:53:07.724,2026-04-26 15:14:40.000,train,train
2026-04-26 15:06:00,2026-04-26 14:56:07.724,2026-04-26 15:17:40.000,train,train
2026-04-26 15:09:00,2026-04-26 14:59:07.724,2026-04-26 15:20:40.000,train,train
2026-04-26 15:12:00,2026-04-26 15:02:07.724,2026-04-26 15:23:40.000,train,train
2026-04-26 15:15:00,2026-04-26 15:05:07.724,2026-04-26 15:26:40.000,train,train
2026-04-26 15:18:00,2026-04-26 15:08:07.724,2026-04-26 15:29:40.000,train,train
2026-04-26 15:21:00,2026-04-26 15:11:07.724,2026-04-26 15:32:40.000,train,train
2026-04-26 15:24:00,2026-04-26 15:14:07.724,2026-04-26 15:35:40.000,train,train
2026-04-26 15:27:00,2026-04-26 15:17:07.724,2026-04-26 15:38:40.000,train,train
2026-04-26 15:30:00,2026-04-26 15:20:07.724,2026-04-26 15:41:40.000,train,train
2026-04-26 15:33:00,2026-04-26 15:23:07.724,2026-04-26 15:44:40.000,train,train
2026-04-26 15:36:00,2026-04-26 15:26:07.724,2026-04-26 15:47:40.000,train,train
2026-04-26 15:39:00,2026-04-26 15:29:07.724,2026-04-26 15:50:40.000,train,train
2026-04-26 15:42:00,2026-04-26 15:32:07.724,2026-04-26 15:53:40.000,train,train
2026-04-26 15:45:00,2026-04-26 15:35:07.724,2026-04-26 15:56:40.000,train,train
2026-04-26 15:48:00,2026-04-26 15:38:07.724,2026-04-26 15:59:40.000,train,train
2026-04-26 15:51:00,2026-04-26 15:41:07.724,2026-04-26 16:02:40.000,validation,train
2026-04-26 15:54:00,2026-04-26 15:44:07.724,2026-04-26 16:05:40.000,train,train
2026-04-26 15:57:00,2026-04-26 15:47:07.724,2026-04-26 16:08:40.000,train,train
2026-04-26 16:00:00,2026-04-26 15:50:07.724,2026-04-26 16:11:40.000,train,train
2026-04-26 16:03:00,2026-04-26 15:53:07.724,2026-04-26 16:14:40.000,train,train
2026-04-26 16:06:00,2026-04-26 15:56:07.724,2026-04-26 16:17:40.000,train,train
2026-04-26 16:09:00,2026-04-26 15:59:07.724,2026-04-26 16:20:40.000,train,train
2026-04-26 16:12:00,2026-04-26 16:02:07.724,2026-04-26 16:23:40.000,train,train
2026-04-26 16:15:00,2026-04-26 16:05:07.724,2026-04-26 16:26:40.000,train,train
2026-04-26 16:18:00,2026-04-26 16:08:07.724,2026-04-26 16:29:40.000,train,train
2026-04-26 16:21:00,2026-04-26 16:11:07.724,2026-04-26 16:32:40.000,train,train
2026-04-26 16:24:00,2026-04-26 16:14:07.724,2026-04-26 16:35:40.000,train,train
2026-04-26 16:27:00,2026-04-26 16:17:07.724,2026-04-26 16:38:40.000,train,train
2026-04-26 16:30:00,2026-04-26 16:20:07.724,2026-04-26 16:41:40.000,validation,train
2026-04-26 16:33:00,2026-04-26 16:23:07.724,2026-04-26 16:44:40.000,train,train
2026-04-26 16:36:00,2026-04-26 16:26:07.724,2026-04-26 16:47:40.000,train,train
2026-04-26 16:39:00,2026-04-26 16:29:07.724,2026-04-26 16:50:40.000,train,train
2026-04-26 16:42:00,2026-04-26 16:32:07.724,2026-04-26 16:53:40.000,train,train
2026-04-26 16:45:00,2026-04-26 16:35:07.724,2026-04-26 16:56:40.000,train,train
2026-04-26 16:48:00,2026-04-26 16:38:07.724,2026-04-26 16:59:40.000,train,train
2026-04-26 16:51:00,2026-04-26 16:41:07.724,2026-04-26 17:02:40.000,train,train
2026-04-26 16:54:00,2026-04-26 16:44:07.724,2026-04-26 17:05:40.000,train,train
2026-04-26 16:57:00,2026-04-26 16:47:07.724,2026-04-26 17:08:40.000,validation,train
2026-04-26 17:00:00,2026-04-26 16:50:07.724,2026-04-26 17:11:40.000,train,train
2026-04-26 17:03:00,2026-04-26 16:53:07.724,2026-04-26 17:14:40.000,validation,train
2026-04-26 17:06:00,2026-04-26 16:56:07.724,2026-04-26 17:17:40.000,train,train
2026-04-26 17:09:00,2026-04-26 16:59:07.724,2026-04-26 17:20:40.000,train,train
2026-04-26 17:12:00,2026-04-26 17:02:07.724,2026-04-26 17:23:40.000,train,train
2026-04-26 17:15:00,2026-04-26 17:05:07.724,2026-04-26 17:26:40.000,train,train
2026-04-26 17:18:00,2026-04-26 17:08:07.724,2026-04-26 17:29:40.000,train,train
2026-04-26 17:21:00,2026-04-26 17:11:07.724,2026-04-26 17:32:40.000,validation,train
2026-04-26 17:24:00,2026-04-26 17:14:07.724,2026-04-26 17:35:40.000,validation,train
2026-04-26 17:27:00,2026-04-26 17:17:07.724,2026-04-26 17:38:40.000,train,train
2026-04-26 17:30:00,2026-04-26 17:20:07.724,2026-04-26 17:41:40.000,train,train
2026-04-26 17:33:00,2026-04-26 17:23:07.724,2026-04-26 17:44:40.000,train,train
2026-04-26 17:36:00,2026-04-26 17:26:07.724,2026-04-26 17:47:40.000,train,train
2026-04-26 17:39:00,2026-04-26 17:29:07.724,2026-04-26 17:50:40.000,train,train
2026-04-26 17:42:00,2026-04-26 17:32:07.724,2026-04-26 17:53:40.000,validation,train
2026-04-26 17:45:00,2026-04-26 17:35:07.724,2026-04-26 17:56:40.000,train,train
2026-04-26 17:48:00,2026-04-26 17:38:07.724,2026-04-26 17:59:40.000,train,train
2026-04-26 17:51:00,2026-04-26 17:41:07.724,2026-04-26 18:02:40.000,validation,train
2026-04-26 17:54:00,2026-04-26 17:44:07.724,2026-04-26 18:05:40.000,train,train
2026-04-26 17:57:00,2026-04-26 17:47:07.724,2026-04-26 18:08:40.000,train,train
2026-04-26 18:00:00,2026-04-26 17:50:07.724,2026-04-26 18:11:40.000,train,train
2026-04-26 18:03:00,2026-04-26 17:53:07.724,2026-04-26 18:14:40.000,train,train
2026-04-26 18:06:00,2026-04-26 17:56:07.724,2026-04-26 18:17:40.000,train,train
2026-04-26 18:09:00,2026-04-26 17:59:07.724,2026-04-26 18:20:40.000,train,train
2026-04-26 18:12:00,2026-04-26 18:02:07.724,2026-04-26 18:23:40.000,train,train
2026-04-26 18:15:00,2026-04-26 18:05:07.724,2026-04-26 18:26:40.000,train,train
2026-04-26 18:18:00,2026-04-26 18:08:07.724,2026-04-26 18:29:40.000,validation,train
2026-04-26 18:21:00,2026-04-26 18:11:07.724,2026-04-26 18:32:40.000,train,train
2026-04-26 18:24:00,2026-04-26 18:14:07.724,2026-04-26 18:35:40.000,train,train
2026-04-26 18:27:00,2026-04-26 18:17:07.724,2026-04-26 18:38:40.000,validation,train
2026-04-26 18:30:00,2026-04-26 18:20:07.724,2026-04-26 18:41:40.000,train,train
2026-04-26 18:33:00,2026-04-26 18:23:07.724,2026-04-26 18:44:40.000,validation,train
2026-04-26 18:36:00,2026-04-26 18:26:07.724,2026-04-26 18:47:40.000,train,train
2026-04-26 18:39:00,2026-04-26 18:29:07.724,2026-04-26 18:50:40.000,validation,train
2026-04-26 18:42:00,2026-04-26 18:32:07.724,2026-04-26 18:53:40.000,train,train
2026-04-26 18:45:00,2026-04-26 18:35:07.724,2026-04-26 18:56:40.000,train,train
2026-04-26 18:48:00,2026-04-26 18:38:07.724,2026-04-26 18:59:40.000,train,train
2026-04-26 18:51:00,2026-04-26 18:41:07.724,2026-04-26 19:02:40.000,validation,train
2026-04-26 18:54:00,2026-04-26 18:44:07.724,2026-04-26 19:05:40.000,train,train
2026-04-26 18:57:00,2026-04-26 18:47:07.724,2026-04-26 19:08:40.000,train,train
2026-04-26 19:00:00,2026-04-26 18:50:07.724,2026-04-26 19:11:40.000,validation,train
2026-04-26 19:03:00,2026-04-26 18:53:07.724,2026-04-26 19:14:40.000,train,train
2026-04-26 19:06:00,2026-04-26 18:56:07.724,2026-04-26 19:17:40.000,train,train
2026-04-26 19:09:00,2026-04-26 18:59:07.724,2026-04-26 19:20:40.000,train,train
2026-04-26 19:12:00,2026-04-26 19:02:07.724,2026-04-26 19:23:40.000,train,train
2026-04-26 19:15:00,2026-04-26 19:05:07.724,2026-04-26 19:26:40.000,train,train
2026-04-26 19:18:00,2026-04-26 19:08:07.724,2026-04-26 19:29:40.000,validation,train
2026-04-26 19:21:00,2026-04-26 19:11:07.724,2026-04-26 19:32:40.000,train,train
2026-04-26 19:24:00,2026-04-26 19:14:07.724,2026-04-26 19:35:40.000,train,train
2026-04-26 19:27:00,2026-04-26 19:17:07.724,2026-04-26 19:38:40.000,validation,train
2026-04-26 19:30:00,2026-04-26 19:20:07.724,2026-04-26 19:41:40.000,train,train
2026-04-26 19:33:00,2026-04-26 19:23:07.724,2026-04-26 19:44:40.000,train,train
2026-04-26 19:36:00,2026-04-26 19:26:07.724,2026-04-26 19:47:40.000,train,train
2026-04-26 19:39:00,2026-04-26 19:29:07.724,2026-04-26 19:50:40.000,train,train
2026-04-26 19:42:00,2026-04-26 19:32:07.724,2026-04-26 19:53:40.000,train,train
2026-04-26 19:45:00,2026-04-26 19:35:07.724,2026-04-26 19:56:40.000,train,train
2026-04-26 19:48:00,2026-04-26 19:38:07.724,2026-04-26 19:59:40.000,validation,train
2026-04-26 19:51:00,2026-04-26 19:41:07.724,2026-04-26 20:02:40.000,train,train
2026-04-26 19:54:00,2026-04-26 19:44:07.724,2026-04-26 20:05:40.000,train,train
2026-04-26 19:57:00,2026-04-26 19:47:07.724,2026-04-26 20:08:40.000,train,train
2026-04-26 20:00:00,2026-04-26 19:50:07.724,2026-04-26 20:11:40.000,train,train
2026-04-26 20:03:00,2026-04-26 19:53:07.724,2026-04-26 20:14:40.000,validation,train
2026-04-26 20:06:00,2026-04-26 19:56:07.724,2026-04-26 20:17:40.000,train,train
2026-04-26 20:09:00,2026-04-26 19:59:07.724,2026-04-26 20:20:40.000,train,train
2026-04-26 20:12:00,2026-04-26 20:02:07.724,2026-04-26 20:23:40.000,train,train
2026-04-26 20:15:00,2026-04-26 20:05:07.724,2026-04-26 20:26:40.000,train,train
2026-04-26 20:18:00,2026-04-26 20:08:07.724,2026-04-26 20:29:40.000,validation,train
2026-04-26 20:21:00,2026-04-26 20:11:07.724,2026-04-26 20:32:40.000,train,train
2026-04-26 20:24:00,2026-04-26 20:14:07.724,2026-04-26 20:35:40.000,train,train
2026-04-26 20:27:00,2026-04-26 20:17:07.724,2026-04-26 20:38:40.000,train,train
2026-04-26 20:30:00,2026-04-26 20:20:07.724,2026-04-26 20:41:40.000,train,train
2026-04-26 20:33:00,2026-04-26 20:23:07.724,2026-04-26 20:44:40.000,train,train
2026-04-26 20:36:00,2026-04-26 20:26:07.724,2026-04-26 20:47:40.000,train,train
2026-04-26 20:39:00,2026-04-26 20:29:07.724,2026-04-26 20:50:40.000,train,train
2026-04-26 20:42:00,2026-04-26 20:32:07.724,2026-04-26 20:53:39.000,train,train
2026-04-26 20:45:00,2026-04-26 20:35:07.724,2026-04-26 20:56:40.000,train,train
2026-04-26 20:48:00,2026-04-26 20:38:07.724,2026-04-26 20:59:40.000,train,train
2026-04-26 20:51:00,2026-04-26 20:41:07.724,2026-04-26 21:02:40.000,validation,train
2026-04-26 20:54:00,2026-04-26 20:44:07.724,2026-04-26 21:05:40.000,validation,train
2026-04-26 20:57:00,2026-04-26 20:47:07.724,2026-04-26 21:08:40.000,validation,train
2026-04-26 21:00:00,2026-04-26 20:50:07.724,2026-04-26 21:11:40.000,validation,train
2026-04-26 21:03:00,2026-04-26 20:53:07.724,2026-04-26 21:14:40.000,validation,train
2026-04-26 21:06:00,2026-04-26 20:56:07.724,2026-04-26 21:17:40.000,train,train
2026-04-26 21:09:00,2026-04-26 20:59:07.724,2026-04-26 21:20:40.000,train,train
2026-04-26 21:12:00,2026-04-26 21:02:07.724,2026-04-26 21:23:40.000,train,train
2026-04-26 21:15:00,2026-04-26 21:05:07.724,2026-04-26 21:26:40.000,train,train
2026-04-26 21:18:00,2026-04-26 21:08:07.724,2026-04-26 21:29:40.000,train,train
2026-04-26 21:21:00,2026-04-26 21:11:07.724,2026-04-26 21:32:40.000,train,train
2026-04-26 21:24:00,2026-04-26 21:14:07.724,2026-04-26 21:35:40.000,train,train
2026-04-26 21:27:00,2026-04-26 21:17:07.724,2026-04-26 21:38:39.000,train,train
2026-04-26 21:30:00,2026-04-26 21:20:07.724,2026-04-26 21:41:40.000,train,train
2026-04-26 21:33:00,2026-04-26 21:23:07.724,2026-04-26 21:44:40.000,train,train
2026-04-26 21:36:00,2026-04-26 21:26:07.724,2026-04-26 21:47:40.000,train,train
2026-04-26 21:39:00,2026-04-26 21:29:07.724,2026-04-26 21:50:40.000,train,train
2026-04-26 21:42:00,2026-04-26 21:32:07.724,2026-04-26 21:53:40.000,validation,train
2026-04-26 21:45:00,2026-04-26 21:35:07.724,2026-04-26 21:56:40.000,validation,train
2026-04-26 21:48:00,2026-04-26 21:38:07.724,2026-04-26 21:59:40.000,validation,train
2026-04-26 21:51:00,2026-04-26 21:41:07.724,2026-04-26 22:02:41.000,train,train
2026-04-26 21:54:00,2026-04-26 21:44:07.724,2026-04-26 22:05:41.000,train,train
2026-04-26 21:57:00,2026-04-26 21:47:07.724,2026-04-26 22:08:41.000,train,train
2026-04-26 22:00:00,2026-04-26 21:50:07.724,2026-04-26 22:11:41.000,train,train
2026-04-26 22:03:00,2026-04-26 21:53:07.724,2026-04-26 22:14:41.000,validation,train
2026-04-26 22:06:00,2026-04-26 21:56:07.724,2026-04-26 22:17:41.000,train,train
2026-04-26 22:09:00,2026-04-26 21:59:07.724,2026-04-26 22:20:41.000,train,train
2026-04-26 22:12:00,2026-04-26 22:02:07.724,2026-04-26 22:23:41.000,train,train
2026-04-26 22:15:00,2026-04-26 22:05:07.724,2026-04-26 22:26:41.000,train,train
2026-04-26 22:18:00,2026-04-26 22:08:07.724,2026-04-26 22:29:41.000,validation,train
2026-04-26 22:21:00,2026-04-26 22:11:07.724,2026-04-26 22:32:41.000,train,train
2026-04-26 22:24:00,2026-04-26 22:14:07.724,2026-04-26 22:35:41.000,train,train
2026-04-26 22:27:00,2026-04-26 22:17:07.724,2026-04-26 22:38:41.000,train,train
2026-04-26 22:30:00,2026-04-26 22:20:07.724,2026-04-26 22:41:41.000,train,train
2026-04-26 22:33:00,2026-04-26 22:23:07.724,2026-04-26 22:44:41.000,validation,train
2026-04-26 22:36:00,2026-04-26 22:26:07.724,2026-04-26 22:47:41.000,train,train
2026-04-26 22:39:00,2026-04-26 22:29:07.724,2026-04-26 22:50:41.000,train,train
2026-04-26 22:42:00,2026-04-26 22:32:07.724,2026-04-26 22:53:41.000,validation,train
2026-04-26 22:45:00,2026-04-26 22:35:07.724,2026-04-26 22:56:41.000,train,train
2026-04-26 22:48:00,2026-04-26 22:38:07.724,2026-04-26 22:59:41.000,train,train
2026-04-26 22:51:00,2026-04-26 22:41:07.724,2026-04-26 23:02:41.000,train,train
2026-04-26 22:54:00,2026-04-26 22:44:07.724,2026-04-26 23:05:41.000,train,train
2026-04-26 22:57:00,2026-04-26 22:47:07.724,2026-04-26 23:08:41.000,train,train
2026-04-26 23:00:00,2026-04-26 22:50:07.724,2026-04-26 23:11:41.000,train,train
2026-04-26 23:03:00,2026-04-26 22:53:07.724,2026-04-26 23:14:41.000,train,train
2026-04-26 23:06:00,2026-04-26 22:56:07.724,2026-04-26 23:17:41.000,train,train
2026-04-26 23:09:00,2026-04-26 22:59:07.724,2026-04-26 23:20:41.000,train,train
2026-04-26 23:12:00,2026-04-26 23:02:07.724,2026-04-26 23:23:41.000,train,train
2026-04-26 23:15:00,2026-04-26 23:05:07.724,2026-04-26 23:26:41.000,train,train
2026-04-26 23:18:00,2026-04-26 23:08:07.724,2026-04-26 23:29:41.000,train,train
2026-04-26 23:21:00,2026-04-26 23:11:07.724,2026-04-26 23:32:41.000,train,train
2026-04-26 23:24:00,2026-04-26 23:14:07.724,2026-04-26 23:35:41.000,validation,train
2026-04-26 23:27:00,2026-04-26 23:17:07.724,2026-04-26 23:38:41.000,train,train
2026-04-26 23:30:00,2026-04-26 23:20:07.724,2026-04-26 23:41:41.000,train,train
2026-04-26 23:33:00,2026-04-26 23:23:07.724,2026-04-26 23:44:41.000,train,train
2026-04-26 23:36:00,2026-04-26 23:26:07.724,2026-04-26 23:47:41.000,train,train
2026-04-26 23:39:00,2026-04-26 23:29:07.724,2026-04-26 23:50:41.000,train,train
2026-04-26 23:42:00,2026-04-26 23:32:07.724,2026-04-26 23:53:41.000,train,train
2026-04-26 23:45:00,2026-04-26 23:35:07.724,2026-04-26 23:56:41.000,train,train
2026-04-26 23:48:00,2026-04-26 23:38:07.724,2026-04-26 23:59:41.000,validation,train
2026-04-26 23:51:00,2026-04-26 23:41:07.724,2026-04-27 00:02:41.000,train,train
2026-04-26 23:54:00,2026-04-26 23:44:07.724,2026-04-27 00:05:41.000,train,train
2026-04-26 23:57:00,2026-04-26 23:47:07.724,2026-04-27 00:08:41.000,train,train
2026-04-27 00:00:00,2026-04-26 23:50:07.724,2026-04-27 00:11:41.000,train,train
2026-04-27 00:03:00,2026-04-26 23:53:07.724,2026-04-27 00:14:41.000,validation,train
2026-04-27 00:06:00,2026-04-26 23:56:07.724,2026-04-27 00:17:41.000,validation,train
2026-04-27 00:09:00,2026-04-26 23:59:07.724,2026-04-27 00:20:41.000,train,train
2026-04-27 00:12:00,2026-04-27 00:02:07.724,2026-04-27 00:23:41.000,validation,train
2026-04-27 00:15:00,2026-04-27 00:05:07.724,2026-04-27 00:26:41.000,train,train
2026-04-27 00:18:00,2026-04-27 00:08:07.724,2026-04-27 00:29:41.000,validation,train
2026-04-27 00:21:00,2026-04-27 00:11:07.724,2026-04-27 00:32:41.000,train,train
2026-04-27 00:24:00,2026-04-27 00:14:07.724,2026-04-27 00:35:41.000,validation,train
2026-04-27 00:27:00,2026-04-27 00:17:07.724,2026-04-27 00:38:41.000,train,train
2026-04-27 00:30:00,2026-04-27 00:20:07.724,2026-04-27 00:41:41.000,train,train
2026-04-27 00:33:00,2026-04-27 00:23:07.724,2026-04-27 00:44:41.000,train,train
2026-04-27 00:36:00,2026-04-27 00:26:07.724,2026-04-27 00:47:41.000,train,train
2026-04-27 00:39:00,2026-04-27 00:29:07.724,2026-04-27 00:50:41.000,validation,train
2026-04-27 00:42:00,2026-04-27 00:32:07.724,2026-04-27 00:53:41.000,validation,train
2026-04-27 00:45:00,2026-04-27 00:35:07.724,2026-04-27 00:56:41.000,train,train
2026-04-27 00:48:00,2026-04-27 00:38:07.724,2026-04-27 00:59:41.000,train,train
2026-04-27 00:51:00,2026-04-27 00:41:07.724,2026-04-27 01:02:41.000,train,train
2026-04-27 00:54:00,2026-04-27 00:44:07.724,2026-04-27 01:05:41.000,train,train
2026-04-27 00:57:00,2026-04-27 00:47:07.724,2026-04-27 01:08:41.000,train,train
2026-04-27 01:00:00,2026-04-27 00:50:07.724,2026-04-27 01:11:41.000,validation,train
2026-04-27 01:03:00,2026-04-27 00:53:07.724,2026-04-27 01:14:41.000,train,train
2026-04-27 01:06:00,2026-04-27 00:56:07.724,2026-04-27 01:17:41.000,validation,train
2026-04-27 01:09:00,2026-04-27 00:59:07.724,2026-04-27 01:20:41.000,validation,train
2026-04-27 01:12:00,2026-04-27 01:02:07.724,2026-04-27 01:23:41.000,train,train
2026-04-27 01:15:00,2026-04-27 01:05:07.724,2026-04-27 01:26:41.000,train,train
2026-04-27 01:18:00,2026-04-27 01:08:07.724,2026-04-27 01:29:41.000,train,train
2026-04-27 01:21:00,2026-04-27 01:11:07.724,2026-04-27 01:32:41.000,validation,train
2026-04-27 01:24:00,2026-04-27 01:14:07.724,2026-04-27 01:35:41.000,train,train
2026-04-27 01:27:00,2026-04-27 01:17:07.724,2026-04-27 01:38:41.000,train,train
2026-04-27 01:30:00,2026-04-27 01:20:07.724,2026-04-27 01:41:41.000,train,train
2026-04-27 01:33:00,2026-04-27 01:23:07.724,2026-04-27 01:44:41.000,train,train
2026-04-27 01:36:00,2026-04-27 01:26:07.724,2026-04-27 01:47:41.000,validation,train
2026-04-27 01:39:00,2026-04-27 01:29:07.724,2026-04-27 01:50:41.000,train,train
2026-04-27 01:42:00,2026-04-27 01:32:07.724,2026-04-27 01:53:41.000,validation,train
2026-04-27 01:45:00,2026-04-27 01:35:07.724,2026-04-27 01:56:41.000,train,train
2026-04-27 01:48:00,2026-04-27 01:38:07.724,2026-04-27 01:59:41.000,train,train
2026-04-27 01:51:00,2026-04-27 01:41:07.724,2026-04-27 02:02:41.000,train,train
2026-04-27 01:54:00,2026-04-27 01:44:07.724,2026-04-27 02:05:41.000,train,train
2026-04-27 01:57:00,2026-04-27 01:47:07.724,2026-04-27 02:08:41.000,train,train
2026-04-27 02:00:00,2026-04-27 01:50:07.724,2026-04-27 02:11:41.000,train,train
2026-04-27 02:03:00,2026-04-27 01:53:07.724,2026-04-27 02:14:41.000,validation,train
2026-04-27 02:06:00,2026-04-27 01:56:07.724,2026-04-27 02:17:41.000,train,train
2026-04-27 02:09:00,2026-04-27 01:59:07.724,2026-04-27 02:20:41.000,train,train
2026-04-27 02:12:00,2026-04-27 02:02:07.724,2026-04-27 02:23:41.000,validation,train
2026-04-27 02:15:00,2026-04-27 02:05:07.724,2026-04-27 02:26:41.000,train,train
2026-04-27 02:18:00,2026-04-27 02:08:07.724,2026-04-27 02:29:41.000,train,train
2026-04-27 02:21:00,2026-04-27 02:11:07.724,2026-04-27 02:32:41.000,validation,train
2026-04-27 02:24:00,2026-04-27 02:14:07.724,2026-04-27 02:35:41.000,train,train
2026-04-27 02:27:00,2026-04-27 02:17:07.724,2026-04-27 02:38:41.000,train,train
2026-04-27 02:30:00,2026-04-27 02:20:07.724,2026-04-27 02:41:41.000,train,train
2026-04-27 02:33:00,2026-04-27 02:23:07.724,2026-04-27 02:44:41.000,train,train
2026-04-27 02:36:00,2026-04-27 02:26:07.724,2026-04-27 02:47:41.000,train,train
2026-04-27 02:39:00,2026-04-27 02:29:07.724,2026-04-27 02:50:41.000,train,train
2026-04-27 02:42:00,2026-04-27 02:32:07.724,2026-04-27 02:53:41.000,train,train
2026-04-27 02:45:00,2026-04-27 02:35:07.724,2026-04-27 02:56:41.000,train,train
2026-04-27 02:48:00,2026-04-27 02:38:07.724,2026-04-27 02:59:41.000,validation,train
2026-04-27 02:51:00,2026-04-27 02:41:07.724,2026-04-27 03:02:41.000,train,train
2026-04-27 02:54:00,2026-04-27 02:44:07.724,2026-04-27 03:05:41.000,train,train
2026-04-27 02:57:00,2026-04-27 02:47:07.724,2026-04-27 03:08:41.000,train,train
2026-04-27 03:00:00,2026-04-27 02:50:07.724,2026-04-27 03:11:41.000,train,train
2026-04-27 03:03:00,2026-04-27 02:53:07.724,2026-04-27 03:14:41.000,train,train
2026-04-27 03:06:00,2026-04-27 02:56:07.724,2026-04-27 03:17:41.000,train,train
2026-04-27 03:09:00,2026-04-27 02:59:07.724,2026-04-27 03:20:41.000,validation,train
2026-04-27 03:12:00,2026-04-27 03:02:07.724,2026-04-27 03:23:41.000,train,train
2026-04-27 03:15:00,2026-04-27 03:05:07.724,2026-04-27 03:26:41.000,validation,train
2026-04-27 03:18:00,2026-04-27 03:08:07.724,2026-04-27 03:29:41.000,validation,train
2026-04-27 03:21:00,2026-04-27 03:11:07.724,2026-04-27 03:32:41.000,train,train
2026-04-27 03:24:00,2026-04-27 03:14:07.724,2026-04-27 03:35:41.000,train,train
2026-04-27 03:27:00,2026-04-27 03:17:07.724,2026-04-27 03:38:41.000,train,train
2026-04-27 03:30:00,2026-04-27 03:20:07.724,2026-04-27 03:41:41.000,train,train
2026-04-27 03:33:00,2026-04-27 03:23:07.724,2026-04-27 03:44:41.000,validation,train
2026-04-27 03:36:00,2026-04-27 03:26:07.724,2026-04-27 03:47:41.000,train,train
2026-04-27 03:39:00,2026-04-27 03:29:07.724,2026-04-27 03:50:41.000,train,train
2026-04-27 03:42:00,2026-04-27 03:32:07.724,2026-04-27 03:53:41.000,train,train
2026-04-27 03:45:00,2026-04-27 03:35:07.724,2026-04-27 03:56:41.000,train,train
2026-04-27 03:48:00,2026-04-27 03:38:07.724,2026-04-27 03:59:41.000,validation,train
2026-04-27 03:51:00,2026-04-27 03:41:07.724,2026-04-27 04:02:41.000,train,train
2026-04-27 03:54:00,2026-04-27 03:44:07.724,2026-04-27 04:05:41.000,train,train
2026-04-27 03:57:00,2026-04-27 03:47:07.724,2026-04-27 04:08:41.000,train,train
2026-04-27 04:00:00,2026-04-27 03:50:07.724,2026-04-27 04:11:41.000,validation,train
2026-04-27 04:03:00,2026-04-27 03:53:07.724,2026-04-27 04:14:41.000,train,train
2026-04-27 04:06:00,2026-04-27 03:56:07.724,2026-04-27 04:17:41.000,train,train
2026-04-27 04:09:00,2026-04-27 03:59:07.724,2026-04-27 04:20:41.000,validation,train
2026-04-27 04:12:00,2026-04-27 04:02:07.724,2026-04-27 04:23:41.000,train,train
2026-04-27 04:15:00,2026-04-27 04:05:07.724,2026-04-27 04:26:41.000,train,train
2026-04-27 04:18:00,2026-04-27 04:08:07.724,2026-04-27 04:29:41.000,train,train
2026-04-27 04:21:00,2026-04-27 04:11:07.724,2026-04-27 04:32:41.000,train,train
2026-04-27 04:24:00,2026-04-27 04:14:07.724,2026-04-27 04:35:41.000,train,train
2026-04-27 04:27:00,2026-04-27 04:17:07.724,2026-04-27 04:38:41.000,train,train
2026-04-27 04:30:00,2026-04-27 04:20:07.724,2026-04-27 04:41:41.000,train,train
2026-04-27 04:33:00,2026-04-27 04:23:07.724,2026-04-27 04:44:41.000,train,train
2026-04-27 04:36:00,2026-04-27 04:26:07.724,2026-04-27 04:47:41.000,train,train
2026-04-27 04:39:00,2026-04-27 04:29:07.724,2026-04-27 04:50:41.000,train,train
2026-04-27 04:42:00,2026-04-27 04:32:07.724,2026-04-27 04:53:41.000,train,train
2026-04-27 04:45:00,2026-04-27 04:35:07.724,2026-04-27 04:56:41.000,train,train
2026-04-27 04:48:00,2026-04-27 04:38:07.724,2026-04-27 04:59:41.000,train,train
2026-04-27 04:51:00,2026-04-27 04:41:07.724,2026-04-27 05:02:41.000,train,train
2026-04-27 04:54:00,2026-04-27 04:44:07.724,2026-04-27 05:05:41.000,train,train
2026-04-27 04:57:00,2026-04-27 04:47:07.724,2026-04-27 05:08:41.000,train,train
2026-04-27 05:00:00,2026-04-27 04:50:07.724,2026-04-27 05:11:41.000,train,train
2026-04-27 05:03:00,2026-04-27 04:53:07.724,2026-04-27 05:14:41.000,train,train
2026-04-27 05:06:00,2026-04-27 04:56:07.724,2026-04-27 05:17:41.000,train,train
2026-04-27 05:09:00,2026-04-27 04:59:07.724,2026-04-27 05:20:41.000,train,train
2026-04-27 05:12:00,2026-04-27 05:02:07.724,2026-04-27 05:23:41.000,train,train
2026-04-27 05:15:00,2026-04-27 05:05:07.724,2026-04-27 05:26:41.000,train,train
2026-04-27 05:18:00,2026-04-27 05:08:07.724,2026-04-27 05:29:41.000,train,train
2026-04-27 05:21:00,2026-04-27 05:11:07.724,2026-04-27 05:32:41.000,train,train
2026-04-27 05:24:00,2026-04-27 05:14:07.724,2026-04-27 05:35:41.000,train,train
2026-04-27 05:27:00,2026-04-27 05:17:07.724,2026-04-27 05:38:41.000,train,train
2026-04-27 05:30:00,2026-04-27 05:20:07.724,2026-04-27 05:41:41.000,train,train
2026-04-27 05:33:00,2026-04-27 05:23:07.724,2026-04-27 05:44:41.000,train,train
2026-04-27 05:36:00,2026-04-27 05:26:07.724,2026-04-27 05:47:41.000,train,train
2026-04-27 05:39:00,2026-04-27 05:29:07.724,2026-04-27 05:50:41.000,validation,train
2026-04-27 05:42:00,2026-04-27 05:32:07.724,2026-04-27 05:53:41.000,train,train
2026-04-27 05:45:00,2026-04-27 05:35:07.724,2026-04-27 05:56:41.000,train,train
2026-04-27 05:48:00,2026-04-27 05:38:07.724,2026-04-27 05:59:41.000,train,train
2026-04-27 05:51:00,2026-04-27 05:41:07.724,2026-04-27 06:02:41.000,train,train
2026-04-27 05:54:00,2026-04-27 05:44:07.724,2026-04-27 06:05:41.000,train,train
2026-04-27 05:57:00,2026-04-27 05:47:07.724,2026-04-27 06:08:41.000,train,train
2026-04-27 06:00:00,2026-04-27 05:50:07.724,2026-04-27 06:11:41.000,train,train
2026-04-27 06:03:00,2026-04-27 05:53:07.724,2026-04-27 06:14:41.000,train,train
2026-04-27 06:06:00,2026-04-27 05:56:07.724,2026-04-27 06:17:41.000,train,train
2026-04-27 06:09:00,2026-04-27 05:59:07.724,2026-04-27 06:20:41.000,validation,train
2026-04-27 06:12:00,2026-04-27 06:02:07.724,2026-04-27 06:23:41.000,train,train
2026-04-27 06:15:00,2026-04-27 06:05:07.724,2026-04-27 06:26:41.000,validation,train
2026-04-27 06:18:00,2026-04-27 06:08:07.724,2026-04-27 06:29:41.000,train,train
2026-04-27 06:21:00,2026-04-27 06:11:07.724,2026-04-27 06:32:41.000,train,train
2026-04-27 06:24:00,2026-04-27 06:14:07.724,2026-04-27 06:35:41.000,train,train
2026-04-27 06:27:00,2026-04-27 06:17:07.724,2026-04-27 06:38:41.000,train,train
2026-04-27 06:30:00,2026-04-27 06:20:07.724,2026-04-27 06:41:41.000,train,train
2026-04-27 06:33:00,2026-04-27 06:23:07.724,2026-04-27 06:44:41.000,validation,train
2026-04-27 06:36:00,2026-04-27 06:26:07.724,2026-04-27 06:47:41.000,train,train
2026-04-27 06:39:00,2026-04-27 06:29:07.724,2026-04-27 06:50:41.000,train,train
2026-04-27 06:42:00,2026-04-27 06:32:07.724,2026-04-27 06:53:41.000,validation,train
2026-04-27 06:45:00,2026-04-27 06:35:07.724,2026-04-27 06:56:41.000,train,train
2026-04-27 06:48:00,2026-04-27 06:38:07.724,2026-04-27 06:59:41.000,train,train
2026-04-27 06:51:00,2026-04-27 06:41:07.724,2026-04-27 07:02:41.000,validation,train
2026-04-27 06:54:00,2026-04-27 06:44:07.724,2026-04-27 07:05:41.000,validation,train
2026-04-27 06:57:00,2026-04-27 06:47:07.724,2026-04-27 07:08:41.000,train,train
2026-04-27 07:00:00,2026-04-27 06:50:07.724,2026-04-27 07:11:41.000,train,train
2026-04-27 07:03:00,2026-04-27 06:53:07.724,2026-04-27 07:14:41.000,train,train
2026-04-27 07:06:00,2026-04-27 06:56:07.724,2026-04-27 07:17:41.000,train,train
2026-04-27 07:09:00,2026-04-27 06:59:07.724,2026-04-27 07:20:41.000,train,train
2026-04-27 07:12:00,2026-04-27 07:02:07.724,2026-04-27 07:23:41.000,validation,train
2026-04-27 07:15:00,2026-04-27 07:05:07.724,2026-04-27 07:26:41.000,train,train
2026-04-27 07:18:00,2026-04-27 07:08:07.724,2026-04-27 07:29:41.000,train,train
2026-04-27 07:21:00,2026-04-27 07:11:07.724,2026-04-27 07:32:41.000,train,train
2026-04-27 07:24:00,2026-04-27 07:14:07.724,2026-04-27 07:35:41.000,train,train
2026-04-27 07:27:00,2026-04-27 07:17:07.724,2026-04-27 07:38:41.000,train,train
2026-04-27 07:30:00,2026-04-27 07:20:07.724,2026-04-27 07:41:41.000,train,train
2026-04-27 07:33:00,2026-04-27 07:23:07.724,2026-04-27 07:44:41.000,train,train
2026-04-27 07:36:00,2026-04-27 07:26:07.724,2026-04-27 07:47:41.000,train,train
2026-04-27 07:39:00,2026-04-27 07:29:07.724,2026-04-27 07:50:41.000,train,train
2026-04-27 07:42:00,2026-04-27 07:32:07.724,2026-04-27 07:53:41.000,train,train
2026-04-27 07:45:00,2026-04-27 07:35:07.724,2026-04-27 07:56:41.000,train,train
2026-04-27 07:48:00,2026-04-27 07:38:07.724,2026-04-27 07:59:41.000,train,train
2026-04-27 07:51:00,2026-04-27 07:41:07.724,2026-04-27 08:02:41.000,train,train
2026-04-27 07:54:00,2026-04-27 07:44:07.724,2026-04-27 08:05:41.000,validation,train
2026-04-27 07:57:00,2026-04-27 07:47:07.724,2026-04-27 08:08:41.000,train,train
2026-04-27 08:00:00,2026-04-27 07:50:07.724,2026-04-27 08:11:41.000,train,train
2026-04-27 08:03:00,2026-04-27 07:53:07.724,2026-04-27 08:14:41.000,train,train
2026-04-27 08:06:00,2026-04-27 07:56:07.724,2026-04-27 08:17:41.000,validation,train
2026-04-27 08:09:00,2026-04-27 07:59:07.724,2026-04-27 08:20:41.000,validation,train
2026-04-27 08:12:00,2026-04-27 08:02:07.724,2026-04-27 08:23:41.000,validation,train
2026-04-27 08:15:00,2026-04-27 08:05:07.724,2026-04-27 08:26:41.000,train,train
2026-04-27 08:18:00,2026-04-27 08:08:07.724,2026-04-27 08:29:41.000,train,train
2026-04-27 08:21:00,2026-04-27 08:11:07.724,2026-04-27 08:32:41.000,train,train
2026-04-27 08:24:00,2026-04-27 08:14:07.724,2026-04-27 08:35:41.000,validation,train
2026-04-27 08:27:00,2026-04-27 08:17:07.724,2026-04-27 08:38:41.000,validation,train
2026-04-27 08:30:00,2026-04-27 08:20:07.724,2026-04-27 08:41:41.000,train,train
2026-04-27 08:33:00,2026-04-27 08:23:07.724,2026-04-27 08:44:41.000,train,train
2026-04-27 08:36:00,2026-04-27 08:26:07.724,2026-04-27 08:47:41.000,train,train
2026-04-27 08:39:00,2026-04-27 08:29:07.724,2026-04-27 08:50:41.000,train,train
2026-04-27 08:42:00,2026-04-27 08:32:07.724,2026-04-27 08:53:41.000,validation,train
2026-04-27 08:45:00,2026-04-27 08:35:07.724,2026-04-27 08:56:41.000,validation,train
2026-04-27 08:48:00,2026-04-27 08:38:07.724,2026-04-27 08:59:41.000,train,train
2026-04-27 08:51:00,2026-04-27 08:41:07.724,2026-04-27 09:02:41.000,train,train
2026-04-27 08:54:00,2026-04-27 08:44:07.724,2026-04-27 09:05:41.000,validation,train
2026-04-27 08:57:00,2026-04-27 08:47:07.724,2026-04-27 09:08:41.000,train,train
2026-04-27 09:00:00,2026-04-27 08:50:07.724,2026-04-27 09:08:41.000,validation,train
2026-04-27 09:03:00,2026-04-27 08:53:07.724,2026-04-27 09:08:41.000,train,train
2026-04-27 09:06:00,2026-04-27 08:56:07.724,2026-04-27 09:08:41.000,train,train
2026-04-27 10:09:00,2026-04-27 10:09:33.000,2026-04-27 10:20:41.000,train,train
2026-04-27 10:12:00,2026-04-27 10:09:33.000,2026-04-27 10:23:41.000,train,train
2026-04-27 10:15:00,2026-04-27 10:09:33.000,2026-04-27 10:26:41.000,train,train
2026-04-27 10:18:00,2026-04-27 10:09:33.000,2026-04-27 10:29:41.000,train,train
2026-04-27 10:21:00,2026-04-27 10:11:33.000,2026-04-27 10:32:41.000,validation,train
2026-04-27 10:24:00,2026-04-27 10:14:33.000,2026-04-27 10:35:41.000,train,train
2026-04-27 10:27:00,2026-04-27 10:17:33.000,2026-04-27 10:38:41.000,train,train
2026-04-27 10:30:00,2026-04-27 10:20:33.000,2026-04-27 10:41:41.000,train,train
2026-04-27 10:33:00,2026-04-27 10:23:33.000,2026-04-27 10:44:41.000,train,train
2026-04-27 10:36:00,2026-04-27 10:26:33.000,2026-04-27 10:47:41.000,train,train
2026-04-27 10:39:00,2026-04-27 10:29:33.000,2026-04-27 10:50:41.000,train,train
2026-04-27 10:42:00,2026-04-27 10:32:33.000,2026-04-27 10:53:41.000,train,train
2026-04-27 10:45:00,2026-04-27 10:35:33.000,2026-04-27 10:56:41.000,train,train
2026-04-27 10:48:00,2026-04-27 10:38:33.000,2026-04-27 10:59:41.000,train,train
2026-04-27 10:51:00,2026-04-27 10:41:33.000,2026-04-27 11:02:41.000,validation,train
2026-04-27 10:54:00,2026-04-27 10:44:33.000,2026-04-27 11:05:41.000,train,train
2026-04-27 10:57:00,2026-04-27 10:47:33.000,2026-04-27 11:08:41.000,train,train
2026-04-27 11:00:00,2026-04-27 10:50:33.000,2026-04-27 11:11:41.000,train,train
2026-04-27 11:03:00,2026-04-27 10:53:33.000,2026-04-27 11:14:41.000,train,train
2026-04-27 11:06:00,2026-04-27 10:56:33.972,2026-04-27 11:17:41.000,train,train
2026-04-27 11:09:00,2026-04-27 10:59:33.972,2026-04-27 11:20:41.000,train,train
2026-04-27 11:12:00,2026-04-27 11:02:33.972,2026-04-27 11:23:41.000,train,train
2026-04-27 11:15:00,2026-04-27 11:05:33.972,2026-04-27 11:26:41.000,train,train
2026-04-27 11:18:00,2026-04-27 11:08:33.972,2026-04-27 11:29:41.000,train,train
2026-04-27 11:21:00,2026-04-27 11:11:33.972,2026-04-27 11:32:41.000,train,train
2026-04-27 11:24:00,2026-04-27 11:14:33.972,2026-04-27 11:35:41.000,train,train
2026-04-27 11:27:00,2026-04-27 11:17:33.972,2026-04-27 11:38:41.000,train,train
2026-04-27 11:30:00,2026-04-27 11:20:33.972,2026-04-27 11:41:41.000,train,train
2026-04-27 11:33:00,2026-04-27 11:23:33.972,2026-04-27 11:44:41.000,train,train
2026-04-27 11:36:00,2026-04-27 11:26:33.972,2026-04-27 11:47:41.000,train,train
2026-04-27 11:39:00,2026-04-27 11:29:33.972,2026-04-27 11:50:41.000,validation,train
2026-04-27 11:42:00,2026-04-27 11:32:33.972,2026-04-27 11:53:41.000,train,train
2026-04-27 11:45:00,2026-04-27 11:35:33.972,2026-04-27 11:56:41.000,train,train
2026-04-27 11:48:00,2026-04-27 11:38:33.972,2026-04-27 11:59:41.000,train,train
2026-04-27 11:51:00,2026-04-27 11:41:33.972,2026-04-27 12:02:41.000,train,train
2026-04-27 11:54:00,2026-04-27 11:44:33.972,2026-04-27 12:05:41.000,train,train
2026-04-27 11:57:00,2026-04-27 11:47:33.972,2026-04-27 12:08:41.000,train,train
2026-04-27 12:00:00,2026-04-27 11:50:33.972,2026-04-27 12:11:41.000,train,train
2026-04-27 12:03:00,2026-04-27 11:53:33.972,2026-04-27 12:14:41.000,train,train
2026-04-27 12:06:00,2026-04-27 11:56:33.972,2026-04-27 12:17:41.000,train,train
2026-04-27 12:09:00,2026-04-27 11:59:33.972,2026-04-27 12:20:41.000,train,train
2026-04-27 12:12:00,2026-04-27 12:02:33.972,2026-04-27 12:23:41.000,train,train
2026-04-27 12:15:00,2026-04-27 12:05:33.972,2026-04-27 12:26:41.000,validation,train
2026-04-27 12:18:00,2026-04-27 12:08:33.972,2026-04-27 12:29:41.000,train,train
2026-04-27 12:21:00,2026-04-27 12:11:33.972,2026-04-27 12:32:41.000,validation,train
2026-04-27 12:24:00,2026-04-27 12:14:33.972,2026-04-27 12:35:41.000,train,train
2026-04-27 12:27:00,2026-04-27 12:17:33.972,2026-04-27 12:38:41.000,validation,train
2026-04-27 12:30:00,2026-04-27 12:20:33.972,2026-04-27 12:41:41.000,train,train
2026-04-27 12:33:00,2026-04-27 12:23:33.972,2026-04-27 12:44:41.000,train,train
2026-04-27 12:36:00,2026-04-27 12:26:33.972,2026-04-27 12:47:41.000,train,train
2026-04-27 12:39:00,2026-04-27 12:29:33.972,2026-04-27 12:50:41.000,validation,train
2026-04-27 12:42:00,2026-04-27 12:32:33.972,2026-04-27 12:53:41.000,validation,train
2026-04-27 12:45:00,2026-04-27 12:35:33.972,2026-04-27 12:56:41.000,train,train
2026-04-27 12:48:00,2026-04-27 12:38:33.972,2026-04-27 12:59:41.000,train,train
2026-04-27 12:51:00,2026-04-27 12:41:33.972,2026-04-27 13:02:41.000,validation,train
2026-04-27 12:54:00,2026-04-27 12:44:33.972,2026-04-27 13:05:41.000,train,train
2026-04-27 12:57:00,2026-04-27 12:47:33.972,2026-04-27 13:08:41.000,train,train
2026-04-27 13:00:00,2026-04-27 12:50:33.972,2026-04-27 13:11:41.000,validation,train
2026-04-27 13:03:00,2026-04-27 12:53:33.972,2026-04-27 13:14:41.000,validation,train
2026-04-27 13:06:00,2026-04-27 12:56:33.972,2026-04-27 13:17:41.000,train,train
2026-04-27 13:09:00,2026-04-27 12:59:33.972,2026-04-27 13:20:41.000,train,train
2026-04-27 13:12:00,2026-04-27 13:02:33.972,2026-04-27 13:23:41.000,train,train
2026-04-27 13:15:00,2026-04-27 13:05:33.972,2026-04-27 13:26:41.000,train,train
2026-04-27 13:18:00,2026-04-27 13:08:33.972,2026-04-27 13:29:41.000,train,train
2026-04-27 13:21:00,2026-04-27 13:11:33.972,2026-04-27 13:32:41.000,train,train
2026-04-27 13:24:00,2026-04-27 13:14:33.972,2026-04-27 13:35:41.000,train,train
2026-04-27 13:27:00,2026-04-27 13:17:33.972,2026-04-27 13:38:41.000,train,train
2026-04-27 13:30:00,2026-04-27 13:20:33.972,2026-04-27 13:41:41.000,validation,train
2026-04-27 13:33:00,2026-04-27 13:23:33.972,2026-04-27 13:44:41.000,train,train
2026-04-27 13:36:00,2026-04-27 13:26:33.972,2026-04-27 13:47:41.000,train,train
2026-04-27 13:39:00,2026-04-27 13:29:33.972,2026-04-27 13:50:41.000,train,train
2026-04-27 13:42:00,2026-04-27 13:32:33.972,2026-04-27 13:53:41.000,train,train
2026-04-27 13:45:00,2026-04-27 13:35:33.972,2026-04-27 13:56:41.000,train,train
2026-04-27 13:48:00,2026-04-27 13:38:33.972,2026-04-27 13:59:41.000,train,train
2026-04-27 13:51:00,2026-04-27 13:41:33.972,2026-04-27 14:02:41.000,train,train
2026-04-27 13:54:00,2026-04-27 13:44:33.972,2026-04-27 14:05:41.000,validation,train
2026-04-27 13:57:00,2026-04-27 13:47:33.972,2026-04-27 14:08:41.000,train,train
2026-04-27 14:00:00,2026-04-27 13:50:33.972,2026-04-27 14:11:41.000,train,train
2026-04-27 14:03:00,2026-04-27 13:53:33.972,2026-04-27 14:14:41.000,train,train
2026-04-27 14:06:00,2026-04-27 13:56:33.972,2026-04-27 14:17:41.000,train,train
2026-04-27 14:09:00,2026-04-27 13:59:33.972,2026-04-27 14:20:41.000,train,train
2026-04-27 14:12:00,2026-04-27 14:02:33.972,2026-04-27 14:23:41.000,validation,train
2026-04-27 14:15:00,2026-04-27 14:05:33.972,2026-04-27 14:26:41.000,train,train
2026-04-27 14:18:00,2026-04-27 14:08:33.972,2026-04-27 14:29:41.000,train,train
2026-04-27 14:21:00,2026-04-27 14:11:33.972,2026-04-27 14:32:41.000,train,train
2026-04-27 14:24:00,2026-04-27 14:14:33.972,2026-04-27 14:35:41.000,train,train
2026-04-27 14:27:00,2026-04-27 14:17:33.972,2026-04-27 14:38:41.000,train,train
2026-04-27 14:30:00,2026-04-27 14:20:33.972,2026-04-27 14:41:41.000,train,train
2026-04-27 14:33:00,2026-04-27 14:23:33.972,2026-04-27 14:44:41.000,train,train
2026-04-27 14:36:00,2026-04-27 14:26:33.972,2026-04-27 14:47:41.000,train,train
2026-04-27 14:39:00,2026-04-27 14:29:33.972,2026-04-27 14:50:41.000,train,train
2026-04-27 14:42:00,2026-04-27 14:32:33.972,2026-04-27 14:53:41.000,train,train
2026-04-27 14:45:00,2026-04-27 14:35:33.972,2026-04-27 14:56:41.000,train,train
2026-04-27 14:48:00,2026-04-27 14:38:33.972,2026-04-27 14:59:41.000,train,train
2026-04-27 14:51:00,2026-04-27 14:41:33.972,2026-04-27 15:02:41.000,train,train
2026-04-27 14:54:00,2026-04-27 14:44:33.972,2026-04-27 15:05:41.000,train,train
2026-04-27 14:57:00,2026-04-27 14:47:33.972,2026-04-27 15:08:41.000,train,train
2026-04-27 15:00:00,2026-04-27 14:50:33.972,2026-04-27 15:11:41.000,train,train
2026-04-27 15:03:00,2026-04-27 14:53:33.972,2026-04-27 15:14:41.000,validation,train
2026-04-27 15:06:00,2026-04-27 14:56:33.972,2026-04-27 15:17:41.000,train,train
2026-04-27 15:09:00,2026-04-27 14:59:33.972,2026-04-27 15:20:41.000,train,train
2026-04-27 15:12:00,2026-04-27 15:02:33.972,2026-04-27 15:23:41.000,train,train
2026-04-27 15:15:00,2026-04-27 15:05:33.972,2026-04-27 15:26:41.000,train,train
2026-04-27 15:18:00,2026-04-27 15:08:33.972,2026-04-27 15:29:41.000,train,train
2026-04-27 15:21:00,2026-04-27 15:11:33.972,2026-04-27 15:32:41.000,train,train
2026-04-27 15:24:00,2026-04-27 15:14:33.972,2026-04-27 15:35:41.000,train,train
2026-04-27 15:27:00,2026-04-27 15:17:33.972,2026-04-27 15:38:41.000,train,train
2026-04-27 15:30:00,2026-04-27 15:20:33.972,2026-04-27 15:41:41.000,train,train
2026-04-27 15:33:00,2026-04-27 15:23:33.972,2026-04-27 15:44:41.000,train,train
2026-04-27 15:36:00,2026-04-27 15:26:33.972,2026-04-27 15:47:41.000,train,train
2026-04-27 15:39:00,2026-04-27 15:29:33.972,2026-04-27 15:50:41.000,train,train
2026-04-27 15:42:00,2026-04-27 15:32:33.972,2026-04-27 15:53:41.000,train,train
2026-04-27 15:45:00,2026-04-27 15:35:33.972,2026-04-27 15:56:41.000,train,train
2026-04-27 15:48:00,2026-04-27 15:38:33.972,2026-04-27 15:59:41.000,train,train
2026-04-27 15:51:00,2026-04-27 15:41:33.972,2026-04-27 16:02:41.000,validation,train
2026-04-27 15:54:00,2026-04-27 15:44:33.972,2026-04-27 16:05:41.000,train,train
2026-04-27 15:57:00,2026-04-27 15:47:33.972,2026-04-27 16:08:41.000,train,train
2026-04-27 16:00:00,2026-04-27 15:50:33.972,2026-04-27 16:11:41.000,train,train
2026-04-27 16:03:00,2026-04-27 15:53:33.972,2026-04-27 16:14:41.000,train,train
2026-04-27 16:06:00,2026-04-27 15:56:33.972,2026-04-27 16:17:41.000,validation,train
2026-04-27 16:09:00,2026-04-27 15:59:33.972,2026-04-27 16:20:41.000,validation,train
2026-04-27 16:12:00,2026-04-27 16:02:33.972,2026-04-27 16:23:41.000,train,train
2026-04-27 16:15:00,2026-04-27 16:05:33.972,2026-04-27 16:26:41.000,train,train
2026-04-27 16:18:00,2026-04-27 16:08:33.972,2026-04-27 16:29:41.000,train,train
2026-04-27 16:21:00,2026-04-27 16:11:33.972,2026-04-27 16:32:41.000,train,train
2026-04-27 16:24:00,2026-04-27 16:14:33.972,2026-04-27 16:35:41.000,validation,train
2026-04-27 16:27:00,2026-04-27 16:17:33.972,2026-04-27 16:38:41.000,train,train
2026-04-27 16:30:00,2026-04-27 16:20:33.972,2026-04-27 16:41:41.000,train,train
2026-04-27 16:33:00,2026-04-27 16:23:33.972,2026-04-27 16:44:41.000,train,train
2026-04-27 16:36:00,2026-04-27 16:26:33.972,2026-04-27 16:47:41.000,train,train
2026-04-27 16:39:00,2026-04-27 16:29:33.972,2026-04-27 16:50:41.000,train,train
2026-04-27 16:42:00,2026-04-27 16:32:33.972,2026-04-27 16:53:41.000,train,train
2026-04-27 16:45:00,2026-04-27 16:35:33.972,2026-04-27 16:56:41.000,train,train
2026-04-27 16:48:00,2026-04-27 16:38:33.972,2026-04-27 16:59:41.000,train,train
2026-04-27 16:51:00,2026-04-27 16:41:33.972,2026-04-27 17:02:41.000,train,train
2026-04-27 16:54:00,2026-04-27 16:44:33.972,2026-04-27 17:05:41.000,train,train
2026-04-27 16:57:00,2026-04-27 16:47:33.972,2026-04-27 17:08:41.000,train,train
2026-04-27 17:00:00,2026-04-27 16:50:33.972,2026-04-27 17:11:41.000,train,train
2026-04-27 17:03:00,2026-04-27 16:53:33.972,2026-04-27 17:14:41.000,train,train
2026-04-27 17:06:00,2026-04-27 16:56:33.972,2026-04-27 17:17:41.000,train,train
2026-04-27 17:09:00,2026-04-27 16:59:33.972,2026-04-27 17:20:41.000,train,train
2026-04-27 17:12:00,2026-04-27 17:02:33.972,2026-04-27 17:23:41.000,train,train
2026-04-27 17:15:00,2026-04-27 17:05:33.972,2026-04-27 17:26:41.000,train,train
2026-04-27 17:18:00,2026-04-27 17:08:33.972,2026-04-27 17:29:41.000,train,train
2026-04-27 17:21:00,2026-04-27 17:11:33.972,2026-04-27 17:32:41.000,train,train
2026-04-27 17:24:00,2026-04-27 17:14:33.972,2026-04-27 17:35:41.000,train,train
2026-04-27 17:27:00,2026-04-27 17:17:33.972,2026-04-27 17:38:41.000,train,train
2026-04-27 17:30:00,2026-04-27 17:20:33.972,2026-04-27 17:41:41.000,train,train
2026-04-27 17:33:00,2026-04-27 17:23:33.972,2026-04-27 17:44:41.000,train,train
2026-04-27 17:36:00,2026-04-27 17:26:33.972,2026-04-27 17:47:41.000,train,train
2026-04-27 17:39:00,2026-04-27 17:29:33.972,2026-04-27 17:50:41.000,train,train
2026-04-27 17:42:00,2026-04-27 17:32:33.972,2026-04-27 17:53:41.000,train,train
2026-04-27 17:45:00,2026-04-27 17:35:33.972,2026-04-27 17:56:41.000,train,train
2026-04-27 17:48:00,2026-04-27 17:38:33.972,2026-04-27 17:59:41.000,train,train
2026-04-27 17:51:00,2026-04-27 17:41:33.972,2026-04-27 18:02:41.000,train,train
2026-04-27 17:54:00,2026-04-27 17:44:33.972,2026-04-27 18:05:41.000,train,train
2026-04-27 17:57:00,2026-04-27 17:47:33.972,2026-04-27 18:08:41.000,train,train
2026-04-27 18:00:00,2026-04-27 17:50:33.972,2026-04-27 18:11:41.000,validation,train
2026-04-27 18:03:00,2026-04-27 17:53:33.972,2026-04-27 18:14:41.000,train,train
2026-04-27 18:06:00,2026-04-27 17:56:33.972,2026-04-27 18:17:41.000,train,train
2026-04-27 18:09:00,2026-04-27 17:59:33.972,2026-04-27 18:20:41.000,train,train
2026-04-27 18:12:00,2026-04-27 18:02:33.972,2026-04-27 18:23:41.000,train,train
2026-04-27 18:15:00,2026-04-27 18:05:33.972,2026-04-27 18:26:41.000,train,train
2026-04-27 18:18:00,2026-04-27 18:08:33.972,2026-04-27 18:29:41.000,train,train
2026-04-27 18:21:00,2026-04-27 18:11:33.972,2026-04-27 18:32:41.000,train,train
2026-04-27 18:24:00,2026-04-27 18:14:33.972,2026-04-27 18:35:41.000,train,train
2026-04-27 18:27:00,2026-04-27 18:17:33.972,2026-04-27 18:38:41.000,train,train
2026-04-27 18:30:00,2026-04-27 18:20:33.972,2026-04-27 18:41:41.000,train,train
2026-04-27 18:33:00,2026-04-27 18:23:33.972,2026-04-27 18:44:41.000,validation,train
2026-04-27 18:36:00,2026-04-27 18:26:33.972,2026-04-27 18:47:41.000,train,train
2026-04-27 18:39:00,2026-04-27 18:29:33.972,2026-04-27 18:50:41.000,train,train
2026-04-27 18:42:00,2026-04-27 18:32:33.972,2026-04-27 18:53:41.000,train,train
2026-04-27 18:45:00,2026-04-27 18:35:33.972,2026-04-27 18:56:41.000,train,train
2026-04-27 18:48:00,2026-04-27 18:38:33.972,2026-04-27 18:59:41.000,validation,train
2026-04-27 18:51:00,2026-04-27 18:41:33.972,2026-04-27 19:02:41.000,train,train
2026-04-27 18:54:00,2026-04-27 18:44:33.972,2026-04-27 19:05:41.000,train,train
2026-04-27 18:57:00,2026-04-27 18:47:33.972,2026-04-27 19:08:41.000,train,train
2026-04-27 19:00:00,2026-04-27 18:50:33.972,2026-04-27 19:11:41.000,train,train
2026-04-27 19:03:00,2026-04-27 18:53:33.972,2026-04-27 19:14:41.000,train,train
2026-04-27 19:06:00,2026-04-27 18:56:33.972,2026-04-27 19:17:41.000,validation,train
2026-04-27 19:09:00,2026-04-27 18:59:33.972,2026-04-27 19:20:41.000,train,train
2026-04-27 19:12:00,2026-04-27 19:02:33.972,2026-04-27 19:23:41.000,train,train
2026-04-27 19:15:00,2026-04-27 19:05:33.972,2026-04-27 19:26:41.000,validation,train
2026-04-27 19:18:00,2026-04-27 19:08:33.972,2026-04-27 19:29:41.000,train,train
2026-04-27 19:21:00,2026-04-27 19:11:33.972,2026-04-27 19:32:41.000,validation,train
2026-04-27 19:24:00,2026-04-27 19:14:33.972,2026-04-27 19:35:41.000,train,train
2026-04-27 19:27:00,2026-04-27 19:17:33.972,2026-04-27 19:38:41.000,train,train
2026-04-27 19:30:00,2026-04-27 19:20:33.972,2026-04-27 19:41:41.000,train,train
2026-04-27 19:33:00,2026-04-27 19:23:33.972,2026-04-27 19:44:41.000,train,train
2026-04-27 19:36:00,2026-04-27 19:26:33.972,2026-04-27 19:47:42.000,train,train
2026-04-27 19:39:00,2026-04-27 19:29:33.972,2026-04-27 19:50:42.000,train,train
2026-04-27 19:42:00,2026-04-27 19:32:33.972,2026-04-27 19:53:42.000,train,train
2026-04-27 19:45:00,2026-04-27 19:35:33.972,2026-04-27 19:56:42.000,train,train
2026-04-27 19:48:00,2026-04-27 19:38:33.972,2026-04-27 19:59:42.000,train,train
2026-04-27 19:51:00,2026-04-27 19:41:33.972,2026-04-27 20:02:42.000,train,train
2026-04-27 19:54:00,2026-04-27 19:44:33.972,2026-04-27 20:05:42.000,train,train
2026-04-27 19:57:00,2026-04-27 19:47:33.972,2026-04-27 20:08:42.000,train,train
2026-04-27 20:00:00,2026-04-27 19:50:33.972,2026-04-27 20:11:42.000,train,train
2026-04-27 20:03:00,2026-04-27 19:53:33.972,2026-04-27 20:14:42.000,train,train
2026-04-27 20:06:00,2026-04-27 19:56:33.972,2026-04-27 20:17:42.000,train,train
2026-04-27 20:09:00,2026-04-27 19:59:33.972,2026-04-27 20:20:42.000,train,train
2026-04-27 20:12:00,2026-04-27 20:02:33.972,2026-04-27 20:23:42.000,train,train
2026-04-27 20:15:00,2026-04-27 20:05:33.972,2026-04-27 20:26:42.000,validation,train
2026-04-27 20:18:00,2026-04-27 20:08:33.972,2026-04-27 20:29:42.000,train,train
2026-04-27 20:21:00,2026-04-27 20:11:33.972,2026-04-27 20:32:42.000,train,train
2026-04-27 20:24:00,2026-04-27 20:14:33.972,2026-04-27 20:35:42.000,train,train
2026-04-27 20:27:00,2026-04-27 20:17:33.972,2026-04-27 20:38:42.000,train,train
2026-04-27 20:30:00,2026-04-27 20:20:33.972,2026-04-27 20:41:42.000,train,train
2026-04-27 20:33:00,2026-04-27 20:23:33.972,2026-04-27 20:44:42.000,train,train
2026-04-27 20:36:00,2026-04-27 20:26:33.972,2026-04-27 20:47:42.000,train,train
2026-04-27 20:39:00,2026-04-27 20:29:33.972,2026-04-27 20:50:42.000,train,train
2026-04-27 20:42:00,2026-04-27 20:32:33.972,2026-04-27 20:53:42.000,train,train
2026-04-27 20:45:00,2026-04-27 20:35:33.972,2026-04-27 20:56:43.000,validation,train
2026-04-27 20:48:00,2026-04-27 20:38:33.972,2026-04-27 20:59:43.000,validation,train
2026-04-27 20:51:00,2026-04-27 20:41:33.972,2026-04-27 21:02:43.000,train,train
2026-04-27 20:54:00,2026-04-27 20:44:33.972,2026-04-27 21:05:43.000,train,train
2026-04-27 20:57:00,2026-04-27 20:47:33.972,2026-04-27 21:08:43.000,train,train
2026-04-27 21:00:00,2026-04-27 20:50:33.972,2026-04-27 21:11:43.000,train,train
2026-04-27 21:03:00,2026-04-27 20:53:33.972,2026-04-27 21:14:43.000,train,train
2026-04-27 21:06:00,2026-04-27 20:56:33.972,2026-04-27 21:17:43.000,train,train
2026-04-27 21:09:00,2026-04-27 20:59:33.972,2026-04-27 21:20:43.000,train,train
2026-04-27 21:12:00,2026-04-27 21:02:33.972,2026-04-27 21:23:43.000,validation,train
2026-04-27 21:15:00,2026-04-27 21:05:33.972,2026-04-27 21:26:43.000,train,train
2026-04-27 21:18:00,2026-04-27 21:08:33.972,2026-04-27 21:29:43.000,train,train
2026-04-27 21:21:00,2026-04-27 21:11:33.972,2026-04-27 21:32:43.000,validation,train
2026-04-27 21:24:00,2026-04-27 21:14:33.972,2026-04-27 21:35:43.000,train,train
2026-04-27 21:27:00,2026-04-27 21:17:33.972,2026-04-27 21:38:43.000,train,train
2026-04-27 21:30:00,2026-04-27 21:20:33.972,2026-04-27 21:41:43.000,train,train
2026-04-27 21:33:00,2026-04-27 21:23:33.972,2026-04-27 21:44:43.000,train,train
2026-04-27 21:36:00,2026-04-27 21:26:33.972,2026-04-27 21:47:43.000,train,train
2026-04-27 21:39:00,2026-04-27 21:29:33.972,2026-04-27 21:50:43.000,validation,train
2026-04-27 21:42:00,2026-04-27 21:32:33.972,2026-04-27 21:53:43.000,train,train
2026-04-27 21:45:00,2026-04-27 21:35:33.972,2026-04-27 21:56:43.000,train,train
2026-04-27 21:48:00,2026-04-27 21:38:33.972,2026-04-27 21:59:43.000,train,train
2026-04-27 21:51:00,2026-04-27 21:41:33.972,2026-04-27 22:02:43.000,train,train
2026-04-27 21:54:00,2026-04-27 21:44:33.972,2026-04-27 22:05:44.000,train,train
2026-04-27 21:57:00,2026-04-27 21:47:33.972,2026-04-27 22:08:44.000,train,train
2026-04-27 22:00:00,2026-04-27 21:50:33.972,2026-04-27 22:11:44.000,train,train
2026-04-27 22:03:00,2026-04-27 21:53:33.972,2026-04-27 22:14:44.000,train,train
2026-04-27 22:06:00,2026-04-27 21:56:33.972,2026-04-27 22:17:44.000,train,train
2026-04-27 22:09:00,2026-04-27 21:59:33.972,2026-04-27 22:20:44.000,validation,train
2026-04-27 22:12:00,2026-04-27 22:02:33.972,2026-04-27 22:23:44.000,train,train
2026-04-27 22:15:00,2026-04-27 22:05:33.972,2026-04-27 22:26:44.000,train,train
2026-04-27 22:18:00,2026-04-27 22:08:33.972,2026-04-27 22:29:44.000,train,train
2026-04-27 22:21:00,2026-04-27 22:11:33.972,2026-04-27 22:32:44.000,train,train
2026-04-27 22:24:00,2026-04-27 22:14:33.972,2026-04-27 22:35:44.000,train,train
2026-04-27 22:27:00,2026-04-27 22:17:33.972,2026-04-27 22:38:44.000,train,train
2026-04-27 22:30:00,2026-04-27 22:20:33.972,2026-04-27 22:41:44.000,train,train
2026-04-27 22:33:00,2026-04-27 22:23:33.972,2026-04-27 22:44:44.000,validation,train
2026-04-27 22:36:00,2026-04-27 22:26:33.972,2026-04-27 22:47:44.000,train,train
2026-04-27 22:39:00,2026-04-27 22:29:33.972,2026-04-27 22:50:44.000,validation,train
2026-04-27 22:42:00,2026-04-27 22:32:33.972,2026-04-27 22:53:44.000,train,train
2026-04-27 22:45:00,2026-04-27 22:35:33.972,2026-04-27 22:56:44.000,train,train
2026-04-27 22:48:00,2026-04-27 22:38:33.972,2026-04-27 22:59:44.000,train,train
2026-04-27 22:51:00,2026-04-27 22:41:33.972,2026-04-27 23:02:44.000,train,train
2026-04-27 22:54:00,2026-04-27 22:44:33.972,2026-04-27 23:05:44.000,train,train
2026-04-27 22:57:00,2026-04-27 22:47:33.972,2026-04-27 23:08:44.000,train,train
2026-04-27 23:00:00,2026-04-27 22:50:33.972,2026-04-27 23:11:45.000,train,train
2026-04-27 23:03:00,2026-04-27 22:53:33.972,2026-04-27 23:14:45.000,train,train
2026-04-27 23:06:00,2026-04-27 22:56:33.972,2026-04-27 23:17:45.000,train,train
2026-04-27 23:09:00,2026-04-27 22:59:33.972,2026-04-27 23:20:45.000,train,train
2026-04-27 23:12:00,2026-04-27 23:02:33.972,2026-04-27 23:23:45.000,train,train
2026-04-27 23:15:00,2026-04-27 23:05:33.972,2026-04-27 23:26:45.000,train,train
2026-04-27 23:18:00,2026-04-27 23:08:33.972,2026-04-27 23:29:45.000,train,train
2026-04-27 23:21:00,2026-04-27 23:11:33.972,2026-04-27 23:32:45.000,train,train
2026-04-27 23:24:00,2026-04-27 23:14:33.972,2026-04-27 23:35:45.000,validation,train
2026-04-27 23:27:00,2026-04-27 23:17:33.972,2026-04-27 23:38:45.000,train,train
2026-04-27 23:30:00,2026-04-27 23:20:33.972,2026-04-27 23:41:45.000,validation,train
2026-04-27 23:33:00,2026-04-27 23:23:33.972,2026-04-27 23:44:45.000,train,train
2026-04-27 23:36:00,2026-04-27 23:26:33.972,2026-04-27 23:47:45.000,validation,train
2026-04-27 23:39:00,2026-04-27 23:29:33.972,2026-04-27 23:50:45.000,train,train
2026-04-27 23:42:00,2026-04-27 23:32:33.972,2026-04-27 23:53:45.000,train,train
2026-04-27 23:45:00,2026-04-27 23:35:33.972,2026-04-27 23:56:45.000,validation,train
2026-04-27 23:48:00,2026-04-27 23:38:33.972,2026-04-27 23:59:45.000,train,train
2026-04-27 23:51:00,2026-04-27 23:41:33.972,2026-04-28 00:02:45.000,train,train
2026-04-27 23:54:00,2026-04-27 23:44:33.972,2026-04-28 00:05:45.000,validation,train
2026-04-27 23:57:00,2026-04-27 23:47:33.972,2026-04-28 00:08:45.000,validation,train
2026-04-28 00:00:00,2026-04-27 23:50:33.972,2026-04-28 00:11:45.000,train,train
2026-04-28 00:03:00,2026-04-27 23:53:33.972,2026-04-28 00:14:45.000,train,train
2026-04-28 00:06:00,2026-04-27 23:56:33.972,2026-04-28 00:17:45.000,validation,train
2026-04-28 00:09:00,2026-04-27 23:59:33.972,2026-04-28 00:20:46.000,train,train
2026-04-28 00:12:00,2026-04-28 00:02:33.972,2026-04-28 00:23:46.000,train,train
2026-04-28 00:15:00,2026-04-28 00:05:33.972,2026-04-28 00:26:46.000,train,train
2026-04-28 00:18:00,2026-04-28 00:08:33.972,2026-04-28 00:29:46.000,train,train
2026-04-28 00:21:00,2026-04-28 00:11:33.972,2026-04-28 00:32:46.000,train,train
2026-04-28 00:24:00,2026-04-28 00:14:33.972,2026-04-28 00:35:46.000,validation,train
2026-04-28 00:27:00,2026-04-28 00:17:33.972,2026-04-28 00:38:46.000,train,train
2026-04-28 00:30:00,2026-04-28 00:20:33.972,2026-04-28 00:41:46.000,train,train
2026-04-28 00:33:00,2026-04-28 00:23:33.972,2026-04-28 00:44:46.000,validation,train
2026-04-28 00:36:00,2026-04-28 00:26:33.972,2026-04-28 00:47:46.000,train,train
2026-04-28 00:39:00,2026-04-28 00:29:33.972,2026-04-28 00:50:46.000,train,train
2026-04-28 00:42:00,2026-04-28 00:32:33.972,2026-04-28 00:53:46.000,train,train
2026-04-28 00:45:00,2026-04-28 00:35:33.972,2026-04-28 00:56:46.000,train,train
2026-04-28 00:48:00,2026-04-28 00:38:33.972,2026-04-28 00:59:46.000,validation,train
2026-04-28 00:51:00,2026-04-28 00:41:33.972,2026-04-28 01:02:46.000,train,train
2026-04-28 00:54:00,2026-04-28 00:44:33.972,2026-04-28 01:05:46.000,train,train
2026-04-28 00:57:00,2026-04-28 00:47:33.972,2026-04-28 01:08:46.000,train,train
2026-04-28 01:00:00,2026-04-28 00:50:33.972,2026-04-28 01:11:46.000,train,train
2026-04-28 01:03:00,2026-04-28 00:53:33.972,2026-04-28 01:14:46.000,validation,train
2026-04-28 01:06:00,2026-04-28 00:56:33.972,2026-04-28 01:17:46.000,train,train
2026-04-28 01:09:00,2026-04-28 00:59:33.972,2026-04-28 01:20:46.000,train,train
2026-04-28 01:12:00,2026-04-28 01:02:33.972,2026-04-28 01:23:46.000,validation,train
2026-04-28 01:15:00,2026-04-28 01:05:33.972,2026-04-28 01:26:46.000,train,train
2026-04-28 01:18:00,2026-04-28 01:08:33.972,2026-04-28 01:29:47.000,train,train
2026-04-28 01:21:00,2026-04-28 01:11:33.972,2026-04-28 01:32:47.000,train,train
2026-04-28 01:24:00,2026-04-28 01:14:33.972,2026-04-28 01:35:47.000,train,train
2026-04-28 01:27:00,2026-04-28 01:17:33.972,2026-04-28 01:38:47.000,train,train
2026-04-28 01:30:00,2026-04-28 01:20:33.972,2026-04-28 01:41:47.000,train,train
2026-04-28 01:33:00,2026-04-28 01:23:33.972,2026-04-28 01:44:47.000,train,train
2026-04-28 01:36:00,2026-04-28 01:26:33.972,2026-04-28 01:47:47.000,validation,train
2026-04-28 01:39:00,2026-04-28 01:29:33.972,2026-04-28 01:50:47.000,train,train
2026-04-28 01:42:00,2026-04-28 01:32:33.972,2026-04-28 01:53:47.000,train,train
2026-04-28 01:45:00,2026-04-28 01:35:33.972,2026-04-28 01:56:47.000,train,train
2026-04-28 01:48:00,2026-04-28 01:38:33.972,2026-04-28 01:59:47.000,validation,train
2026-04-28 01:51:00,2026-04-28 01:41:33.972,2026-04-28 02:02:47.000,validation,train
2026-04-28 01:54:00,2026-04-28 01:44:33.972,2026-04-28 02:05:47.000,train,train
2026-04-28 01:57:00,2026-04-28 01:47:33.972,2026-04-28 02:08:47.000,train,train
2026-04-28 02:00:00,2026-04-28 01:50:33.972,2026-04-28 02:11:47.000,train,train
2026-04-28 02:03:00,2026-04-28 01:53:33.972,2026-04-28 02:14:47.000,validation,train
2026-04-28 02:06:00,2026-04-28 01:56:33.972,2026-04-28 02:17:47.000,train,train
2026-04-28 02:09:00,2026-04-28 01:59:33.972,2026-04-28 02:20:47.000,validation,train
2026-04-28 02:12:00,2026-04-28 02:02:33.972,2026-04-28 02:23:47.000,validation,train
2026-04-28 02:15:00,2026-04-28 02:05:33.972,2026-04-28 02:26:47.000,train,train
2026-04-28 02:18:00,2026-04-28 02:08:33.972,2026-04-28 02:29:47.000,train,train
2026-04-28 02:21:00,2026-04-28 02:11:33.972,2026-04-28 02:32:47.000,train,train
2026-04-28 02:24:00,2026-04-28 02:14:33.972,2026-04-28 02:35:48.000,train,train
2026-04-28 02:27:00,2026-04-28 02:17:33.972,2026-04-28 02:38:48.000,train,train
2026-04-28 02:30:00,2026-04-28 02:20:33.972,2026-04-28 02:41:48.000,train,train
2026-04-28 02:33:00,2026-04-28 02:23:33.972,2026-04-28 02:44:48.000,train,train
2026-04-28 02:36:00,2026-04-28 02:26:33.972,2026-04-28 02:47:48.000,validation,train
2026-04-28 02:39:00,2026-04-28 02:29:33.972,2026-04-28 02:50:48.000,train,train
2026-04-28 02:42:00,2026-04-28 02:32:33.972,2026-04-28 02:53:48.000,train,train
2026-04-28 02:45:00,2026-04-28 02:35:33.972,2026-04-28 02:56:48.000,train,train
2026-04-28 02:48:00,2026-04-28 02:38:33.972,2026-04-28 02:59:48.000,train,train
2026-04-28 02:51:00,2026-04-28 02:41:33.972,2026-04-28 03:02:48.000,train,train
2026-04-28 02:54:00,2026-04-28 02:44:33.972,2026-04-28 03:05:48.000,train,train
2026-04-28 02:57:00,2026-04-28 02:47:33.972,2026-04-28 03:08:48.000,train,train
2026-04-28 03:00:00,2026-04-28 02:50:33.972,2026-04-28 03:11:48.000,train,train
2026-04-28 03:03:00,2026-04-28 02:53:33.972,2026-04-28 03:14:48.000,train,train
2026-04-28 03:06:00,2026-04-28 02:56:33.972,2026-04-28 03:17:48.000,validation,train
2026-04-28 03:09:00,2026-04-28 02:59:33.972,2026-04-28 03:20:48.000,validation,train
2026-04-28 03:12:00,2026-04-28 03:02:33.972,2026-04-28 03:23:48.000,train,train
2026-04-28 03:15:00,2026-04-28 03:05:33.972,2026-04-28 03:26:48.000,train,train
2026-04-28 03:18:00,2026-04-28 03:08:33.972,2026-04-28 03:29:48.000,train,train
2026-04-28 03:21:00,2026-04-28 03:11:33.972,2026-04-28 03:32:48.000,train,train
2026-04-28 03:24:00,2026-04-28 03:14:33.972,2026-04-28 03:35:48.000,train,train
2026-04-28 03:27:00,2026-04-28 03:17:33.972,2026-04-28 03:38:48.000,validation,train
2026-04-28 03:30:00,2026-04-28 03:20:33.972,2026-04-28 03:41:49.000,train,train
2026-04-28 03:33:00,2026-04-28 03:23:33.972,2026-04-28 03:44:49.000,validation,train
2026-04-28 03:36:00,2026-04-28 03:26:33.972,2026-04-28 03:47:49.000,train,train
2026-04-28 03:39:00,2026-04-28 03:29:33.972,2026-04-28 03:50:49.000,train,train
2026-04-28 03:42:00,2026-04-28 03:32:33.972,2026-04-28 03:53:49.000,train,train
2026-04-28 03:45:00,2026-04-28 03:35:33.972,2026-04-28 03:56:49.000,validation,train
2026-04-28 03:48:00,2026-04-28 03:38:33.972,2026-04-28 03:59:49.000,train,train
2026-04-28 03:51:00,2026-04-28 03:41:33.972,2026-04-28 04:02:49.000,train,train
2026-04-28 03:54:00,2026-04-28 03:44:33.972,2026-04-28 04:05:49.000,train,train
2026-04-28 03:57:00,2026-04-28 03:47:33.972,2026-04-28 04:08:49.000,train,train
2026-04-28 04:00:00,2026-04-28 03:50:33.972,2026-04-28 04:11:49.000,train,train
2026-04-28 04:03:00,2026-04-28 03:53:33.972,2026-04-28 04:14:49.000,validation,train
2026-04-28 04:06:00,2026-04-28 03:56:33.972,2026-04-28 04:17:49.000,train,train
2026-04-28 04:09:00,2026-04-28 03:59:33.972,2026-04-28 04:20:49.000,train,train
2026-04-28 04:12:00,2026-04-28 04:02:33.972,2026-04-28 04:23:49.000,validation,train
2026-04-28 04:15:00,2026-04-28 04:05:33.972,2026-04-28 04:26:49.000,validation,train
2026-04-28 04:18:00,2026-04-28 04:08:33.972,2026-04-28 04:29:49.000,train,train
2026-04-28 04:21:00,2026-04-28 04:11:33.972,2026-04-28 04:32:49.000,validation,train
2026-04-28 04:24:00,2026-04-28 04:14:33.972,2026-04-28 04:35:49.000,train,train
2026-04-28 04:27:00,2026-04-28 04:17:33.972,2026-04-28 04:38:49.000,validation,train
2026-04-28 04:30:00,2026-04-28 04:20:33.972,2026-04-28 04:41:49.000,train,train
2026-04-28 04:33:00,2026-04-28 04:23:33.972,2026-04-28 04:44:49.000,train,train
2026-04-28 04:36:00,2026-04-28 04:26:33.972,2026-04-28 04:47:49.000,validation,train
2026-04-28 04:39:00,2026-04-28 04:29:33.972,2026-04-28 04:50:50.000,train,train
2026-04-28 04:42:00,2026-04-28 04:32:33.972,2026-04-28 04:53:50.000,train,train
2026-04-28 04:45:00,2026-04-28 04:35:33.972,2026-04-28 04:56:50.000,train,train
2026-04-28 04:48:00,2026-04-28 04:38:33.972,2026-04-28 04:59:50.000,train,train
2026-04-28 04:51:00,2026-04-28 04:41:33.972,2026-04-28 05:02:50.000,train,train
2026-04-28 04:54:00,2026-04-28 04:44:33.972,2026-04-28 05:05:50.000,train,train
2026-04-28 04:57:00,2026-04-28 04:47:33.972,2026-04-28 05:08:50.000,train,train
2026-04-28 05:00:00,2026-04-28 04:50:33.972,2026-04-28 05:11:50.000,validation,train
2026-04-28 05:03:00,2026-04-28 04:53:33.972,2026-04-28 05:14:50.000,train,train
2026-04-28 05:06:00,2026-04-28 04:56:33.972,2026-04-28 05:17:50.000,validation,train
2026-04-28 05:09:00,2026-04-28 04:59:33.972,2026-04-28 05:20:50.000,train,train
2026-04-28 05:12:00,2026-04-28 05:02:33.972,2026-04-28 05:23:50.000,validation,train
2026-04-28 05:15:00,2026-04-28 05:05:33.972,2026-04-28 05:26:50.000,validation,train
2026-04-28 05:18:00,2026-04-28 05:08:33.972,2026-04-28 05:29:50.000,validation,train
2026-04-28 05:21:00,2026-04-28 05:11:33.972,2026-04-28 05:32:50.000,train,train
2026-04-28 05:24:00,2026-04-28 05:14:33.972,2026-04-28 05:35:50.000,train,train
2026-04-28 05:27:00,2026-04-28 05:17:33.972,2026-04-28 05:38:50.000,train,train
2026-04-28 05:30:00,2026-04-28 05:20:33.972,2026-04-28 05:41:50.000,train,train
2026-04-28 05:33:00,2026-04-28 05:23:33.972,2026-04-28 05:44:50.000,train,train
2026-04-28 05:36:00,2026-04-28 05:26:33.972,2026-04-28 05:47:50.000,validation,train
2026-04-28 05:39:00,2026-04-28 05:29:33.972,2026-04-28 05:50:50.000,validation,train
2026-04-28 05:42:00,2026-04-28 05:32:33.972,2026-04-28 05:53:50.000,validation,train
2026-04-28 05:45:00,2026-04-28 05:35:33.972,2026-04-28 05:56:50.000,validation,train
2026-04-28 05:48:00,2026-04-28 05:38:33.972,2026-04-28 05:59:51.000,train,train
2026-04-28 05:51:00,2026-04-28 05:41:33.972,2026-04-28 06:02:51.000,train,train
2026-04-28 05:54:00,2026-04-28 05:44:33.972,2026-04-28 06:05:51.000,train,train
2026-04-28 05:57:00,2026-04-28 05:47:33.972,2026-04-28 06:08:51.000,train,train
2026-04-28 06:00:00,2026-04-28 05:50:33.972,2026-04-28 06:11:51.000,validation,train
2026-04-28 06:03:00,2026-04-28 05:53:33.972,2026-04-28 06:14:51.000,train,train
2026-04-28 06:06:00,2026-04-28 05:56:33.972,2026-04-28 06:17:51.000,train,train
2026-04-28 06:09:00,2026-04-28 05:59:33.972,2026-04-28 06:20:51.000,validation,train
2026-04-28 06:12:00,2026-04-28 06:02:33.972,2026-04-28 06:23:51.000,train,train
2026-04-28 06:15:00,2026-04-28 06:05:33.972,2026-04-28 06:26:51.000,train,train
2026-04-28 06:18:00,2026-04-28 06:08:33.972,2026-04-28 06:29:51.000,validation,train
2026-04-28 06:21:00,2026-04-28 06:11:33.972,2026-04-28 06:32:51.000,train,train
2026-04-28 06:24:00,2026-04-28 06:14:33.972,2026-04-28 06:35:51.000,train,train
2026-04-28 06:27:00,2026-04-28 06:17:33.972,2026-04-28 06:38:51.000,train,train
2026-04-28 06:30:00,2026-04-28 06:20:33.972,2026-04-28 06:41:51.000,train,train
2026-04-28 06:33:00,2026-04-28 06:23:33.972,2026-04-28 06:44:51.000,train,train
2026-04-28 06:36:00,2026-04-28 06:26:33.972,2026-04-28 06:47:51.000,validation,train
2026-04-28 06:39:00,2026-04-28 06:29:33.972,2026-04-28 06:50:51.000,train,train
2026-04-28 06:42:00,2026-04-28 06:32:33.972,2026-04-28 06:53:51.000,train,train
2026-04-28 06:45:00,2026-04-28 06:35:33.972,2026-04-28 06:56:51.000,train,train
2026-04-28 06:48:00,2026-04-28 06:38:33.972,2026-04-28 06:59:51.000,validation,train
2026-04-28 06:51:00,2026-04-28 06:41:33.972,2026-04-28 07:02:51.000,validation,train
2026-04-28 06:54:00,2026-04-28 06:44:33.972,2026-04-28 07:05:52.000,train,train
2026-04-28 06:57:00,2026-04-28 06:47:33.972,2026-04-28 07:08:52.000,train,train
2026-04-28 07:00:00,2026-04-28 06:50:33.972,2026-04-28 07:11:52.000,train,train
2026-04-28 07:03:00,2026-04-28 06:53:33.972,2026-04-28 07:14:52.000,train,train
2026-04-28 07:06:00,2026-04-28 06:56:33.972,2026-04-28 07:17:52.000,validation,train
2026-04-28 07:09:00,2026-04-28 06:59:33.972,2026-04-28 07:20:52.000,train,train
2026-04-28 07:12:00,2026-04-28 07:02:33.972,2026-04-28 07:23:52.000,train,train
2026-04-28 07:15:00,2026-04-28 07:05:33.972,2026-04-28 07:26:52.000,train,train
2026-04-28 07:18:00,2026-04-28 07:08:33.972,2026-04-28 07:29:52.000,train,train
2026-04-28 07:21:00,2026-04-28 07:11:33.972,2026-04-28 07:32:52.000,train,train
2026-04-28 07:24:00,2026-04-28 07:14:33.972,2026-04-28 07:35:52.000,validation,train
2026-04-28 07:27:00,2026-04-28 07:17:33.972,2026-04-28 07:38:52.000,validation,train
2026-04-28 07:30:00,2026-04-28 07:20:33.972,2026-04-28 07:41:52.000,train,train
2026-04-28 07:33:00,2026-04-28 07:23:33.972,2026-04-28 07:44:52.000,train,train
2026-04-28 07:36:00,2026-04-28 07:26:33.972,2026-04-28 07:47:52.000,validation,train
2026-04-28 07:39:00,2026-04-28 07:29:33.972,2026-04-28 07:50:52.000,train,train
2026-04-28 07:42:00,2026-04-28 07:32:33.972,2026-04-28 07:53:52.000,validation,train
2026-04-28 07:45:00,2026-04-28 07:35:33.972,2026-04-28 07:56:52.000,train,train
2026-04-28 07:48:00,2026-04-28 07:38:33.972,2026-04-28 07:59:52.000,train,train
2026-04-28 07:51:00,2026-04-28 07:41:33.972,2026-04-28 08:02:52.000,validation,train
2026-04-28 07:54:00,2026-04-28 07:44:33.972,2026-04-28 08:05:52.000,train,train
2026-04-28 07:57:00,2026-04-28 07:47:33.972,2026-04-28 08:08:52.000,train,train
2026-04-28 08:00:00,2026-04-28 07:50:33.972,2026-04-28 08:11:52.000,train,train
2026-04-28 08:03:00,2026-04-28 07:53:33.972,2026-04-28 08:14:53.000,train,train
2026-04-28 08:06:00,2026-04-28 07:56:33.972,2026-04-28 08:17:53.000,train,train
2026-04-28 08:09:00,2026-04-28 07:59:33.972,2026-04-28 08:20:53.000,train,train
2026-04-28 08:12:00,2026-04-28 08:02:33.972,2026-04-28 08:23:53.000,train,train
2026-04-28 08:15:00,2026-04-28 08:05:33.972,2026-04-28 08:26:53.000,train,train
2026-04-28 08:18:00,2026-04-28 08:08:33.972,2026-04-28 08:29:53.000,validation,train
2026-04-28 08:21:00,2026-04-28 08:11:33.972,2026-04-28 08:32:53.000,validation,train
2026-04-28 08:24:00,2026-04-28 08:14:33.972,2026-04-28 08:35:53.000,validation,train
2026-04-28 08:27:00,2026-04-28 08:17:33.972,2026-04-28 08:38:53.000,validation,train
2026-04-28 08:30:00,2026-04-28 08:20:33.972,2026-04-28 08:41:53.000,train,train
2026-04-28 08:33:00,2026-04-28 08:23:33.972,2026-04-28 08:44:53.000,validation,train
2026-04-28 08:36:00,2026-04-28 08:26:33.972,2026-04-28 08:47:53.000,train,train
2026-04-28 08:39:00,2026-04-28 08:29:33.972,2026-04-28 08:50:53.000,train,train
2026-04-28 08:42:00,2026-04-28 08:32:33.972,2026-04-28 08:53:53.000,train,train
2026-04-28 08:45:00,2026-04-28 08:35:33.972,2026-04-28 08:56:53.000,train,train
2026-04-28 08:48:00,2026-04-28 08:38:33.972,2026-04-28 08:59:53.000,train,train
2026-04-28 08:51:00,2026-04-28 08:41:33.972,2026-04-28 09:02:53.000,train,train
2026-04-28 08:54:00,2026-04-28 08:44:33.972,2026-04-28 09:05:53.000,train,train
2026-04-28 08:57:00,2026-04-28 08:47:33.972,2026-04-28 09:08:53.000,validation,train
2026-04-28 09:00:00,2026-04-28 08:50:33.972,2026-04-28 09:11:53.000,train,train
2026-04-28 09:03:00,2026-04-28 08:53:33.972,2026-04-28 09:14:53.000,train,train
2026-04-28 09:06:00,2026-04-28 08:56:33.972,2026-04-28 09:17:53.000,train,train
2026-04-28 09:09:00,2026-04-28 08:59:33.972,2026-04-28 09:20:54.000,train,train
2026-04-28 09:12:00,2026-04-28 09:02:33.972,2026-04-28 09:23:54.000,train,train
2026-04-28 09:15:00,2026-04-28 09:05:33.972,2026-04-28 09:26:54.000,train,train
2026-04-28 09:18:00,2026-04-28 09:08:33.972,2026-04-28 09:29:54.000,train,train
2026-04-28 09:21:00,2026-04-28 09:11:33.972,2026-04-28 09:32:54.000,validation,train
2026-04-28 09:24:00,2026-04-28 09:14:33.972,2026-04-28 09:35:54.000,train,train
2026-04-28 09:27:00,2026-04-28 09:17:33.972,2026-04-28 09:38:54.000,validation,train
2026-04-28 09:30:00,2026-04-28 09:20:33.972,2026-04-28 09:41:54.000,validation,train
2026-04-28 09:33:00,2026-04-28 09:23:33.972,2026-04-28 09:44:54.000,train,train
2026-04-28 09:36:00,2026-04-28 09:26:33.972,2026-04-28 09:47:54.000,train,train
2026-04-28 09:39:00,2026-04-28 09:29:33.972,2026-04-28 09:50:54.000,train,train
2026-04-28 09:42:00,2026-04-28 09:32:33.972,2026-04-28 09:53:54.000,validation,train
2026-04-28 09:45:00,2026-04-28 09:35:33.972,2026-04-28 09:56:54.000,train,train
2026-04-28 09:48:00,2026-04-28 09:38:33.972,2026-04-28 09:59:54.000,validation,train
2026-04-28 09:51:00,2026-04-28 09:41:33.972,2026-04-28 10:02:54.000,train,train
2026-04-28 09:54:00,2026-04-28 09:44:33.972,2026-04-28 10:05:54.000,train,train
2026-04-28 09:57:00,2026-04-28 09:47:33.972,2026-04-28 10:08:54.000,train,train
2026-04-28 10:00:00,2026-04-28 09:50:33.972,2026-04-28 10:11:54.000,validation,train
2026-04-28 10:03:00,2026-04-28 09:53:33.972,2026-04-28 10:14:54.000,train,train
2026-04-28 10:06:00,2026-04-28 09:56:33.972,2026-04-28 10:17:54.000,train,train
2026-04-28 10:09:00,2026-04-28 09:59:33.972,2026-04-28 10:20:54.000,train,train
2026-04-28 10:12:00,2026-04-28 10:02:33.972,2026-04-28 10:23:54.000,train,train
2026-04-28 10:15:00,2026-04-28 10:05:33.972,2026-04-28 10:26:54.000,train,train
2026-04-28 10:18:00,2026-04-28 10:08:33.972,2026-04-28 10:29:55.000,train,train
2026-04-28 10:21:00,2026-04-28 10:11:33.972,2026-04-28 10:32:55.000,validation,train
2026-04-28 10:24:00,2026-04-28 10:14:33.972,2026-04-28 10:35:55.000,train,train
2026-04-28 10:27:00,2026-04-28 10:17:33.972,2026-04-28 10:38:55.000,train,train
2026-04-28 10:30:00,2026-04-28 10:20:33.972,2026-04-28 10:41:55.000,train,train
2026-04-28 10:33:00,2026-04-28 10:23:33.972,2026-04-28 10:44:55.000,train,train
2026-04-28 10:36:00,2026-04-28 10:26:33.972,2026-04-28 10:47:55.000,train,train
2026-04-28 10:39:00,2026-04-28 10:29:33.972,2026-04-28 10:50:55.000,train,train
2026-04-28 10:42:00,2026-04-28 10:32:33.972,2026-04-28 10:53:55.000,validation,train
2026-04-28 10:45:00,2026-04-28 10:35:33.972,2026-04-28 10:56:55.000,validation,train
2026-04-28 10:48:00,2026-04-28 10:38:33.972,2026-04-28 10:59:55.000,train,train
2026-04-28 10:51:00,2026-04-28 10:41:33.972,2026-04-28 11:02:55.000,train,train
2026-04-28 10:54:00,2026-04-28 10:44:33.972,2026-04-28 11:05:55.000,train,train
2026-04-28 10:57:00,2026-04-28 10:47:33.972,2026-04-28 11:08:55.000,train,train
2026-04-28 11:00:00,2026-04-28 10:50:33.972,2026-04-28 11:11:55.000,validation,train
2026-04-28 11:03:00,2026-04-28 10:53:33.972,2026-04-28 11:14:55.000,validation,train
2026-04-28 11:06:00,2026-04-28 10:56:33.972,2026-04-28 11:17:55.000,train,train
2026-04-28 11:09:00,2026-04-28 10:59:33.972,2026-04-28 11:20:55.000,train,train
2026-04-28 11:12:00,2026-04-28 11:02:33.972,2026-04-28 11:23:55.000,train,train
2026-04-28 11:15:00,2026-04-28 11:05:33.972,2026-04-28 11:26:55.000,train,train
2026-04-28 11:18:00,2026-04-28 11:08:33.972,2026-04-28 11:29:55.000,train,train
2026-04-28 11:21:00,2026-04-28 11:11:33.972,2026-04-28 11:32:56.000,train,train
2026-04-28 11:24:00,2026-04-28 11:14:33.972,2026-04-28 11:35:56.000,validation,train
2026-04-28 11:27:00,2026-04-28 11:17:33.972,2026-04-28 11:38:56.000,train,train
2026-04-28 11:30:00,2026-04-28 11:20:33.972,2026-04-28 11:41:56.000,train,train
2026-04-28 11:33:00,2026-04-28 11:23:33.972,2026-04-28 11:44:56.000,train,train
2026-04-28 11:36:00,2026-04-28 11:26:33.972,2026-04-28 11:47:56.000,validation,train
2026-04-28 11:39:00,2026-04-28 11:29:33.972,2026-04-28 11:50:56.000,train,train
2026-04-28 11:42:00,2026-04-28 11:32:33.972,2026-04-28 11:53:56.000,train,train
2026-04-28 11:45:00,2026-04-28 11:35:33.972,2026-04-28 11:56:56.000,train,train
2026-04-28 11:48:00,2026-04-28 11:38:33.972,2026-04-28 11:59:56.000,train,train
2026-04-28 11:51:00,2026-04-28 11:41:33.972,2026-04-28 12:02:56.000,validation,train
2026-04-28 11:54:00,2026-04-28 11:44:33.972,2026-04-28 12:05:56.000,train,train
2026-04-28 11:57:00,2026-04-28 11:47:33.972,2026-04-28 12:08:56.000,train,train
2026-04-28 12:00:00,2026-04-28 11:50:33.972,2026-04-28 12:11:56.000,train,train
2026-04-28 12:03:00,2026-04-28 11:53:33.972,2026-04-28 12:16:33.668,train,train
2026-04-28 12:06:00,2026-04-28 11:56:33.972,2026-04-28 12:19:33.668,train,train
2026-04-28 12:09:00,2026-04-28 11:59:33.972,2026-04-28 12:22:33.668,train,train
2026-04-28 12:12:00,2026-04-28 12:02:33.972,2026-04-28 12:23:56.000,train,train
2026-04-28 12:15:00,2026-04-28 12:03:33.972,2026-04-28 12:26:56.000,train,train
2026-04-28 12:18:00,2026-04-28 12:06:33.972,2026-04-28 12:29:56.000,train,train
2026-04-28 12:21:00,2026-04-28 12:09:33.972,2026-04-28 12:32:57.000,train,train
2026-04-28 12:24:00,2026-04-28 12:14:33.668,2026-04-28 12:35:57.000,train,train
2026-04-28 12:27:00,2026-04-28 12:17:33.668,2026-04-28 12:38:57.000,train,train
2026-04-28 12:30:00,2026-04-28 12:20:33.668,2026-04-28 12:41:57.000,train,train
2026-04-28 12:33:00,2026-04-28 12:23:33.668,2026-04-28 12:44:57.000,train,train
2026-04-28 12:36:00,2026-04-28 12:26:33.668,2026-04-28 12:47:57.000,train,train
2026-04-28 12:39:00,2026-04-28 12:29:33.668,2026-04-28 12:50:57.000,train,train
2026-04-28 12:42:00,2026-04-28 12:32:33.668,2026-04-28 12:53:57.000,train,train
2026-04-28 12:45:00,2026-04-28 12:35:33.668,2026-04-28 12:56:57.000,validation,train
2026-04-28 12:48:00,2026-04-28 12:38:33.668,2026-04-28 12:59:57.000,train,train
2026-04-28 12:51:00,2026-04-28 12:41:33.668,2026-04-28 13:02:57.000,train,train
2026-04-28 12:54:00,2026-04-28 12:44:33.668,2026-04-28 13:05:57.000,train,train
2026-04-28 12:57:00,2026-04-28 12:47:33.668,2026-04-28 13:08:57.000,train,train
2026-04-28 13:00:00,2026-04-28 12:50:33.668,2026-04-28 13:11:57.000,train,train
2026-04-28 13:03:00,2026-04-28 12:53:33.668,2026-04-28 13:14:57.000,train,train
2026-04-28 13:06:00,2026-04-28 12:56:33.668,2026-04-28 13:17:57.000,train,train
2026-04-28 13:09:00,2026-04-28 12:59:33.668,2026-04-28 13:20:57.000,train,train
2026-04-28 13:12:00,2026-04-28 13:02:33.668,2026-04-28 13:23:57.000,train,train
2026-04-28 13:15:00,2026-04-28 13:05:33.668,2026-04-28 13:26:57.000,train,train
2026-04-28 13:18:00,2026-04-28 13:08:33.668,2026-04-28 13:29:57.000,train,train
2026-04-28 13:21:00,2026-04-28 13:11:33.668,2026-04-28 13:32:57.000,train,train
2026-04-28 13:24:00,2026-04-28 13:14:33.668,2026-04-28 13:35:57.000,train,train
2026-04-28 13:27:00,2026-04-28 13:17:33.668,2026-04-28 13:38:57.000,train,train
2026-04-28 13:30:00,2026-04-28 13:20:33.668,2026-04-28 13:41:58.000,validation,train
2026-04-28 13:33:00,2026-04-28 13:23:33.668,2026-04-28 13:44:58.000,train,train
2026-04-28 13:36:00,2026-04-28 13:26:33.668,2026-04-28 13:47:58.000,train,train
2026-04-28 13:39:00,2026-04-28 13:29:33.668,2026-04-28 13:50:58.000,validation,train
2026-04-28 13:42:00,2026-04-28 13:32:33.668,2026-04-28 13:53:58.000,train,train
2026-04-28 13:45:00,2026-04-28 13:35:33.668,2026-04-28 13:56:58.000,train,train
2026-04-28 13:48:00,2026-04-28 13:38:33.668,2026-04-28 13:59:58.000,validation,train
2026-04-28 13:51:00,2026-04-28 13:41:33.668,2026-04-28 14:02:58.000,train,train
2026-04-28 13:54:00,2026-04-28 13:44:33.668,2026-04-28 14:05:58.000,train,train
2026-04-28 13:57:00,2026-04-28 13:47:33.668,2026-04-28 14:05:58.000,train,train
2026-04-28 14:00:00,2026-04-28 13:50:33.668,2026-04-28 14:05:58.000,train,train
2026-04-28 14:03:00,2026-04-28 13:53:33.668,2026-04-28 14:05:58.000,train,train
2026-04-28 14:09:00,2026-04-28 14:09:08.911,2026-04-28 14:14:58.000,train,train
2026-04-28 14:12:00,2026-04-28 14:09:08.911,2026-04-28 14:14:58.000,train,train
2026-04-28 14:30:00,2026-04-28 14:30:40.000,2026-04-28 14:41:58.000,train,train
2026-04-28 14:33:00,2026-04-28 14:30:40.000,2026-04-28 14:41:58.000,train,train
2026-04-28 14:36:00,2026-04-28 14:30:40.000,2026-04-28 14:41:58.000,train,train
2026-04-28 14:39:00,2026-04-28 14:30:40.000,2026-04-28 14:41:58.000,train,train
2026-04-28 14:45:00,2026-04-28 14:45:40.000,2026-04-28 14:56:59.000,train,train
2026-04-28 14:48:00,2026-04-28 14:45:40.000,2026-04-28 14:59:59.000,train,train
2026-04-28 14:51:00,2026-04-28 14:45:40.000,2026-04-28 15:02:59.000,train,train
2026-04-28 14:54:00,2026-04-28 14:45:40.000,2026-04-28 15:05:59.000,train,train
2026-04-28 14:57:00,2026-04-28 14:47:26.000,2026-04-28 15:08:59.000,train,train
2026-04-28 15:00:00,2026-04-28 14:50:27.000,2026-04-28 15:11:59.000,validation,train
2026-04-28 15:03:00,2026-04-28 14:53:27.000,2026-04-28 15:14:59.000,train,train
2026-04-28 15:06:00,2026-04-28 14:56:27.000,2026-04-28 15:17:59.000,validation,train
2026-04-28 15:09:00,2026-04-28 14:59:28.000,2026-04-28 15:20:59.000,validation,train
2026-04-28 15:12:00,2026-04-28 15:02:28.000,2026-04-28 15:23:59.000,train,train
2026-04-28 15:15:00,2026-04-28 15:05:28.000,2026-04-28 15:26:59.000,train,train
2026-04-28 15:18:00,2026-04-28 15:08:29.000,2026-04-28 15:29:59.000,validation,train
2026-04-28 15:21:00,2026-04-28 15:11:29.000,2026-04-28 15:32:59.000,train,train
2026-04-28 15:24:00,2026-04-28 15:14:29.000,2026-04-28 15:35:59.000,train,train
2026-04-28 15:27:00,2026-04-28 15:17:30.000,2026-04-28 15:38:59.000,train,train
2026-04-28 15:30:00,2026-04-28 15:20:30.000,2026-04-28 15:41:59.000,train,train
2026-04-28 15:33:00,2026-04-28 15:23:30.000,2026-04-28 15:44:59.000,train,train
2026-04-28 15:36:00,2026-04-28 15:26:30.000,2026-04-28 15:47:59.000,train,train
2026-04-28 15:39:00,2026-04-28 15:29:31.000,2026-04-28 15:51:00.000,train,train
2026-04-28 15:42:00,2026-04-28 15:32:31.000,2026-04-28 15:54:00.000,train,train
2026-04-28 15:45:00,2026-04-28 15:35:31.000,2026-04-28 15:57:00.000,validation,train
2026-04-28 15:48:00,2026-04-28 15:38:32.000,2026-04-28 15:59:40.000,train,train
2026-04-28 15:51:00,2026-04-28 15:40:59.000,2026-04-28 16:02:40.000,train,train
2026-04-28 15:54:00,2026-04-28 15:43:59.000,2026-04-28 16:06:52.000,train,train
2026-04-28 15:57:00,2026-04-28 15:46:59.000,2026-04-28 16:09:52.000,train,train
2026-04-28 16:00:00,2026-04-28 15:49:59.000,2026-04-28 16:12:52.000,train,train
2026-04-28 16:03:00,2026-04-28 15:53:00.000,2026-04-28 16:14:52.000,train,train
2026-04-28 16:06:00,2026-04-28 15:55:33.000,2026-04-28 16:17:52.000,train,train
2026-04-28 16:09:00,2026-04-28 15:58:34.000,2026-04-28 16:20:52.000,train,train
2026-04-28 16:12:00,2026-04-28 16:01:34.000,2026-04-28 16:23:52.000,train,train
2026-04-28 16:15:00,2026-04-28 16:05:00.000,2026-04-28 16:26:52.000,validation,train
2026-04-28 16:18:00,2026-04-28 16:08:00.000,2026-04-28 16:29:52.000,train,train
2026-04-28 16:21:00,2026-04-28 16:11:00.000,2026-04-28 16:32:52.000,validation,train
2026-04-28 16:24:00,2026-04-28 16:14:00.000,2026-04-28 16:35:52.000,train,train
2026-04-28 16:27:00,2026-04-28 16:17:00.000,2026-04-28 16:38:52.000,train,train
2026-04-28 16:30:00,2026-04-28 16:20:00.000,2026-04-28 16:41:52.000,validation,train
2026-04-28 16:33:00,2026-04-28 16:23:00.000,2026-04-28 16:44:52.000,train,train
2026-04-28 16:36:00,2026-04-28 16:26:00.000,2026-04-28 16:47:52.000,train,train
2026-04-28 16:39:00,2026-04-28 16:29:00.000,2026-04-28 16:50:52.000,train,train
2026-04-28 16:42:00,2026-04-28 16:32:00.000,2026-04-28 16:53:52.000,validation,train
2026-04-28 16:45:00,2026-04-28 16:35:00.000,2026-04-28 16:56:52.000,train,train
2026-04-28 16:48:00,2026-04-28 16:38:00.000,2026-04-28 16:59:52.000,train,train
2026-04-28 16:51:00,2026-04-28 16:41:00.000,2026-04-28 17:02:52.000,train,train
2026-04-28 16:54:00,2026-04-28 16:44:00.000,2026-04-28 17:05:52.000,train,train
2026-04-28 16:57:00,2026-04-28 16:47:00.000,2026-04-28 17:08:52.000,train,train
2026-04-28 17:00:00,2026-04-28 16:50:00.000,2026-04-28 17:11:52.000,validation,train
2026-04-28 17:03:00,2026-04-28 16:53:00.000,2026-04-28 17:14:52.000,train,train
2026-04-28 17:06:00,2026-04-28 16:56:00.000,2026-04-28 17:17:52.000,train,train
2026-04-28 17:09:00,2026-04-28 16:59:01.000,2026-04-28 17:20:52.000,validation,train
2026-04-28 17:12:00,2026-04-28 17:02:01.000,2026-04-28 17:23:52.000,train,train
2026-04-28 17:15:00,2026-04-28 17:05:01.000,2026-04-28 17:26:52.000,train,train
2026-04-28 17:18:00,2026-04-28 17:08:01.000,2026-04-28 17:29:52.000,train,train
2026-04-28 17:21:00,2026-04-28 17:11:01.000,2026-04-28 17:32:52.000,validation,train
2026-04-28 17:24:00,2026-04-28 17:14:01.000,2026-04-28 17:35:52.000,train,train
2026-04-28 17:27:00,2026-04-28 17:17:01.000,2026-04-28 17:38:52.000,train,train
2026-04-28 17:30:00,2026-04-28 17:20:01.000,2026-04-28 17:41:52.000,validation,train
2026-04-28 17:33:00,2026-04-28 17:23:01.000,2026-04-28 17:44:52.000,train,train
2026-04-28 17:36:00,2026-04-28 17:26:01.000,2026-04-28 17:47:52.000,train,train
2026-04-28 17:39:00,2026-04-28 17:29:01.000,2026-04-28 17:50:52.000,train,train
2026-04-28 17:42:00,2026-04-28 17:32:01.000,2026-04-28 17:53:52.000,train,train
2026-04-28 17:45:00,2026-04-28 17:35:01.000,2026-04-28 17:56:52.000,train,train
2026-04-28 17:48:00,2026-04-28 17:38:01.000,2026-04-28 17:59:52.000,train,train
2026-04-28 17:51:00,2026-04-28 17:41:01.000,2026-04-28 18:02:52.000,train,train
2026-04-28 17:54:00,2026-04-28 17:44:01.000,2026-04-28 18:05:52.000,train,train
2026-04-28 17:57:00,2026-04-28 17:47:01.000,2026-04-28 18:08:52.000,train,train
2026-04-28 18:00:00,2026-04-28 17:50:01.000,2026-04-28 18:11:52.000,train,train
2026-04-28 18:03:00,2026-04-28 17:53:01.000,2026-04-28 18:14:52.000,validation,train
2026-04-28 18:06:00,2026-04-28 17:56:01.000,2026-04-28 18:17:52.000,train,train
2026-04-28 18:09:00,2026-04-28 17:59:01.000,2026-04-28 18:20:52.000,train,train
2026-04-28 18:12:00,2026-04-28 18:02:01.000,2026-04-28 18:23:52.000,train,train
2026-04-28 18:15:00,2026-04-28 18:05:02.000,2026-04-28 18:26:52.000,train,train
2026-04-28 18:18:00,2026-04-28 18:08:02.000,2026-04-28 18:29:52.000,train,train
2026-04-28 18:21:00,2026-04-28 18:11:02.000,2026-04-28 18:32:52.000,train,train
2026-04-28 18:24:00,2026-04-28 18:14:02.000,2026-04-28 18:35:52.000,validation,train
2026-04-28 18:27:00,2026-04-28 18:17:02.000,2026-04-28 18:38:52.000,train,train
2026-04-28 18:30:00,2026-04-28 18:20:02.000,2026-04-28 18:41:52.000,validation,train
2026-04-28 18:33:00,2026-04-28 18:23:02.000,2026-04-28 18:44:52.000,train,train
2026-04-28 18:36:00,2026-04-28 18:26:02.000,2026-04-28 18:47:52.000,train,train
2026-04-28 18:39:00,2026-04-28 18:29:02.000,2026-04-28 18:50:52.000,train,train
2026-04-28 18:42:00,2026-04-28 18:32:02.000,2026-04-28 18:53:52.000,train,train
2026-04-28 18:45:00,2026-04-28 18:35:02.000,2026-04-28 18:56:52.000,validation,train
2026-04-28 18:48:00,2026-04-28 18:38:02.000,2026-04-28 18:59:52.000,train,train
2026-04-28 18:51:00,2026-04-28 18:41:02.000,2026-04-28 19:02:52.000,train,train
2026-04-28 18:54:00,2026-04-28 18:44:02.000,2026-04-28 19:05:52.000,validation,train
2026-04-28 18:57:00,2026-04-28 18:47:02.000,2026-04-28 19:08:52.000,train,train
2026-04-28 19:00:00,2026-04-28 18:50:02.000,2026-04-28 19:11:52.000,validation,train
2026-04-28 19:03:00,2026-04-28 18:53:02.000,2026-04-28 19:14:52.000,train,train
2026-04-28 19:06:00,2026-04-28 18:56:02.000,2026-04-28 19:17:52.000,train,train
2026-04-28 19:09:00,2026-04-28 18:59:02.000,2026-04-28 19:20:52.000,train,train
2026-04-28 19:12:00,2026-04-28 19:02:02.000,2026-04-28 19:23:52.000,validation,train
2026-04-28 19:15:00,2026-04-28 19:05:02.000,2026-04-28 19:26:52.000,train,train
2026-04-28 19:18:00,2026-04-28 19:08:02.000,2026-04-28 19:29:52.000,validation,train
2026-04-28 19:21:00,2026-04-28 19:11:02.000,2026-04-28 19:32:52.000,train,train
2026-04-28 19:24:00,2026-04-28 19:14:03.000,2026-04-28 19:35:52.000,train,train
2026-04-28 19:27:00,2026-04-28 19:17:03.000,2026-04-28 19:38:52.000,train,train
2026-04-28 19:30:00,2026-04-28 19:20:03.000,2026-04-28 19:41:52.000,train,train
2026-04-28 19:33:00,2026-04-28 19:23:03.000,2026-04-28 19:44:52.000,train,train
2026-04-28 19:36:00,2026-04-28 19:26:03.000,2026-04-28 19:47:52.000,train,train
2026-04-28 19:39:00,2026-04-28 19:29:03.000,2026-04-28 19:50:52.000,validation,train
2026-04-28 19:42:00,2026-04-28 19:32:03.000,2026-04-28 19:53:52.000,train,train
2026-04-28 19:45:00,2026-04-28 19:35:03.000,2026-04-28 19:56:52.000,validation,train
2026-04-28 19:48:00,2026-04-28 19:38:03.000,2026-04-28 19:59:52.000,train,train
2026-04-28 19:51:00,2026-04-28 19:41:03.000,2026-04-28 20:02:52.000,train,train
2026-04-28 19:54:00,2026-04-28 19:44:03.000,2026-04-28 20:05:52.000,train,train
2026-04-28 19:57:00,2026-04-28 19:47:03.000,2026-04-28 20:08:52.000,train,train
2026-04-28 20:00:00,2026-04-28 19:50:03.000,2026-04-28 20:11:52.000,train,train
2026-04-28 20:03:00,2026-04-28 19:53:03.000,2026-04-28 20:14:52.000,validation,train
2026-04-28 20:06:00,2026-04-28 19:56:03.000,2026-04-28 20:17:52.000,train,train
2026-04-28 20:09:00,2026-04-28 19:59:03.000,2026-04-28 20:20:52.000,validation,train
2026-04-28 20:12:00,2026-04-28 20:02:03.000,2026-04-28 20:23:52.000,train,train
2026-04-28 20:15:00,2026-04-28 20:05:03.000,2026-04-28 20:26:52.000,train,train
2026-04-28 20:18:00,2026-04-28 20:08:03.000,2026-04-28 20:29:52.000,train,train
2026-04-28 20:21:00,2026-04-28 20:11:03.000,2026-04-28 20:32:52.000,train,train
2026-04-28 20:24:00,2026-04-28 20:14:03.000,2026-04-28 20:35:52.000,validation,train
2026-04-28 20:27:00,2026-04-28 20:17:03.000,2026-04-28 20:38:52.000,train,train
2026-04-28 20:30:00,2026-04-28 20:20:04.000,2026-04-28 20:41:52.000,validation,train
2026-04-28 20:33:00,2026-04-28 20:23:04.000,2026-04-28 20:44:52.000,train,train
2026-04-28 20:36:00,2026-04-28 20:26:04.000,2026-04-28 20:47:52.000,validation,train
2026-04-28 20:39:00,2026-04-28 20:29:04.000,2026-04-28 20:50:52.000,train,train
2026-04-28 20:42:00,2026-04-28 20:32:04.000,2026-04-28 20:53:52.000,train,train
2026-04-28 20:45:00,2026-04-28 20:35:04.000,2026-04-28 20:56:52.000,validation,train
2026-04-28 20:48:00,2026-04-28 20:38:04.000,2026-04-28 20:59:52.000,train,train
2026-04-28 20:51:00,2026-04-28 20:41:04.000,2026-04-28 21:02:52.000,train,train
2026-04-28 20:54:00,2026-04-28 20:44:04.000,2026-04-28 21:05:52.000,train,train
2026-04-28 20:57:00,2026-04-28 20:47:04.000,2026-04-28 21:08:52.000,train,train
2026-04-28 21:00:00,2026-04-28 20:50:04.000,2026-04-28 21:11:52.000,train,train
2026-04-28 21:03:00,2026-04-28 20:53:04.000,2026-04-28 21:14:52.000,validation,train
2026-04-28 21:06:00,2026-04-28 20:56:04.000,2026-04-28 21:17:52.000,train,train
2026-04-28 21:09:00,2026-04-28 20:59:04.000,2026-04-28 21:20:52.000,train,train
2026-04-28 21:12:00,2026-04-28 21:02:04.000,2026-04-28 21:23:52.000,validation,train
2026-04-28 21:15:00,2026-04-28 21:05:04.000,2026-04-28 21:26:53.000,validation,train
2026-04-28 21:18:00,2026-04-28 21:08:04.000,2026-04-28 21:29:53.000,train,train
2026-04-28 21:21:00,2026-04-28 21:11:04.000,2026-04-28 21:32:53.000,train,train
2026-04-28 21:24:00,2026-04-28 21:14:04.000,2026-04-28 21:35:53.000,train,train
2026-04-28 21:27:00,2026-04-28 21:17:04.000,2026-04-28 21:38:53.000,validation,train
2026-04-28 21:30:00,2026-04-28 21:20:04.000,2026-04-28 21:41:53.000,train,train
2026-04-28 21:33:00,2026-04-28 21:23:04.000,2026-04-28 21:44:53.000,train,train
2026-04-28 21:36:00,2026-04-28 21:26:06.000,2026-04-28 21:47:53.000,train,train
2026-04-28 21:39:00,2026-04-28 21:29:06.000,2026-04-28 21:50:53.000,train,train
2026-04-28 21:42:00,2026-04-28 21:32:06.000,2026-04-28 21:53:53.000,train,train
2026-04-28 21:45:00,2026-04-28 21:35:06.000,2026-04-28 21:56:53.000,train,train
2026-04-28 21:48:00,2026-04-28 21:38:06.000,2026-04-28 21:59:53.000,train,train
2026-04-28 21:51:00,2026-04-28 21:41:06.000,2026-04-28 22:02:53.000,train,train
2026-04-28 21:54:00,2026-04-28 21:44:06.000,2026-04-28 22:05:53.000,train,train
2026-04-28 21:57:00,2026-04-28 21:47:06.000,2026-04-28 22:08:53.000,train,train
2026-04-28 22:00:00,2026-04-28 21:50:06.000,2026-04-28 22:11:53.000,validation,train
2026-04-28 22:03:00,2026-04-28 21:53:06.000,2026-04-28 22:14:53.000,train,train
2026-04-28 22:06:00,2026-04-28 21:56:06.000,2026-04-28 22:17:53.000,train,train
2026-04-28 22:09:00,2026-04-28 21:59:06.000,2026-04-28 22:20:53.000,train,train
2026-04-28 22:12:00,2026-04-28 22:02:06.000,2026-04-28 22:23:53.000,train,train
2026-04-28 22:15:00,2026-04-28 22:05:06.000,2026-04-28 22:26:53.000,validation,train
2026-04-28 22:18:00,2026-04-28 22:08:06.000,2026-04-28 22:29:53.000,train,train
2026-04-28 22:21:00,2026-04-28 22:11:06.000,2026-04-28 22:32:53.000,validation,train
2026-04-28 22:24:00,2026-04-28 22:14:06.000,2026-04-28 22:35:53.000,validation,train
2026-04-28 22:27:00,2026-04-28 22:17:07.000,2026-04-28 22:38:53.000,validation,train
2026-04-28 22:30:00,2026-04-28 22:20:07.000,2026-04-28 22:41:53.000,train,train
2026-04-28 22:33:00,2026-04-28 22:23:07.000,2026-04-28 22:44:53.000,train,train
2026-04-28 22:36:00,2026-04-28 22:26:07.000,2026-04-28 22:47:53.000,train,train
2026-04-28 22:39:00,2026-04-28 22:29:07.000,2026-04-28 22:50:53.000,train,train
2026-04-28 22:42:00,2026-04-28 22:32:07.000,2026-04-28 22:53:53.000,train,train
2026-04-28 22:45:00,2026-04-28 22:35:07.000,2026-04-28 22:56:53.000,train,train
2026-04-28 22:48:00,2026-04-28 22:38:07.000,2026-04-28 22:59:53.000,train,train
2026-04-28 22:51:00,2026-04-28 22:41:07.000,2026-04-28 23:02:53.000,train,train
2026-04-28 22:54:00,2026-04-28 22:44:07.000,2026-04-28 23:05:53.000,train,train
2026-04-28 22:57:00,2026-04-28 22:47:07.000,2026-04-28 23:08:53.000,train,train
2026-04-28 23:00:00,2026-04-28 22:50:07.000,2026-04-28 23:11:53.000,train,train
2026-04-28 23:03:00,2026-04-28 22:53:07.000,2026-04-28 23:14:53.000,train,train
2026-04-28 23:06:00,2026-04-28 22:56:07.000,2026-04-28 23:17:53.000,train,train
2026-04-28 23:09:00,2026-04-28 22:59:07.000,2026-04-28 23:20:53.000,train,train
2026-04-28 23:12:00,2026-04-28 23:02:07.000,2026-04-28 23:23:53.000,train,train
2026-04-28 23:15:00,2026-04-28 23:05:07.000,2026-04-28 23:26:53.000,validation,train
2026-04-28 23:18:00,2026-04-28 23:08:07.000,2026-04-28 23:29:53.000,train,train
2026-04-28 23:21:00,2026-04-28 23:11:07.000,2026-04-28 23:32:53.000,train,train
2026-04-28 23:24:00,2026-04-28 23:14:07.000,2026-04-28 23:35:53.000,train,train
2026-04-28 23:27:00,2026-04-28 23:17:07.000,2026-04-28 23:38:53.000,train,train
2026-04-28 23:30:00,2026-04-28 23:20:07.000,2026-04-28 23:41:53.000,train,train
2026-04-28 23:33:00,2026-04-28 23:23:08.000,2026-04-28 23:44:53.000,validation,train
2026-04-28 23:36:00,2026-04-28 23:26:08.000,2026-04-28 23:47:53.000,train,train
2026-04-28 23:39:00,2026-04-28 23:29:08.000,2026-04-28 23:50:53.000,train,train
2026-04-28 23:42:00,2026-04-28 23:32:08.000,2026-04-28 23:53:53.000,validation,train
2026-04-28 23:45:00,2026-04-28 23:35:08.000,2026-04-28 23:56:53.000,validation,train
2026-04-28 23:48:00,2026-04-28 23:38:08.000,2026-04-28 23:59:53.000,train,train
2026-04-28 23:51:00,2026-04-28 23:41:08.000,2026-04-29 00:02:53.000,train,train
2026-04-28 23:54:00,2026-04-28 23:44:08.000,2026-04-29 00:05:53.000,train,train
2026-04-28 23:57:00,2026-04-28 23:47:08.000,2026-04-29 00:08:53.000,train,train
2026-04-29 00:00:00,2026-04-28 23:50:08.000,2026-04-29 00:11:53.000,train,train
2026-04-29 00:03:00,2026-04-28 23:53:08.000,2026-04-29 00:14:53.000,train,train
2026-04-29 00:06:00,2026-04-28 23:56:08.000,2026-04-29 00:17:53.000,train,train
2026-04-29 00:09:00,2026-04-28 23:59:08.000,2026-04-29 00:20:53.000,validation,train
2026-04-29 00:12:00,2026-04-29 00:02:08.000,2026-04-29 00:23:53.000,train,train
2026-04-29 00:15:00,2026-04-29 00:05:08.000,2026-04-29 00:26:53.000,train,train
2026-04-29 00:18:00,2026-04-29 00:08:08.000,2026-04-29 00:29:53.000,train,train
2026-04-29 00:21:00,2026-04-29 00:11:08.000,2026-04-29 00:32:53.000,train,train
2026-04-29 00:24:00,2026-04-29 00:14:08.000,2026-04-29 00:35:53.000,train,train
2026-04-29 00:27:00,2026-04-29 00:17:08.000,2026-04-29 00:38:53.000,validation,train
2026-04-29 00:30:00,2026-04-29 00:20:08.000,2026-04-29 00:41:53.000,train,train
2026-04-29 00:33:00,2026-04-29 00:23:08.000,2026-04-29 00:44:53.000,train,train
2026-04-29 00:36:00,2026-04-29 00:26:08.000,2026-04-29 00:47:53.000,train,train
2026-04-29 00:39:00,2026-04-29 00:29:09.000,2026-04-29 00:50:53.000,train,train
2026-04-29 00:42:00,2026-04-29 00:32:09.000,2026-04-29 00:53:53.000,train,train
2026-04-29 00:45:00,2026-04-29 00:35:09.000,2026-04-29 00:56:53.000,validation,train
2026-04-29 00:48:00,2026-04-29 00:38:09.000,2026-04-29 00:59:53.000,train,train
2026-04-29 00:51:00,2026-04-29 00:41:09.000,2026-04-29 01:02:53.000,train,train
2026-04-29 00:54:00,2026-04-29 00:44:09.000,2026-04-29 01:05:53.000,train,train
2026-04-29 00:57:00,2026-04-29 00:47:09.000,2026-04-29 01:08:53.000,train,train
2026-04-29 01:00:00,2026-04-29 00:50:09.000,2026-04-29 01:11:53.000,validation,train
2026-04-29 01:03:00,2026-04-29 00:53:09.000,2026-04-29 01:14:53.000,validation,train
2026-04-29 01:06:00,2026-04-29 00:56:09.000,2026-04-29 01:17:53.000,train,train
2026-04-29 01:09:00,2026-04-29 00:59:09.000,2026-04-29 01:20:53.000,train,train
2026-04-29 01:12:00,2026-04-29 01:02:09.000,2026-04-29 01:23:53.000,train,train
2026-04-29 01:15:00,2026-04-29 01:05:09.000,2026-04-29 01:26:53.000,train,train
2026-04-29 01:18:00,2026-04-29 01:08:09.000,2026-04-29 01:29:53.000,train,train
2026-04-29 01:21:00,2026-04-29 01:11:09.000,2026-04-29 01:32:53.000,validation,train
2026-04-29 01:24:00,2026-04-29 01:14:09.000,2026-04-29 01:35:53.000,train,train
2026-04-29 01:27:00,2026-04-29 01:17:09.000,2026-04-29 01:38:53.000,train,train
2026-04-29 01:30:00,2026-04-29 01:20:09.000,2026-04-29 01:41:53.000,train,train
2026-04-29 01:33:00,2026-04-29 01:23:09.000,2026-04-29 01:44:53.000,train,train
2026-04-29 01:36:00,2026-04-29 01:26:09.000,2026-04-29 01:47:53.000,train,train
2026-04-29 01:39:00,2026-04-29 01:29:09.000,2026-04-29 01:50:53.000,train,train
2026-04-29 01:42:00,2026-04-29 01:32:09.000,2026-04-29 01:53:53.000,validation,train
2026-04-29 01:45:00,2026-04-29 01:35:10.000,2026-04-29 01:56:53.000,train,train
2026-04-29 01:48:00,2026-04-29 01:38:10.000,2026-04-29 01:59:53.000,train,train
2026-04-29 01:51:00,2026-04-29 01:41:10.000,2026-04-29 02:02:53.000,validation,train
2026-04-29 01:54:00,2026-04-29 01:44:10.000,2026-04-29 02:05:53.000,train,train
2026-04-29 01:57:00,2026-04-29 01:47:10.000,2026-04-29 02:08:53.000,train,train
2026-04-29 02:00:00,2026-04-29 01:50:10.000,2026-04-29 02:11:53.000,validation,train
2026-04-29 02:03:00,2026-04-29 01:53:10.000,2026-04-29 02:14:53.000,train,train
2026-04-29 02:06:00,2026-04-29 01:56:10.000,2026-04-29 02:17:53.000,train,train
2026-04-29 02:09:00,2026-04-29 01:59:10.000,2026-04-29 02:20:53.000,train,train
2026-04-29 02:12:00,2026-04-29 02:02:10.000,2026-04-29 02:23:53.000,train,train
2026-04-29 02:15:00,2026-04-29 02:05:10.000,2026-04-29 02:26:53.000,train,train
2026-04-29 02:18:00,2026-04-29 02:08:10.000,2026-04-29 02:29:53.000,train,train
2026-04-29 02:21:00,2026-04-29 02:11:10.000,2026-04-29 02:32:53.000,train,train
2026-04-29 02:24:00,2026-04-29 02:14:10.000,2026-04-29 02:35:53.000,train,train
2026-04-29 02:27:00,2026-04-29 02:17:10.000,2026-04-29 02:38:53.000,validation,train
2026-04-29 02:30:00,2026-04-29 02:20:10.000,2026-04-29 02:41:53.000,validation,train
2026-04-29 02:33:00,2026-04-29 02:23:10.000,2026-04-29 02:44:53.000,train,train
2026-04-29 02:36:00,2026-04-29 02:26:10.000,2026-04-29 02:47:53.000,train,train
2026-04-29 02:39:00,2026-04-29 02:29:10.000,2026-04-29 02:50:53.000,train,train
2026-04-29 02:42:00,2026-04-29 02:32:10.000,2026-04-29 02:53:53.000,train,train
2026-04-29 02:45:00,2026-04-29 02:35:10.000,2026-04-29 02:56:53.000,train,train
2026-04-29 02:48:00,2026-04-29 02:38:10.000,2026-04-29 02:59:53.000,train,train
2026-04-29 02:51:00,2026-04-29 02:41:10.000,2026-04-29 03:02:53.000,validation,train
2026-04-29 02:54:00,2026-04-29 02:44:11.000,2026-04-29 03:05:53.000,train,train
2026-04-29 02:57:00,2026-04-29 02:47:11.000,2026-04-29 03:08:53.000,train,train
2026-04-29 03:00:00,2026-04-29 02:50:11.000,2026-04-29 03:11:53.000,train,train
2026-04-29 03:03:00,2026-04-29 02:53:11.000,2026-04-29 03:14:53.000,train,train
2026-04-29 03:06:00,2026-04-29 02:56:11.000,2026-04-29 03:17:53.000,train,train
2026-04-29 03:09:00,2026-04-29 02:59:11.000,2026-04-29 03:20:53.000,train,train
2026-04-29 03:12:00,2026-04-29 03:02:11.000,2026-04-29 03:23:53.000,validation,train
2026-04-29 03:15:00,2026-04-29 03:05:11.000,2026-04-29 03:26:53.000,validation,train
2026-04-29 03:18:00,2026-04-29 03:08:11.000,2026-04-29 03:29:53.000,train,train
2026-04-29 03:21:00,2026-04-29 03:11:11.000,2026-04-29 03:32:53.000,train,train
2026-04-29 03:24:00,2026-04-29 03:14:11.000,2026-04-29 03:35:53.000,train,train
2026-04-29 03:27:00,2026-04-29 03:17:11.000,2026-04-29 03:38:53.000,train,train
2026-04-29 03:30:00,2026-04-29 03:20:11.000,2026-04-29 03:41:53.000,train,train
2026-04-29 03:33:00,2026-04-29 03:23:11.000,2026-04-29 03:44:53.000,validation,train
2026-04-29 03:36:00,2026-04-29 03:26:11.000,2026-04-29 03:47:53.000,train,train
2026-04-29 03:39:00,2026-04-29 03:29:11.000,2026-04-29 03:50:53.000,train,train
2026-04-29 03:42:00,2026-04-29 03:32:11.000,2026-04-29 03:53:53.000,validation,train
2026-04-29 03:45:00,2026-04-29 03:35:11.000,2026-04-29 03:56:53.000,train,train
2026-04-29 03:48:00,2026-04-29 03:38:11.000,2026-04-29 03:59:53.000,train,train
2026-04-29 03:51:00,2026-04-29 03:41:11.000,2026-04-29 04:02:53.000,validation,train
2026-04-29 03:54:00,2026-04-29 03:44:11.000,2026-04-29 04:05:53.000,train,train
2026-04-29 03:57:00,2026-04-29 03:47:11.000,2026-04-29 04:08:53.000,validation,train
2026-04-29 04:00:00,2026-04-29 03:50:12.000,2026-04-29 04:11:53.000,train,train
2026-04-29 04:03:00,2026-04-29 03:53:12.000,2026-04-29 04:14:53.000,validation,train
2026-04-29 04:06:00,2026-04-29 03:56:12.000,2026-04-29 04:17:53.000,train,train
2026-04-29 04:09:00,2026-04-29 03:59:12.000,2026-04-29 04:20:53.000,validation,train
2026-04-29 04:12:00,2026-04-29 04:02:12.000,2026-04-29 04:23:53.000,train,train
2026-04-29 04:15:00,2026-04-29 04:05:12.000,2026-04-29 04:26:53.000,validation,train
2026-04-29 04:18:00,2026-04-29 04:08:12.000,2026-04-29 04:29:53.000,train,train
2026-04-29 04:21:00,2026-04-29 04:11:12.000,2026-04-29 04:32:53.000,train,train
2026-04-29 04:24:00,2026-04-29 04:14:12.000,2026-04-29 04:35:53.000,train,train
2026-04-29 04:27:00,2026-04-29 04:17:12.000,2026-04-29 04:38:53.000,validation,train
2026-04-29 04:30:00,2026-04-29 04:20:12.000,2026-04-29 04:41:53.000,train,train
2026-04-29 04:33:00,2026-04-29 04:23:12.000,2026-04-29 04:44:53.000,train,train
2026-04-29 04:36:00,2026-04-29 04:26:12.000,2026-04-29 04:47:53.000,train,train
2026-04-29 04:39:00,2026-04-29 04:29:12.000,2026-04-29 04:50:53.000,train,train
2026-04-29 04:42:00,2026-04-29 04:32:12.000,2026-04-29 04:53:53.000,train,train
2026-04-29 04:45:00,2026-04-29 04:35:12.000,2026-04-29 04:56:53.000,train,train
2026-04-29 04:48:00,2026-04-29 04:38:12.000,2026-04-29 04:59:53.000,train,train
2026-04-29 04:51:00,2026-04-29 04:41:12.000,2026-04-29 05:02:53.000,train,train
2026-04-29 04:54:00,2026-04-29 04:44:12.000,2026-04-29 05:05:53.000,train,train
2026-04-29 04:57:00,2026-04-29 04:47:12.000,2026-04-29 05:08:53.000,train,train
2026-04-29 05:00:00,2026-04-29 04:50:12.000,2026-04-29 05:11:53.000,train,train
2026-04-29 05:03:00,2026-04-29 04:53:12.000,2026-04-29 05:14:53.000,validation,train
2026-04-29 05:06:00,2026-04-29 04:56:13.000,2026-04-29 05:17:53.000,train,train
2026-04-29 05:09:00,2026-04-29 04:59:13.000,2026-04-29 05:20:53.000,validation,train
2026-04-29 05:12:00,2026-04-29 05:02:13.000,2026-04-29 05:23:53.000,train,train
2026-04-29 05:15:00,2026-04-29 05:05:13.000,2026-04-29 05:26:53.000,train,train
2026-04-29 05:18:00,2026-04-29 05:08:13.000,2026-04-29 05:29:53.000,train,train
2026-04-29 05:21:00,2026-04-29 05:11:13.000,2026-04-29 05:32:53.000,train,train
2026-04-29 05:24:00,2026-04-29 05:14:13.000,2026-04-29 05:35:53.000,validation,train
2026-04-29 05:27:00,2026-04-29 05:17:13.000,2026-04-29 05:38:53.000,train,train
2026-04-29 05:30:00,2026-04-29 05:20:13.000,2026-04-29 05:41:53.000,train,train
2026-04-29 05:33:00,2026-04-29 05:23:13.000,2026-04-29 05:44:53.000,train,train
2026-04-29 05:36:00,2026-04-29 05:26:13.000,2026-04-29 05:47:53.000,train,train
2026-04-29 05:39:00,2026-04-29 05:29:13.000,2026-04-29 05:50:53.000,train,train
2026-04-29 05:42:00,2026-04-29 05:32:13.000,2026-04-29 05:53:53.000,train,train
2026-04-29 05:45:00,2026-04-29 05:35:13.000,2026-04-29 05:56:53.000,train,train
2026-04-29 05:48:00,2026-04-29 05:38:13.000,2026-04-29 05:59:53.000,train,train
2026-04-29 05:51:00,2026-04-29 05:41:13.000,2026-04-29 06:02:53.000,train,train
2026-04-29 05:54:00,2026-04-29 05:44:13.000,2026-04-29 06:05:53.000,train,train
2026-04-29 05:57:00,2026-04-29 05:47:13.000,2026-04-29 06:08:53.000,train,train
2026-04-29 06:00:00,2026-04-29 05:50:13.000,2026-04-29 06:11:53.000,train,train
2026-04-29 06:03:00,2026-04-29 05:53:13.000,2026-04-29 06:14:53.000,train,train
2026-04-29 06:06:00,2026-04-29 05:56:13.000,2026-04-29 06:17:53.000,train,train
2026-04-29 06:09:00,2026-04-29 05:59:13.000,2026-04-29 06:20:53.000,train,train
2026-04-29 06:12:00,2026-04-29 06:02:13.000,2026-04-29 06:23:53.000,validation,train
2026-04-29 06:15:00,2026-04-29 06:05:14.000,2026-04-29 06:26:53.000,train,train
2026-04-29 06:18:00,2026-04-29 06:08:14.000,2026-04-29 06:29:53.000,train,train
2026-04-29 06:21:00,2026-04-29 06:11:14.000,2026-04-29 06:32:53.000,train,train
2026-04-29 06:24:00,2026-04-29 06:14:14.000,2026-04-29 06:35:53.000,train,train
2026-04-29 06:27:00,2026-04-29 06:17:14.000,2026-04-29 06:38:53.000,train,train
2026-04-29 06:30:00,2026-04-29 06:20:14.000,2026-04-29 06:41:53.000,train,train
2026-04-29 06:33:00,2026-04-29 06:23:14.000,2026-04-29 06:44:53.000,train,train
2026-04-29 06:36:00,2026-04-29 06:26:14.000,2026-04-29 06:47:53.000,train,train
2026-04-29 06:39:00,2026-04-29 06:29:14.000,2026-04-29 06:50:53.000,train,train
2026-04-29 06:42:00,2026-04-29 06:32:14.000,2026-04-29 06:53:53.000,train,train
2026-04-29 06:45:00,2026-04-29 06:35:14.000,2026-04-29 06:56:53.000,validation,train
2026-04-29 06:48:00,2026-04-29 06:38:14.000,2026-04-29 06:59:53.000,train,train
2026-04-29 06:51:00,2026-04-29 06:41:14.000,2026-04-29 07:02:53.000,train,train
2026-04-29 06:54:00,2026-04-29 06:44:14.000,2026-04-29 07:05:53.000,train,train
2026-04-29 06:57:00,2026-04-29 06:47:14.000,2026-04-29 07:08:53.000,train,train
2026-04-29 07:00:00,2026-04-29 06:50:14.000,2026-04-29 07:11:53.000,train,train
2026-04-29 07:03:00,2026-04-29 06:53:14.000,2026-04-29 07:14:53.000,train,train
2026-04-29 07:06:00,2026-04-29 06:56:14.000,2026-04-29 07:17:53.000,train,train
2026-04-29 07:09:00,2026-04-29 06:59:14.000,2026-04-29 07:20:53.000,validation,train
2026-04-29 07:12:00,2026-04-29 07:02:14.000,2026-04-29 07:23:53.000,train,train
2026-04-29 07:15:00,2026-04-29 07:05:14.000,2026-04-29 07:26:53.000,validation,train
2026-04-29 07:18:00,2026-04-29 07:08:14.000,2026-04-29 07:29:53.000,train,train
2026-04-29 07:21:00,2026-04-29 07:11:15.000,2026-04-29 07:32:53.000,train,train
2026-04-29 07:24:00,2026-04-29 07:14:15.000,2026-04-29 07:35:53.000,train,train
2026-04-29 07:27:00,2026-04-29 07:17:15.000,2026-04-29 07:38:53.000,train,train
2026-04-29 07:30:00,2026-04-29 07:20:15.000,2026-04-29 07:41:53.000,train,train
2026-04-29 07:33:00,2026-04-29 07:23:15.000,2026-04-29 07:44:53.000,train,train
2026-04-29 07:36:00,2026-04-29 07:26:15.000,2026-04-29 07:47:53.000,train,train
2026-04-29 07:39:00,2026-04-29 07:29:15.000,2026-04-29 07:50:53.000,train,train
2026-04-29 07:42:00,2026-04-29 07:32:15.000,2026-04-29 07:53:53.000,train,train
2026-04-29 07:45:00,2026-04-29 07:35:15.000,2026-04-29 07:56:53.000,train,train
2026-04-29 07:48:00,2026-04-29 07:38:15.000,2026-04-29 07:59:53.000,train,train
2026-04-29 07:51:00,2026-04-29 07:41:15.000,2026-04-29 08:02:53.000,train,train
2026-04-29 07:54:00,2026-04-29 07:44:15.000,2026-04-29 08:05:53.000,validation,train
2026-04-29 07:57:00,2026-04-29 07:47:15.000,2026-04-29 08:08:53.000,validation,train
2026-04-29 08:00:00,2026-04-29 07:50:15.000,2026-04-29 08:11:53.000,validation,train
2026-04-29 08:03:00,2026-04-29 07:53:15.000,2026-04-29 08:14:53.000,train,train
2026-04-29 08:06:00,2026-04-29 07:56:15.000,2026-04-29 08:17:53.000,validation,train
2026-04-29 08:09:00,2026-04-29 07:59:15.000,2026-04-29 08:20:53.000,validation,train
2026-04-29 08:12:00,2026-04-29 08:02:15.000,2026-04-29 08:23:53.000,train,train
2026-04-29 08:15:00,2026-04-29 08:05:15.000,2026-04-29 08:26:53.000,train,train
2026-04-29 08:18:00,2026-04-29 08:08:15.000,2026-04-29 08:29:53.000,train,train
2026-04-29 08:21:00,2026-04-29 08:11:15.000,2026-04-29 08:32:53.000,train,train
2026-04-29 08:24:00,2026-04-29 08:14:15.000,2026-04-29 08:35:53.000,train,train
2026-04-29 08:27:00,2026-04-29 08:17:16.000,2026-04-29 08:38:53.000,train,train
2026-04-29 08:30:00,2026-04-29 08:20:16.000,2026-04-29 08:41:53.000,train,train
2026-04-29 08:33:00,2026-04-29 08:23:16.000,2026-04-29 08:44:53.000,train,train
2026-04-29 08:36:00,2026-04-29 08:26:16.000,2026-04-29 08:47:53.000,train,train
2026-04-29 08:39:00,2026-04-29 08:29:16.000,2026-04-29 08:50:53.000,train,train
2026-04-29 08:42:00,2026-04-29 08:32:16.000,2026-04-29 08:53:53.000,train,train
2026-04-29 08:45:00,2026-04-29 08:35:16.000,2026-04-29 08:56:53.000,train,train
2026-04-29 08:48:00,2026-04-29 08:38:16.000,2026-04-29 08:59:53.000,train,train
2026-04-29 08:51:00,2026-04-29 08:41:16.000,2026-04-29 09:02:53.000,train,train
2026-04-29 08:54:00,2026-04-29 08:44:16.000,2026-04-29 09:05:53.000,validation,train
2026-04-29 08:57:00,2026-04-29 08:47:16.000,2026-04-29 09:08:53.000,train,train
2026-04-29 09:00:00,2026-04-29 08:50:16.000,2026-04-29 09:11:53.000,train,train
2026-04-29 09:03:00,2026-04-29 08:53:16.000,2026-04-29 09:14:53.000,train,train
2026-04-29 09:06:00,2026-04-29 08:56:16.000,2026-04-29 09:17:53.000,train,train
2026-04-29 09:09:00,2026-04-29 08:59:16.000,2026-04-29 09:20:53.000,train,train
2026-04-29 09:12:00,2026-04-29 09:02:16.000,2026-04-29 09:23:53.000,train,train
2026-04-29 09:15:00,2026-04-29 09:05:16.000,2026-04-29 09:26:53.000,train,train
2026-04-29 09:18:00,2026-04-29 09:08:17.000,2026-04-29 09:29:53.000,train,train
2026-04-29 09:21:00,2026-04-29 09:11:17.000,2026-04-29 09:32:53.000,train,train
2026-04-29 09:24:00,2026-04-29 09:14:17.000,2026-04-29 09:35:53.000,train,train
2026-04-29 09:27:00,2026-04-29 09:17:17.000,2026-04-29 09:38:53.000,validation,train
2026-04-29 09:30:00,2026-04-29 09:20:17.000,2026-04-29 09:41:53.000,validation,train
2026-04-29 09:33:00,2026-04-29 09:23:17.000,2026-04-29 09:44:53.000,train,train
2026-04-29 09:36:00,2026-04-29 09:26:17.000,2026-04-29 09:47:53.000,train,train
2026-04-29 09:39:00,2026-04-29 09:29:17.000,2026-04-29 09:50:53.000,train,train
2026-04-29 09:42:00,2026-04-29 09:32:17.000,2026-04-29 09:53:53.000,validation,train
2026-04-29 09:45:00,2026-04-29 09:35:17.000,2026-04-29 09:56:53.000,train,train
2026-04-29 09:48:00,2026-04-29 09:38:17.000,2026-04-29 09:59:53.000,train,train
2026-04-29 09:51:00,2026-04-29 09:41:17.000,2026-04-29 10:02:53.000,train,train
2026-04-29 09:54:00,2026-04-29 09:44:17.000,2026-04-29 10:05:53.000,validation,train
2026-04-29 09:57:00,2026-04-29 09:47:17.000,2026-04-29 10:08:53.000,train,train
2026-04-29 10:00:00,2026-04-29 09:50:17.000,2026-04-29 10:11:53.000,train,train
2026-04-29 10:03:00,2026-04-29 09:53:17.000,2026-04-29 10:14:53.000,validation,train
2026-04-29 10:06:00,2026-04-29 09:56:17.000,2026-04-29 10:17:53.000,train,train
2026-04-29 10:09:00,2026-04-29 09:59:17.000,2026-04-29 10:20:53.000,train,train
2026-04-29 10:12:00,2026-04-29 10:02:17.000,2026-04-29 10:23:53.000,train,train
2026-04-29 10:15:00,2026-04-29 10:05:17.000,2026-04-29 10:26:53.000,train,train
2026-04-29 10:18:00,2026-04-29 10:08:17.000,2026-04-29 10:29:53.000,train,train
2026-04-29 10:21:00,2026-04-29 10:11:17.000,2026-04-29 10:32:53.000,train,train
2026-04-29 10:24:00,2026-04-29 10:14:18.000,2026-04-29 10:35:53.000,validation,train
2026-04-29 10:27:00,2026-04-29 10:17:18.000,2026-04-29 10:38:53.000,train,train
2026-04-29 10:30:00,2026-04-29 10:20:18.000,2026-04-29 10:41:53.000,train,train
2026-04-29 10:33:00,2026-04-29 10:23:18.000,2026-04-29 10:44:53.000,validation,train
2026-04-29 10:36:00,2026-04-29 10:26:18.000,2026-04-29 10:47:53.000,train,train
2026-04-29 10:39:00,2026-04-29 10:29:18.000,2026-04-29 10:50:53.000,train,train
2026-04-29 10:42:00,2026-04-29 10:32:18.000,2026-04-29 10:53:53.000,train,train
2026-04-29 10:45:00,2026-04-29 10:35:18.000,2026-04-29 10:56:53.000,train,train
2026-04-29 10:48:00,2026-04-29 10:38:18.000,2026-04-29 10:59:53.000,train,train
2026-04-29 10:51:00,2026-04-29 10:41:18.000,2026-04-29 11:02:53.000,train,train
2026-04-29 10:54:00,2026-04-29 10:44:18.000,2026-04-29 11:05:53.000,validation,train
2026-04-29 10:57:00,2026-04-29 10:47:18.000,2026-04-29 11:08:53.000,train,train
2026-04-29 11:00:00,2026-04-29 10:50:18.000,2026-04-29 11:11:53.000,train,train
2026-04-29 11:03:00,2026-04-29 10:53:18.000,2026-04-29 11:14:53.000,train,train
2026-04-29 11:06:00,2026-04-29 10:56:18.000,2026-04-29 11:17:53.000,train,train
2026-04-29 11:09:00,2026-04-29 10:59:18.000,2026-04-29 11:20:53.000,train,train
2026-04-29 11:12:00,2026-04-29 11:02:18.000,2026-04-29 11:23:53.000,validation,train
2026-04-29 11:15:00,2026-04-29 11:05:18.000,2026-04-29 11:26:53.000,train,train
2026-04-29 11:18:00,2026-04-29 11:08:18.000,2026-04-29 11:29:53.000,train,train
2026-04-29 11:21:00,2026-04-29 11:11:18.000,2026-04-29 11:32:53.000,train,train
2026-04-29 11:24:00,2026-04-29 11:14:18.000,2026-04-29 11:35:53.000,train,train
2026-04-29 11:27:00,2026-04-29 11:17:18.000,2026-04-29 11:38:53.000,train,train
2026-04-29 11:30:00,2026-04-29 11:20:19.000,2026-04-29 11:41:53.000,train,train
2026-04-29 11:33:00,2026-04-29 11:23:19.000,2026-04-29 11:44:53.000,validation,train
2026-04-29 11:36:00,2026-04-29 11:26:19.000,2026-04-29 11:47:53.000,validation,train
2026-04-29 11:39:00,2026-04-29 11:29:19.000,2026-04-29 11:50:53.000,validation,train
2026-04-29 11:42:00,2026-04-29 11:32:19.000,2026-04-29 11:53:53.000,train,train
2026-04-29 11:45:00,2026-04-29 11:35:19.000,2026-04-29 11:56:53.000,train,train
2026-04-29 11:48:00,2026-04-29 11:38:19.000,2026-04-29 11:59:53.000,train,train
2026-04-29 11:51:00,2026-04-29 11:41:19.000,2026-04-29 12:02:53.000,validation,train
2026-04-29 11:54:00,2026-04-29 11:44:19.000,2026-04-29 12:05:53.000,train,train
2026-04-29 11:57:00,2026-04-29 11:47:19.000,2026-04-29 12:08:53.000,train,train
2026-04-29 12:00:00,2026-04-29 11:50:19.000,2026-04-29 12:11:53.000,train,train
2026-04-29 12:03:00,2026-04-29 11:53:19.000,2026-04-29 12:14:53.000,train,train
2026-04-29 12:06:00,2026-04-29 11:56:19.000,2026-04-29 12:17:53.000,train,train
2026-04-29 12:09:00,2026-04-29 11:59:19.000,2026-04-29 12:20:53.000,train,train
2026-04-29 12:12:00,2026-04-29 12:02:19.000,2026-04-29 12:23:53.000,train,train
2026-04-29 12:15:00,2026-04-29 12:05:19.000,2026-04-29 12:26:53.000,train,train
2026-04-29 12:18:00,2026-04-29 12:08:19.000,2026-04-29 12:29:53.000,train,train
2026-04-29 12:21:00,2026-04-29 12:11:19.000,2026-04-29 12:32:53.000,train,train
2026-04-29 12:24:00,2026-04-29 12:14:19.000,2026-04-29 12:35:53.000,train,train
2026-04-29 12:27:00,2026-04-29 12:17:19.000,2026-04-29 12:38:53.000,train,train
2026-04-29 12:30:00,2026-04-29 12:20:19.000,2026-04-29 12:41:53.000,train,train
2026-04-29 12:33:00,2026-04-29 12:23:19.000,2026-04-29 12:44:53.000,validation,train
2026-04-29 12:36:00,2026-04-29 12:26:20.000,2026-04-29 12:47:53.000,train,train
2026-04-29 12:39:00,2026-04-29 12:29:20.000,2026-04-29 12:50:53.000,train,train
2026-04-29 12:42:00,2026-04-29 12:32:20.000,2026-04-29 12:53:53.000,train,train
2026-04-29 12:45:00,2026-04-29 12:35:20.000,2026-04-29 12:56:53.000,train,train
2026-04-29 12:48:00,2026-04-29 12:38:20.000,2026-04-29 12:59:53.000,train,train
2026-04-29 12:51:00,2026-04-29 12:41:20.000,2026-04-29 13:02:53.000,train,train
2026-04-29 12:54:00,2026-04-29 12:44:20.000,2026-04-29 13:05:53.000,train,train
2026-04-29 12:57:00,2026-04-29 12:47:20.000,2026-04-29 13:08:53.000,validation,train
2026-04-29 13:00:00,2026-04-29 12:50:20.000,2026-04-29 13:11:53.000,train,train
2026-04-29 13:03:00,2026-04-29 12:53:20.000,2026-04-29 13:14:53.000,train,train
2026-04-29 13:06:00,2026-04-29 12:56:20.000,2026-04-29 13:17:53.000,validation,train
2026-04-29 13:09:00,2026-04-29 12:59:20.000,2026-04-29 13:20:53.000,train,train
2026-04-29 13:12:00,2026-04-29 13:02:20.000,2026-04-29 13:23:53.000,train,train
2026-04-29 13:15:00,2026-04-29 13:05:20.000,2026-04-29 13:26:53.000,validation,train
2026-04-29 13:18:00,2026-04-29 13:08:20.000,2026-04-29 13:29:53.000,train,train
2026-04-29 13:21:00,2026-04-29 13:11:20.000,2026-04-29 13:32:53.000,train,train
2026-04-29 13:24:00,2026-04-29 13:14:20.000,2026-04-29 13:35:53.000,validation,train
2026-04-29 13:27:00,2026-04-29 13:17:20.000,2026-04-29 13:38:53.000,train,train
2026-04-29 13:30:00,2026-04-29 13:20:20.000,2026-04-29 13:41:53.000,train,train
2026-04-29 13:33:00,2026-04-29 13:23:20.000,2026-04-29 13:44:53.000,train,train
2026-04-29 13:36:00,2026-04-29 13:26:20.000,2026-04-29 13:47:53.000,validation,train
2026-04-29 13:39:00,2026-04-29 13:29:20.000,2026-04-29 13:50:53.000,train,train
2026-04-29 13:42:00,2026-04-29 13:32:21.000,2026-04-29 13:53:53.000,train,train
2026-04-29 13:45:00,2026-04-29 13:35:21.000,2026-04-29 13:56:53.000,train,train
2026-04-29 13:48:00,2026-04-29 13:38:21.000,2026-04-29 13:59:53.000,train,train
2026-04-29 13:51:00,2026-04-29 13:41:21.000,2026-04-29 14:02:53.000,train,train
2026-04-29 13:54:00,2026-04-29 13:44:21.000,2026-04-29 14:05:53.000,train,train
2026-04-29 13:57:00,2026-04-29 13:47:21.000,2026-04-29 14:08:53.000,train,train
2026-04-29 14:00:00,2026-04-29 13:50:21.000,2026-04-29 14:11:53.000,train,train
2026-04-29 14:03:00,2026-04-29 13:53:21.000,2026-04-29 14:14:53.000,train,train
2026-04-29 14:06:00,2026-04-29 13:56:21.000,2026-04-29 14:17:53.000,train,train
2026-04-29 14:09:00,2026-04-29 13:59:21.000,2026-04-29 14:20:53.000,train,train
2026-04-29 14:12:00,2026-04-29 14:02:21.000,2026-04-29 14:23:53.000,train,train
2026-04-29 14:15:00,2026-04-29 14:05:21.000,2026-04-29 14:26:53.000,validation,train
2026-04-29 14:18:00,2026-04-29 14:08:21.000,2026-04-29 14:29:53.000,train,train
2026-04-29 14:21:00,2026-04-29 14:11:21.000,2026-04-29 14:32:53.000,train,train
2026-04-29 14:24:00,2026-04-29 14:14:21.000,2026-04-29 14:35:53.000,train,train
2026-04-29 14:27:00,2026-04-29 14:17:21.000,2026-04-29 14:38:53.000,train,train
2026-04-29 14:30:00,2026-04-29 14:20:21.000,2026-04-29 14:41:53.000,train,train
2026-04-29 14:33:00,2026-04-29 14:23:21.000,2026-04-29 14:44:53.000,train,train
2026-04-29 14:36:00,2026-04-29 14:26:21.000,2026-04-29 14:47:53.000,train,train
2026-04-29 14:39:00,2026-04-29 14:29:21.000,2026-04-29 14:50:53.000,train,train
2026-04-29 14:42:00,2026-04-29 14:32:21.000,2026-04-29 14:53:53.000,validation,train
2026-04-29 14:45:00,2026-04-29 14:35:21.000,2026-04-29 14:56:53.000,validation,train
2026-04-29 14:48:00,2026-04-29 14:38:22.000,2026-04-29 14:59:53.000,validation,train
2026-04-29 14:51:00,2026-04-29 14:41:22.000,2026-04-29 15:02:53.000,train,train
2026-04-29 14:54:00,2026-04-29 14:44:22.000,2026-04-29 15:05:53.000,train,train
2026-04-29 14:57:00,2026-04-29 14:47:22.000,2026-04-29 15:08:53.000,train,train
2026-04-29 15:00:00,2026-04-29 14:50:22.000,2026-04-29 15:11:53.000,validation,train
2026-04-29 15:03:00,2026-04-29 14:53:22.000,2026-04-29 15:14:53.000,train,train
2026-04-29 15:06:00,2026-04-29 14:56:22.000,2026-04-29 15:17:53.000,train,train
2026-04-29 15:09:00,2026-04-29 14:59:22.000,2026-04-29 15:20:53.000,train,train
2026-04-29 15:12:00,2026-04-29 15:02:22.000,2026-04-29 15:23:53.000,train,train
2026-04-29 15:15:00,2026-04-29 15:05:22.000,2026-04-29 15:26:53.000,train,train
2026-04-29 15:18:00,2026-04-29 15:08:22.000,2026-04-29 15:29:53.000,train,train
2026-04-29 15:21:00,2026-04-29 15:11:22.000,2026-04-29 15:32:53.000,validation,train
2026-04-29 15:24:00,2026-04-29 15:14:22.000,2026-04-29 15:35:53.000,train,train
2026-04-29 15:27:00,2026-04-29 15:17:22.000,2026-04-29 15:38:53.000,train,train
2026-04-29 15:30:00,2026-04-29 15:20:22.000,2026-04-29 15:41:53.000,validation,train
2026-04-29 15:33:00,2026-04-29 15:23:22.000,2026-04-29 15:44:53.000,train,train
2026-04-29 15:36:00,2026-04-29 15:26:22.000,2026-04-29 15:47:53.000,train,train
2026-04-29 15:39:00,2026-04-29 15:29:22.000,2026-04-29 15:50:53.000,train,train
2026-04-29 15:42:00,2026-04-29 15:32:22.000,2026-04-29 15:53:53.000,validation,train
2026-04-29 15:45:00,2026-04-29 15:35:22.000,2026-04-29 15:56:53.000,train,train
2026-04-29 15:48:00,2026-04-29 15:38:22.000,2026-04-29 15:59:53.000,train,train
2026-04-29 15:51:00,2026-04-29 15:41:22.000,2026-04-29 16:02:53.000,train,train
2026-04-29 15:54:00,2026-04-29 15:44:22.000,2026-04-29 16:05:53.000,train,train
2026-04-29 15:57:00,2026-04-29 15:47:23.000,2026-04-29 16:08:53.000,validation,train
2026-04-29 16:00:00,2026-04-29 15:50:23.000,2026-04-29 16:11:53.000,validation,train
2026-04-29 16:03:00,2026-04-29 15:53:23.000,2026-04-29 16:14:53.000,validation,train
2026-04-29 16:06:00,2026-04-29 15:56:23.000,2026-04-29 16:17:53.000,train,train
2026-04-29 16:09:00,2026-04-29 15:59:23.000,2026-04-29 16:20:53.000,validation,train
2026-04-29 16:12:00,2026-04-29 16:02:23.000,2026-04-29 16:23:53.000,validation,train
2026-04-29 16:15:00,2026-04-29 16:05:23.000,2026-04-29 16:26:53.000,train,train
2026-04-29 16:18:00,2026-04-29 16:08:23.000,2026-04-29 16:29:53.000,validation,train
2026-04-29 16:21:00,2026-04-29 16:11:23.000,2026-04-29 16:32:53.000,train,train
2026-04-29 16:24:00,2026-04-29 16:14:23.000,2026-04-29 16:35:53.000,train,train
2026-04-29 16:27:00,2026-04-29 16:17:23.000,2026-04-29 16:38:53.000,train,train
2026-04-29 16:30:00,2026-04-29 16:20:23.000,2026-04-29 16:41:53.000,train,train
2026-04-29 16:33:00,2026-04-29 16:23:23.000,2026-04-29 16:44:53.000,train,train
2026-04-29 16:36:00,2026-04-29 16:26:23.000,2026-04-29 16:47:53.000,train,train
2026-04-29 16:39:00,2026-04-29 16:29:23.000,2026-04-29 16:50:53.000,train,train
2026-04-29 16:42:00,2026-04-29 16:32:23.000,2026-04-29 16:53:53.000,train,train
2026-04-29 16:45:00,2026-04-29 16:35:23.000,2026-04-29 16:56:53.000,train,train
2026-04-29 16:48:00,2026-04-29 16:38:23.000,2026-04-29 16:59:53.000,train,train
2026-04-29 16:51:00,2026-04-29 16:41:23.000,2026-04-29 17:02:53.000,train,train
2026-04-29 16:54:00,2026-04-29 16:44:23.000,2026-04-29 17:05:53.000,train,train
2026-04-29 16:57:00,2026-04-29 16:47:23.000,2026-04-29 17:08:53.000,train,train
2026-04-29 17:00:00,2026-04-29 16:50:23.000,2026-04-29 17:11:53.000,train,train
2026-04-29 17:03:00,2026-04-29 16:53:24.000,2026-04-29 17:14:53.000,train,train
2026-04-29 17:06:00,2026-04-29 16:56:24.000,2026-04-29 17:17:53.000,train,train
2026-04-29 17:09:00,2026-04-29 16:59:25.000,2026-04-29 17:20:53.000,train,train
2026-04-29 17:12:00,2026-04-29 17:02:25.000,2026-04-29 17:23:53.000,train,train
2026-04-29 17:15:00,2026-04-29 17:05:25.000,2026-04-29 17:26:53.000,train,train
2026-04-29 17:18:00,2026-04-29 17:08:25.000,2026-04-29 17:29:53.000,train,train
2026-04-29 17:21:00,2026-04-29 17:11:25.000,2026-04-29 17:32:53.000,train,train
2026-04-29 17:24:00,2026-04-29 17:14:25.000,2026-04-29 17:35:53.000,train,train
2026-04-29 17:27:00,2026-04-29 17:17:25.000,2026-04-29 17:38:53.000,train,train
2026-04-29 17:30:00,2026-04-29 17:20:25.000,2026-04-29 17:41:53.000,train,train
2026-04-29 17:33:00,2026-04-29 17:23:25.000,2026-04-29 17:44:53.000,train,train
2026-04-29 17:36:00,2026-04-29 17:26:26.000,2026-04-29 17:47:53.000,train,train
2026-04-29 17:39:00,2026-04-29 17:29:26.000,2026-04-29 17:50:53.000,validation,train
2026-04-29 17:42:00,2026-04-29 17:32:26.000,2026-04-29 17:53:53.000,train,train
2026-04-29 17:45:00,2026-04-29 17:35:26.000,2026-04-29 17:56:53.000,train,train
2026-04-29 17:48:00,2026-04-29 17:38:26.000,2026-04-29 17:59:53.000,train,train
2026-04-29 17:51:00,2026-04-29 17:41:26.000,2026-04-29 18:02:53.000,train,train
2026-04-29 17:54:00,2026-04-29 17:44:26.000,2026-04-29 18:05:53.000,validation,train
2026-04-29 17:57:00,2026-04-29 17:47:26.000,2026-04-29 18:08:53.000,train,train
2026-04-29 18:00:00,2026-04-29 17:50:26.000,2026-04-29 18:11:53.000,train,train
2026-04-29 18:03:00,2026-04-29 17:53:26.000,2026-04-29 18:14:53.000,validation,train
2026-04-29 18:06:00,2026-04-29 17:56:26.000,2026-04-29 18:17:53.000,train,train
2026-04-29 18:09:00,2026-04-29 17:59:26.000,2026-04-29 18:20:53.000,train,train
2026-04-29 18:12:00,2026-04-29 18:02:26.000,2026-04-29 18:23:53.000,train,train
2026-04-29 18:15:00,2026-04-29 18:05:26.000,2026-04-29 18:26:53.000,train,train
2026-04-29 18:18:00,2026-04-29 18:08:26.000,2026-04-29 18:29:53.000,train,train
2026-04-29 18:21:00,2026-04-29 18:11:26.000,2026-04-29 18:32:53.000,train,train
2026-04-29 18:24:00,2026-04-29 18:14:26.000,2026-04-29 18:35:53.000,train,train
2026-04-29 18:27:00,2026-04-29 18:17:26.000,2026-04-29 18:38:53.000,validation,train
2026-04-29 18:30:00,2026-04-29 18:20:26.000,2026-04-29 18:41:53.000,train,train
2026-04-29 18:33:00,2026-04-29 18:23:26.000,2026-04-29 18:44:53.000,validation,train
2026-04-29 18:36:00,2026-04-29 18:26:26.000,2026-04-29 18:47:53.000,train,train
2026-04-29 18:39:00,2026-04-29 18:29:26.000,2026-04-29 18:50:53.000,train,train
2026-04-29 18:42:00,2026-04-29 18:32:26.000,2026-04-29 18:53:53.000,train,train
2026-04-29 18:45:00,2026-04-29 18:35:27.000,2026-04-29 18:56:53.000,train,train
2026-04-29 18:48:00,2026-04-29 18:38:27.000,2026-04-29 18:59:53.000,train,train
2026-04-29 18:51:00,2026-04-29 18:41:27.000,2026-04-29 19:02:53.000,validation,train
2026-04-29 18:54:00,2026-04-29 18:44:27.000,2026-04-29 19:05:53.000,train,train
2026-04-29 18:57:00,2026-04-29 18:47:27.000,2026-04-29 19:08:53.000,train,train
2026-04-29 19:00:00,2026-04-29 18:50:27.000,2026-04-29 19:11:53.000,train,train
2026-04-29 19:03:00,2026-04-29 18:53:27.000,2026-04-29 19:14:53.000,train,train
2026-04-29 19:06:00,2026-04-29 18:56:27.000,2026-04-29 19:17:53.000,train,train
2026-04-29 19:09:00,2026-04-29 18:59:27.000,2026-04-29 19:20:53.000,train,train
2026-04-29 19:12:00,2026-04-29 19:02:27.000,2026-04-29 19:23:53.000,train,train
2026-04-29 19:15:00,2026-04-29 19:05:27.000,2026-04-29 19:26:53.000,train,train
2026-04-29 19:18:00,2026-04-29 19:08:27.000,2026-04-29 19:29:53.000,train,train
2026-04-29 19:21:00,2026-04-29 19:11:27.000,2026-04-29 19:32:53.000,validation,train
2026-04-29 19:24:00,2026-04-29 19:14:27.000,2026-04-29 19:35:53.000,validation,train
2026-04-29 19:27:00,2026-04-29 19:17:27.000,2026-04-29 19:38:53.000,train,train
2026-04-29 19:30:00,2026-04-29 19:20:27.000,2026-04-29 19:41:53.000,train,train
2026-04-29 19:33:00,2026-04-29 19:23:27.000,2026-04-29 19:44:53.000,train,train
2026-04-29 19:36:00,2026-04-29 19:26:27.000,2026-04-29 19:47:53.000,validation,train
2026-04-29 19:39:00,2026-04-29 19:29:27.000,2026-04-29 19:50:53.000,train,train
2026-04-29 19:42:00,2026-04-29 19:32:27.000,2026-04-29 19:53:53.000,train,train
2026-04-29 19:45:00,2026-04-29 19:35:27.000,2026-04-29 19:56:53.000,train,train
2026-04-29 19:48:00,2026-04-29 19:38:27.000,2026-04-29 19:59:53.000,validation,train
2026-04-29 19:51:00,2026-04-29 19:41:28.000,2026-04-29 20:02:53.000,validation,train
2026-04-29 19:54:00,2026-04-29 19:44:28.000,2026-04-29 20:05:53.000,train,train
2026-04-29 19:57:00,2026-04-29 19:47:29.000,2026-04-29 20:08:53.000,train,train
2026-04-29 20:00:00,2026-04-29 19:50:29.000,2026-04-29 20:11:53.000,validation,train
2026-04-29 20:03:00,2026-04-29 19:53:29.000,2026-04-29 20:14:53.000,validation,train
2026-04-29 20:06:00,2026-04-29 19:56:29.000,2026-04-29 20:17:53.000,train,train
2026-04-29 20:09:00,2026-04-29 19:59:29.000,2026-04-29 20:20:53.000,validation,train
2026-04-29 20:12:00,2026-04-29 20:02:29.000,2026-04-29 20:23:53.000,train,train
2026-04-29 20:15:00,2026-04-29 20:05:29.000,2026-04-29 20:26:53.000,train,train
2026-04-29 20:18:00,2026-04-29 20:08:29.000,2026-04-29 20:29:53.000,train,train
2026-04-29 20:21:00,2026-04-29 20:11:29.000,2026-04-29 20:32:53.000,train,train
2026-04-29 20:24:00,2026-04-29 20:14:29.000,2026-04-29 20:35:53.000,train,train
2026-04-29 20:27:00,2026-04-29 20:17:29.000,2026-04-29 20:38:53.000,train,train
2026-04-29 20:30:00,2026-04-29 20:20:29.000,2026-04-29 20:41:53.000,train,train
2026-04-29 20:33:00,2026-04-29 20:23:29.000,2026-04-29 20:44:53.000,train,train
2026-04-29 20:36:00,2026-04-29 20:26:29.000,2026-04-29 20:47:53.000,train,train
2026-04-29 20:39:00,2026-04-29 20:29:29.000,2026-04-29 20:50:53.000,train,train
2026-04-29 20:42:00,2026-04-29 20:32:29.000,2026-04-29 20:53:53.000,train,train
2026-04-29 20:45:00,2026-04-29 20:35:30.000,2026-04-29 20:56:53.000,train,train
2026-04-29 20:48:00,2026-04-29 20:38:30.000,2026-04-29 20:59:53.000,train,train
2026-04-29 20:51:00,2026-04-29 20:41:30.000,2026-04-29 21:02:53.000,train,train
2026-04-29 20:54:00,2026-04-29 20:44:30.000,2026-04-29 21:05:53.000,train,train
2026-04-29 20:57:00,2026-04-29 20:47:30.000,2026-04-29 21:08:53.000,train,train
2026-04-29 21:00:00,2026-04-29 20:50:30.000,2026-04-29 21:11:53.000,train,train
2026-04-29 21:03:00,2026-04-29 20:53:30.000,2026-04-29 21:14:53.000,train,train
2026-04-29 21:06:00,2026-04-29 20:56:30.000,2026-04-29 21:17:53.000,train,train
2026-04-29 21:09:00,2026-04-29 20:59:30.000,2026-04-29 21:20:53.000,train,train
2026-04-29 21:12:00,2026-04-29 21:02:30.000,2026-04-29 21:23:53.000,train,train
2026-04-29 21:15:00,2026-04-29 21:05:30.000,2026-04-29 21:26:53.000,train,train
2026-04-29 21:18:00,2026-04-29 21:08:30.000,2026-04-29 21:29:53.000,train,train
2026-04-29 21:21:00,2026-04-29 21:11:30.000,2026-04-29 21:32:53.000,train,train
2026-04-29 21:24:00,2026-04-29 21:14:30.000,2026-04-29 21:35:53.000,train,train
2026-04-29 21:27:00,2026-04-29 21:17:30.000,2026-04-29 21:38:53.000,validation,train
2026-04-29 21:30:00,2026-04-29 21:20:30.000,2026-04-29 21:41:53.000,train,train
2026-04-29 21:33:00,2026-04-29 21:23:30.000,2026-04-29 21:44:53.000,train,train
2026-04-29 21:36:00,2026-04-29 21:26:30.000,2026-04-29 21:47:53.000,train,train
2026-04-29 21:39:00,2026-04-29 21:29:30.000,2026-04-29 21:50:53.000,train,train
2026-04-29 21:42:00,2026-04-29 21:32:30.000,2026-04-29 21:53:53.000,train,train
2026-04-29 21:45:00,2026-04-29 21:35:30.000,2026-04-29 21:56:53.000,validation,train
2026-04-29 21:48:00,2026-04-29 21:38:30.000,2026-04-29 21:59:53.000,train,train
2026-04-29 21:51:00,2026-04-29 21:41:31.000,2026-04-29 22:02:53.000,train,train
2026-04-29 21:54:00,2026-04-29 21:44:31.000,2026-04-29 22:05:53.000,validation,train
2026-04-29 21:57:00,2026-04-29 21:47:31.000,2026-04-29 22:08:53.000,train,train
2026-04-29 22:00:00,2026-04-29 21:50:31.000,2026-04-29 22:11:53.000,train,train
2026-04-29 22:03:00,2026-04-29 21:53:31.000,2026-04-29 22:14:53.000,train,train
2026-04-29 22:06:00,2026-04-29 21:56:31.000,2026-04-29 22:17:53.000,train,train
2026-04-29 22:09:00,2026-04-29 21:59:31.000,2026-04-29 22:20:53.000,validation,train
2026-04-29 22:12:00,2026-04-29 22:02:31.000,2026-04-29 22:23:53.000,train,train
2026-04-29 22:15:00,2026-04-29 22:05:31.000,2026-04-29 22:26:53.000,train,train
2026-04-29 22:18:00,2026-04-29 22:08:31.000,2026-04-29 22:29:53.000,train,train
2026-04-29 22:21:00,2026-04-29 22:11:31.000,2026-04-29 22:32:53.000,train,train
2026-04-29 22:24:00,2026-04-29 22:14:31.000,2026-04-29 22:35:53.000,train,train
2026-04-29 22:27:00,2026-04-29 22:17:31.000,2026-04-29 22:38:53.000,train,train
2026-04-29 22:30:00,2026-04-29 22:20:31.000,2026-04-29 22:41:53.000,train,train
2026-04-29 22:33:00,2026-04-29 22:23:31.000,2026-04-29 22:44:53.000,train,train
2026-04-29 22:36:00,2026-04-29 22:26:31.000,2026-04-29 22:47:53.000,train,train
2026-04-29 22:39:00,2026-04-29 22:29:31.000,2026-04-29 22:50:53.000,validation,train
2026-04-29 22:42:00,2026-04-29 22:32:31.000,2026-04-29 22:53:53.000,train,train
2026-04-29 22:45:00,2026-04-29 22:35:31.000,2026-04-29 22:56:53.000,train,train
2026-04-29 22:48:00,2026-04-29 22:38:31.000,2026-04-29 22:59:53.000,train,train
2026-04-29 22:51:00,2026-04-29 22:41:31.000,2026-04-29 23:02:53.000,train,train
2026-04-29 22:54:00,2026-04-29 22:44:31.000,2026-04-29 23:05:53.000,validation,train
2026-04-29 22:57:00,2026-04-29 22:47:32.000,2026-04-29 23:08:53.000,train,train
2026-04-29 23:00:00,2026-04-29 22:50:32.000,2026-04-29 23:11:53.000,train,train
2026-04-29 23:03:00,2026-04-29 22:53:32.000,2026-04-29 23:14:53.000,train,train
2026-04-29 23:06:00,2026-04-29 22:56:32.000,2026-04-29 23:17:53.000,train,train
2026-04-29 23:09:00,2026-04-29 22:59:32.000,2026-04-29 23:20:53.000,train,train
2026-04-29 23:12:00,2026-04-29 23:02:32.000,2026-04-29 23:23:53.000,train,train
2026-04-29 23:15:00,2026-04-29 23:05:32.000,2026-04-29 23:26:53.000,train,train
2026-04-29 23:18:00,2026-04-29 23:08:32.000,2026-04-29 23:29:53.000,train,train
2026-04-29 23:21:00,2026-04-29 23:11:32.000,2026-04-29 23:32:53.000,train,train
2026-04-29 23:24:00,2026-04-29 23:14:32.000,2026-04-29 23:35:53.000,validation,train
2026-04-29 23:27:00,2026-04-29 23:17:32.000,2026-04-29 23:38:53.000,validation,train
2026-04-29 23:30:00,2026-04-29 23:20:32.000,2026-04-29 23:41:53.000,train,train
2026-04-29 23:33:00,2026-04-29 23:23:32.000,2026-04-29 23:44:53.000,train,train
2026-04-29 23:36:00,2026-04-29 23:26:32.000,2026-04-29 23:47:53.000,train,train
2026-04-29 23:39:00,2026-04-29 23:29:32.000,2026-04-29 23:50:53.000,train,train
2026-04-29 23:42:00,2026-04-29 23:32:32.000,2026-04-29 23:53:53.000,validation,train
2026-04-29 23:45:00,2026-04-29 23:35:32.000,2026-04-29 23:56:53.000,train,train
2026-04-29 23:48:00,2026-04-29 23:38:32.000,2026-04-29 23:59:53.000,validation,train
2026-04-29 23:51:00,2026-04-29 23:41:32.000,2026-04-30 00:02:53.000,train,train
2026-04-29 23:54:00,2026-04-29 23:44:32.000,2026-04-30 00:05:53.000,train,train
2026-04-29 23:57:00,2026-04-29 23:47:32.000,2026-04-30 00:08:53.000,train,train
2026-04-30 00:00:00,2026-04-29 23:50:32.000,2026-04-30 00:11:53.000,train,train
2026-04-30 00:03:00,2026-04-29 23:53:33.000,2026-04-30 00:14:53.000,train,train
2026-04-30 00:06:00,2026-04-29 23:56:33.000,2026-04-30 00:17:53.000,train,train
2026-04-30 00:09:00,2026-04-29 23:59:33.000,2026-04-30 00:20:53.000,train,train
2026-04-30 00:12:00,2026-04-30 00:02:33.000,2026-04-30 00:23:53.000,train,train
2026-04-30 00:15:00,2026-04-30 00:05:33.000,2026-04-30 00:26:53.000,train,train
2026-04-30 00:18:00,2026-04-30 00:08:33.000,2026-04-30 00:29:53.000,validation,train
2026-04-30 00:21:00,2026-04-30 00:11:33.000,2026-04-30 00:32:53.000,train,train
2026-04-30 00:24:00,2026-04-30 00:14:33.000,2026-04-30 00:35:53.000,validation,train
2026-04-30 00:27:00,2026-04-30 00:17:33.000,2026-04-30 00:38:53.000,validation,train
2026-04-30 00:30:00,2026-04-30 00:20:33.000,2026-04-30 00:41:53.000,train,train
2026-04-30 00:33:00,2026-04-30 00:23:33.000,2026-04-30 00:44:53.000,train,train
2026-04-30 00:36:00,2026-04-30 00:26:33.000,2026-04-30 00:47:53.000,train,train
2026-04-30 00:39:00,2026-04-30 00:29:33.000,2026-04-30 00:50:53.000,train,train
2026-04-30 00:42:00,2026-04-30 00:32:33.000,2026-04-30 00:53:53.000,train,train
2026-04-30 00:45:00,2026-04-30 00:35:33.000,2026-04-30 00:56:53.000,train,train
2026-04-30 00:48:00,2026-04-30 00:38:33.000,2026-04-30 00:59:53.000,train,train
2026-04-30 00:51:00,2026-04-30 00:41:33.000,2026-04-30 01:02:53.000,train,train
2026-04-30 00:54:00,2026-04-30 00:44:33.000,2026-04-30 01:05:53.000,train,train
2026-04-30 00:57:00,2026-04-30 00:47:33.000,2026-04-30 01:08:53.000,validation,train
2026-04-30 01:00:00,2026-04-30 00:50:33.000,2026-04-30 01:11:53.000,validation,train
2026-04-30 01:03:00,2026-04-30 00:53:33.000,2026-04-30 01:14:53.000,validation,train
2026-04-30 01:06:00,2026-04-30 00:56:33.000,2026-04-30 01:17:53.000,validation,train
2026-04-30 01:09:00,2026-04-30 00:59:34.000,2026-04-30 01:20:53.000,validation,train
2026-04-30 01:12:00,2026-04-30 01:02:34.000,2026-04-30 01:23:53.000,train,train
2026-04-30 01:15:00,2026-04-30 01:05:34.000,2026-04-30 01:26:53.000,train,train
2026-04-30 01:18:00,2026-04-30 01:08:34.000,2026-04-30 01:29:53.000,train,train
2026-04-30 01:21:00,2026-04-30 01:11:34.000,2026-04-30 01:32:53.000,validation,train
2026-04-30 01:24:00,2026-04-30 01:14:34.000,2026-04-30 01:35:53.000,train,train
2026-04-30 01:27:00,2026-04-30 01:17:34.000,2026-04-30 01:38:53.000,train,train
2026-04-30 01:30:00,2026-04-30 01:20:34.000,2026-04-30 01:41:53.000,validation,train
2026-04-30 01:33:00,2026-04-30 01:23:34.000,2026-04-30 01:44:53.000,train,train
2026-04-30 01:36:00,2026-04-30 01:26:34.000,2026-04-30 01:47:53.000,train,train
2026-04-30 01:39:00,2026-04-30 01:29:34.000,2026-04-30 01:50:53.000,train,train
2026-04-30 01:42:00,2026-04-30 01:32:34.000,2026-04-30 01:53:53.000,validation,train
2026-04-30 01:45:00,2026-04-30 01:35:34.000,2026-04-30 01:56:53.000,train,train
2026-04-30 01:48:00,2026-04-30 01:38:34.000,2026-04-30 01:59:53.000,train,train
2026-04-30 01:51:00,2026-04-30 01:41:34.000,2026-04-30 02:02:53.000,train,train
2026-04-30 01:54:00,2026-04-30 01:44:34.000,2026-04-30 02:05:53.000,train,train
2026-04-30 01:57:00,2026-04-30 01:47:34.000,2026-04-30 02:08:53.000,train,train
2026-04-30 02:00:00,2026-04-30 01:50:34.000,2026-04-30 02:11:53.000,train,train
2026-04-30 02:03:00,2026-04-30 01:53:34.000,2026-04-30 02:14:53.000,train,train
2026-04-30 02:06:00,2026-04-30 01:56:34.000,2026-04-30 02:17:53.000,train,train
2026-04-30 02:09:00,2026-04-30 01:59:34.000,2026-04-30 02:20:53.000,train,train
2026-04-30 02:12:00,2026-04-30 02:02:34.000,2026-04-30 02:23:53.000,train,train
2026-04-30 02:15:00,2026-04-30 02:05:35.000,2026-04-30 02:26:53.000,train,train
2026-04-30 02:18:00,2026-04-30 02:08:35.000,2026-04-30 02:29:53.000,validation,train
2026-04-30 02:21:00,2026-04-30 02:11:35.000,2026-04-30 02:32:53.000,train,train
2026-04-30 02:24:00,2026-04-30 02:14:35.000,2026-04-30 02:35:53.000,validation,train
2026-04-30 02:27:00,2026-04-30 02:17:35.000,2026-04-30 02:38:53.000,train,train
2026-04-30 02:30:00,2026-04-30 02:20:35.000,2026-04-30 02:41:53.000,train,train
2026-04-30 02:33:00,2026-04-30 02:23:35.000,2026-04-30 02:44:53.000,train,train
2026-04-30 02:36:00,2026-04-30 02:26:35.000,2026-04-30 02:47:53.000,train,train
2026-04-30 02:39:00,2026-04-30 02:29:35.000,2026-04-30 02:50:53.000,train,train
2026-04-30 02:42:00,2026-04-30 02:32:35.000,2026-04-30 02:53:53.000,train,train
2026-04-30 02:45:00,2026-04-30 02:35:35.000,2026-04-30 02:56:53.000,validation,train
2026-04-30 02:48:00,2026-04-30 02:38:35.000,2026-04-30 02:59:53.000,train,train
2026-04-30 02:51:00,2026-04-30 02:41:35.000,2026-04-30 03:02:53.000,train,train
2026-04-30 02:54:00,2026-04-30 02:44:35.000,2026-04-30 03:05:53.000,train,train
2026-04-30 02:57:00,2026-04-30 02:47:35.000,2026-04-30 03:08:53.000,train,train
2026-04-30 03:00:00,2026-04-30 02:50:35.000,2026-04-30 03:11:53.000,train,train
2026-04-30 03:03:00,2026-04-30 02:53:35.000,2026-04-30 03:14:53.000,train,train
2026-04-30 03:06:00,2026-04-30 02:56:35.000,2026-04-30 03:17:53.000,train,train
2026-04-30 03:09:00,2026-04-30 02:59:35.000,2026-04-30 03:20:53.000,train,train
2026-04-30 03:12:00,2026-04-30 03:02:35.000,2026-04-30 03:23:53.000,validation,train
2026-04-30 03:15:00,2026-04-30 03:05:35.000,2026-04-30 03:26:53.000,train,train
2026-04-30 03:18:00,2026-04-30 03:08:35.000,2026-04-30 03:29:53.000,train,train
2026-04-30 03:21:00,2026-04-30 03:11:35.000,2026-04-30 03:32:53.000,train,train
2026-04-30 03:24:00,2026-04-30 03:14:36.000,2026-04-30 03:35:53.000,train,train
2026-04-30 03:27:00,2026-04-30 03:17:36.000,2026-04-30 03:38:53.000,train,train
2026-04-30 03:30:00,2026-04-30 03:20:36.000,2026-04-30 03:41:53.000,train,train
2026-04-30 03:33:00,2026-04-30 03:23:36.000,2026-04-30 03:44:53.000,train,train
2026-04-30 03:36:00,2026-04-30 03:26:36.000,2026-04-30 03:47:53.000,validation,train
2026-04-30 03:39:00,2026-04-30 03:29:36.000,2026-04-30 03:50:53.000,train,train
2026-04-30 03:42:00,2026-04-30 03:32:36.000,2026-04-30 03:53:53.000,validation,train
2026-04-30 03:45:00,2026-04-30 03:35:36.000,2026-04-30 03:56:53.000,train,train
2026-04-30 03:48:00,2026-04-30 03:38:36.000,2026-04-30 03:59:53.000,train,train
2026-04-30 03:51:00,2026-04-30 03:41:36.000,2026-04-30 04:02:53.000,train,train
2026-04-30 03:54:00,2026-04-30 03:44:36.000,2026-04-30 04:05:53.000,train,train
2026-04-30 03:57:00,2026-04-30 03:47:36.000,2026-04-30 04:08:53.000,train,train
2026-04-30 04:00:00,2026-04-30 03:50:36.000,2026-04-30 04:11:53.000,train,train
2026-04-30 04:03:00,2026-04-30 03:53:36.000,2026-04-30 04:14:53.000,train,train
2026-04-30 04:06:00,2026-04-30 03:56:36.000,2026-04-30 04:17:53.000,validation,train
2026-04-30 04:09:00,2026-04-30 03:59:36.000,2026-04-30 04:20:53.000,train,train
2026-04-30 04:12:00,2026-04-30 04:02:36.000,2026-04-30 04:23:53.000,validation,train
2026-04-30 04:15:00,2026-04-30 04:05:36.000,2026-04-30 04:26:53.000,validation,train
2026-04-30 04:18:00,2026-04-30 04:08:36.000,2026-04-30 04:29:53.000,train,train
2026-04-30 04:21:00,2026-04-30 04:11:36.000,2026-04-30 04:32:53.000,train,train
2026-04-30 04:24:00,2026-04-30 04:14:36.000,2026-04-30 04:35:53.000,validation,train
2026-04-30 04:27:00,2026-04-30 04:17:36.000,2026-04-30 04:38:53.000,train,train
2026-04-30 04:30:00,2026-04-30 04:20:37.000,2026-04-30 04:41:53.000,train,train
2026-04-30 04:33:00,2026-04-30 04:23:37.000,2026-04-30 04:44:53.000,train,train
2026-04-30 04:36:00,2026-04-30 04:26:37.000,2026-04-30 04:47:53.000,train,train
2026-04-30 04:39:00,2026-04-30 04:29:37.000,2026-04-30 04:50:53.000,train,train
2026-04-30 04:42:00,2026-04-30 04:32:37.000,2026-04-30 04:53:53.000,validation,train
2026-04-30 04:45:00,2026-04-30 04:35:37.000,2026-04-30 04:56:53.000,train,train
2026-04-30 04:48:00,2026-04-30 04:38:37.000,2026-04-30 04:59:53.000,train,train
2026-04-30 04:51:00,2026-04-30 04:41:37.000,2026-04-30 05:02:53.000,train,train
2026-04-30 04:54:00,2026-04-30 04:44:37.000,2026-04-30 05:05:53.000,train,train
2026-04-30 04:57:00,2026-04-30 04:47:37.000,2026-04-30 05:08:53.000,train,train
2026-04-30 05:00:00,2026-04-30 04:50:37.000,2026-04-30 05:11:53.000,train,train
2026-04-30 05:03:00,2026-04-30 04:53:37.000,2026-04-30 05:14:53.000,train,train
2026-04-30 05:06:00,2026-04-30 04:56:37.000,2026-04-30 05:17:53.000,train,train
2026-04-30 05:09:00,2026-04-30 04:59:37.000,2026-04-30 05:20:53.000,train,train
2026-04-30 05:12:00,2026-04-30 05:02:37.000,2026-04-30 05:23:53.000,train,train
2026-04-30 05:15:00,2026-04-30 05:05:37.000,2026-04-30 05:26:53.000,train,train
2026-04-30 05:18:00,2026-04-30 05:08:37.000,2026-04-30 05:29:53.000,train,train
2026-04-30 05:21:00,2026-04-30 05:11:37.000,2026-04-30 05:32:53.000,validation,train
2026-04-30 05:24:00,2026-04-30 05:14:37.000,2026-04-30 05:35:53.000,train,train
2026-04-30 05:27:00,2026-04-30 05:17:37.000,2026-04-30 05:38:53.000,validation,train
2026-04-30 05:30:00,2026-04-30 05:20:37.000,2026-04-30 05:41:53.000,train,train
2026-04-30 05:33:00,2026-04-30 05:23:37.000,2026-04-30 05:44:53.000,train,train
2026-04-30 05:36:00,2026-04-30 05:26:38.000,2026-04-30 05:47:53.000,train,train
2026-04-30 05:39:00,2026-04-30 05:29:38.000,2026-04-30 05:50:53.000,train,train
2026-04-30 05:42:00,2026-04-30 05:32:38.000,2026-04-30 05:53:53.000,train,train
2026-04-30 05:45:00,2026-04-30 05:35:38.000,2026-04-30 05:56:53.000,validation,train
2026-04-30 05:48:00,2026-04-30 05:38:38.000,2026-04-30 05:59:53.000,train,train
2026-04-30 05:51:00,2026-04-30 05:41:38.000,2026-04-30 06:02:53.000,train,train
2026-04-30 05:54:00,2026-04-30 05:44:38.000,2026-04-30 06:05:53.000,train,train
2026-04-30 05:57:00,2026-04-30 05:47:38.000,2026-04-30 06:08:53.000,train,train
2026-04-30 06:00:00,2026-04-30 05:50:38.000,2026-04-30 06:11:53.000,train,train
2026-04-30 06:03:00,2026-04-30 05:53:38.000,2026-04-30 06:14:53.000,train,train
2026-04-30 06:06:00,2026-04-30 05:56:38.000,2026-04-30 06:17:53.000,train,train
2026-04-30 06:09:00,2026-04-30 05:59:38.000,2026-04-30 06:20:53.000,train,train
2026-04-30 06:12:00,2026-04-30 06:02:38.000,2026-04-30 06:23:53.000,train,train
2026-04-30 06:15:00,2026-04-30 06:05:38.000,2026-04-30 06:26:53.000,validation,train
2026-04-30 06:18:00,2026-04-30 06:08:38.000,2026-04-30 06:29:53.000,train,train
2026-04-30 06:21:00,2026-04-30 06:11:38.000,2026-04-30 06:32:53.000,train,train
2026-04-30 06:24:00,2026-04-30 06:14:38.000,2026-04-30 06:35:53.000,train,train
2026-04-30 06:27:00,2026-04-30 06:17:38.000,2026-04-30 06:38:53.000,train,train
2026-04-30 06:30:00,2026-04-30 06:20:38.000,2026-04-30 06:41:53.000,validation,train
2026-04-30 06:33:00,2026-04-30 06:23:38.000,2026-04-30 06:44:53.000,validation,train
2026-04-30 06:36:00,2026-04-30 06:26:38.000,2026-04-30 06:47:53.000,train,train
2026-04-30 06:39:00,2026-04-30 06:29:38.000,2026-04-30 06:50:53.000,train,train
2026-04-30 06:42:00,2026-04-30 06:32:38.000,2026-04-30 06:53:53.000,train,train
2026-04-30 06:45:00,2026-04-30 06:35:39.000,2026-04-30 06:56:53.000,validation,train
2026-04-30 06:48:00,2026-04-30 06:38:39.000,2026-04-30 06:59:53.000,train,train
2026-04-30 06:51:00,2026-04-30 06:41:39.000,2026-04-30 07:02:53.000,validation,train
2026-04-30 06:54:00,2026-04-30 06:44:39.000,2026-04-30 07:05:53.000,train,train
2026-04-30 06:57:00,2026-04-30 06:47:39.000,2026-04-30 07:08:53.000,validation,train
2026-04-30 07:00:00,2026-04-30 06:50:39.000,2026-04-30 07:11:53.000,train,train
2026-04-30 07:03:00,2026-04-30 06:53:39.000,2026-04-30 07:14:53.000,train,train
2026-04-30 07:06:00,2026-04-30 06:56:39.000,2026-04-30 07:17:53.000,train,train
2026-04-30 07:09:00,2026-04-30 06:59:39.000,2026-04-30 07:20:53.000,validation,train
2026-04-30 07:12:00,2026-04-30 07:02:39.000,2026-04-30 07:23:53.000,train,train
2026-04-30 07:15:00,2026-04-30 07:05:39.000,2026-04-30 07:26:53.000,train,train
2026-04-30 07:18:00,2026-04-30 07:08:39.000,2026-04-30 07:29:53.000,validation,train
2026-04-30 07:21:00,2026-04-30 07:11:39.000,2026-04-30 07:32:53.000,train,train
2026-04-30 07:24:00,2026-04-30 07:14:39.000,2026-04-30 07:35:53.000,validation,train
2026-04-30 07:27:00,2026-04-30 07:17:39.000,2026-04-30 07:38:53.000,train,train
2026-04-30 07:30:00,2026-04-30 07:20:39.000,2026-04-30 07:41:53.000,train,train
2026-04-30 07:33:00,2026-04-30 07:23:39.000,2026-04-30 07:44:53.000,train,train
2026-04-30 07:36:00,2026-04-30 07:26:39.000,2026-04-30 07:47:53.000,train,train
2026-04-30 07:39:00,2026-04-30 07:29:39.000,2026-04-30 07:50:53.000,train,train
2026-04-30 07:42:00,2026-04-30 07:32:39.000,2026-04-30 07:53:53.000,train,train
2026-04-30 07:45:00,2026-04-30 07:35:39.000,2026-04-30 07:56:53.000,train,train
2026-04-30 07:48:00,2026-04-30 07:38:40.000,2026-04-30 07:59:53.000,train,train
2026-04-30 07:51:00,2026-04-30 07:41:40.000,2026-04-30 08:02:53.000,train,train
2026-04-30 07:54:00,2026-04-30 07:44:40.000,2026-04-30 08:05:53.000,train,train
2026-04-30 07:57:00,2026-04-30 07:47:40.000,2026-04-30 08:08:53.000,validation,train
2026-04-30 08:00:00,2026-04-30 07:50:40.000,2026-04-30 08:11:53.000,validation,train
2026-04-30 08:03:00,2026-04-30 07:53:40.000,2026-04-30 08:14:53.000,train,train
2026-04-30 08:06:00,2026-04-30 07:56:40.000,2026-04-30 08:17:53.000,validation,train
2026-04-30 08:09:00,2026-04-30 07:59:40.000,2026-04-30 08:20:53.000,train,train
2026-04-30 08:12:00,2026-04-30 08:02:40.000,2026-04-30 08:23:53.000,train,train
2026-04-30 08:15:00,2026-04-30 08:05:40.000,2026-04-30 08:26:53.000,validation,train
2026-04-30 08:18:00,2026-04-30 08:08:40.000,2026-04-30 08:29:53.000,validation,train
2026-04-30 08:21:00,2026-04-30 08:11:40.000,2026-04-30 08:32:53.000,validation,train
2026-04-30 08:24:00,2026-04-30 08:14:40.000,2026-04-30 08:35:53.000,train,train
2026-04-30 08:27:00,2026-04-30 08:17:40.000,2026-04-30 08:38:53.000,train,train
2026-04-30 08:30:00,2026-04-30 08:20:40.000,2026-04-30 08:41:53.000,train,train
2026-04-30 08:33:00,2026-04-30 08:23:40.000,2026-04-30 08:44:53.000,train,train
2026-04-30 08:36:00,2026-04-30 08:26:40.000,2026-04-30 08:47:53.000,train,train
2026-04-30 08:39:00,2026-04-30 08:29:40.000,2026-04-30 08:50:53.000,train,train
2026-04-30 08:42:00,2026-04-30 08:32:40.000,2026-04-30 08:53:53.000,train,train
2026-04-30 08:45:00,2026-04-30 08:35:40.000,2026-04-30 08:56:53.000,train,train
2026-04-30 08:48:00,2026-04-30 08:38:40.000,2026-04-30 08:59:53.000,train,train
2026-04-30 08:51:00,2026-04-30 08:41:40.000,2026-04-30 09:02:53.000,train,train
2026-04-30 08:54:00,2026-04-30 08:44:40.000,2026-04-30 09:05:53.000,train,train
2026-04-30 08:57:00,2026-04-30 08:47:41.000,2026-04-30 09:08:53.000,validation,train
2026-04-30 09:00:00,2026-04-30 08:50:41.000,2026-04-30 09:11:53.000,train,train
2026-04-30 09:03:00,2026-04-30 08:53:41.000,2026-04-30 09:14:53.000,train,train
2026-04-30 09:06:00,2026-04-30 08:56:41.000,2026-04-30 09:17:53.000,validation,train
2026-04-30 09:09:00,2026-04-30 08:59:41.000,2026-04-30 09:20:53.000,validation,train
2026-04-30 09:12:00,2026-04-30 09:02:41.000,2026-04-30 09:23:53.000,validation,train
2026-04-30 09:15:00,2026-04-30 09:05:41.000,2026-04-30 09:26:53.000,validation,train
2026-04-30 09:18:00,2026-04-30 09:08:41.000,2026-04-30 09:29:53.000,train,train
2026-04-30 09:21:00,2026-04-30 09:11:41.000,2026-04-30 09:32:53.000,train,train
2026-04-30 09:24:00,2026-04-30 09:14:41.000,2026-04-30 09:35:53.000,train,train
2026-04-30 09:27:00,2026-04-30 09:17:41.000,2026-04-30 09:38:53.000,train,train
2026-04-30 09:30:00,2026-04-30 09:20:41.000,2026-04-30 09:41:53.000,train,train
2026-04-30 09:33:00,2026-04-30 09:23:41.000,2026-04-30 09:44:53.000,train,train
2026-04-30 09:36:00,2026-04-30 09:26:41.000,2026-04-30 09:47:53.000,train,train
2026-04-30 09:39:00,2026-04-30 09:29:41.000,2026-04-30 09:50:53.000,train,train
2026-04-30 09:42:00,2026-04-30 09:32:41.000,2026-04-30 09:53:53.000,train,train
2026-04-30 09:45:00,2026-04-30 09:35:41.000,2026-04-30 09:56:53.000,train,train
2026-04-30 09:48:00,2026-04-30 09:38:41.000,2026-04-30 09:59:49.000,validation,train
2026-04-30 09:51:00,2026-04-30 09:41:41.000,2026-04-30 10:02:49.000,train,train
2026-04-30 09:54:00,2026-04-30 09:44:41.000,2026-04-30 10:05:49.000,train,train
2026-04-30 09:57:00,2026-04-30 09:47:41.000,2026-04-30 10:08:49.000,train,train
2026-04-30 10:00:00,2026-04-30 09:50:41.000,2026-04-30 10:11:49.000,validation,train
2026-04-30 10:03:00,2026-04-30 09:53:41.000,2026-04-30 10:14:49.000,validation,train
2026-04-30 10:06:00,2026-04-30 09:56:41.000,2026-04-30 10:17:49.000,train,train
2026-04-30 10:09:00,2026-04-30 09:59:41.000,2026-04-30 10:20:49.000,train,train
2026-04-30 10:12:00,2026-04-30 10:02:41.000,2026-04-30 10:23:49.000,train,train
2026-04-30 10:15:00,2026-04-30 10:05:41.000,2026-04-30 10:26:49.000,train,train
2026-04-30 10:18:00,2026-04-30 10:08:41.000,2026-04-30 10:29:49.000,train,train
2026-04-30 10:21:00,2026-04-30 10:11:41.000,2026-04-30 10:32:49.000,train,train
2026-04-30 10:24:00,2026-04-30 10:14:41.000,2026-04-30 10:35:49.000,train,train
2026-04-30 10:27:00,2026-04-30 10:17:41.000,2026-04-30 10:38:49.000,train,train
2026-04-30 10:30:00,2026-04-30 10:20:41.000,2026-04-30 10:41:49.000,train,train
2026-04-30 10:33:00,2026-04-30 10:23:41.000,2026-04-30 10:44:49.000,validation,train
2026-04-30 10:36:00,2026-04-30 10:26:41.000,2026-04-30 10:47:49.000,train,train
2026-04-30 10:39:00,2026-04-30 10:29:41.000,2026-04-30 10:50:49.000,train,train
2026-04-30 10:42:00,2026-04-30 10:32:41.000,2026-04-30 10:53:49.000,train,train
2026-04-30 10:45:00,2026-04-30 10:35:41.000,2026-04-30 10:56:49.000,train,train
2026-04-30 10:48:00,2026-04-30 10:38:41.000,2026-04-30 10:59:49.000,validation,train
2026-04-30 10:51:00,2026-04-30 10:41:41.000,2026-04-30 11:02:49.000,validation,train
2026-04-30 10:54:00,2026-04-30 10:44:41.000,2026-04-30 11:05:49.000,train,train
2026-04-30 10:57:00,2026-04-30 10:47:41.000,2026-04-30 11:08:49.000,validation,train
2026-04-30 11:00:00,2026-04-30 10:50:41.000,2026-04-30 11:11:49.000,validation,train
2026-04-30 11:03:00,2026-04-30 10:53:41.000,2026-04-30 11:14:49.000,train,train
2026-04-30 11:06:00,2026-04-30 10:56:41.000,2026-04-30 11:17:49.000,train,train
2026-04-30 11:09:00,2026-04-30 10:59:41.000,2026-04-30 11:20:49.000,train,train
2026-04-30 11:12:00,2026-04-30 11:02:41.000,2026-04-30 11:23:49.000,train,train
2026-04-30 11:15:00,2026-04-30 11:05:41.000,2026-04-30 11:26:49.000,validation,train
2026-04-30 11:18:00,2026-04-30 11:08:41.000,2026-04-30 11:29:49.000,train,train
2026-04-30 11:21:00,2026-04-30 11:11:41.000,2026-04-30 11:32:49.000,validation,train
2026-04-30 11:24:00,2026-04-30 11:14:41.000,2026-04-30 11:35:49.000,validation,train
2026-04-30 11:27:00,2026-04-30 11:17:41.000,2026-04-30 11:38:49.000,validation,train
2026-04-30 11:30:00,2026-04-30 11:20:41.000,2026-04-30 11:41:49.000,validation,train
2026-04-30 11:33:00,2026-04-30 11:23:41.000,2026-04-30 11:44:49.000,train,train
2026-04-30 11:36:00,2026-04-30 11:26:41.000,2026-04-30 11:47:49.000,validation,train
2026-04-30 11:39:00,2026-04-30 11:29:41.000,2026-04-30 11:50:49.000,validation,train
2026-04-30 11:42:00,2026-04-30 11:32:41.000,2026-04-30 11:53:49.000,validation,train
2026-04-30 11:45:00,2026-04-30 11:35:41.000,2026-04-30 11:56:49.000,train,train
2026-04-30 11:48:00,2026-04-30 11:38:41.000,2026-04-30 11:59:49.000,validation,train
2026-04-30 11:51:00,2026-04-30 11:41:41.000,2026-04-30 12:02:49.000,train,train
2026-04-30 11:54:00,2026-04-30 11:44:41.000,2026-04-30 12:05:49.000,validation,train
2026-04-30 11:57:00,2026-04-30 11:47:41.000,2026-04-30 12:08:49.000,train,train
2026-04-30 12:00:00,2026-04-30 11:50:41.000,2026-04-30 12:11:49.000,train,train
2026-04-30 12:03:00,2026-04-30 11:53:41.000,2026-04-30 12:14:49.000,train,train
2026-04-30 12:06:00,2026-04-30 11:56:41.000,2026-04-30 12:17:49.000,train,train
2026-04-30 12:09:00,2026-04-30 11:59:41.000,2026-04-30 12:20:49.000,train,train
2026-04-30 12:12:00,2026-04-30 12:02:41.000,2026-04-30 12:23:49.000,train,train
2026-04-30 12:15:00,2026-04-30 12:05:41.000,2026-04-30 12:26:49.000,train,train
2026-04-30 12:18:00,2026-04-30 12:08:41.000,2026-04-30 12:29:49.000,validation,train
2026-04-30 12:21:00,2026-04-30 12:11:41.000,2026-04-30 12:32:49.000,validation,train
2026-04-30 12:24:00,2026-04-30 12:14:41.000,2026-04-30 12:35:49.000,validation,train
2026-04-30 12:27:00,2026-04-30 12:17:41.000,2026-04-30 12:38:49.000,train,train
2026-04-30 12:30:00,2026-04-30 12:20:41.000,2026-04-30 12:41:49.000,train,train
2026-04-30 12:33:00,2026-04-30 12:23:41.000,2026-04-30 12:44:49.000,train,train
2026-04-30 12:36:00,2026-04-30 12:26:41.000,2026-04-30 12:47:49.000,train,train
2026-04-30 12:39:00,2026-04-30 12:29:41.000,2026-04-30 12:50:49.000,train,train
2026-04-30 12:42:00,2026-04-30 12:32:41.000,2026-04-30 12:53:49.000,train,train
2026-04-30 12:45:00,2026-04-30 12:35:41.000,2026-04-30 12:56:49.000,validation,train
2026-04-30 12:48:00,2026-04-30 12:38:41.000,2026-04-30 12:59:49.000,train,train
2026-04-30 12:51:00,2026-04-30 12:41:41.000,2026-04-30 13:02:49.000,train,train
2026-04-30 12:54:00,2026-04-30 12:44:41.000,2026-04-30 13:05:49.000,validation,train
2026-04-30 12:57:00,2026-04-30 12:47:41.000,2026-04-30 13:08:49.000,validation,train
2026-04-30 13:00:00,2026-04-30 12:50:41.000,2026-04-30 13:11:49.000,train,train
2026-04-30 13:03:00,2026-04-30 12:53:41.000,2026-04-30 13:14:49.000,train,train
2026-04-30 13:06:00,2026-04-30 12:56:41.000,2026-04-30 13:17:49.000,train,train
2026-04-30 13:09:00,2026-04-30 12:59:41.000,2026-04-30 13:20:49.000,validation,train
2026-04-30 13:12:00,2026-04-30 13:02:41.000,2026-04-30 13:23:49.000,validation,train
2026-04-30 13:15:00,2026-04-30 13:05:41.000,2026-04-30 13:26:49.000,train,train
2026-04-30 13:18:00,2026-04-30 13:08:41.000,2026-04-30 13:29:49.000,train,train
2026-04-30 13:21:00,2026-04-30 13:11:41.000,2026-04-30 13:32:49.000,train,train
2026-04-30 13:24:00,2026-04-30 13:14:41.000,2026-04-30 13:35:49.000,train,train
2026-04-30 13:27:00,2026-04-30 13:17:41.000,2026-04-30 13:38:49.000,train,train
2026-04-30 13:30:00,2026-04-30 13:20:41.000,2026-04-30 13:41:49.000,train,train
2026-04-30 13:33:00,2026-04-30 13:23:41.000,2026-04-30 13:44:49.000,train,train
2026-04-30 13:36:00,2026-04-30 13:26:41.000,2026-04-30 13:47:49.000,train,train
2026-04-30 13:39:00,2026-04-30 13:29:41.000,2026-04-30 13:50:49.000,train,train
2026-04-30 13:42:00,2026-04-30 13:32:41.000,2026-04-30 13:53:49.000,train,train
2026-04-30 13:45:00,2026-04-30 13:35:41.000,2026-04-30 13:56:49.000,train,train
2026-04-30 13:48:00,2026-04-30 13:38:41.000,2026-04-30 13:59:49.000,validation,train
2026-04-30 13:51:00,2026-04-30 13:41:41.000,2026-04-30 14:02:49.000,train,train
2026-04-30 13:54:00,2026-04-30 13:44:41.000,2026-04-30 14:05:49.000,train,train
2026-04-30 13:57:00,2026-04-30 13:47:41.000,2026-04-30 14:08:49.000,train,train
2026-04-30 14:00:00,2026-04-30 13:50:41.000,2026-04-30 14:11:49.000,train,train
2026-04-30 14:03:00,2026-04-30 13:53:41.000,2026-04-30 14:14:49.000,train,train
2026-04-30 14:06:00,2026-04-30 13:56:41.000,2026-04-30 14:17:49.000,train,train
2026-04-30 14:09:00,2026-04-30 13:59:41.000,2026-04-30 14:20:49.000,validation,train
2026-04-30 14:12:00,2026-04-30 14:02:41.000,2026-04-30 14:23:49.000,validation,train
2026-04-30 14:15:00,2026-04-30 14:05:41.000,2026-04-30 14:26:49.000,train,train
2026-04-30 14:18:00,2026-04-30 14:08:41.000,2026-04-30 14:29:49.000,train,train
2026-04-30 14:21:00,2026-04-30 14:11:41.000,2026-04-30 14:32:49.000,train,train
2026-04-30 14:24:00,2026-04-30 14:14:41.000,2026-04-30 14:35:49.000,train,train
2026-04-30 14:27:00,2026-04-30 14:17:41.000,2026-04-30 14:38:49.000,train,train
2026-04-30 14:30:00,2026-04-30 14:20:41.000,2026-04-30 14:41:49.000,train,train
2026-04-30 14:33:00,2026-04-30 14:23:41.000,2026-04-30 14:44:49.000,train,train
2026-04-30 14:36:00,2026-04-30 14:26:41.000,2026-04-30 14:47:49.000,validation,train
2026-04-30 14:39:00,2026-04-30 14:29:41.000,2026-04-30 14:50:49.000,train,train
2026-04-30 14:42:00,2026-04-30 14:32:41.000,2026-04-30 14:53:49.000,train,train
2026-04-30 14:45:00,2026-04-30 14:35:41.000,2026-04-30 14:56:49.000,train,train
2026-04-30 14:48:00,2026-04-30 14:38:41.000,2026-04-30 14:59:49.000,train,train
2026-04-30 14:51:00,2026-04-30 14:41:41.000,2026-04-30 15:02:49.000,train,train
2026-04-30 14:54:00,2026-04-30 14:44:41.000,2026-04-30 15:05:49.000,validation,train
2026-04-30 14:57:00,2026-04-30 14:47:41.000,2026-04-30 15:08:49.000,train,train
2026-04-30 15:00:00,2026-04-30 14:50:41.000,2026-04-30 15:11:49.000,train,train
2026-04-30 15:03:00,2026-04-30 14:53:41.000,2026-04-30 15:14:49.000,train,train
2026-04-30 15:06:00,2026-04-30 14:56:41.000,2026-04-30 15:17:49.000,train,train
2026-04-30 15:09:00,2026-04-30 14:59:41.000,2026-04-30 15:20:49.000,train,train
2026-04-30 15:12:00,2026-04-30 15:02:41.000,2026-04-30 15:23:49.000,train,train
2026-04-30 15:15:00,2026-04-30 15:05:41.000,2026-04-30 15:26:49.000,validation,train
2026-04-30 15:18:00,2026-04-30 15:08:41.000,2026-04-30 15:29:49.000,validation,train
2026-04-30 15:21:00,2026-04-30 15:11:41.000,2026-04-30 15:32:49.000,train,train
2026-04-30 15:24:00,2026-04-30 15:14:41.000,2026-04-30 15:35:49.000,train,train
2026-04-30 15:27:00,2026-04-30 15:17:41.000,2026-04-30 15:38:49.000,train,train
2026-04-30 15:30:00,2026-04-30 15:20:41.000,2026-04-30 15:41:49.000,train,train
2026-04-30 15:33:00,2026-04-30 15:23:41.000,2026-04-30 15:44:49.000,train,train
2026-04-30 15:36:00,2026-04-30 15:26:41.000,2026-04-30 15:47:49.000,validation,train
2026-04-30 15:39:00,2026-04-30 15:29:41.000,2026-04-30 15:50:49.000,train,train
2026-04-30 15:42:00,2026-04-30 15:32:41.000,2026-04-30 15:53:49.000,train,train
2026-04-30 15:45:00,2026-04-30 15:35:41.000,2026-04-30 15:56:49.000,train,train
2026-04-30 15:48:00,2026-04-30 15:38:41.000,2026-04-30 15:59:49.000,train,train
2026-04-30 15:51:00,2026-04-30 15:41:41.000,2026-04-30 16:02:49.000,train,train
2026-04-30 15:54:00,2026-04-30 15:44:41.000,2026-04-30 16:05:49.000,train,train
2026-04-30 15:57:00,2026-04-30 15:47:41.000,2026-04-30 16:08:49.000,train,train
2026-04-30 16:00:00,2026-04-30 15:50:41.000,2026-04-30 16:11:49.000,validation,train
2026-04-30 16:03:00,2026-04-30 15:53:41.000,2026-04-30 16:14:49.000,train,train
2026-04-30 16:06:00,2026-04-30 15:56:41.000,2026-04-30 16:17:49.000,train,train
2026-04-30 16:09:00,2026-04-30 15:59:41.000,2026-04-30 16:20:49.000,train,train
2026-04-30 16:12:00,2026-04-30 16:02:41.000,2026-04-30 16:23:49.000,train,train
2026-04-30 16:15:00,2026-04-30 16:05:41.000,2026-04-30 16:26:49.000,validation,train
2026-04-30 16:18:00,2026-04-30 16:08:41.000,2026-04-30 16:29:49.000,validation,train
2026-04-30 16:21:00,2026-04-30 16:11:41.000,2026-04-30 16:32:49.000,train,train
2026-04-30 16:24:00,2026-04-30 16:14:41.000,2026-04-30 16:35:49.000,train,train
2026-04-30 16:27:00,2026-04-30 16:17:41.000,2026-04-30 16:38:49.000,train,train
2026-04-30 16:30:00,2026-04-30 16:20:41.000,2026-04-30 16:41:49.000,train,train
2026-04-30 16:33:00,2026-04-30 16:23:41.000,2026-04-30 16:44:49.000,train,train
2026-04-30 16:36:00,2026-04-30 16:26:41.000,2026-04-30 16:47:49.000,train,train
2026-04-30 16:39:00,2026-04-30 16:29:41.000,2026-04-30 16:50:49.000,train,train
2026-04-30 16:42:00,2026-04-30 16:32:41.000,2026-04-30 16:53:49.000,train,train
2026-04-30 16:45:00,2026-04-30 16:35:41.000,2026-04-30 16:56:49.000,train,train
2026-04-30 16:48:00,2026-04-30 16:38:41.000,2026-04-30 16:59:49.000,train,train
2026-04-30 16:51:00,2026-04-30 16:41:41.000,2026-04-30 17:02:49.000,train,train
2026-04-30 16:54:00,2026-04-30 16:44:41.000,2026-04-30 17:05:49.000,validation,train
2026-04-30 16:57:00,2026-04-30 16:47:41.000,2026-04-30 17:08:49.000,train,train
2026-04-30 17:00:00,2026-04-30 16:50:41.000,2026-04-30 17:11:49.000,train,train
2026-04-30 17:03:00,2026-04-30 16:53:41.000,2026-04-30 17:14:49.000,validation,train
2026-04-30 17:06:00,2026-04-30 16:56:41.000,2026-04-30 17:17:49.000,train,train
2026-04-30 17:09:00,2026-04-30 16:59:41.000,2026-04-30 17:20:49.000,train,train
2026-04-30 17:12:00,2026-04-30 17:02:41.000,2026-04-30 17:23:49.000,train,train
2026-04-30 17:15:00,2026-04-30 17:05:41.000,2026-04-30 17:26:49.000,train,train
2026-04-30 17:18:00,2026-04-30 17:08:41.000,2026-04-30 17:29:49.000,validation,train
2026-04-30 17:21:00,2026-04-30 17:11:41.000,2026-04-30 17:32:49.000,train,train
2026-04-30 17:24:00,2026-04-30 17:14:41.000,2026-04-30 17:35:49.000,train,train
2026-04-30 17:27:00,2026-04-30 17:17:41.000,2026-04-30 17:38:49.000,train,train
2026-04-30 17:30:00,2026-04-30 17:20:41.000,2026-04-30 17:41:49.000,train,train
2026-04-30 17:33:00,2026-04-30 17:23:41.000,2026-04-30 17:44:49.000,validation,train
2026-04-30 17:36:00,2026-04-30 17:26:41.000,2026-04-30 17:47:49.000,train,train
2026-04-30 17:39:00,2026-04-30 17:29:41.000,2026-04-30 17:50:49.000,validation,train
2026-04-30 17:42:00,2026-04-30 17:32:41.000,2026-04-30 17:53:49.000,train,train
2026-04-30 17:45:00,2026-04-30 17:35:41.000,2026-04-30 17:56:49.000,validation,train
2026-04-30 17:48:00,2026-04-30 17:38:41.000,2026-04-30 17:59:49.000,train,train
2026-04-30 17:51:00,2026-04-30 17:41:41.000,2026-04-30 18:02:49.000,validation,train
2026-04-30 17:54:00,2026-04-30 17:44:41.000,2026-04-30 18:05:49.000,train,train
2026-04-30 17:57:00,2026-04-30 17:47:41.000,2026-04-30 18:08:49.000,train,train
2026-04-30 18:00:00,2026-04-30 17:50:41.000,2026-04-30 18:11:49.000,train,train
2026-04-30 18:03:00,2026-04-30 17:53:41.000,2026-04-30 18:14:49.000,train,train
2026-04-30 18:06:00,2026-04-30 17:56:41.000,2026-04-30 18:17:49.000,train,train
2026-04-30 18:09:00,2026-04-30 17:59:41.000,2026-04-30 18:20:49.000,train,train
2026-04-30 18:12:00,2026-04-30 18:02:41.000,2026-04-30 18:23:49.000,train,train
2026-04-30 18:15:00,2026-04-30 18:05:41.000,2026-04-30 18:26:49.000,train,train
2026-04-30 18:18:00,2026-04-30 18:08:41.000,2026-04-30 18:29:49.000,train,train
2026-04-30 18:21:00,2026-04-30 18:11:41.000,2026-04-30 18:32:49.000,train,train
2026-04-30 18:24:00,2026-04-30 18:14:41.000,2026-04-30 18:35:49.000,train,train
2026-04-30 18:27:00,2026-04-30 18:17:41.000,2026-04-30 18:38:49.000,train,train
2026-04-30 18:30:00,2026-04-30 18:20:41.000,2026-04-30 18:41:49.000,train,train
2026-04-30 18:33:00,2026-04-30 18:23:41.000,2026-04-30 18:44:49.000,train,train
2026-04-30 18:36:00,2026-04-30 18:26:41.000,2026-04-30 18:47:49.000,train,train
2026-04-30 18:39:00,2026-04-30 18:29:41.000,2026-04-30 18:50:50.000,train,train
2026-04-30 18:42:00,2026-04-30 18:32:41.000,2026-04-30 18:53:50.000,validation,train
2026-04-30 18:45:00,2026-04-30 18:35:41.000,2026-04-30 18:56:50.000,train,train
2026-04-30 18:48:00,2026-04-30 18:38:41.000,2026-04-30 18:59:50.000,train,train
2026-04-30 18:51:00,2026-04-30 18:41:41.000,2026-04-30 19:02:50.000,train,train
2026-04-30 18:54:00,2026-04-30 18:44:41.000,2026-04-30 19:05:50.000,train,train
2026-04-30 18:57:00,2026-04-30 18:47:41.000,2026-04-30 19:08:50.000,train,train
2026-04-30 19:00:00,2026-04-30 18:50:41.000,2026-04-30 19:11:50.000,train,train
2026-04-30 19:03:00,2026-04-30 18:53:41.000,2026-04-30 19:14:50.000,train,train
2026-04-30 19:06:00,2026-04-30 18:56:41.000,2026-04-30 19:17:50.000,train,train
2026-04-30 19:09:00,2026-04-30 18:59:41.000,2026-04-30 19:20:50.000,train,train
2026-04-30 19:12:00,2026-04-30 19:02:41.000,2026-04-30 19:23:50.000,train,train
2026-04-30 19:15:00,2026-04-30 19:05:41.000,2026-04-30 19:26:50.000,train,train
2026-04-30 19:18:00,2026-04-30 19:08:41.000,2026-04-30 19:29:50.000,train,train
2026-04-30 19:21:00,2026-04-30 19:11:41.000,2026-04-30 19:32:50.000,train,train
2026-04-30 19:24:00,2026-04-30 19:14:41.000,2026-04-30 19:35:50.000,train,train
2026-04-30 19:27:00,2026-04-30 19:17:41.000,2026-04-30 19:38:50.000,validation,train
2026-04-30 19:30:00,2026-04-30 19:20:41.000,2026-04-30 19:41:50.000,train,train
2026-04-30 19:33:00,2026-04-30 19:23:41.000,2026-04-30 19:44:50.000,train,train
2026-04-30 19:36:00,2026-04-30 19:26:41.000,2026-04-30 19:47:50.000,validation,train
2026-04-30 19:39:00,2026-04-30 19:29:41.000,2026-04-30 19:50:50.000,train,train
2026-04-30 19:42:00,2026-04-30 19:32:41.000,2026-04-30 19:53:50.000,train,train
2026-04-30 19:45:00,2026-04-30 19:35:41.000,2026-04-30 19:56:51.000,train,train
2026-04-30 19:48:00,2026-04-30 19:38:41.000,2026-04-30 19:59:51.000,train,train
2026-04-30 19:51:00,2026-04-30 19:41:41.000,2026-04-30 20:02:51.000,train,train
2026-04-30 19:54:00,2026-04-30 19:44:41.000,2026-04-30 20:05:51.000,train,train
2026-04-30 19:57:00,2026-04-30 19:47:41.000,2026-04-30 20:08:51.000,train,train
2026-04-30 20:00:00,2026-04-30 19:50:41.000,2026-04-30 20:11:51.000,train,train
2026-04-30 20:03:00,2026-04-30 19:53:41.000,2026-04-30 20:14:51.000,train,train
2026-04-30 20:06:00,2026-04-30 19:56:41.000,2026-04-30 20:17:51.000,train,train
2026-04-30 20:09:00,2026-04-30 19:59:41.000,2026-04-30 20:20:51.000,train,train
2026-04-30 20:12:00,2026-04-30 20:02:41.000,2026-04-30 20:23:51.000,train,train
2026-04-30 20:15:00,2026-04-30 20:05:41.000,2026-04-30 20:26:51.000,train,train
2026-04-30 20:18:00,2026-04-30 20:08:41.000,2026-04-30 20:29:51.000,train,train
2026-04-30 20:21:00,2026-04-30 20:11:41.000,2026-04-30 20:32:51.000,train,train
2026-04-30 20:24:00,2026-04-30 20:14:41.000,2026-04-30 20:35:51.000,train,train
2026-04-30 20:27:00,2026-04-30 20:17:41.000,2026-04-30 20:38:51.000,train,train
2026-04-30 20:30:00,2026-04-30 20:20:41.000,2026-04-30 20:41:51.000,train,train
2026-04-30 20:33:00,2026-04-30 20:23:41.000,2026-04-30 20:44:51.000,train,train
2026-04-30 20:36:00,2026-04-30 20:26:41.000,2026-04-30 20:47:51.000,train,train
2026-04-30 20:39:00,2026-04-30 20:29:41.000,2026-04-30 20:50:51.000,train,train
2026-04-30 20:42:00,2026-04-30 20:32:41.000,2026-04-30 20:53:51.000,train,train
2026-04-30 20:45:00,2026-04-30 20:35:41.000,2026-04-30 20:56:51.000,validation,train
2026-04-30 20:48:00,2026-04-30 20:38:41.000,2026-04-30 20:59:51.000,train,train
2026-04-30 20:51:00,2026-04-30 20:41:41.000,2026-04-30 21:02:52.000,train,train
2026-04-30 20:54:00,2026-04-30 20:44:41.000,2026-04-30 21:05:52.000,train,train
2026-04-30 20:57:00,2026-04-30 20:47:41.000,2026-04-30 21:08:52.000,train,train
2026-04-30 21:00:00,2026-04-30 20:50:41.000,2026-04-30 21:11:52.000,train,train
2026-04-30 21:03:00,2026-04-30 20:53:41.000,2026-04-30 21:14:52.000,train,train
2026-04-30 21:06:00,2026-04-30 20:56:41.000,2026-04-30 21:17:52.000,train,train
2026-04-30 21:09:00,2026-04-30 20:59:41.000,2026-04-30 21:20:52.000,train,train
2026-04-30 21:12:00,2026-04-30 21:02:41.000,2026-04-30 21:23:52.000,validation,train
2026-04-30 21:15:00,2026-04-30 21:05:41.000,2026-04-30 21:26:52.000,train,train
2026-04-30 21:18:00,2026-04-30 21:08:41.000,2026-04-30 21:29:52.000,train,train
2026-04-30 21:21:00,2026-04-30 21:11:41.000,2026-04-30 21:32:52.000,validation,train
2026-04-30 21:24:00,2026-04-30 21:14:41.000,2026-04-30 21:35:52.000,validation,train
2026-04-30 21:27:00,2026-04-30 21:17:41.000,2026-04-30 21:38:52.000,train,train
2026-04-30 21:30:00,2026-04-30 21:20:41.000,2026-04-30 21:41:52.000,train,train
2026-04-30 21:33:00,2026-04-30 21:23:41.000,2026-04-30 21:44:52.000,validation,train
2026-04-30 21:36:00,2026-04-30 21:26:41.000,2026-04-30 21:47:52.000,train,train
2026-04-30 21:39:00,2026-04-30 21:29:41.000,2026-04-30 21:50:52.000,train,train
2026-04-30 21:42:00,2026-04-30 21:32:41.000,2026-04-30 21:53:52.000,train,train
2026-04-30 21:45:00,2026-04-30 21:35:41.000,2026-04-30 21:56:52.000,train,train
2026-04-30 21:48:00,2026-04-30 21:38:41.000,2026-04-30 21:59:52.000,train,train
2026-04-30 21:51:00,2026-04-30 21:41:41.000,2026-04-30 22:02:54.000,validation,train
2026-04-30 21:54:00,2026-04-30 21:44:41.000,2026-04-30 22:05:54.000,validation,train
2026-04-30 21:57:00,2026-04-30 21:47:41.000,2026-04-30 22:08:54.000,validation,train
2026-04-30 22:00:00,2026-04-30 21:50:41.000,2026-04-30 22:11:54.000,train,train
2026-04-30 22:03:00,2026-04-30 21:53:41.000,2026-04-30 22:14:54.000,train,train
2026-04-30 22:06:00,2026-04-30 21:56:41.000,2026-04-30 22:17:54.000,train,train
2026-04-30 22:09:00,2026-04-30 21:59:41.000,2026-04-30 22:20:54.000,train,train
2026-04-30 22:12:00,2026-04-30 22:02:42.000,2026-04-30 22:23:54.000,train,train
2026-04-30 22:15:00,2026-04-30 22:05:42.000,2026-04-30 22:26:54.000,train,train
2026-04-30 22:18:00,2026-04-30 22:08:42.000,2026-04-30 22:29:54.000,train,train
2026-04-30 22:21:00,2026-04-30 22:11:42.000,2026-04-30 22:32:54.000,train,train
2026-04-30 22:24:00,2026-04-30 22:14:42.000,2026-04-30 22:35:54.000,train,train
2026-04-30 22:27:00,2026-04-30 22:17:42.000,2026-04-30 22:38:54.000,train,train
2026-04-30 22:30:00,2026-04-30 22:20:42.000,2026-04-30 22:41:54.000,train,train
2026-04-30 22:33:00,2026-04-30 22:23:42.000,2026-04-30 22:44:54.000,train,train
2026-04-30 22:36:00,2026-04-30 22:26:42.000,2026-04-30 22:47:54.000,train,train
2026-04-30 22:39:00,2026-04-30 22:29:42.000,2026-04-30 22:50:54.000,train,train
2026-04-30 22:42:00,2026-04-30 22:32:42.000,2026-04-30 22:53:54.000,train,train
2026-04-30 22:45:00,2026-04-30 22:35:42.000,2026-04-30 22:56:54.000,train,train
2026-04-30 22:48:00,2026-04-30 22:38:42.000,2026-04-30 22:59:54.000,train,train
2026-04-30 22:51:00,2026-04-30 22:41:42.000,2026-04-30 23:02:55.000,train,train
2026-04-30 22:54:00,2026-04-30 22:44:42.000,2026-04-30 23:05:55.000,train,train
2026-04-30 22:57:00,2026-04-30 22:47:42.000,2026-04-30 23:08:55.000,train,train
2026-04-30 23:00:00,2026-04-30 22:50:42.000,2026-04-30 23:11:55.000,train,train
2026-04-30 23:03:00,2026-04-30 22:53:42.000,2026-04-30 23:14:55.000,train,train
2026-04-30 23:06:00,2026-04-30 22:56:42.000,2026-04-30 23:17:55.000,train,train
2026-04-30 23:09:00,2026-04-30 22:59:42.000,2026-04-30 23:20:55.000,train,train
2026-04-30 23:12:00,2026-04-30 23:02:42.000,2026-04-30 23:23:55.000,train,train
2026-04-30 23:15:00,2026-04-30 23:05:42.000,2026-04-30 23:26:55.000,train,train
2026-04-30 23:18:00,2026-04-30 23:08:42.000,2026-04-30 23:29:55.000,train,train
2026-04-30 23:21:00,2026-04-30 23:11:42.000,2026-04-30 23:32:55.000,train,train
2026-04-30 23:24:00,2026-04-30 23:14:42.000,2026-04-30 23:35:55.000,validation,train
2026-04-30 23:27:00,2026-04-30 23:17:42.000,2026-04-30 23:38:55.000,train,train
2026-04-30 23:30:00,2026-04-30 23:20:42.000,2026-04-30 23:41:55.000,train,train
2026-04-30 23:33:00,2026-04-30 23:23:42.000,2026-04-30 23:44:55.000,validation,train
2026-04-30 23:36:00,2026-04-30 23:26:42.000,2026-04-30 23:47:55.000,validation,train
2026-04-30 23:39:00,2026-04-30 23:29:42.000,2026-04-30 23:50:55.000,train,train
2026-04-30 23:42:00,2026-04-30 23:32:42.000,2026-04-30 23:53:55.000,train,train
2026-04-30 23:45:00,2026-04-30 23:35:42.000,2026-04-30 23:56:55.000,validation,train
2026-04-30 23:48:00,2026-04-30 23:38:42.000,2026-04-30 23:59:55.000,train,train
2026-04-30 23:51:00,2026-04-30 23:41:42.000,2026-05-01 00:02:55.000,train,train
2026-04-30 23:54:00,2026-04-30 23:44:42.000,2026-05-01 00:05:55.000,train,train
2026-04-30 23:57:00,2026-04-30 23:47:42.000,2026-05-01 00:08:56.000,train,train
2026-05-01 00:00:00,2026-04-30 23:50:42.000,2026-05-01 00:11:56.000,train,train
2026-05-01 00:03:00,2026-04-30 23:53:42.000,2026-05-01 00:14:56.000,train,train
2026-05-01 00:06:00,2026-04-30 23:56:42.000,2026-05-01 00:17:56.000,train,train
2026-05-01 00:09:00,2026-04-30 23:59:42.000,2026-05-01 00:20:56.000,validation,train
2026-05-01 00:12:00,2026-05-01 00:02:42.000,2026-05-01 00:23:56.000,train,train
2026-05-01 00:15:00,2026-05-01 00:05:42.000,2026-05-01 00:26:56.000,train,train
2026-05-01 00:18:00,2026-05-01 00:08:42.000,2026-05-01 00:29:56.000,train,train
2026-05-01 00:21:00,2026-05-01 00:11:42.000,2026-05-01 00:32:56.000,train,train
2026-05-01 00:24:00,2026-05-01 00:14:42.000,2026-05-01 00:35:56.000,train,train
2026-05-01 00:27:00,2026-05-01 00:17:42.000,2026-05-01 00:38:56.000,train,train
2026-05-01 00:30:00,2026-05-01 00:20:42.000,2026-05-01 00:41:56.000,validation,train
2026-05-01 00:33:00,2026-05-01 00:23:42.000,2026-05-01 00:44:56.000,train,train
2026-05-01 00:36:00,2026-05-01 00:26:42.000,2026-05-01 00:47:56.000,train,train
2026-05-01 00:39:00,2026-05-01 00:29:42.000,2026-05-01 00:50:56.000,train,train
2026-05-01 00:42:00,2026-05-01 00:32:42.000,2026-05-01 00:53:56.000,train,train
2026-05-01 00:45:00,2026-05-01 00:35:42.000,2026-05-01 00:56:56.000,validation,train
2026-05-01 00:48:00,2026-05-01 00:38:42.000,2026-05-01 00:59:56.000,train,train
2026-05-01 00:51:00,2026-05-01 00:41:42.000,2026-05-01 01:02:56.000,train,train
2026-05-01 00:54:00,2026-05-01 00:44:42.000,2026-05-01 01:05:56.000,train,train
2026-05-01 00:57:00,2026-05-01 00:47:42.000,2026-05-01 01:08:56.000,train,train
2026-05-01 01:00:00,2026-05-01 00:50:42.000,2026-05-01 01:11:56.000,train,train
2026-05-01 01:03:00,2026-05-01 00:53:42.000,2026-05-01 01:14:57.000,validation,train
2026-05-01 01:06:00,2026-05-01 00:56:42.000,2026-05-01 01:17:57.000,train,train
2026-05-01 01:09:00,2026-05-01 00:59:42.000,2026-05-01 01:20:57.000,validation,train
2026-05-01 01:12:00,2026-05-01 01:02:42.000,2026-05-01 01:23:57.000,train,train
2026-05-01 01:15:00,2026-05-01 01:05:42.000,2026-05-01 01:26:57.000,train,train
2026-05-01 01:18:00,2026-05-01 01:08:42.000,2026-05-01 01:29:57.000,train,train
2026-05-01 01:21:00,2026-05-01 01:11:42.000,2026-05-01 01:32:57.000,train,train
2026-05-01 01:24:00,2026-05-01 01:14:42.000,2026-05-01 01:35:57.000,validation,train
2026-05-01 01:27:00,2026-05-01 01:17:42.000,2026-05-01 01:38:57.000,train,train
2026-05-01 01:30:00,2026-05-01 01:20:42.000,2026-05-01 01:41:57.000,train,train
2026-05-01 01:33:00,2026-05-01 01:23:42.000,2026-05-01 01:44:57.000,train,train
2026-05-01 01:36:00,2026-05-01 01:26:42.000,2026-05-01 01:47:57.000,validation,train
2026-05-01 01:39:00,2026-05-01 01:29:42.000,2026-05-01 01:50:57.000,train,train
2026-05-01 01:42:00,2026-05-01 01:32:42.000,2026-05-01 01:53:57.000,train,train
2026-05-01 01:45:00,2026-05-01 01:35:42.000,2026-05-01 01:56:57.000,train,train
2026-05-01 01:48:00,2026-05-01 01:38:42.000,2026-05-01 01:59:57.000,train,train
2026-05-01 01:51:00,2026-05-01 01:41:42.000,2026-05-01 02:02:57.000,validation,train
2026-05-01 01:54:00,2026-05-01 01:44:42.000,2026-05-01 02:05:57.000,train,train
2026-05-01 01:57:00,2026-05-01 01:47:42.000,2026-05-01 02:08:57.000,train,train
2026-05-01 02:00:00,2026-05-01 01:50:42.000,2026-05-01 02:11:57.000,train,train
2026-05-01 02:03:00,2026-05-01 01:53:42.000,2026-05-01 02:14:57.000,train,train
2026-05-01 02:06:00,2026-05-01 01:56:42.000,2026-05-01 02:17:57.000,train,train
2026-05-01 02:09:00,2026-05-01 01:59:42.000,2026-05-01 02:20:58.000,validation,train
2026-05-01 02:12:00,2026-05-01 02:02:42.000,2026-05-01 02:23:58.000,train,train
2026-05-01 02:15:00,2026-05-01 02:05:42.000,2026-05-01 02:26:58.000,train,train
2026-05-01 02:18:00,2026-05-01 02:08:42.000,2026-05-01 02:29:58.000,train,train
2026-05-01 02:21:00,2026-05-01 02:11:42.000,2026-05-01 02:32:58.000,train,train
2026-05-01 02:24:00,2026-05-01 02:14:42.000,2026-05-01 02:35:58.000,validation,train
2026-05-01 02:27:00,2026-05-01 02:17:42.000,2026-05-01 02:38:58.000,train,train
2026-05-01 02:30:00,2026-05-01 02:20:42.000,2026-05-01 02:41:58.000,validation,train
2026-05-01 02:33:00,2026-05-01 02:23:42.000,2026-05-01 02:44:58.000,validation,train
2026-05-01 02:36:00,2026-05-01 02:26:42.000,2026-05-01 02:47:58.000,train,train
2026-05-01 02:39:00,2026-05-01 02:29:42.000,2026-05-01 02:50:58.000,train,train
2026-05-01 02:42:00,2026-05-01 02:32:42.000,2026-05-01 02:53:58.000,validation,train
2026-05-01 02:45:00,2026-05-01 02:35:42.000,2026-05-01 02:56:58.000,train,train
2026-05-01 02:48:00,2026-05-01 02:38:42.000,2026-05-01 02:59:58.000,train,train
2026-05-01 02:51:00,2026-05-01 02:41:42.000,2026-05-01 03:02:58.000,train,train
2026-05-01 02:54:00,2026-05-01 02:44:42.000,2026-05-01 03:05:58.000,train,train
2026-05-01 02:57:00,2026-05-01 02:47:42.000,2026-05-01 03:08:58.000,validation,train
2026-05-01 03:00:00,2026-05-01 02:50:42.000,2026-05-01 03:11:58.000,train,train
2026-05-01 03:03:00,2026-05-01 02:53:42.000,2026-05-01 03:14:58.000,train,train
2026-05-01 03:06:00,2026-05-01 02:56:42.000,2026-05-01 03:17:58.000,train,train
2026-05-01 03:09:00,2026-05-01 02:59:42.000,2026-05-01 03:20:58.000,train,train
2026-05-01 03:12:00,2026-05-01 03:02:42.000,2026-05-01 03:23:58.000,train,train
2026-05-01 03:15:00,2026-05-01 03:05:42.000,2026-05-01 03:26:59.000,train,train
2026-05-01 03:18:00,2026-05-01 03:08:42.000,2026-05-01 03:29:59.000,train,train
2026-05-01 03:21:00,2026-05-01 03:11:42.000,2026-05-01 03:32:59.000,validation,train
2026-05-01 03:24:00,2026-05-01 03:14:42.000,2026-05-01 03:35:59.000,train,train
2026-05-01 03:27:00,2026-05-01 03:17:42.000,2026-05-01 03:38:59.000,train,train
2026-05-01 03:30:00,2026-05-01 03:20:42.000,2026-05-01 03:41:59.000,train,train
2026-05-01 03:33:00,2026-05-01 03:23:42.000,2026-05-01 03:44:59.000,validation,train
2026-05-01 03:36:00,2026-05-01 03:26:42.000,2026-05-01 03:47:59.000,train,train
2026-05-01 03:39:00,2026-05-01 03:29:42.000,2026-05-01 03:50:59.000,train,train
2026-05-01 03:42:00,2026-05-01 03:32:42.000,2026-05-01 03:53:59.000,validation,train
2026-05-01 03:45:00,2026-05-01 03:35:42.000,2026-05-01 03:56:59.000,train,train
2026-05-01 03:48:00,2026-05-01 03:38:42.000,2026-05-01 03:59:59.000,train,train
2026-05-01 03:51:00,2026-05-01 03:41:42.000,2026-05-01 04:02:59.000,validation,train
2026-05-01 03:54:00,2026-05-01 03:44:42.000,2026-05-01 04:05:59.000,train,train
2026-05-01 03:57:00,2026-05-01 03:47:42.000,2026-05-01 04:08:59.000,train,train
2026-05-01 04:00:00,2026-05-01 03:50:42.000,2026-05-01 04:11:59.000,train,train
2026-05-01 04:03:00,2026-05-01 03:53:42.000,2026-05-01 04:14:59.000,train,train
2026-05-01 04:06:00,2026-05-01 03:56:42.000,2026-05-01 04:17:59.000,train,train
2026-05-01 04:09:00,2026-05-01 03:59:42.000,2026-05-01 04:20:59.000,train,train
2026-05-01 04:12:00,2026-05-01 04:02:42.000,2026-05-01 04:23:59.000,validation,train
2026-05-01 04:15:00,2026-05-01 04:05:42.000,2026-05-01 04:26:59.000,validation,train
2026-05-01 04:18:00,2026-05-01 04:08:42.000,2026-05-01 04:29:59.000,train,train
2026-05-01 04:21:00,2026-05-01 04:11:42.000,2026-05-01 04:33:00.000,train,train
2026-05-01 04:24:00,2026-05-01 04:14:42.000,2026-05-01 04:36:00.000,train,train
2026-05-01 04:27:00,2026-05-01 04:17:42.000,2026-05-01 04:39:00.000,train,train
2026-05-01 04:30:00,2026-05-01 04:20:42.000,2026-05-01 04:41:50.000,train,train
2026-05-01 04:33:00,2026-05-01 04:22:59.000,2026-05-01 04:44:50.000,train,train
2026-05-01 04:36:00,2026-05-01 04:25:59.000,2026-05-01 04:47:50.000,validation,train
2026-05-01 04:39:00,2026-05-01 04:28:59.000,2026-05-01 04:50:50.000,train,train
2026-05-01 04:42:00,2026-05-01 04:31:59.000,2026-05-01 04:53:50.000,validation,train
2026-05-01 04:45:00,2026-05-01 04:35:00.000,2026-05-01 04:56:50.000,train,train
2026-05-01 04:48:00,2026-05-01 04:38:00.000,2026-05-01 04:59:50.000,train,train
2026-05-01 04:51:00,2026-05-01 04:41:00.000,2026-05-01 05:02:50.000,train,train
2026-05-01 04:54:00,2026-05-01 04:44:00.000,2026-05-01 05:05:50.000,validation,train
2026-05-01 04:57:00,2026-05-01 04:47:00.000,2026-05-01 05:08:50.000,train,train
2026-05-01 05:00:00,2026-05-01 04:50:00.000,2026-05-01 05:11:50.000,train,train
2026-05-01 05:03:00,2026-05-01 04:53:00.000,2026-05-01 05:14:50.000,train,train
2026-05-01 05:06:00,2026-05-01 04:56:00.000,2026-05-01 05:17:50.000,train,train
2026-05-01 05:09:00,2026-05-01 04:59:00.000,2026-05-01 05:20:50.000,validation,train
2026-05-01 05:12:00,2026-05-01 05:02:00.000,2026-05-01 05:23:50.000,train,train
2026-05-01 05:15:00,2026-05-01 05:05:00.000,2026-05-01 05:26:50.000,validation,train
2026-05-01 05:18:00,2026-05-01 05:08:00.000,2026-05-01 05:29:50.000,train,train
2026-05-01 05:21:00,2026-05-01 05:11:00.000,2026-05-01 05:32:50.000,train,train
2026-05-01 05:24:00,2026-05-01 05:14:00.000,2026-05-01 05:35:50.000,train,train
2026-05-01 05:27:00,2026-05-01 05:17:00.000,2026-05-01 05:38:50.000,validation,train
2026-05-01 05:30:00,2026-05-01 05:20:00.000,2026-05-01 05:41:50.000,train,train
2026-05-01 05:33:00,2026-05-01 05:23:00.000,2026-05-01 05:44:50.000,train,train
2026-05-01 05:36:00,2026-05-01 05:26:00.000,2026-05-01 05:47:50.000,train,train
2026-05-01 05:39:00,2026-05-01 05:29:00.000,2026-05-01 05:50:50.000,validation,train
2026-05-01 05:42:00,2026-05-01 05:32:00.000,2026-05-01 05:53:50.000,train,train
2026-05-01 05:45:00,2026-05-01 05:35:00.000,2026-05-01 05:56:50.000,train,train
2026-05-01 05:48:00,2026-05-01 05:38:00.000,2026-05-01 05:59:50.000,train,train
2026-05-01 05:51:00,2026-05-01 05:41:01.000,2026-05-01 06:02:50.000,train,train
2026-05-01 05:54:00,2026-05-01 05:44:01.000,2026-05-01 06:05:50.000,train,train
2026-05-01 05:57:00,2026-05-01 05:47:01.000,2026-05-01 06:08:50.000,validation,train
2026-05-01 06:00:00,2026-05-01 05:50:01.000,2026-05-01 06:11:50.000,validation,train
2026-05-01 06:03:00,2026-05-01 05:53:01.000,2026-05-01 06:14:50.000,train,train
2026-05-01 06:06:00,2026-05-01 05:56:01.000,2026-05-01 06:17:50.000,validation,train
2026-05-01 06:09:00,2026-05-01 05:59:01.000,2026-05-01 06:20:50.000,train,train
2026-05-01 06:12:00,2026-05-01 06:02:01.000,2026-05-01 06:23:50.000,train,train
2026-05-01 06:15:00,2026-05-01 06:05:01.000,2026-05-01 06:26:50.000,train,train
2026-05-01 06:18:00,2026-05-01 06:08:01.000,2026-05-01 06:29:50.000,train,train
2026-05-01 06:21:00,2026-05-01 06:11:01.000,2026-05-01 06:32:50.000,train,train
2026-05-01 06:24:00,2026-05-01 06:14:01.000,2026-05-01 06:35:50.000,train,train
2026-05-01 06:27:00,2026-05-01 06:17:01.000,2026-05-01 06:38:50.000,train,train
2026-05-01 06:30:00,2026-05-01 06:20:01.000,2026-05-01 06:41:50.000,train,train
2026-05-01 06:33:00,2026-05-01 06:23:01.000,2026-05-01 06:44:50.000,train,train
2026-05-01 06:36:00,2026-05-01 06:26:01.000,2026-05-01 06:47:50.000,train,train
2026-05-01 06:39:00,2026-05-01 06:29:01.000,2026-05-01 06:50:50.000,train,train
2026-05-01 06:42:00,2026-05-01 06:32:01.000,2026-05-01 06:53:50.000,train,train
2026-05-01 06:45:00,2026-05-01 06:35:01.000,2026-05-01 06:56:50.000,train,train
2026-05-01 06:48:00,2026-05-01 06:38:01.000,2026-05-01 06:59:50.000,train,train
2026-05-01 06:51:00,2026-05-01 06:41:01.000,2026-05-01 07:02:50.000,train,train
2026-05-01 06:54:00,2026-05-01 06:44:01.000,2026-05-01 07:05:50.000,train,train
2026-05-01 06:57:00,2026-05-01 06:47:02.000,2026-05-01 07:08:50.000,train,train
2026-05-01 07:00:00,2026-05-01 06:50:02.000,2026-05-01 07:11:50.000,validation,train
2026-05-01 07:03:00,2026-05-01 06:53:02.000,2026-05-01 07:14:50.000,train,train
2026-05-01 07:06:00,2026-05-01 06:56:02.000,2026-05-01 07:17:50.000,train,train
2026-05-01 07:09:00,2026-05-01 06:59:02.000,2026-05-01 07:20:50.000,train,train
2026-05-01 07:12:00,2026-05-01 07:02:02.000,2026-05-01 07:23:50.000,train,train
2026-05-01 07:15:00,2026-05-01 07:05:02.000,2026-05-01 07:26:50.000,validation,train
2026-05-01 07:18:00,2026-05-01 07:08:02.000,2026-05-01 07:29:50.000,train,train
2026-05-01 07:21:00,2026-05-01 07:11:02.000,2026-05-01 07:32:50.000,train,train
2026-05-01 07:24:00,2026-05-01 07:14:02.000,2026-05-01 07:35:50.000,train,train
2026-05-01 07:27:00,2026-05-01 07:17:02.000,2026-05-01 07:38:50.000,train,train
2026-05-01 07:30:00,2026-05-01 07:20:02.000,2026-05-01 07:41:50.000,train,train
2026-05-01 07:33:00,2026-05-01 07:23:02.000,2026-05-01 07:44:50.000,train,train
2026-05-01 07:36:00,2026-05-01 07:26:02.000,2026-05-01 07:47:50.000,train,train
2026-05-01 07:39:00,2026-05-01 07:29:02.000,2026-05-01 07:50:50.000,train,train
2026-05-01 07:42:00,2026-05-01 07:32:02.000,2026-05-01 07:53:50.000,train,train
2026-05-01 07:45:00,2026-05-01 07:35:02.000,2026-05-01 07:56:50.000,train,train
2026-05-01 07:48:00,2026-05-01 07:38:02.000,2026-05-01 07:59:50.000,train,train
2026-05-01 07:51:00,2026-05-01 07:41:02.000,2026-05-01 08:02:50.000,train,train
2026-05-01 07:54:00,2026-05-01 07:44:02.000,2026-05-01 08:05:50.000,train,train
2026-05-01 07:57:00,2026-05-01 07:47:02.000,2026-05-01 08:08:50.000,train,train
2026-05-01 08:00:00,2026-05-01 07:50:02.000,2026-05-01 08:11:50.000,validation,train
2026-05-01 08:03:00,2026-05-01 07:53:02.000,2026-05-01 08:14:50.000,validation,train
2026-05-01 08:06:00,2026-05-01 07:56:03.000,2026-05-01 08:17:50.000,train,train
2026-05-01 08:09:00,2026-05-01 07:59:03.000,2026-05-01 08:20:50.000,train,train
2026-05-01 08:12:00,2026-05-01 08:02:03.000,2026-05-01 08:23:50.000,train,train
2026-05-01 08:15:00,2026-05-01 08:05:03.000,2026-05-01 08:26:50.000,train,train
2026-05-01 08:18:00,2026-05-01 08:08:03.000,2026-05-01 08:29:50.000,train,train
2026-05-01 08:21:00,2026-05-01 08:11:03.000,2026-05-01 08:32:50.000,validation,train
2026-05-01 08:24:00,2026-05-01 08:14:03.000,2026-05-01 08:35:50.000,train,train
2026-05-01 08:27:00,2026-05-01 08:17:03.000,2026-05-01 08:38:50.000,train,train
2026-05-01 08:30:00,2026-05-01 08:20:03.000,2026-05-01 08:41:50.000,train,train
2026-05-01 08:33:00,2026-05-01 08:23:03.000,2026-05-01 08:44:50.000,train,train
2026-05-01 08:36:00,2026-05-01 08:26:03.000,2026-05-01 08:47:50.000,train,train
2026-05-01 08:39:00,2026-05-01 08:29:03.000,2026-05-01 08:50:50.000,train,train
2026-05-01 08:42:00,2026-05-01 08:32:03.000,2026-05-01 08:53:50.000,validation,train
2026-05-01 08:45:00,2026-05-01 08:35:03.000,2026-05-01 08:56:50.000,train,train
2026-05-01 08:48:00,2026-05-01 08:38:03.000,2026-05-01 08:59:50.000,train,train
2026-05-01 08:51:00,2026-05-01 08:41:03.000,2026-05-01 09:02:50.000,validation,train
2026-05-01 08:54:00,2026-05-01 08:44:03.000,2026-05-01 09:05:50.000,train,train
2026-05-01 08:57:00,2026-05-01 08:47:03.000,2026-05-01 09:08:50.000,train,train
2026-05-01 09:00:00,2026-05-01 08:50:03.000,2026-05-01 09:11:50.000,train,train
2026-05-01 09:03:00,2026-05-01 08:53:03.000,2026-05-01 09:14:50.000,validation,train
2026-05-01 09:06:00,2026-05-01 08:56:03.000,2026-05-01 09:17:50.000,train,train
2026-05-01 09:09:00,2026-05-01 08:59:03.000,2026-05-01 09:20:50.000,train,train
2026-05-01 09:12:00,2026-05-01 09:02:04.000,2026-05-01 09:23:50.000,train,train
2026-05-01 09:15:00,2026-05-01 09:05:04.000,2026-05-01 09:26:50.000,train,train
2026-05-01 09:18:00,2026-05-01 09:08:04.000,2026-05-01 09:29:50.000,train,train
2026-05-01 09:21:00,2026-05-01 09:11:04.000,2026-05-01 09:32:50.000,train,train
2026-05-01 09:24:00,2026-05-01 09:14:04.000,2026-05-01 09:35:50.000,validation,train
2026-05-01 09:27:00,2026-05-01 09:17:04.000,2026-05-01 09:38:50.000,train,train
2026-05-01 09:30:00,2026-05-01 09:20:04.000,2026-05-01 09:41:50.000,train,train
2026-05-01 09:33:00,2026-05-01 09:23:04.000,2026-05-01 09:44:50.000,train,train
2026-05-01 09:36:00,2026-05-01 09:26:04.000,2026-05-01 09:47:50.000,train,train
2026-05-01 09:39:00,2026-05-01 09:29:04.000,2026-05-01 09:50:50.000,validation,train
2026-05-01 09:42:00,2026-05-01 09:32:04.000,2026-05-01 09:53:50.000,train,train
2026-05-01 09:45:00,2026-05-01 09:35:04.000,2026-05-01 09:56:50.000,train,train
2026-05-01 09:48:00,2026-05-01 09:38:04.000,2026-05-01 09:59:50.000,train,train
2026-05-01 09:51:00,2026-05-01 09:41:04.000,2026-05-01 10:02:50.000,validation,train
2026-05-01 09:54:00,2026-05-01 09:44:04.000,2026-05-01 10:05:50.000,train,train
2026-05-01 09:57:00,2026-05-01 09:47:04.000,2026-05-01 10:08:50.000,train,train
2026-05-01 10:00:00,2026-05-01 09:50:04.000,2026-05-01 10:11:50.000,train,train
2026-05-01 10:03:00,2026-05-01 09:53:04.000,2026-05-01 10:14:50.000,train,train
2026-05-01 10:06:00,2026-05-01 09:56:04.000,2026-05-01 10:17:50.000,train,train
2026-05-01 10:09:00,2026-05-01 09:59:04.000,2026-05-01 10:20:50.000,train,train
2026-05-01 10:12:00,2026-05-01 10:02:04.000,2026-05-01 10:23:50.000,train,train
2026-05-01 10:15:00,2026-05-01 10:05:04.000,2026-05-01 10:26:50.000,train,train
2026-05-01 10:18:00,2026-05-01 10:08:05.000,2026-05-01 10:29:50.000,train,train
2026-05-01 10:21:00,2026-05-01 10:11:05.000,2026-05-01 10:32:50.000,validation,train
2026-05-01 10:24:00,2026-05-01 10:14:05.000,2026-05-01 10:35:50.000,train,train
2026-05-01 10:27:00,2026-05-01 10:17:05.000,2026-05-01 10:38:50.000,validation,train
2026-05-01 10:30:00,2026-05-01 10:20:05.000,2026-05-01 10:41:50.000,train,train
2026-05-01 10:33:00,2026-05-01 10:23:05.000,2026-05-01 10:44:50.000,train,train
2026-05-01 10:36:00,2026-05-01 10:26:05.000,2026-05-01 10:47:50.000,train,train
2026-05-01 10:39:00,2026-05-01 10:29:05.000,2026-05-01 10:50:50.000,train,train
2026-05-01 10:42:00,2026-05-01 10:32:05.000,2026-05-01 10:53:50.000,train,train
2026-05-01 10:45:00,2026-05-01 10:35:05.000,2026-05-01 10:56:50.000,train,train
2026-05-01 10:48:00,2026-05-01 10:38:05.000,2026-05-01 10:59:50.000,train,train
2026-05-01 10:51:00,2026-05-01 10:41:05.000,2026-05-01 11:02:50.000,validation,train
2026-05-01 10:54:00,2026-05-01 10:44:05.000,2026-05-01 11:05:50.000,train,train
2026-05-01 10:57:00,2026-05-01 10:47:05.000,2026-05-01 11:08:50.000,train,train
2026-05-01 11:00:00,2026-05-01 10:50:05.000,2026-05-01 11:11:50.000,train,train
2026-05-01 11:03:00,2026-05-01 10:53:05.000,2026-05-01 11:14:50.000,train,train
2026-05-01 11:06:00,2026-05-01 10:56:05.000,2026-05-01 11:17:50.000,train,train
2026-05-01 11:09:00,2026-05-01 10:59:05.000,2026-05-01 11:20:50.000,train,train
2026-05-01 11:12:00,2026-05-01 11:02:05.000,2026-05-01 11:23:50.000,train,train
2026-05-01 11:15:00,2026-05-01 11:05:05.000,2026-05-01 11:26:50.000,train,train
2026-05-01 11:18:00,2026-05-01 11:08:05.000,2026-05-01 11:29:50.000,train,train
2026-05-01 11:21:00,2026-05-01 11:11:05.000,2026-05-01 11:32:50.000,train,train
2026-05-01 11:24:00,2026-05-01 11:14:06.000,2026-05-01 11:35:50.000,train,train
2026-05-01 11:27:00,2026-05-01 11:17:06.000,2026-05-01 11:38:50.000,validation,train
2026-05-01 11:30:00,2026-05-01 11:20:06.000,2026-05-01 11:41:50.000,train,train
2026-05-01 11:33:00,2026-05-01 11:23:06.000,2026-05-01 11:44:50.000,train,train
2026-05-01 11:36:00,2026-05-01 11:26:06.000,2026-05-01 11:47:50.000,train,train
2026-05-01 11:39:00,2026-05-01 11:29:06.000,2026-05-01 11:50:50.000,train,train
2026-05-01 11:42:00,2026-05-01 11:32:06.000,2026-05-01 11:53:50.000,train,train
2026-05-01 11:45:00,2026-05-01 11:35:06.000,2026-05-01 11:56:50.000,train,train
2026-05-01 11:48:00,2026-05-01 11:38:06.000,2026-05-01 11:59:50.000,train,train
2026-05-01 11:51:00,2026-05-01 11:41:06.000,2026-05-01 12:02:50.000,train,train
2026-05-01 11:54:00,2026-05-01 11:44:06.000,2026-05-01 12:05:50.000,train,train
2026-05-01 11:57:00,2026-05-01 11:47:06.000,2026-05-01 12:08:50.000,train,train
2026-05-01 12:00:00,2026-05-01 11:50:06.000,2026-05-01 12:11:50.000,train,train
2026-05-01 12:03:00,2026-05-01 11:53:06.000,2026-05-01 12:14:50.000,train,train
2026-05-01 12:06:00,2026-05-01 11:56:06.000,2026-05-01 12:17:50.000,train,train
2026-05-01 12:09:00,2026-05-01 11:59:06.000,2026-05-01 12:20:50.000,validation,train
2026-05-01 12:12:00,2026-05-01 12:02:06.000,2026-05-01 12:23:50.000,train,train
2026-05-01 12:15:00,2026-05-01 12:05:06.000,2026-05-01 12:26:50.000,train,train
2026-05-01 12:18:00,2026-05-01 12:08:06.000,2026-05-01 12:29:50.000,train,train
2026-05-01 12:21:00,2026-05-01 12:11:06.000,2026-05-01 12:32:50.000,train,train
2026-05-01 12:24:00,2026-05-01 12:14:06.000,2026-05-01 12:35:50.000,train,train
2026-05-01 12:27:00,2026-05-01 12:17:06.000,2026-05-01 12:38:50.000,train,train
2026-05-01 12:30:00,2026-05-01 12:20:07.000,2026-05-01 12:41:50.000,train,train
2026-05-01 12:33:00,2026-05-01 12:23:07.000,2026-05-01 12:44:50.000,train,train
2026-05-01 12:36:00,2026-05-01 12:26:07.000,2026-05-01 12:47:50.000,train,train
2026-05-01 12:39:00,2026-05-01 12:29:07.000,2026-05-01 12:50:50.000,train,train
2026-05-01 12:42:00,2026-05-01 12:32:07.000,2026-05-01 12:53:50.000,train,train
2026-05-01 12:45:00,2026-05-01 12:35:07.000,2026-05-01 12:56:50.000,train,train
2026-05-01 12:48:00,2026-05-01 12:38:07.000,2026-05-01 12:59:50.000,train,train
2026-05-01 12:51:00,2026-05-01 12:41:07.000,2026-05-01 13:02:50.000,validation,train
2026-05-01 12:54:00,2026-05-01 12:44:07.000,2026-05-01 13:05:50.000,train,train
2026-05-01 12:57:00,2026-05-01 12:47:07.000,2026-05-01 13:08:50.000,train,train
2026-05-01 13:00:00,2026-05-01 12:50:07.000,2026-05-01 13:11:50.000,train,train
2026-05-01 13:03:00,2026-05-01 12:53:07.000,2026-05-01 13:14:50.000,validation,train
2026-05-01 13:06:00,2026-05-01 12:56:07.000,2026-05-01 13:17:50.000,validation,train
2026-05-01 13:09:00,2026-05-01 12:59:07.000,2026-05-01 13:20:50.000,validation,train
2026-05-01 13:12:00,2026-05-01 13:02:07.000,2026-05-01 13:23:50.000,train,train
2026-05-01 13:15:00,2026-05-01 13:05:07.000,2026-05-01 13:26:50.000,validation,train
2026-05-01 13:18:00,2026-05-01 13:08:07.000,2026-05-01 13:29:50.000,validation,train
2026-05-01 13:21:00,2026-05-01 13:11:07.000,2026-05-01 13:32:50.000,train,train
2026-05-01 13:24:00,2026-05-01 13:14:07.000,2026-05-01 13:35:50.000,train,train
2026-05-01 13:27:00,2026-05-01 13:17:07.000,2026-05-01 13:38:50.000,train,train
2026-05-01 13:30:00,2026-05-01 13:20:07.000,2026-05-01 13:41:50.000,validation,train
2026-05-01 13:33:00,2026-05-01 13:23:07.000,2026-05-01 13:44:50.000,train,train
2026-05-01 13:36:00,2026-05-01 13:26:08.000,2026-05-01 13:47:50.000,train,train
2026-05-01 13:39:00,2026-05-01 13:29:08.000,2026-05-01 13:50:50.000,train,train
2026-05-01 13:42:00,2026-05-01 13:32:08.000,2026-05-01 13:53:50.000,train,train
2026-05-01 13:45:00,2026-05-01 13:35:08.000,2026-05-01 13:56:50.000,validation,train
2026-05-01 13:48:00,2026-05-01 13:38:08.000,2026-05-01 13:59:50.000,train,train
2026-05-01 13:51:00,2026-05-01 13:41:08.000,2026-05-01 14:02:50.000,train,train
2026-05-01 13:54:00,2026-05-01 13:44:08.000,2026-05-01 14:05:50.000,validation,train
2026-05-01 13:57:00,2026-05-01 13:47:08.000,2026-05-01 14:08:50.000,train,train
2026-05-01 14:00:00,2026-05-01 13:50:08.000,2026-05-01 14:11:50.000,train,train
2026-05-01 14:03:00,2026-05-01 13:53:08.000,2026-05-01 14:14:50.000,train,train
2026-05-01 14:06:00,2026-05-01 13:56:08.000,2026-05-01 14:17:50.000,train,train
2026-05-01 14:09:00,2026-05-01 13:59:08.000,2026-05-01 14:20:50.000,train,train
2026-05-01 14:12:00,2026-05-01 14:02:08.000,2026-05-01 14:23:50.000,train,train
2026-05-01 14:15:00,2026-05-01 14:05:08.000,2026-05-01 14:26:50.000,validation,train
2026-05-01 14:18:00,2026-05-01 14:08:08.000,2026-05-01 14:29:50.000,train,train
2026-05-01 14:21:00,2026-05-01 14:11:08.000,2026-05-01 14:32:50.000,train,train
2026-05-01 14:24:00,2026-05-01 14:14:08.000,2026-05-01 14:35:50.000,train,train
2026-05-01 14:27:00,2026-05-01 14:17:08.000,2026-05-01 14:38:50.000,train,train
2026-05-01 14:30:00,2026-05-01 14:20:08.000,2026-05-01 14:41:50.000,validation,train
2026-05-01 14:33:00,2026-05-01 14:23:08.000,2026-05-01 14:44:50.000,validation,train
2026-05-01 14:36:00,2026-05-01 14:26:08.000,2026-05-01 14:47:50.000,train,train
2026-05-01 14:39:00,2026-05-01 14:29:08.000,2026-05-01 14:50:50.000,train,train
2026-05-01 14:42:00,2026-05-01 14:32:09.000,2026-05-01 14:53:50.000,train,train
2026-05-01 14:45:00,2026-05-01 14:35:09.000,2026-05-01 14:56:50.000,validation,train
2026-05-01 14:48:00,2026-05-01 14:38:09.000,2026-05-01 14:59:50.000,validation,train
2026-05-01 14:51:00,2026-05-01 14:41:09.000,2026-05-01 15:02:50.000,train,train
2026-05-01 14:54:00,2026-05-01 14:44:09.000,2026-05-01 15:05:50.000,train,train
2026-05-01 14:57:00,2026-05-01 14:47:09.000,2026-05-01 15:08:50.000,validation,train
2026-05-01 15:00:00,2026-05-01 14:50:09.000,2026-05-01 15:11:50.000,train,train
2026-05-01 15:03:00,2026-05-01 14:53:09.000,2026-05-01 15:14:50.000,train,train
2026-05-01 15:06:00,2026-05-01 14:56:09.000,2026-05-01 15:17:50.000,train,train
2026-05-01 15:09:00,2026-05-01 14:59:09.000,2026-05-01 15:20:50.000,train,train
2026-05-01 15:12:00,2026-05-01 15:02:09.000,2026-05-01 15:23:50.000,train,train
2026-05-01 15:15:00,2026-05-01 15:05:09.000,2026-05-01 15:26:50.000,validation,train
2026-05-01 15:18:00,2026-05-01 15:08:09.000,2026-05-01 15:29:50.000,train,train
2026-05-01 15:21:00,2026-05-01 15:11:09.000,2026-05-01 15:32:50.000,train,train
2026-05-01 15:24:00,2026-05-01 15:14:09.000,2026-05-01 15:35:50.000,train,train
2026-05-01 15:27:00,2026-05-01 15:17:09.000,2026-05-01 15:38:50.000,train,train
2026-05-01 15:30:00,2026-05-01 15:20:09.000,2026-05-01 15:41:50.000,train,train
2026-05-01 15:33:00,2026-05-01 15:23:09.000,2026-05-01 15:44:50.000,train,train
2026-05-01 15:36:00,2026-05-01 15:26:09.000,2026-05-01 15:47:50.000,validation,train
2026-05-01 15:39:00,2026-05-01 15:29:09.000,2026-05-01 15:50:50.000,train,train
2026-05-01 15:42:00,2026-05-01 15:32:09.000,2026-05-01 15:53:50.000,train,train
2026-05-01 15:45:00,2026-05-01 15:35:09.000,2026-05-01 15:56:50.000,train,train
2026-05-01 15:48:00,2026-05-01 15:38:09.000,2026-05-01 15:59:50.000,train,train
2026-05-01 15:51:00,2026-05-01 15:41:10.000,2026-05-01 16:02:50.000,train,train
2026-05-01 15:54:00,2026-05-01 15:44:10.000,2026-05-01 16:05:50.000,train,train
2026-05-01 15:57:00,2026-05-01 15:47:10.000,2026-05-01 16:08:50.000,train,train
2026-05-01 16:00:00,2026-05-01 15:50:10.000,2026-05-01 16:11:50.000,train,train
2026-05-01 16:03:00,2026-05-01 15:53:10.000,2026-05-01 16:14:50.000,train,train
2026-05-01 16:06:00,2026-05-01 15:56:10.000,2026-05-01 16:17:50.000,train,train
2026-05-01 16:09:00,2026-05-01 15:59:10.000,2026-05-01 16:20:50.000,validation,train
2026-05-01 16:12:00,2026-05-01 16:02:10.000,2026-05-01 16:23:50.000,train,train
2026-05-01 16:15:00,2026-05-01 16:05:10.000,2026-05-01 16:26:50.000,train,train
2026-05-01 16:18:00,2026-05-01 16:08:10.000,2026-05-01 16:29:50.000,train,train
2026-05-01 16:21:00,2026-05-01 16:11:10.000,2026-05-01 16:32:50.000,train,train
2026-05-01 16:24:00,2026-05-01 16:14:10.000,2026-05-01 16:35:50.000,train,train
2026-05-01 16:27:00,2026-05-01 16:17:10.000,2026-05-01 16:38:50.000,train,train
2026-05-01 16:30:00,2026-05-01 16:20:10.000,2026-05-01 16:41:50.000,validation,train
2026-05-01 16:33:00,2026-05-01 16:23:10.000,2026-05-01 16:44:50.000,train,train
2026-05-01 16:36:00,2026-05-01 16:26:10.000,2026-05-01 16:47:50.000,train,train
2026-05-01 16:39:00,2026-05-01 16:29:10.000,2026-05-01 16:50:50.000,train,train
2026-05-01 16:42:00,2026-05-01 16:32:10.000,2026-05-01 16:53:50.000,train,train
2026-05-01 16:45:00,2026-05-01 16:35:10.000,2026-05-01 16:56:50.000,train,train
2026-05-01 16:48:00,2026-05-01 16:38:10.000,2026-05-01 16:59:50.000,validation,train
2026-05-01 16:51:00,2026-05-01 16:41:10.000,2026-05-01 17:02:50.000,validation,train
2026-05-01 16:54:00,2026-05-01 16:44:10.000,2026-05-01 17:05:50.000,validation,train
2026-05-01 16:57:00,2026-05-01 16:47:11.000,2026-05-01 17:08:50.000,train,train
2026-05-01 17:00:00,2026-05-01 16:50:11.000,2026-05-01 17:11:50.000,train,train
2026-05-01 17:03:00,2026-05-01 16:53:11.000,2026-05-01 17:14:50.000,validation,train
2026-05-01 17:06:00,2026-05-01 16:56:11.000,2026-05-01 17:17:50.000,train,train
2026-05-01 17:09:00,2026-05-01 16:59:11.000,2026-05-01 17:20:50.000,train,train
2026-05-01 17:12:00,2026-05-01 17:02:11.000,2026-05-01 17:23:50.000,validation,train
2026-05-01 17:15:00,2026-05-01 17:05:11.000,2026-05-01 17:26:50.000,train,train
2026-05-01 17:18:00,2026-05-01 17:08:11.000,2026-05-01 17:29:50.000,train,train
2026-05-01 17:21:00,2026-05-01 17:11:11.000,2026-05-01 17:32:50.000,train,train
2026-05-01 17:24:00,2026-05-01 17:14:11.000,2026-05-01 17:35:50.000,train,train
2026-05-01 17:27:00,2026-05-01 17:17:11.000,2026-05-01 17:38:50.000,train,train
2026-05-01 17:30:00,2026-05-01 17:20:11.000,2026-05-01 17:41:50.000,train,train
2026-05-01 17:33:00,2026-05-01 17:23:11.000,2026-05-01 17:44:50.000,train,train
2026-05-01 17:36:00,2026-05-01 17:26:11.000,2026-05-01 17:47:50.000,train,train
2026-05-01 17:39:00,2026-05-01 17:29:11.000,2026-05-01 17:50:50.000,train,train
2026-05-01 17:42:00,2026-05-01 17:32:11.000,2026-05-01 17:53:50.000,validation,train
2026-05-01 17:45:00,2026-05-01 17:35:11.000,2026-05-01 17:56:50.000,train,train
2026-05-01 17:48:00,2026-05-01 17:38:11.000,2026-05-01 17:59:50.000,validation,train
2026-05-01 17:51:00,2026-05-01 17:41:11.000,2026-05-01 18:02:50.000,train,train
2026-05-01 17:54:00,2026-05-01 17:44:11.000,2026-05-01 18:05:50.000,validation,train
2026-05-01 17:57:00,2026-05-01 17:47:11.000,2026-05-01 18:08:50.000,train,train
2026-05-01 18:00:00,2026-05-01 17:50:11.000,2026-05-01 18:11:50.000,train,train
2026-05-01 18:03:00,2026-05-01 17:53:11.000,2026-05-01 18:14:50.000,train,train
2026-05-01 18:06:00,2026-05-01 17:56:12.000,2026-05-01 18:17:50.000,validation,train
2026-05-01 18:09:00,2026-05-01 17:59:12.000,2026-05-01 18:20:50.000,train,train
2026-05-01 18:12:00,2026-05-01 18:02:12.000,2026-05-01 18:23:50.000,train,train
2026-05-01 18:15:00,2026-05-01 18:05:12.000,2026-05-01 18:26:50.000,train,train
2026-05-01 18:18:00,2026-05-01 18:08:12.000,2026-05-01 18:29:50.000,validation,train
2026-05-01 18:21:00,2026-05-01 18:11:12.000,2026-05-01 18:32:50.000,train,train
2026-05-01 18:24:00,2026-05-01 18:14:12.000,2026-05-01 18:35:50.000,train,train
2026-05-01 18:27:00,2026-05-01 18:17:12.000,2026-05-01 18:38:50.000,train,train
2026-05-01 18:30:00,2026-05-01 18:20:12.000,2026-05-01 18:41:50.000,train,train
2026-05-01 18:33:00,2026-05-01 18:23:12.000,2026-05-01 18:44:50.000,validation,train
2026-05-01 18:36:00,2026-05-01 18:26:12.000,2026-05-01 18:47:50.000,validation,train
2026-05-01 18:39:00,2026-05-01 18:29:12.000,2026-05-01 18:50:50.000,train,train
2026-05-01 18:42:00,2026-05-01 18:32:12.000,2026-05-01 18:53:50.000,train,train
2026-05-01 18:45:00,2026-05-01 18:35:12.000,2026-05-01 18:56:50.000,train,train
2026-05-01 18:48:00,2026-05-01 18:38:12.000,2026-05-01 18:59:50.000,train,train
2026-05-01 18:51:00,2026-05-01 18:41:12.000,2026-05-01 19:02:50.000,validation,train
2026-05-01 18:54:00,2026-05-01 18:44:12.000,2026-05-01 19:05:50.000,train,train
2026-05-01 18:57:00,2026-05-01 18:47:12.000,2026-05-01 19:08:50.000,train,train
2026-05-01 19:00:00,2026-05-01 18:50:12.000,2026-05-01 19:11:50.000,validation,train
2026-05-01 19:03:00,2026-05-01 18:53:12.000,2026-05-01 19:14:50.000,train,train
2026-05-01 19:06:00,2026-05-01 18:56:12.000,2026-05-01 19:17:50.000,validation,train
2026-05-01 19:09:00,2026-05-01 18:59:12.000,2026-05-01 19:20:50.000,train,train
2026-05-01 19:12:00,2026-05-01 19:02:13.000,2026-05-01 19:23:50.000,train,train
2026-05-01 19:15:00,2026-05-01 19:05:13.000,2026-05-01 19:26:50.000,train,train
2026-05-01 19:18:00,2026-05-01 19:08:13.000,2026-05-01 19:29:50.000,validation,train
2026-05-01 19:21:00,2026-05-01 19:11:13.000,2026-05-01 19:32:50.000,validation,train
2026-05-01 19:24:00,2026-05-01 19:14:13.000,2026-05-01 19:35:50.000,train,train
2026-05-01 19:27:00,2026-05-01 19:17:13.000,2026-05-01 19:38:50.000,train,train
2026-05-01 19:30:00,2026-05-01 19:20:13.000,2026-05-01 19:41:50.000,train,train
2026-05-01 19:33:00,2026-05-01 19:23:13.000,2026-05-01 19:44:50.000,train,train
2026-05-01 19:36:00,2026-05-01 19:26:13.000,2026-05-01 19:47:50.000,train,train
2026-05-01 19:39:00,2026-05-01 19:29:13.000,2026-05-01 19:50:50.000,train,train
2026-05-01 19:42:00,2026-05-01 19:32:13.000,2026-05-01 19:53:50.000,train,train
2026-05-01 19:45:00,2026-05-01 19:35:13.000,2026-05-01 19:56:50.000,train,train
2026-05-01 19:48:00,2026-05-01 19:38:13.000,2026-05-01 19:59:50.000,validation,train
2026-05-01 19:51:00,2026-05-01 19:41:13.000,2026-05-01 20:02:50.000,train,train
2026-05-01 19:54:00,2026-05-01 19:44:13.000,2026-05-01 20:05:50.000,validation,train
2026-05-01 19:57:00,2026-05-01 19:47:13.000,2026-05-01 20:08:50.000,train,train
2026-05-01 20:00:00,2026-05-01 19:50:13.000,2026-05-01 20:11:50.000,train,train
2026-05-01 20:03:00,2026-05-01 19:53:13.000,2026-05-01 20:14:50.000,train,train
2026-05-01 20:06:00,2026-05-01 19:56:13.000,2026-05-01 20:17:50.000,train,train
2026-05-01 20:09:00,2026-05-01 19:59:13.000,2026-05-01 20:20:50.000,train,train
2026-05-01 20:12:00,2026-05-01 20:02:13.000,2026-05-01 20:23:50.000,train,train
2026-05-01 20:15:00,2026-05-01 20:05:13.000,2026-05-01 20:26:50.000,train,train
2026-05-01 20:18:00,2026-05-01 20:08:13.000,2026-05-01 20:29:50.000,train,train
2026-05-01 20:21:00,2026-05-01 20:11:14.000,2026-05-01 20:32:50.000,train,train
2026-05-01 20:24:00,2026-05-01 20:14:14.000,2026-05-01 20:35:50.000,train,train
2026-05-01 20:27:00,2026-05-01 20:17:14.000,2026-05-01 20:38:50.000,train,train
2026-05-01 20:30:00,2026-05-01 20:20:14.000,2026-05-01 20:41:50.000,validation,train
2026-05-01 20:33:00,2026-05-01 20:23:14.000,2026-05-01 20:44:50.000,train,train
2026-05-01 20:36:00,2026-05-01 20:26:14.000,2026-05-01 20:47:50.000,train,train
2026-05-01 20:39:00,2026-05-01 20:29:14.000,2026-05-01 20:50:50.000,train,train
2026-05-01 20:42:00,2026-05-01 20:32:14.000,2026-05-01 20:53:50.000,train,train
2026-05-01 20:45:00,2026-05-01 20:35:14.000,2026-05-01 20:56:50.000,validation,train
2026-05-01 20:48:00,2026-05-01 20:38:14.000,2026-05-01 20:59:50.000,train,train
2026-05-01 20:51:00,2026-05-01 20:41:14.000,2026-05-01 21:02:50.000,train,train
2026-05-01 20:54:00,2026-05-01 20:44:14.000,2026-05-01 21:05:50.000,train,train
2026-05-01 20:57:00,2026-05-01 20:47:14.000,2026-05-01 21:08:50.000,train,train
2026-05-01 21:00:00,2026-05-01 20:50:14.000,2026-05-01 21:11:50.000,train,train
2026-05-01 21:03:00,2026-05-01 20:53:14.000,2026-05-01 21:14:50.000,train,train
2026-05-01 21:06:00,2026-05-01 20:56:14.000,2026-05-01 21:17:50.000,validation,train
2026-05-01 21:09:00,2026-05-01 20:59:14.000,2026-05-01 21:20:50.000,train,train
2026-05-01 21:12:00,2026-05-01 21:02:14.000,2026-05-01 21:23:50.000,train,train
2026-05-01 21:15:00,2026-05-01 21:05:14.000,2026-05-01 21:26:50.000,train,train
2026-05-01 21:18:00,2026-05-01 21:08:14.000,2026-05-01 21:29:50.000,train,train
2026-05-01 21:21:00,2026-05-01 21:11:14.000,2026-05-01 21:32:50.000,train,train
2026-05-01 21:24:00,2026-05-01 21:14:15.000,2026-05-01 21:35:50.000,train,train
2026-05-01 21:27:00,2026-05-01 21:17:15.000,2026-05-01 21:38:50.000,validation,train
2026-05-01 21:30:00,2026-05-01 21:20:15.000,2026-05-01 21:41:50.000,train,train
2026-05-01 21:33:00,2026-05-01 21:23:15.000,2026-05-01 21:44:50.000,train,train
2026-05-01 21:36:00,2026-05-01 21:26:15.000,2026-05-01 21:47:50.000,train,train
2026-05-01 21:39:00,2026-05-01 21:29:15.000,2026-05-01 21:50:50.000,train,train
2026-05-01 21:42:00,2026-05-01 21:32:15.000,2026-05-01 21:53:50.000,train,train
2026-05-01 21:45:00,2026-05-01 21:35:15.000,2026-05-01 21:56:50.000,validation,train
2026-05-01 21:48:00,2026-05-01 21:38:15.000,2026-05-01 21:59:50.000,train,train
2026-05-01 21:51:00,2026-05-01 21:41:15.000,2026-05-01 22:02:50.000,train,train
2026-05-01 21:54:00,2026-05-01 21:44:15.000,2026-05-01 22:05:50.000,validation,train
2026-05-01 21:57:00,2026-05-01 21:47:15.000,2026-05-01 22:08:50.000,validation,train
2026-05-01 22:00:00,2026-05-01 21:50:15.000,2026-05-01 22:11:50.000,train,train
2026-05-01 22:03:00,2026-05-01 21:53:15.000,2026-05-01 22:14:50.000,train,train
2026-05-01 22:06:00,2026-05-01 21:56:15.000,2026-05-01 22:17:50.000,train,train
2026-05-01 22:09:00,2026-05-01 21:59:15.000,2026-05-01 22:20:50.000,train,train
2026-05-01 22:12:00,2026-05-01 22:02:15.000,2026-05-01 22:23:50.000,train,train
2026-05-01 22:15:00,2026-05-01 22:05:15.000,2026-05-01 22:26:50.000,train,train
2026-05-01 22:18:00,2026-05-01 22:08:15.000,2026-05-01 22:29:50.000,train,train
2026-05-01 22:21:00,2026-05-01 22:11:15.000,2026-05-01 22:32:50.000,train,train
2026-05-01 22:24:00,2026-05-01 22:14:15.000,2026-05-01 22:35:50.000,train,train
2026-05-01 22:27:00,2026-05-01 22:17:15.000,2026-05-01 22:38:50.000,validation,train
2026-05-01 22:30:00,2026-05-01 22:20:15.000,2026-05-01 22:41:50.000,train,train
2026-05-01 22:33:00,2026-05-01 22:23:16.000,2026-05-01 22:44:50.000,train,train
2026-05-01 22:36:00,2026-05-01 22:26:16.000,2026-05-01 22:47:50.000,train,train
2026-05-01 22:39:00,2026-05-01 22:29:16.000,2026-05-01 22:50:50.000,train,train
2026-05-01 22:42:00,2026-05-01 22:32:16.000,2026-05-01 22:53:50.000,train,train
2026-05-01 22:45:00,2026-05-01 22:35:16.000,2026-05-01 22:56:50.000,train,train
2026-05-01 22:48:00,2026-05-01 22:38:16.000,2026-05-01 22:59:50.000,train,train
2026-05-01 22:51:00,2026-05-01 22:41:16.000,2026-05-01 23:02:50.000,train,train
2026-05-01 22:54:00,2026-05-01 22:44:16.000,2026-05-01 23:05:50.000,validation,train
2026-05-01 22:57:00,2026-05-01 22:47:16.000,2026-05-01 23:08:50.000,train,train
2026-05-01 23:00:00,2026-05-01 22:50:16.000,2026-05-01 23:11:50.000,train,train
2026-05-01 23:03:00,2026-05-01 22:53:16.000,2026-05-01 23:14:50.000,train,train
2026-05-01 23:06:00,2026-05-01 22:56:16.000,2026-05-01 23:17:50.000,train,train
2026-05-01 23:09:00,2026-05-01 22:59:16.000,2026-05-01 23:20:50.000,train,train
2026-05-01 23:12:00,2026-05-01 23:02:16.000,2026-05-01 23:23:50.000,validation,train
2026-05-01 23:15:00,2026-05-01 23:05:16.000,2026-05-01 23:26:50.000,train,train
2026-05-01 23:18:00,2026-05-01 23:08:16.000,2026-05-01 23:29:50.000,train,train
2026-05-01 23:21:00,2026-05-01 23:11:16.000,2026-05-01 23:32:50.000,train,train
2026-05-01 23:24:00,2026-05-01 23:14:16.000,2026-05-01 23:35:50.000,validation,train
2026-05-01 23:27:00,2026-05-01 23:17:16.000,2026-05-01 23:38:50.000,train,train
2026-05-01 23:30:00,2026-05-01 23:20:16.000,2026-05-01 23:41:50.000,train,train
2026-05-01 23:33:00,2026-05-01 23:23:16.000,2026-05-01 23:44:50.000,train,train
2026-05-01 23:36:00,2026-05-01 23:26:16.000,2026-05-01 23:47:50.000,train,train
2026-05-01 23:39:00,2026-05-01 23:29:17.000,2026-05-01 23:50:50.000,train,train
2026-05-01 23:42:00,2026-05-01 23:32:17.000,2026-05-01 23:53:50.000,train,train
2026-05-01 23:45:00,2026-05-01 23:35:17.000,2026-05-01 23:56:50.000,train,train
2026-05-01 23:48:00,2026-05-01 23:38:17.000,2026-05-01 23:59:50.000,train,train
2026-05-01 23:51:00,2026-05-01 23:41:17.000,2026-05-02 00:02:50.000,train,train
2026-05-01 23:54:00,2026-05-01 23:44:17.000,2026-05-02 00:05:50.000,train,train
2026-05-01 23:57:00,2026-05-01 23:47:17.000,2026-05-02 00:08:50.000,validation,train
2026-05-02 00:00:00,2026-05-01 23:50:17.000,2026-05-02 00:11:50.000,validation,train
2026-05-02 00:03:00,2026-05-01 23:53:17.000,2026-05-02 00:14:50.000,train,train
2026-05-02 00:06:00,2026-05-01 23:56:17.000,2026-05-02 00:17:50.000,train,train
2026-05-02 00:09:00,2026-05-01 23:59:17.000,2026-05-02 00:20:50.000,train,train
2026-05-02 00:12:00,2026-05-02 00:02:17.000,2026-05-02 00:23:50.000,validation,train
2026-05-02 00:15:00,2026-05-02 00:05:17.000,2026-05-02 00:26:50.000,train,train
2026-05-02 00:18:00,2026-05-02 00:08:17.000,2026-05-02 00:29:50.000,train,train
2026-05-02 00:21:00,2026-05-02 00:11:17.000,2026-05-02 00:32:50.000,train,train
2026-05-02 00:24:00,2026-05-02 00:14:17.000,2026-05-02 00:35:50.000,train,train
2026-05-02 00:27:00,2026-05-02 00:17:17.000,2026-05-02 00:38:50.000,train,train
2026-05-02 00:30:00,2026-05-02 00:20:17.000,2026-05-02 00:41:50.000,train,train
2026-05-02 00:33:00,2026-05-02 00:23:17.000,2026-05-02 00:44:50.000,train,train
2026-05-02 00:36:00,2026-05-02 00:26:17.000,2026-05-02 00:47:50.000,train,train
2026-05-02 00:39:00,2026-05-02 00:29:17.000,2026-05-02 00:50:50.000,train,train
2026-05-02 00:42:00,2026-05-02 00:32:17.000,2026-05-02 00:53:50.000,train,train
2026-05-02 00:45:00,2026-05-02 00:35:18.000,2026-05-02 00:56:50.000,train,train
2026-05-02 00:48:00,2026-05-02 00:38:18.000,2026-05-02 00:59:50.000,train,train
2026-05-02 00:51:00,2026-05-02 00:41:18.000,2026-05-02 01:02:50.000,train,train
2026-05-02 00:54:00,2026-05-02 00:44:18.000,2026-05-02 01:05:50.000,train,train
2026-05-02 00:57:00,2026-05-02 00:47:18.000,2026-05-02 01:08:50.000,validation,train
2026-05-02 01:00:00,2026-05-02 00:50:18.000,2026-05-02 01:11:50.000,train,train
2026-05-02 01:03:00,2026-05-02 00:53:18.000,2026-05-02 01:14:50.000,validation,train
2026-05-02 01:06:00,2026-05-02 00:56:18.000,2026-05-02 01:17:50.000,train,train
2026-05-02 01:09:00,2026-05-02 00:59:18.000,2026-05-02 01:20:50.000,train,train
2026-05-02 01:12:00,2026-05-02 01:02:18.000,2026-05-02 01:23:50.000,train,train
2026-05-02 01:15:00,2026-05-02 01:05:18.000,2026-05-02 01:26:50.000,train,train
2026-05-02 01:18:00,2026-05-02 01:08:18.000,2026-05-02 01:29:50.000,train,train
2026-05-02 01:21:00,2026-05-02 01:11:18.000,2026-05-02 01:32:50.000,validation,train
2026-05-02 01:24:00,2026-05-02 01:14:18.000,2026-05-02 01:35:50.000,train,train
2026-05-02 01:27:00,2026-05-02 01:17:18.000,2026-05-02 01:38:50.000,train,train
2026-05-02 01:30:00,2026-05-02 01:20:18.000,2026-05-02 01:41:50.000,train,train
2026-05-02 01:33:00,2026-05-02 01:23:18.000,2026-05-02 01:44:50.000,train,train
2026-05-02 01:36:00,2026-05-02 01:26:18.000,2026-05-02 01:47:50.000,train,train
2026-05-02 01:39:00,2026-05-02 01:29:18.000,2026-05-02 01:50:50.000,train,train
2026-05-02 01:42:00,2026-05-02 01:32:18.000,2026-05-02 01:53:50.000,train,train
2026-05-02 01:45:00,2026-05-02 01:35:18.000,2026-05-02 01:56:50.000,train,train
2026-05-02 01:48:00,2026-05-02 01:38:18.000,2026-05-02 01:59:50.000,train,train
2026-05-02 01:51:00,2026-05-02 01:41:19.000,2026-05-02 02:02:50.000,train,train
2026-05-02 01:54:00,2026-05-02 01:44:19.000,2026-05-02 02:05:50.000,train,train
2026-05-02 01:57:00,2026-05-02 01:47:19.000,2026-05-02 02:08:50.000,validation,train
2026-05-02 02:00:00,2026-05-02 01:50:19.000,2026-05-02 02:11:50.000,train,train
2026-05-02 02:03:00,2026-05-02 01:53:19.000,2026-05-02 02:14:50.000,train,train
2026-05-02 02:06:00,2026-05-02 01:56:19.000,2026-05-02 02:17:50.000,train,train
2026-05-02 02:09:00,2026-05-02 01:59:19.000,2026-05-02 02:20:50.000,train,train
2026-05-02 02:12:00,2026-05-02 02:02:19.000,2026-05-02 02:23:50.000,train,train
2026-05-02 02:15:00,2026-05-02 02:05:19.000,2026-05-02 02:26:50.000,train,train
2026-05-02 02:18:00,2026-05-02 02:08:19.000,2026-05-02 02:29:50.000,train,train
2026-05-02 02:21:00,2026-05-02 02:11:19.000,2026-05-02 02:32:50.000,validation,train
2026-05-02 02:24:00,2026-05-02 02:14:19.000,2026-05-02 02:35:50.000,validation,train
2026-05-02 02:27:00,2026-05-02 02:17:19.000,2026-05-02 02:38:50.000,train,train
2026-05-02 02:30:00,2026-05-02 02:20:19.000,2026-05-02 02:41:50.000,train,train
2026-05-02 02:33:00,2026-05-02 02:23:19.000,2026-05-02 02:44:50.000,train,train
2026-05-02 02:36:00,2026-05-02 02:26:19.000,2026-05-02 02:47:50.000,train,train
2026-05-02 02:39:00,2026-05-02 02:29:19.000,2026-05-02 02:50:50.000,train,train
2026-05-02 02:42:00,2026-05-02 02:32:19.000,2026-05-02 02:53:50.000,train,train
2026-05-02 02:45:00,2026-05-02 02:35:19.000,2026-05-02 02:56:50.000,train,train
2026-05-02 02:48:00,2026-05-02 02:38:19.000,2026-05-02 02:59:50.000,train,train
2026-05-02 02:51:00,2026-05-02 02:41:19.000,2026-05-02 03:02:50.000,validation,train
2026-05-02 02:54:00,2026-05-02 02:44:19.000,2026-05-02 03:05:50.000,train,train
2026-05-02 02:57:00,2026-05-02 02:47:20.000,2026-05-02 03:08:50.000,train,train
2026-05-02 03:00:00,2026-05-02 02:50:20.000,2026-05-02 03:11:50.000,train,train
2026-05-02 03:03:00,2026-05-02 02:53:20.000,2026-05-02 03:14:50.000,validation,train
2026-05-02 03:06:00,2026-05-02 02:56:20.000,2026-05-02 03:17:50.000,train,train
2026-05-02 03:09:00,2026-05-02 02:59:20.000,2026-05-02 03:20:50.000,train,train
2026-05-02 03:12:00,2026-05-02 03:02:20.000,2026-05-02 03:23:50.000,train,train
2026-05-02 03:15:00,2026-05-02 03:05:20.000,2026-05-02 03:26:50.000,validation,train
2026-05-02 03:18:00,2026-05-02 03:08:20.000,2026-05-02 03:29:50.000,train,train
2026-05-02 03:21:00,2026-05-02 03:11:20.000,2026-05-02 03:32:50.000,train,train
2026-05-02 03:24:00,2026-05-02 03:14:20.000,2026-05-02 03:35:50.000,train,train
2026-05-02 03:27:00,2026-05-02 03:17:20.000,2026-05-02 03:38:50.000,train,train
2026-05-02 03:30:00,2026-05-02 03:20:20.000,2026-05-02 03:41:50.000,train,train
2026-05-02 03:33:00,2026-05-02 03:23:20.000,2026-05-02 03:44:50.000,train,train
2026-05-02 03:36:00,2026-05-02 03:26:20.000,2026-05-02 03:47:50.000,validation,train
2026-05-02 03:39:00,2026-05-02 03:29:20.000,2026-05-02 03:50:50.000,train,train
2026-05-02 03:42:00,2026-05-02 03:32:20.000,2026-05-02 03:53:50.000,train,train
2026-05-02 03:45:00,2026-05-02 03:35:20.000,2026-05-02 03:56:50.000,train,train
2026-05-02 03:48:00,2026-05-02 03:38:20.000,2026-05-02 03:59:50.000,train,train
2026-05-02 03:51:00,2026-05-02 03:41:20.000,2026-05-02 04:02:50.000,validation,train
2026-05-02 03:54:00,2026-05-02 03:44:20.000,2026-05-02 04:05:50.000,validation,train
2026-05-02 03:57:00,2026-05-02 03:47:20.000,2026-05-02 04:08:50.000,train,train
2026-05-02 04:00:00,2026-05-02 03:50:20.000,2026-05-02 04:11:50.000,train,train
2026-05-02 04:03:00,2026-05-02 03:53:20.000,2026-05-02 04:14:50.000,train,train
2026-05-02 04:06:00,2026-05-02 03:56:21.000,2026-05-02 04:17:50.000,train,train
2026-05-02 04:09:00,2026-05-02 03:59:21.000,2026-05-02 04:20:50.000,train,train
2026-05-02 04:12:00,2026-05-02 04:02:21.000,2026-05-02 04:23:50.000,train,train
2026-05-02 04:15:00,2026-05-02 04:05:21.000,2026-05-02 04:26:50.000,train,train
2026-05-02 04:18:00,2026-05-02 04:08:21.000,2026-05-02 04:29:50.000,train,train
2026-05-02 04:21:00,2026-05-02 04:11:21.000,2026-05-02 04:32:50.000,train,train
2026-05-02 04:24:00,2026-05-02 04:14:21.000,2026-05-02 04:35:50.000,train,train
2026-05-02 04:27:00,2026-05-02 04:17:21.000,2026-05-02 04:38:50.000,validation,train
2026-05-02 04:30:00,2026-05-02 04:20:21.000,2026-05-02 04:41:50.000,train,train
2026-05-02 04:33:00,2026-05-02 04:23:21.000,2026-05-02 04:44:50.000,train,train
2026-05-02 04:36:00,2026-05-02 04:26:21.000,2026-05-02 04:47:50.000,train,train
2026-05-02 04:39:00,2026-05-02 04:29:21.000,2026-05-02 04:50:50.000,train,train
2026-05-02 04:42:00,2026-05-02 04:32:21.000,2026-05-02 04:53:50.000,validation,train
2026-05-02 04:45:00,2026-05-02 04:35:21.000,2026-05-02 04:56:50.000,train,train
2026-05-02 04:48:00,2026-05-02 04:38:21.000,2026-05-02 04:59:50.000,train,train
2026-05-02 04:51:00,2026-05-02 04:41:21.000,2026-05-02 05:02:50.000,validation,train
2026-05-02 04:54:00,2026-05-02 04:44:21.000,2026-05-02 05:05:50.000,train,train
2026-05-02 04:57:00,2026-05-02 04:47:21.000,2026-05-02 05:08:50.000,validation,train
2026-05-02 05:00:00,2026-05-02 04:50:21.000,2026-05-02 05:11:50.000,train,train
2026-05-02 05:03:00,2026-05-02 04:53:21.000,2026-05-02 05:14:50.000,train,train
2026-05-02 05:06:00,2026-05-02 04:56:21.000,2026-05-02 05:17:50.000,train,train
2026-05-02 05:09:00,2026-05-02 04:59:21.000,2026-05-02 05:20:50.000,train,train
2026-05-02 05:12:00,2026-05-02 05:02:22.000,2026-05-02 05:23:50.000,train,train
2026-05-02 05:15:00,2026-05-02 05:05:22.000,2026-05-02 05:26:50.000,validation,train
2026-05-02 05:18:00,2026-05-02 05:08:22.000,2026-05-02 05:29:50.000,train,train
2026-05-02 05:21:00,2026-05-02 05:11:22.000,2026-05-02 05:32:50.000,train,train
2026-05-02 05:24:00,2026-05-02 05:14:22.000,2026-05-02 05:35:50.000,train,train
2026-05-02 05:27:00,2026-05-02 05:17:22.000,2026-05-02 05:38:50.000,train,train
2026-05-02 05:30:00,2026-05-02 05:20:22.000,2026-05-02 05:41:50.000,train,train
2026-05-02 05:33:00,2026-05-02 05:23:22.000,2026-05-02 05:44:50.000,train,train
2026-05-02 05:36:00,2026-05-02 05:26:22.000,2026-05-02 05:47:50.000,train,train
2026-05-02 05:39:00,2026-05-02 05:29:22.000,2026-05-02 05:50:50.000,train,train
2026-05-02 05:42:00,2026-05-02 05:32:22.000,2026-05-02 05:53:50.000,train,train
2026-05-02 05:45:00,2026-05-02 05:35:22.000,2026-05-02 05:56:50.000,train,train
2026-05-02 05:48:00,2026-05-02 05:38:22.000,2026-05-02 05:59:50.000,train,train
2026-05-02 05:51:00,2026-05-02 05:41:22.000,2026-05-02 06:02:50.000,train,train
2026-05-02 05:54:00,2026-05-02 05:44:22.000,2026-05-02 06:05:50.000,train,train
2026-05-02 05:57:00,2026-05-02 05:47:22.000,2026-05-02 06:08:50.000,train,train
2026-05-02 06:00:00,2026-05-02 05:50:22.000,2026-05-02 06:11:50.000,train,train
2026-05-02 06:03:00,2026-05-02 05:53:22.000,2026-05-02 06:14:50.000,train,train
2026-05-02 06:06:00,2026-05-02 05:56:22.000,2026-05-02 06:17:50.000,train,train
2026-05-02 06:09:00,2026-05-02 05:59:22.000,2026-05-02 06:20:50.000,train,train
2026-05-02 06:12:00,2026-05-02 06:02:22.000,2026-05-02 06:23:50.000,validation,train
2026-05-02 06:15:00,2026-05-02 06:05:22.000,2026-05-02 06:26:50.000,validation,train
2026-05-02 06:18:00,2026-05-02 06:08:23.000,2026-05-02 06:29:50.000,train,train
2026-05-02 06:21:00,2026-05-02 06:11:23.000,2026-05-02 06:32:50.000,train,train
2026-05-02 06:24:00,2026-05-02 06:14:23.000,2026-05-02 06:35:50.000,validation,train
2026-05-02 06:27:00,2026-05-02 06:17:23.000,2026-05-02 06:38:50.000,train,train
2026-05-02 06:30:00,2026-05-02 06:20:23.000,2026-05-02 06:41:50.000,validation,train
2026-05-02 06:33:00,2026-05-02 06:23:23.000,2026-05-02 06:44:50.000,train,train
2026-05-02 06:36:00,2026-05-02 06:26:23.000,2026-05-02 06:47:50.000,train,train
2026-05-02 06:39:00,2026-05-02 06:29:23.000,2026-05-02 06:50:50.000,train,train
2026-05-02 06:42:00,2026-05-02 06:32:23.000,2026-05-02 06:53:50.000,train,train
2026-05-02 06:45:00,2026-05-02 06:35:23.000,2026-05-02 06:56:50.000,train,train
2026-05-02 06:48:00,2026-05-02 06:38:23.000,2026-05-02 06:59:50.000,validation,train
2026-05-02 06:51:00,2026-05-02 06:41:23.000,2026-05-02 07:02:50.000,validation,train
2026-05-02 06:54:00,2026-05-02 06:44:23.000,2026-05-02 07:05:50.000,train,train
2026-05-02 06:57:00,2026-05-02 06:47:23.000,2026-05-02 07:08:50.000,train,train
2026-05-02 07:00:00,2026-05-02 06:50:23.000,2026-05-02 07:11:50.000,train,train
2026-05-02 07:03:00,2026-05-02 06:53:23.000,2026-05-02 07:14:50.000,train,train
2026-05-02 07:06:00,2026-05-02 06:56:23.000,2026-05-02 07:17:50.000,train,train
2026-05-02 07:09:00,2026-05-02 06:59:23.000,2026-05-02 07:20:50.000,train,train
2026-05-02 07:12:00,2026-05-02 07:02:23.000,2026-05-02 07:23:50.000,train,train
2026-05-02 07:15:00,2026-05-02 07:05:23.000,2026-05-02 07:26:50.000,validation,train
2026-05-02 07:18:00,2026-05-02 07:08:23.000,2026-05-02 07:29:50.000,train,train
2026-05-02 07:21:00,2026-05-02 07:11:23.000,2026-05-02 07:32:50.000,train,train
2026-05-02 07:24:00,2026-05-02 07:14:24.000,2026-05-02 07:35:50.000,validation,train
2026-05-02 07:27:00,2026-05-02 07:17:24.000,2026-05-02 07:38:50.000,train,train
2026-05-02 07:30:00,2026-05-02 07:20:24.000,2026-05-02 07:41:50.000,validation,train
2026-05-02 07:33:00,2026-05-02 07:23:24.000,2026-05-02 07:44:50.000,validation,train
2026-05-02 07:36:00,2026-05-02 07:26:24.000,2026-05-02 07:47:50.000,train,train
2026-05-02 07:39:00,2026-05-02 07:29:24.000,2026-05-02 07:50:50.000,validation,train
2026-05-02 07:42:00,2026-05-02 07:32:24.000,2026-05-02 07:53:50.000,train,train
2026-05-02 07:45:00,2026-05-02 07:35:24.000,2026-05-02 07:56:50.000,train,train
2026-05-02 07:48:00,2026-05-02 07:38:24.000,2026-05-02 07:59:50.000,train,train
2026-05-02 07:51:00,2026-05-02 07:41:24.000,2026-05-02 08:02:50.000,validation,train
2026-05-02 07:54:00,2026-05-02 07:44:24.000,2026-05-02 08:05:50.000,validation,train
2026-05-02 07:57:00,2026-05-02 07:47:24.000,2026-05-02 08:08:50.000,train,train
2026-05-02 08:00:00,2026-05-02 07:50:24.000,2026-05-02 08:11:50.000,train,train
2026-05-02 08:03:00,2026-05-02 07:53:24.000,2026-05-02 08:14:50.000,train,train
2026-05-02 08:06:00,2026-05-02 07:56:24.000,2026-05-02 08:17:50.000,train,train
2026-05-02 08:09:00,2026-05-02 07:59:24.000,2026-05-02 08:20:50.000,train,train
2026-05-02 08:12:00,2026-05-02 08:02:24.000,2026-05-02 08:23:50.000,train,train
2026-05-02 08:15:00,2026-05-02 08:05:24.000,2026-05-02 08:26:50.000,train,train
2026-05-02 08:18:00,2026-05-02 08:08:24.000,2026-05-02 08:29:50.000,train,train
2026-05-02 08:21:00,2026-05-02 08:11:24.000,2026-05-02 08:32:50.000,validation,train
2026-05-02 08:24:00,2026-05-02 08:14:24.000,2026-05-02 08:35:50.000,train,train
2026-05-02 08:27:00,2026-05-02 08:17:24.000,2026-05-02 08:38:50.000,validation,train
2026-05-02 08:30:00,2026-05-02 08:20:24.000,2026-05-02 08:41:50.000,train,train
2026-05-02 08:33:00,2026-05-02 08:23:25.000,2026-05-02 08:44:50.000,validation,train
2026-05-02 08:36:00,2026-05-02 08:26:25.000,2026-05-02 08:47:50.000,train,train
2026-05-02 08:39:00,2026-05-02 08:29:25.000,2026-05-02 08:50:50.000,train,train
2026-05-02 08:42:00,2026-05-02 08:32:25.000,2026-05-02 08:53:50.000,train,train
2026-05-02 08:45:00,2026-05-02 08:35:25.000,2026-05-02 08:56:50.000,train,train
2026-05-02 08:48:00,2026-05-02 08:38:25.000,2026-05-02 08:59:50.000,train,train
2026-05-02 08:51:00,2026-05-02 08:41:25.000,2026-05-02 09:02:50.000,train,train
2026-05-02 08:54:00,2026-05-02 08:44:25.000,2026-05-02 09:05:50.000,train,train
2026-05-02 08:57:00,2026-05-02 08:47:25.000,2026-05-02 09:08:50.000,train,train
2026-05-02 09:00:00,2026-05-02 08:50:25.000,2026-05-02 09:11:50.000,train,train
2026-05-02 09:03:00,2026-05-02 08:53:25.000,2026-05-02 09:14:50.000,train,train
2026-05-02 09:06:00,2026-05-02 08:56:25.000,2026-05-02 09:17:50.000,validation,train
2026-05-02 09:09:00,2026-05-02 08:59:25.000,2026-05-02 09:20:50.000,validation,train
2026-05-02 09:12:00,2026-05-02 09:02:25.000,2026-05-02 09:23:50.000,train,train
2026-05-02 09:15:00,2026-05-02 09:05:25.000,2026-05-02 09:26:50.000,train,train
2026-05-02 09:18:00,2026-05-02 09:08:25.000,2026-05-02 09:29:50.000,train,train
2026-05-02 09:21:00,2026-05-02 09:11:25.000,2026-05-02 09:32:50.000,validation,train
2026-05-02 09:24:00,2026-05-02 09:14:25.000,2026-05-02 09:35:50.000,train,train
2026-05-02 09:27:00,2026-05-02 09:17:25.000,2026-05-02 09:38:50.000,train,train
2026-05-02 09:30:00,2026-05-02 09:20:25.000,2026-05-02 09:41:50.000,train,train
2026-05-02 09:33:00,2026-05-02 09:23:25.000,2026-05-02 09:44:50.000,train,train
2026-05-02 09:36:00,2026-05-02 09:26:25.000,2026-05-02 09:47:50.000,train,train
2026-05-02 09:39:00,2026-05-02 09:29:26.000,2026-05-02 09:50:50.000,train,train
2026-05-02 09:42:00,2026-05-02 09:32:26.000,2026-05-02 09:53:50.000,train,train
2026-05-02 09:45:00,2026-05-02 09:35:26.000,2026-05-02 09:56:50.000,validation,train
2026-05-02 09:48:00,2026-05-02 09:38:26.000,2026-05-02 09:59:50.000,validation,train
2026-05-02 09:51:00,2026-05-02 09:41:26.000,2026-05-02 10:02:50.000,train,train
2026-05-02 09:54:00,2026-05-02 09:44:26.000,2026-05-02 10:05:50.000,train,train
2026-05-02 09:57:00,2026-05-02 09:47:26.000,2026-05-02 10:08:50.000,train,train
2026-05-02 10:00:00,2026-05-02 09:50:26.000,2026-05-02 10:11:50.000,train,train
2026-05-02 10:03:00,2026-05-02 09:53:26.000,2026-05-02 10:14:50.000,train,train
2026-05-02 10:06:00,2026-05-02 09:56:26.000,2026-05-02 10:17:50.000,validation,train
2026-05-02 10:09:00,2026-05-02 09:59:26.000,2026-05-02 10:20:50.000,train,train
2026-05-02 10:12:00,2026-05-02 10:02:26.000,2026-05-02 10:23:50.000,validation,train
2026-05-02 10:15:00,2026-05-02 10:05:26.000,2026-05-02 10:26:50.000,train,train
2026-05-02 10:18:00,2026-05-02 10:08:26.000,2026-05-02 10:29:50.000,train,train
2026-05-02 10:21:00,2026-05-02 10:11:26.000,2026-05-02 10:32:50.000,train,train
2026-05-02 10:24:00,2026-05-02 10:14:26.000,2026-05-02 10:35:50.000,validation,train
2026-05-02 10:27:00,2026-05-02 10:17:26.000,2026-05-02 10:38:50.000,train,train
2026-05-02 10:30:00,2026-05-02 10:20:26.000,2026-05-02 10:41:50.000,train,train
2026-05-02 10:33:00,2026-05-02 10:23:26.000,2026-05-02 10:44:50.000,train,train
2026-05-02 10:36:00,2026-05-02 10:26:26.000,2026-05-02 10:47:50.000,train,train
2026-05-02 10:39:00,2026-05-02 10:29:26.000,2026-05-02 10:50:50.000,train,train
2026-05-02 10:42:00,2026-05-02 10:32:26.000,2026-05-02 10:53:50.000,validation,train
2026-05-02 10:45:00,2026-05-02 10:35:26.000,2026-05-02 10:56:50.000,train,train
2026-05-02 10:48:00,2026-05-02 10:38:27.000,2026-05-02 10:59:50.000,train,train
2026-05-02 10:51:00,2026-05-02 10:41:27.000,2026-05-02 11:02:50.000,train,train
2026-05-02 10:54:00,2026-05-02 10:44:27.000,2026-05-02 11:05:50.000,train,train
2026-05-02 10:57:00,2026-05-02 10:47:27.000,2026-05-02 11:08:50.000,train,train
2026-05-02 11:00:00,2026-05-02 10:50:27.000,2026-05-02 11:11:50.000,train,train
2026-05-02 11:03:00,2026-05-02 10:53:27.000,2026-05-02 11:14:50.000,train,train
2026-05-02 11:06:00,2026-05-02 10:56:27.000,2026-05-02 11:17:50.000,train,train
2026-05-02 11:09:00,2026-05-02 10:59:27.000,2026-05-02 11:20:50.000,train,train
2026-05-02 11:12:00,2026-05-02 11:02:27.000,2026-05-02 11:23:50.000,train,train
2026-05-02 11:15:00,2026-05-02 11:05:27.000,2026-05-02 11:26:50.000,validation,train
2026-05-02 11:18:00,2026-05-02 11:08:27.000,2026-05-02 11:29:50.000,train,train
2026-05-02 11:21:00,2026-05-02 11:11:27.000,2026-05-02 11:32:50.000,train,train
2026-05-02 11:24:00,2026-05-02 11:14:27.000,2026-05-02 11:35:50.000,train,train
2026-05-02 11:27:00,2026-05-02 11:17:27.000,2026-05-02 11:38:50.000,validation,train
2026-05-02 11:30:00,2026-05-02 11:20:27.000,2026-05-02 11:41:50.000,train,train
2026-05-02 11:33:00,2026-05-02 11:23:27.000,2026-05-02 11:44:50.000,train,train
2026-05-02 11:36:00,2026-05-02 11:26:27.000,2026-05-02 11:47:50.000,train,train
2026-05-02 11:39:00,2026-05-02 11:29:27.000,2026-05-02 11:50:50.000,train,train
2026-05-02 11:42:00,2026-05-02 11:32:27.000,2026-05-02 11:53:50.000,train,train
2026-05-02 11:45:00,2026-05-02 11:35:27.000,2026-05-02 11:56:50.000,train,train
2026-05-02 11:48:00,2026-05-02 11:38:27.000,2026-05-02 11:59:50.000,train,train
2026-05-02 11:51:00,2026-05-02 11:41:28.000,2026-05-02 12:02:50.000,train,train
2026-05-02 11:54:00,2026-05-02 11:44:28.000,2026-05-02 12:05:50.000,train,train
2026-05-02 11:57:00,2026-05-02 11:47:28.000,2026-05-02 12:08:50.000,train,train
2026-05-02 12:00:00,2026-05-02 11:50:28.000,2026-05-02 12:11:50.000,train,train
2026-05-02 12:03:00,2026-05-02 11:53:28.000,2026-05-02 12:14:50.000,validation,train
2026-05-02 12:06:00,2026-05-02 11:56:28.000,2026-05-02 12:17:50.000,validation,train
2026-05-02 12:09:00,2026-05-02 11:59:28.000,2026-05-02 12:20:50.000,train,train
2026-05-02 12:12:00,2026-05-02 12:02:28.000,2026-05-02 12:23:50.000,train,train
2026-05-02 12:15:00,2026-05-02 12:05:28.000,2026-05-02 12:26:50.000,train,train
2026-05-02 12:18:00,2026-05-02 12:08:28.000,2026-05-02 12:29:50.000,train,train
2026-05-02 12:21:00,2026-05-02 12:11:28.000,2026-05-02 12:32:50.000,train,train
2026-05-02 12:24:00,2026-05-02 12:14:28.000,2026-05-02 12:35:50.000,train,train
2026-05-02 12:27:00,2026-05-02 12:17:28.000,2026-05-02 12:38:50.000,train,train
2026-05-02 12:30:00,2026-05-02 12:20:28.000,2026-05-02 12:41:50.000,train,train
2026-05-02 12:33:00,2026-05-02 12:23:28.000,2026-05-02 12:44:50.000,train,train
2026-05-02 12:36:00,2026-05-02 12:26:28.000,2026-05-02 12:47:50.000,validation,train
2026-05-02 12:39:00,2026-05-02 12:29:28.000,2026-05-02 12:50:50.000,train,train
2026-05-02 12:42:00,2026-05-02 12:32:28.000,2026-05-02 12:53:50.000,train,train
2026-05-02 12:45:00,2026-05-02 12:35:28.000,2026-05-02 12:56:50.000,train,train
2026-05-02 12:48:00,2026-05-02 12:38:28.000,2026-05-02 12:59:50.000,train,train
2026-05-02 12:51:00,2026-05-02 12:41:28.000,2026-05-02 13:02:50.000,train,train
2026-05-02 12:54:00,2026-05-02 12:44:28.000,2026-05-02 13:05:50.000,validation,train
2026-05-02 12:57:00,2026-05-02 12:47:29.000,2026-05-02 13:08:50.000,train,train
2026-05-02 13:00:00,2026-05-02 12:50:29.000,2026-05-02 13:11:50.000,train,train
2026-05-02 13:03:00,2026-05-02 12:53:29.000,2026-05-02 13:14:50.000,train,train
2026-05-02 13:06:00,2026-05-02 12:56:29.000,2026-05-02 13:17:50.000,train,train
2026-05-02 13:09:00,2026-05-02 12:59:29.000,2026-05-02 13:20:50.000,validation,train
2026-05-02 13:12:00,2026-05-02 13:02:29.000,2026-05-02 13:23:50.000,train,train
2026-05-02 13:15:00,2026-05-02 13:05:29.000,2026-05-02 13:26:50.000,train,train
2026-05-02 13:18:00,2026-05-02 13:08:29.000,2026-05-02 13:29:50.000,train,train
2026-05-02 13:21:00,2026-05-02 13:11:29.000,2026-05-02 13:32:50.000,train,train
2026-05-02 13:24:00,2026-05-02 13:14:29.000,2026-05-02 13:35:50.000,train,train
2026-05-02 13:27:00,2026-05-02 13:17:29.000,2026-05-02 13:38:50.000,train,train
2026-05-02 13:30:00,2026-05-02 13:20:29.000,2026-05-02 13:41:50.000,validation,train
2026-05-02 13:33:00,2026-05-02 13:23:29.000,2026-05-02 13:44:50.000,validation,train
2026-05-02 13:36:00,2026-05-02 13:26:29.000,2026-05-02 13:47:50.000,train,train
2026-05-02 13:39:00,2026-05-02 13:29:29.000,2026-05-02 13:50:50.000,train,train
2026-05-02 13:42:00,2026-05-02 13:32:29.000,2026-05-02 13:53:50.000,train,train
2026-05-02 13:45:00,2026-05-02 13:35:29.000,2026-05-02 13:56:50.000,train,train
2026-05-02 13:48:00,2026-05-02 13:38:29.000,2026-05-02 13:59:50.000,train,train
2026-05-02 13:51:00,2026-05-02 13:41:29.000,2026-05-02 14:02:50.000,train,train
2026-05-02 13:54:00,2026-05-02 13:44:29.000,2026-05-02 14:05:50.000,train,train
2026-05-02 13:57:00,2026-05-02 13:47:29.000,2026-05-02 14:08:50.000,train,train
2026-05-02 14:00:00,2026-05-02 13:50:29.000,2026-05-02 14:11:50.000,train,train
2026-05-02 14:03:00,2026-05-02 13:53:30.000,2026-05-02 14:14:50.000,train,train
2026-05-02 14:06:00,2026-05-02 13:56:30.000,2026-05-02 14:17:50.000,train,train
2026-05-02 14:09:00,2026-05-02 13:59:30.000,2026-05-02 14:20:50.000,train,train
2026-05-02 14:12:00,2026-05-02 14:02:30.000,2026-05-02 14:23:50.000,train,train
2026-05-02 14:15:00,2026-05-02 14:05:30.000,2026-05-02 14:26:50.000,train,train
2026-05-02 14:18:00,2026-05-02 14:08:30.000,2026-05-02 14:29:50.000,train,train
2026-05-02 14:21:00,2026-05-02 14:11:30.000,2026-05-02 14:32:50.000,train,train
2026-05-02 14:24:00,2026-05-02 14:14:30.000,2026-05-02 14:35:50.000,train,train
2026-05-02 14:27:00,2026-05-02 14:17:30.000,2026-05-02 14:38:50.000,train,train
2026-05-02 14:30:00,2026-05-02 14:20:30.000,2026-05-02 14:41:50.000,validation,train
2026-05-02 14:33:00,2026-05-02 14:23:30.000,2026-05-02 14:44:50.000,train,train
2026-05-02 14:36:00,2026-05-02 14:26:30.000,2026-05-02 14:47:50.000,train,train
2026-05-02 14:39:00,2026-05-02 14:29:30.000,2026-05-02 14:50:50.000,train,train
2026-05-02 14:42:00,2026-05-02 14:32:30.000,2026-05-02 14:53:50.000,train,train
2026-05-02 14:45:00,2026-05-02 14:35:30.000,2026-05-02 14:56:50.000,train,train
2026-05-02 14:48:00,2026-05-02 14:38:30.000,2026-05-02 14:59:50.000,train,train
2026-05-02 14:51:00,2026-05-02 14:41:30.000,2026-05-02 15:02:50.000,train,train
2026-05-02 14:54:00,2026-05-02 14:44:30.000,2026-05-02 15:05:50.000,train,train
2026-05-02 14:57:00,2026-05-02 14:47:30.000,2026-05-02 15:08:50.000,train,train
2026-05-02 15:00:00,2026-05-02 14:50:30.000,2026-05-02 15:11:50.000,train,train
2026-05-02 15:03:00,2026-05-02 14:53:30.000,2026-05-02 15:14:50.000,train,train
2026-05-02 15:06:00,2026-05-02 14:56:30.000,2026-05-02 15:17:50.000,train,train
2026-05-02 15:09:00,2026-05-02 14:59:30.000,2026-05-02 15:20:50.000,validation,train
2026-05-02 15:12:00,2026-05-02 15:02:31.000,2026-05-02 15:23:50.000,train,train
2026-05-02 15:15:00,2026-05-02 15:05:31.000,2026-05-02 15:26:50.000,validation,train
2026-05-02 15:18:00,2026-05-02 15:08:31.000,2026-05-02 15:29:50.000,train,train
2026-05-02 15:21:00,2026-05-02 15:11:31.000,2026-05-02 15:32:50.000,train,train
2026-05-02 15:24:00,2026-05-02 15:14:31.000,2026-05-02 15:35:50.000,train,train
2026-05-02 15:27:00,2026-05-02 15:17:31.000,2026-05-02 15:38:50.000,train,train
2026-05-02 15:30:00,2026-05-02 15:20:31.000,2026-05-02 15:41:50.000,train,train
2026-05-02 15:33:00,2026-05-02 15:23:31.000,2026-05-02 15:44:50.000,train,train
2026-05-02 15:36:00,2026-05-02 15:26:31.000,2026-05-02 15:47:50.000,train,train
2026-05-02 15:39:00,2026-05-02 15:29:31.000,2026-05-02 15:50:50.000,train,train
2026-05-02 15:42:00,2026-05-02 15:32:31.000,2026-05-02 15:53:50.000,train,train
2026-05-02 15:45:00,2026-05-02 15:35:31.000,2026-05-02 15:56:50.000,train,train
2026-05-02 15:48:00,2026-05-02 15:38:31.000,2026-05-02 15:59:50.000,validation,train
2026-05-02 15:51:00,2026-05-02 15:41:31.000,2026-05-02 16:02:50.000,train,train
2026-05-02 15:54:00,2026-05-02 15:44:31.000,2026-05-02 16:05:50.000,train,train
2026-05-02 15:57:00,2026-05-02 15:47:31.000,2026-05-02 16:08:50.000,validation,train
2026-05-02 16:00:00,2026-05-02 15:50:31.000,2026-05-02 16:11:50.000,validation,train
2026-05-02 16:03:00,2026-05-02 15:53:31.000,2026-05-02 16:14:50.000,train,train
2026-05-02 16:06:00,2026-05-02 15:56:31.000,2026-05-02 16:17:50.000,train,train
2026-05-02 16:09:00,2026-05-02 15:59:31.000,2026-05-02 16:20:50.000,train,train
2026-05-02 16:12:00,2026-05-02 16:02:31.000,2026-05-02 16:23:50.000,train,train
2026-05-02 16:15:00,2026-05-02 16:05:31.000,2026-05-02 16:26:50.000,validation,train
2026-05-02 16:18:00,2026-05-02 16:08:32.000,2026-05-02 16:29:50.000,train,train
2026-05-02 16:21:00,2026-05-02 16:11:32.000,2026-05-02 16:32:50.000,validation,train
2026-05-02 16:24:00,2026-05-02 16:14:32.000,2026-05-02 16:35:50.000,train,train
2026-05-02 16:27:00,2026-05-02 16:17:32.000,2026-05-02 16:38:50.000,validation,train
2026-05-02 16:30:00,2026-05-02 16:20:32.000,2026-05-02 16:41:50.000,train,train
2026-05-02 16:33:00,2026-05-02 16:23:32.000,2026-05-02 16:44:50.000,train,train
2026-05-02 16:36:00,2026-05-02 16:26:32.000,2026-05-02 16:47:50.000,train,train
2026-05-02 16:39:00,2026-05-02 16:29:32.000,2026-05-02 16:50:50.000,train,train
2026-05-02 16:42:00,2026-05-02 16:32:32.000,2026-05-02 16:53:50.000,train,train
2026-05-02 16:45:00,2026-05-02 16:35:32.000,2026-05-02 16:56:50.000,train,train
2026-05-02 16:48:00,2026-05-02 16:38:32.000,2026-05-02 16:59:50.000,train,train
2026-05-02 16:51:00,2026-05-02 16:41:32.000,2026-05-02 17:02:50.000,train,train
2026-05-02 16:54:00,2026-05-02 16:44:32.000,2026-05-02 17:05:50.000,train,train
2026-05-02 16:57:00,2026-05-02 16:47:32.000,2026-05-02 17:08:50.000,train,train
2026-05-02 17:00:00,2026-05-02 16:50:32.000,2026-05-02 17:11:50.000,train,train
2026-05-02 17:03:00,2026-05-02 16:53:32.000,2026-05-02 17:14:50.000,validation,train
2026-05-02 17:06:00,2026-05-02 16:56:32.000,2026-05-02 17:17:50.000,train,train
2026-05-02 17:09:00,2026-05-02 16:59:32.000,2026-05-02 17:20:50.000,train,train
2026-05-02 17:12:00,2026-05-02 17:02:32.000,2026-05-02 17:23:50.000,train,train
2026-05-02 17:15:00,2026-05-02 17:05:32.000,2026-05-02 17:26:50.000,validation,train
2026-05-02 17:18:00,2026-05-02 17:08:32.000,2026-05-02 17:29:50.000,train,train
2026-05-02 17:21:00,2026-05-02 17:11:32.000,2026-05-02 17:32:50.000,train,train
2026-05-02 17:24:00,2026-05-02 17:14:33.000,2026-05-02 17:35:50.000,train,train
2026-05-02 17:27:00,2026-05-02 17:17:33.000,2026-05-02 17:38:50.000,validation,train
2026-05-02 17:30:00,2026-05-02 17:20:33.000,2026-05-02 17:41:50.000,train,train
2026-05-02 17:33:00,2026-05-02 17:23:33.000,2026-05-02 17:44:50.000,train,train
2026-05-02 17:36:00,2026-05-02 17:26:33.000,2026-05-02 17:47:50.000,train,train
2026-05-02 17:39:00,2026-05-02 17:29:33.000,2026-05-02 17:50:50.000,train,train
2026-05-02 17:42:00,2026-05-02 17:32:33.000,2026-05-02 17:53:50.000,train,train
2026-05-02 17:45:00,2026-05-02 17:35:33.000,2026-05-02 17:56:50.000,train,train
2026-05-02 17:48:00,2026-05-02 17:38:33.000,2026-05-02 17:59:50.000,train,train
2026-05-02 17:51:00,2026-05-02 17:41:33.000,2026-05-02 18:02:50.000,train,train
2026-05-02 17:54:00,2026-05-02 17:44:33.000,2026-05-02 18:05:50.000,train,train
2026-05-02 17:57:00,2026-05-02 17:47:33.000,2026-05-02 18:08:50.000,train,train
2026-05-02 18:00:00,2026-05-02 17:50:33.000,2026-05-02 18:11:50.000,train,train
2026-05-02 18:03:00,2026-05-02 17:53:33.000,2026-05-02 18:14:50.000,train,train
2026-05-02 18:06:00,2026-05-02 17:56:33.000,2026-05-02 18:17:50.000,validation,train
2026-05-02 18:09:00,2026-05-02 17:59:33.000,2026-05-02 18:20:50.000,train,train
2026-05-02 18:12:00,2026-05-02 18:02:33.000,2026-05-02 18:23:50.000,train,train
2026-05-02 18:15:00,2026-05-02 18:05:33.000,2026-05-02 18:26:50.000,train,train
2026-05-02 18:18:00,2026-05-02 18:08:33.000,2026-05-02 18:29:50.000,validation,train
2026-05-02 18:21:00,2026-05-02 18:11:33.000,2026-05-02 18:32:50.000,train,train
2026-05-02 18:24:00,2026-05-02 18:14:33.000,2026-05-02 18:35:50.000,train,train
2026-05-02 18:27:00,2026-05-02 18:17:33.000,2026-05-02 18:38:50.000,train,train
2026-05-02 18:30:00,2026-05-02 18:20:34.000,2026-05-02 18:41:50.000,train,train
2026-05-02 18:33:00,2026-05-02 18:23:34.000,2026-05-02 18:44:50.000,train,train
2026-05-02 18:36:00,2026-05-02 18:26:34.000,2026-05-02 18:47:50.000,validation,train
2026-05-02 18:39:00,2026-05-02 18:29:34.000,2026-05-02 18:50:50.000,train,train
2026-05-02 18:42:00,2026-05-02 18:32:34.000,2026-05-02 18:53:50.000,validation,train
2026-05-02 18:45:00,2026-05-02 18:35:34.000,2026-05-02 18:56:50.000,train,train
2026-05-02 18:48:00,2026-05-02 18:38:34.000,2026-05-02 18:59:50.000,train,train
2026-05-02 18:51:00,2026-05-02 18:41:34.000,2026-05-02 19:02:50.000,train,train
2026-05-02 18:54:00,2026-05-02 18:44:34.000,2026-05-02 19:05:50.000,validation,train
2026-05-02 18:57:00,2026-05-02 18:47:34.000,2026-05-02 19:08:50.000,train,train
2026-05-02 19:00:00,2026-05-02 18:50:34.000,2026-05-02 19:11:50.000,validation,train
2026-05-02 19:03:00,2026-05-02 18:53:34.000,2026-05-02 19:14:50.000,train,train
2026-05-02 19:06:00,2026-05-02 18:56:34.000,2026-05-02 19:17:50.000,validation,train
2026-05-02 19:09:00,2026-05-02 18:59:34.000,2026-05-02 19:20:50.000,train,train
2026-05-02 19:12:00,2026-05-02 19:02:34.000,2026-05-02 19:23:50.000,train,train
2026-05-02 19:15:00,2026-05-02 19:05:34.000,2026-05-02 19:26:50.000,train,train
2026-05-02 19:18:00,2026-05-02 19:08:34.000,2026-05-02 19:29:50.000,train,train
2026-05-02 19:21:00,2026-05-02 19:11:34.000,2026-05-02 19:32:50.000,train,train
2026-05-02 19:24:00,2026-05-02 19:14:34.000,2026-05-02 19:35:50.000,train,train
2026-05-02 19:27:00,2026-05-02 19:17:34.000,2026-05-02 19:38:50.000,train,train
2026-05-02 19:30:00,2026-05-02 19:20:34.000,2026-05-02 19:41:50.000,validation,train
2026-05-02 19:33:00,2026-05-02 19:23:35.000,2026-05-02 19:44:50.000,train,train
2026-05-02 19:36:00,2026-05-02 19:26:35.000,2026-05-02 19:47:50.000,validation,train
2026-05-02 19:39:00,2026-05-02 19:29:35.000,2026-05-02 19:50:50.000,train,train
2026-05-02 19:42:00,2026-05-02 19:32:35.000,2026-05-02 19:53:50.000,train,train
2026-05-02 19:45:00,2026-05-02 19:35:35.000,2026-05-02 19:56:50.000,train,train
2026-05-02 19:48:00,2026-05-02 19:38:35.000,2026-05-02 19:59:50.000,train,train
2026-05-02 19:51:00,2026-05-02 19:41:35.000,2026-05-02 20:02:50.000,validation,train
2026-05-02 19:54:00,2026-05-02 19:44:35.000,2026-05-02 20:05:50.000,train,train
2026-05-02 19:57:00,2026-05-02 19:47:35.000,2026-05-02 20:08:50.000,train,train
2026-05-02 20:00:00,2026-05-02 19:50:35.000,2026-05-02 20:11:50.000,train,train
2026-05-02 20:03:00,2026-05-02 19:53:35.000,2026-05-02 20:14:50.000,train,train
2026-05-02 20:06:00,2026-05-02 19:56:35.000,2026-05-02 20:17:50.000,validation,train
2026-05-02 20:09:00,2026-05-02 19:59:36.000,2026-05-02 20:20:50.000,train,train
2026-05-02 20:12:00,2026-05-02 20:02:36.000,2026-05-02 20:23:50.000,train,train
2026-05-02 20:15:00,2026-05-02 20:05:36.000,2026-05-02 20:26:50.000,train,train
2026-05-02 20:18:00,2026-05-02 20:08:36.000,2026-05-02 20:29:50.000,train,train
2026-05-02 20:21:00,2026-05-02 20:11:36.000,2026-05-02 20:32:50.000,train,train
2026-05-02 20:24:00,2026-05-02 20:14:36.000,2026-05-02 20:35:50.000,train,train
2026-05-02 20:27:00,2026-05-02 20:17:36.000,2026-05-02 20:38:50.000,train,train
2026-05-02 20:30:00,2026-05-02 20:20:36.000,2026-05-02 20:41:50.000,validation,train
2026-05-02 20:33:00,2026-05-02 20:23:36.000,2026-05-02 20:44:50.000,validation,train
2026-05-02 20:36:00,2026-05-02 20:26:36.000,2026-05-02 20:47:50.000,train,train
2026-05-02 20:39:00,2026-05-02 20:29:36.000,2026-05-02 20:50:50.000,train,train
2026-05-02 20:42:00,2026-05-02 20:32:36.000,2026-05-02 20:53:50.000,train,train
2026-05-02 20:45:00,2026-05-02 20:35:36.000,2026-05-02 20:56:50.000,validation,train
2026-05-02 20:48:00,2026-05-02 20:38:36.000,2026-05-02 20:59:50.000,train,train
2026-05-02 20:51:00,2026-05-02 20:41:36.000,2026-05-02 21:02:50.000,train,train
2026-05-02 20:54:00,2026-05-02 20:44:36.000,2026-05-02 21:05:50.000,train,train
2026-05-02 20:57:00,2026-05-02 20:47:36.000,2026-05-02 21:08:50.000,train,train
2026-05-02 21:00:00,2026-05-02 20:50:36.000,2026-05-02 21:11:50.000,train,train
2026-05-02 21:03:00,2026-05-02 20:53:36.000,2026-05-02 21:14:50.000,train,train
2026-05-02 21:06:00,2026-05-02 20:56:36.000,2026-05-02 21:17:50.000,train,train
2026-05-02 21:09:00,2026-05-02 20:59:36.000,2026-05-02 21:20:50.000,train,train
2026-05-02 21:12:00,2026-05-02 21:02:37.000,2026-05-02 21:23:50.000,train,train
2026-05-02 21:15:00,2026-05-02 21:05:37.000,2026-05-02 21:26:50.000,train,train
2026-05-02 21:18:00,2026-05-02 21:08:37.000,2026-05-02 21:29:50.000,validation,train
2026-05-02 21:21:00,2026-05-02 21:11:37.000,2026-05-02 21:32:50.000,train,train
2026-05-02 21:24:00,2026-05-02 21:14:37.000,2026-05-02 21:35:50.000,train,train
2026-05-02 21:27:00,2026-05-02 21:17:37.000,2026-05-02 21:38:50.000,train,train
2026-05-02 21:30:00,2026-05-02 21:20:37.000,2026-05-02 21:41:50.000,validation,train
2026-05-02 21:33:00,2026-05-02 21:23:37.000,2026-05-02 21:44:50.000,train,train
2026-05-02 21:36:00,2026-05-02 21:26:37.000,2026-05-02 21:47:50.000,train,train
2026-05-02 21:39:00,2026-05-02 21:29:37.000,2026-05-02 21:50:50.000,validation,train
2026-05-02 21:42:00,2026-05-02 21:32:37.000,2026-05-02 21:53:50.000,train,train
2026-05-02 21:45:00,2026-05-02 21:35:37.000,2026-05-02 21:56:50.000,train,train
2026-05-02 21:48:00,2026-05-02 21:38:37.000,2026-05-02 21:59:50.000,train,train
2026-05-02 21:51:00,2026-05-02 21:41:37.000,2026-05-02 22:02:51.000,train,train
2026-05-02 21:54:00,2026-05-02 21:44:37.000,2026-05-02 22:05:51.000,validation,train
2026-05-02 21:57:00,2026-05-02 21:47:37.000,2026-05-02 22:08:51.000,train,train
2026-05-02 22:00:00,2026-05-02 21:50:37.000,2026-05-02 22:11:52.000,train,train
2026-05-02 22:03:00,2026-05-02 21:53:37.000,2026-05-02 22:14:51.000,train,train
2026-05-02 22:06:00,2026-05-02 21:56:37.000,2026-05-02 22:17:51.000,train,train
2026-05-02 22:09:00,2026-05-02 21:59:37.000,2026-05-02 22:20:51.000,train,train
2026-05-02 22:12:00,2026-05-02 22:02:39.000,2026-05-02 22:23:51.000,train,train
2026-05-02 22:15:00,2026-05-02 22:05:39.000,2026-05-02 22:26:51.000,train,train
2026-05-02 22:18:00,2026-05-02 22:08:39.000,2026-05-02 22:29:51.000,validation,train
2026-05-02 22:21:00,2026-05-02 22:11:39.000,2026-05-02 22:32:51.000,validation,train
2026-05-02 22:24:00,2026-05-02 22:14:39.000,2026-05-02 22:35:51.000,train,train
2026-05-02 22:27:00,2026-05-02 22:17:39.000,2026-05-02 22:38:51.000,validation,train
2026-05-02 22:30:00,2026-05-02 22:20:39.000,2026-05-02 22:41:51.000,train,train
2026-05-02 22:33:00,2026-05-02 22:23:39.000,2026-05-02 22:44:51.000,train,train
2026-05-02 22:36:00,2026-05-02 22:26:39.000,2026-05-02 22:47:52.000,train,train
2026-05-02 22:39:00,2026-05-02 22:29:39.000,2026-05-02 22:50:51.000,train,train
2026-05-02 22:42:00,2026-05-02 22:32:39.000,2026-05-02 22:53:52.000,train,train
2026-05-02 22:45:00,2026-05-02 22:35:39.000,2026-05-02 22:56:51.000,validation,train
2026-05-02 22:48:00,2026-05-02 22:38:39.000,2026-05-02 22:59:52.000,train,train
2026-05-02 22:51:00,2026-05-02 22:41:39.000,2026-05-02 23:02:52.000,train,train
2026-05-02 22:54:00,2026-05-02 22:44:39.000,2026-05-02 23:05:52.000,train,train
2026-05-02 22:57:00,2026-05-02 22:47:39.000,2026-05-02 23:08:52.000,train,train
2026-05-02 23:00:00,2026-05-02 22:50:39.000,2026-05-02 23:11:52.000,train,train
2026-05-02 23:03:00,2026-05-02 22:53:39.000,2026-05-02 23:14:51.000,train,train
2026-05-02 23:06:00,2026-05-02 22:56:39.000,2026-05-02 23:17:51.000,validation,train
2026-05-02 23:09:00,2026-05-02 22:59:39.000,2026-05-02 23:20:51.000,train,train
2026-05-02 23:12:00,2026-05-02 23:02:39.000,2026-05-02 23:23:51.000,train,train
2026-05-02 23:15:00,2026-05-02 23:05:40.000,2026-05-02 23:26:51.000,validation,train
2026-05-02 23:18:00,2026-05-02 23:08:40.000,2026-05-02 23:29:52.000,train,train
2026-05-02 23:21:00,2026-05-02 23:11:40.000,2026-05-02 23:32:51.000,train,train
2026-05-02 23:24:00,2026-05-02 23:14:40.000,2026-05-02 23:35:51.000,train,train
2026-05-02 23:27:00,2026-05-02 23:17:40.000,2026-05-02 23:38:52.000,train,train
2026-05-02 23:30:00,2026-05-02 23:20:40.000,2026-05-02 23:41:51.000,validation,train
2026-05-02 23:33:00,2026-05-02 23:23:40.000,2026-05-02 23:44:51.000,train,train
2026-05-02 23:36:00,2026-05-02 23:26:40.000,2026-05-02 23:47:52.000,train,train
2026-05-02 23:39:00,2026-05-02 23:29:40.000,2026-05-02 23:50:52.000,validation,train
2026-05-02 23:42:00,2026-05-02 23:32:40.000,2026-05-02 23:53:52.000,train,train
2026-05-02 23:45:00,2026-05-02 23:35:40.000,2026-05-02 23:56:51.000,train,train
2026-05-02 23:48:00,2026-05-02 23:38:40.000,2026-05-02 23:59:51.000,train,train
2026-05-02 23:51:00,2026-05-02 23:41:40.000,2026-05-03 00:02:52.000,train,train
2026-05-02 23:54:00,2026-05-02 23:44:40.000,2026-05-03 00:05:51.000,train,train
2026-05-02 23:57:00,2026-05-02 23:47:40.000,2026-05-03 00:08:51.000,train,train
2026-05-03 00:00:00,2026-05-02 23:50:40.000,2026-05-03 00:11:51.000,train,train
2026-05-03 00:03:00,2026-05-02 23:53:40.000,2026-05-03 00:14:52.000,train,train
2026-05-03 00:06:00,2026-05-02 23:56:40.000,2026-05-03 00:17:52.000,train,train
2026-05-03 00:09:00,2026-05-02 23:59:40.000,2026-05-03 00:20:51.000,train,train
2026-05-03 00:12:00,2026-05-03 00:02:40.000,2026-05-03 00:23:52.000,train,train
2026-05-03 00:15:00,2026-05-03 00:05:40.000,2026-05-03 00:26:52.000,train,train
2026-05-03 00:18:00,2026-05-03 00:08:40.000,2026-05-03 00:29:51.000,train,train
2026-05-03 00:21:00,2026-05-03 00:11:40.000,2026-05-03 00:32:51.000,train,train
2026-05-03 00:24:00,2026-05-03 00:14:41.000,2026-05-03 00:35:51.000,validation,train
2026-05-03 00:27:00,2026-05-03 00:17:41.000,2026-05-03 00:38:51.000,train,train
2026-05-03 00:30:00,2026-05-03 00:20:41.000,2026-05-03 00:41:51.000,train,train
2026-05-03 00:33:00,2026-05-03 00:23:41.000,2026-05-03 00:44:51.000,train,train
2026-05-03 00:36:00,2026-05-03 00:26:41.000,2026-05-03 00:47:51.000,train,train
2026-05-03 00:39:00,2026-05-03 00:29:41.000,2026-05-03 00:50:51.000,train,train
2026-05-03 00:42:00,2026-05-03 00:32:41.000,2026-05-03 00:53:51.000,train,train
2026-05-03 00:45:00,2026-05-03 00:35:41.000,2026-05-03 00:56:51.000,train,train
2026-05-03 00:48:00,2026-05-03 00:38:41.000,2026-05-03 00:59:51.000,train,train
2026-05-03 00:51:00,2026-05-03 00:41:41.000,2026-05-03 01:02:51.000,train,train
2026-05-03 00:54:00,2026-05-03 00:44:41.000,2026-05-03 01:05:51.000,train,train
2026-05-03 00:57:00,2026-05-03 00:47:41.000,2026-05-03 01:08:51.000,train,train
2026-05-03 01:00:00,2026-05-03 00:50:41.000,2026-05-03 01:11:51.000,train,train
2026-05-03 01:03:00,2026-05-03 00:53:41.000,2026-05-03 01:14:51.000,validation,train
2026-05-03 01:06:00,2026-05-03 00:56:41.000,2026-05-03 01:17:51.000,train,train
2026-05-03 01:09:00,2026-05-03 00:59:41.000,2026-05-03 01:20:52.000,train,train
2026-05-03 01:12:00,2026-05-03 01:02:41.000,2026-05-03 01:23:51.000,train,train
2026-05-03 01:15:00,2026-05-03 01:05:41.000,2026-05-03 01:26:51.000,train,train
2026-05-03 01:18:00,2026-05-03 01:08:41.000,2026-05-03 01:29:51.000,train,train
2026-05-03 01:21:00,2026-05-03 01:11:41.000,2026-05-03 01:32:51.000,train,train
2026-05-03 01:24:00,2026-05-03 01:14:41.000,2026-05-03 01:35:51.000,train,train
2026-05-03 01:27:00,2026-05-03 01:17:41.000,2026-05-03 01:38:51.000,validation,train
2026-05-03 01:30:00,2026-05-03 01:20:42.000,2026-05-03 01:41:51.000,train,train
2026-05-03 01:33:00,2026-05-03 01:23:42.000,2026-05-03 01:44:51.000,train,train
2026-05-03 01:36:00,2026-05-03 01:26:42.000,2026-05-03 01:47:51.000,train,train
2026-05-03 01:39:00,2026-05-03 01:29:42.000,2026-05-03 01:50:51.000,validation,train
2026-05-03 01:42:00,2026-05-03 01:32:42.000,2026-05-03 01:53:51.000,validation,train
2026-05-03 01:45:00,2026-05-03 01:35:42.000,2026-05-03 01:56:51.000,train,train
2026-05-03 01:48:00,2026-05-03 01:38:42.000,2026-05-03 01:59:51.000,train,train
2026-05-03 01:51:00,2026-05-03 01:41:42.000,2026-05-03 02:02:51.000,train,train
2026-05-03 01:54:00,2026-05-03 01:44:43.000,2026-05-03 02:05:51.000,train,train
2026-05-03 01:57:00,2026-05-03 01:47:43.000,2026-05-03 02:08:52.000,train,train
2026-05-03 02:00:00,2026-05-03 01:50:43.000,2026-05-03 02:11:51.000,train,train
2026-05-03 02:03:00,2026-05-03 01:53:43.000,2026-05-03 02:14:51.000,train,train
2026-05-03 02:06:00,2026-05-03 01:56:43.000,2026-05-03 02:17:51.000,train,train
2026-05-03 02:09:00,2026-05-03 01:59:43.000,2026-05-03 02:20:51.000,train,train
2026-05-03 02:12:00,2026-05-03 02:02:43.000,2026-05-03 02:23:52.000,train,train
2026-05-03 02:15:00,2026-05-03 02:05:43.000,2026-05-03 02:26:52.000,validation,train
2026-05-03 02:18:00,2026-05-03 02:08:43.000,2026-05-03 02:29:51.000,train,train
2026-05-03 02:21:00,2026-05-03 02:11:43.000,2026-05-03 02:32:52.000,train,train
2026-05-03 02:24:00,2026-05-03 02:14:43.000,2026-05-03 02:35:51.000,train,train
2026-05-03 02:27:00,2026-05-03 02:17:43.000,2026-05-03 02:38:51.000,train,train
2026-05-03 02:30:00,2026-05-03 02:20:43.000,2026-05-03 02:41:52.000,train,train
2026-05-03 02:33:00,2026-05-03 02:23:43.000,2026-05-03 02:44:51.000,train,train
2026-05-03 02:36:00,2026-05-03 02:26:43.000,2026-05-03 02:47:51.000,train,train
2026-05-03 02:39:00,2026-05-03 02:29:43.000,2026-05-03 02:50:52.000,train,train
2026-05-03 02:42:00,2026-05-03 02:32:43.000,2026-05-03 02:53:51.000,train,train
2026-05-03 02:45:00,2026-05-03 02:35:43.000,2026-05-03 02:56:51.000,train,train
2026-05-03 02:48:00,2026-05-03 02:38:43.000,2026-05-03 02:59:52.000,validation,train
2026-05-03 02:51:00,2026-05-03 02:41:43.000,2026-05-03 03:02:52.000,validation,train
2026-05-03 02:54:00,2026-05-03 02:44:43.000,2026-05-03 03:05:51.000,validation,train
2026-05-03 02:57:00,2026-05-03 02:47:43.000,2026-05-03 03:08:51.000,train,train
2026-05-03 03:00:00,2026-05-03 02:50:43.000,2026-05-03 03:11:51.000,train,train
2026-05-03 03:03:00,2026-05-03 02:53:43.000,2026-05-03 03:14:52.000,train,train
2026-05-03 03:06:00,2026-05-03 02:56:43.000,2026-05-03 03:17:52.000,train,train
2026-05-03 03:09:00,2026-05-03 02:59:43.000,2026-05-03 03:20:52.000,train,train
2026-05-03 03:12:00,2026-05-03 03:02:43.000,2026-05-03 03:23:51.000,train,train
2026-05-03 03:15:00,2026-05-03 03:05:43.000,2026-05-03 03:26:51.000,validation,train
2026-05-03 03:18:00,2026-05-03 03:08:43.000,2026-05-03 03:29:51.000,train,train
2026-05-03 03:21:00,2026-05-03 03:11:43.000,2026-05-03 03:32:52.000,train,train
2026-05-03 03:24:00,2026-05-03 03:14:43.000,2026-05-03 03:35:51.000,train,train
2026-05-03 03:27:00,2026-05-03 03:17:43.000,2026-05-03 03:38:51.000,train,train
2026-05-03 03:30:00,2026-05-03 03:20:43.000,2026-05-03 03:41:52.000,train,train
2026-05-03 03:33:00,2026-05-03 03:23:43.000,2026-05-03 03:44:51.000,train,train
2026-05-03 03:36:00,2026-05-03 03:26:43.000,2026-05-03 03:47:51.000,validation,train
2026-05-03 03:39:00,2026-05-03 03:29:43.000,2026-05-03 03:50:51.000,train,train
2026-05-03 03:42:00,2026-05-03 03:32:43.000,2026-05-03 03:53:52.000,validation,train
2026-05-03 03:45:00,2026-05-03 03:35:43.000,2026-05-03 03:56:51.000,validation,train
2026-05-03 03:48:00,2026-05-03 03:38:43.000,2026-05-03 03:59:51.000,validation,train
2026-05-03 03:51:00,2026-05-03 03:41:43.000,2026-05-03 04:02:51.000,train,train
2026-05-03 03:54:00,2026-05-03 03:44:43.000,2026-05-03 04:05:51.000,train,train
2026-05-03 03:57:00,2026-05-03 03:47:43.000,2026-05-03 04:08:52.000,train,train
2026-05-03 04:00:00,2026-05-03 03:50:43.000,2026-05-03 04:11:52.000,validation,train
2026-05-03 04:03:00,2026-05-03 03:53:43.000,2026-05-03 04:14:52.000,train,train
2026-05-03 04:06:00,2026-05-03 03:56:43.000,2026-05-03 04:17:52.000,train,train
2026-05-03 04:09:00,2026-05-03 03:59:43.000,2026-05-03 04:20:51.000,train,train
2026-05-03 04:12:00,2026-05-03 04:02:43.000,2026-05-03 04:23:51.000,train,train
2026-05-03 04:15:00,2026-05-03 04:05:43.000,2026-05-03 04:26:52.000,train,train
2026-05-03 04:18:00,2026-05-03 04:08:43.000,2026-05-03 04:29:52.000,train,train
2026-05-03 04:21:00,2026-05-03 04:11:43.000,2026-05-03 04:32:51.000,train,train
2026-05-03 04:24:00,2026-05-03 04:14:43.000,2026-05-03 04:35:52.000,train,train
2026-05-03 04:27:00,2026-05-03 04:17:43.000,2026-05-03 04:38:52.000,train,train
2026-05-03 04:30:00,2026-05-03 04:20:43.000,2026-05-03 04:41:51.000,train,train
2026-05-03 04:33:00,2026-05-03 04:23:43.000,2026-05-03 04:44:51.000,train,train
2026-05-03 04:36:00,2026-05-03 04:26:43.000,2026-05-03 04:47:52.000,validation,train
2026-05-03 04:39:00,2026-05-03 04:29:43.000,2026-05-03 04:50:51.000,train,train
2026-05-03 04:42:00,2026-05-03 04:32:43.000,2026-05-03 04:53:52.000,train,train
2026-05-03 04:45:00,2026-05-03 04:35:43.000,2026-05-03 04:56:51.000,train,train
2026-05-03 04:48:00,2026-05-03 04:38:43.000,2026-05-03 04:59:52.000,train,train
2026-05-03 04:51:00,2026-05-03 04:41:43.000,2026-05-03 05:02:52.000,train,train
2026-05-03 04:54:00,2026-05-03 04:44:43.000,2026-05-03 05:05:51.000,train,train
2026-05-03 04:57:00,2026-05-03 04:47:43.000,2026-05-03 05:08:51.000,validation,train
2026-05-03 05:00:00,2026-05-03 04:50:43.000,2026-05-03 05:11:51.000,train,train
2026-05-03 05:03:00,2026-05-03 04:53:43.000,2026-05-03 05:14:52.000,train,train
2026-05-03 05:06:00,2026-05-03 04:56:43.000,2026-05-03 05:17:51.000,train,train
2026-05-03 05:09:00,2026-05-03 04:59:43.000,2026-05-03 05:20:51.000,validation,train
2026-05-03 05:12:00,2026-05-03 05:02:43.000,2026-05-03 05:23:51.000,train,train
2026-05-03 05:15:00,2026-05-03 05:05:43.000,2026-05-03 05:26:51.000,train,train
2026-05-03 05:18:00,2026-05-03 05:08:43.000,2026-05-03 05:29:51.000,train,train
2026-05-03 05:21:00,2026-05-03 05:11:43.000,2026-05-03 05:32:51.000,train,train
2026-05-03 05:24:00,2026-05-03 05:14:43.000,2026-05-03 05:35:51.000,validation,train
2026-05-03 05:27:00,2026-05-03 05:17:43.000,2026-05-03 05:38:52.000,train,train
2026-05-03 05:30:00,2026-05-03 05:20:43.000,2026-05-03 05:41:51.000,validation,train
2026-05-03 05:33:00,2026-05-03 05:23:43.000,2026-05-03 05:44:52.000,train,train
2026-05-03 05:36:00,2026-05-03 05:26:43.000,2026-05-03 05:47:51.000,train,train
2026-05-03 05:39:00,2026-05-03 05:29:43.000,2026-05-03 05:50:51.000,train,train
2026-05-03 05:42:00,2026-05-03 05:32:43.000,2026-05-03 05:53:52.000,validation,train
2026-05-03 05:45:00,2026-05-03 05:35:43.000,2026-05-03 05:56:52.000,train,train
2026-05-03 05:48:00,2026-05-03 05:38:43.000,2026-05-03 05:59:51.000,train,train
2026-05-03 05:51:00,2026-05-03 05:41:43.000,2026-05-03 06:02:51.000,train,train
2026-05-03 05:54:00,2026-05-03 05:44:43.000,2026-05-03 06:05:52.000,validation,train
2026-05-03 05:57:00,2026-05-03 05:47:43.000,2026-05-03 06:08:52.000,train,train
2026-05-03 06:00:00,2026-05-03 05:50:43.000,2026-05-03 06:11:51.000,validation,train
2026-05-03 06:03:00,2026-05-03 05:53:43.000,2026-05-03 06:14:52.000,validation,train
2026-05-03 06:06:00,2026-05-03 05:56:43.000,2026-05-03 06:17:51.000,train,train
2026-05-03 06:09:00,2026-05-03 05:59:43.000,2026-05-03 06:20:52.000,validation,train
2026-05-03 06:12:00,2026-05-03 06:02:43.000,2026-05-03 06:23:51.000,train,train
2026-05-03 06:15:00,2026-05-03 06:05:43.000,2026-05-03 06:26:51.000,train,train
2026-05-03 06:18:00,2026-05-03 06:08:43.000,2026-05-03 06:29:51.000,train,train
2026-05-03 06:21:00,2026-05-03 06:11:43.000,2026-05-03 06:32:51.000,validation,train
2026-05-03 06:24:00,2026-05-03 06:14:43.000,2026-05-03 06:35:51.000,train,train
2026-05-03 06:27:00,2026-05-03 06:17:43.000,2026-05-03 06:38:51.000,train,train
2026-05-03 06:30:00,2026-05-03 06:20:43.000,2026-05-03 06:41:51.000,validation,train
2026-05-03 06:33:00,2026-05-03 06:23:43.000,2026-05-03 06:44:51.000,train,train
2026-05-03 06:36:00,2026-05-03 06:26:43.000,2026-05-03 06:47:51.000,train,train
2026-05-03 06:39:00,2026-05-03 06:29:43.000,2026-05-03 06:50:51.000,train,train
2026-05-03 06:42:00,2026-05-03 06:32:43.000,2026-05-03 06:53:52.000,train,train
2026-05-03 06:45:00,2026-05-03 06:35:43.000,2026-05-03 06:56:51.000,train,train
2026-05-03 06:48:00,2026-05-03 06:38:43.000,2026-05-03 06:59:51.000,train,train
2026-05-03 06:51:00,2026-05-03 06:41:43.000,2026-05-03 07:02:51.000,train,train
2026-05-03 06:54:00,2026-05-03 06:44:43.000,2026-05-03 07:05:51.000,train,train
2026-05-03 06:57:00,2026-05-03 06:47:43.000,2026-05-03 07:08:51.000,train,train
2026-05-03 07:00:00,2026-05-03 06:50:43.000,2026-05-03 07:11:51.000,train,train
2026-05-03 07:03:00,2026-05-03 06:53:43.000,2026-05-03 07:14:52.000,train,train
2026-05-03 07:06:00,2026-05-03 06:56:43.000,2026-05-03 07:17:51.000,train,train
2026-05-03 07:09:00,2026-05-03 06:59:43.000,2026-05-03 07:20:51.000,train,train
2026-05-03 07:12:00,2026-05-03 07:02:43.000,2026-05-03 07:23:52.000,train,train
2026-05-03 07:15:00,2026-05-03 07:05:43.000,2026-05-03 07:26:51.000,train,train
2026-05-03 07:18:00,2026-05-03 07:08:43.000,2026-05-03 07:29:51.000,train,train
2026-05-03 07:21:00,2026-05-03 07:11:43.000,2026-05-03 07:32:51.000,train,train
2026-05-03 07:24:00,2026-05-03 07:14:43.000,2026-05-03 07:35:51.000,train,train
2026-05-03 07:27:00,2026-05-03 07:17:43.000,2026-05-03 07:38:51.000,train,train
2026-05-03 07:30:00,2026-05-03 07:20:43.000,2026-05-03 07:41:52.000,train,train
2026-05-03 07:33:00,2026-05-03 07:23:43.000,2026-05-03 07:44:51.000,train,train
2026-05-03 07:36:00,2026-05-03 07:26:43.000,2026-05-03 07:47:51.000,train,train
2026-05-03 07:39:00,2026-05-03 07:29:43.000,2026-05-03 07:50:51.000,train,train
2026-05-03 07:42:00,2026-05-03 07:32:43.000,2026-05-03 07:53:52.000,train,train
2026-05-03 07:45:00,2026-05-03 07:35:43.000,2026-05-03 07:56:51.000,validation,train
2026-05-03 07:48:00,2026-05-03 07:38:43.000,2026-05-03 07:59:51.000,train,train
2026-05-03 07:51:00,2026-05-03 07:41:43.000,2026-05-03 08:02:51.000,train,train
2026-05-03 07:54:00,2026-05-03 07:44:43.000,2026-05-03 08:05:51.000,train,train
2026-05-03 07:57:00,2026-05-03 07:47:43.000,2026-05-03 08:08:51.000,train,train
2026-05-03 08:00:00,2026-05-03 07:50:43.000,2026-05-03 08:11:51.000,train,train
2026-05-03 08:03:00,2026-05-03 07:53:43.000,2026-05-03 08:14:51.000,validation,train
2026-05-03 08:06:00,2026-05-03 07:56:43.000,2026-05-03 08:17:52.000,train,train
2026-05-03 08:09:00,2026-05-03 07:59:43.000,2026-05-03 08:20:51.000,train,train
2026-05-03 08:12:00,2026-05-03 08:02:43.000,2026-05-03 08:23:52.000,train,train
2026-05-03 08:15:00,2026-05-03 08:05:43.000,2026-05-03 08:26:51.000,train,train
2026-05-03 08:18:00,2026-05-03 08:08:43.000,2026-05-03 08:29:51.000,train,train
2026-05-03 08:21:00,2026-05-03 08:11:43.000,2026-05-03 08:32:51.000,validation,train
2026-05-03 08:24:00,2026-05-03 08:14:43.000,2026-05-03 08:35:52.000,train,train
2026-05-03 08:27:00,2026-05-03 08:17:43.000,2026-05-03 08:38:51.000,train,train
2026-05-03 08:30:00,2026-05-03 08:20:43.000,2026-05-03 08:41:51.000,train,train
2026-05-03 08:33:00,2026-05-03 08:23:43.000,2026-05-03 08:44:51.000,train,train
2026-05-03 08:36:00,2026-05-03 08:26:43.000,2026-05-03 08:47:51.000,train,train
2026-05-03 08:39:00,2026-05-03 08:29:43.000,2026-05-03 08:50:52.000,train,train
2026-05-03 08:42:00,2026-05-03 08:32:43.000,2026-05-03 08:53:51.000,train,train
2026-05-03 08:45:00,2026-05-03 08:35:43.000,2026-05-03 08:56:52.000,validation,train
2026-05-03 08:48:00,2026-05-03 08:38:43.000,2026-05-03 08:59:51.000,validation,train
2026-05-03 08:51:00,2026-05-03 08:41:43.000,2026-05-03 09:02:51.000,train,train
2026-05-03 08:54:00,2026-05-03 08:44:43.000,2026-05-03 09:05:51.000,train,train
2026-05-03 08:57:00,2026-05-03 08:47:43.000,2026-05-03 09:08:51.000,train,train
2026-05-03 09:00:00,2026-05-03 08:50:43.000,2026-05-03 09:11:52.000,validation,train
2026-05-03 09:03:00,2026-05-03 08:53:43.000,2026-05-03 09:14:51.000,train,train
2026-05-03 09:06:00,2026-05-03 08:56:43.000,2026-05-03 09:17:51.000,train,train
2026-05-03 09:09:00,2026-05-03 08:59:43.000,2026-05-03 09:20:51.000,train,train
2026-05-03 09:12:00,2026-05-03 09:02:43.000,2026-05-03 09:23:52.000,train,train
2026-05-03 09:15:00,2026-05-03 09:05:43.000,2026-05-03 09:26:51.000,train,train
2026-05-03 09:18:00,2026-05-03 09:08:43.000,2026-05-03 09:29:51.000,train,train
2026-05-03 09:21:00,2026-05-03 09:11:43.000,2026-05-03 09:32:51.000,train,train
2026-05-03 09:24:00,2026-05-03 09:14:43.000,2026-05-03 09:35:51.000,train,train
2026-05-03 09:27:00,2026-05-03 09:17:43.000,2026-05-03 09:38:52.000,train,train
2026-05-03 09:30:00,2026-05-03 09:20:43.000,2026-05-03 09:41:51.000,train,train
2026-05-03 09:33:00,2026-05-03 09:23:43.000,2026-05-03 09:44:51.000,train,train
2026-05-03 09:36:00,2026-05-03 09:26:43.000,2026-05-03 09:47:51.000,train,train
2026-05-03 09:39:00,2026-05-03 09:29:43.000,2026-05-03 09:50:51.000,train,train
2026-05-03 09:42:00,2026-05-03 09:32:43.000,2026-05-03 09:53:52.000,train,train
2026-05-03 09:45:00,2026-05-03 09:35:43.000,2026-05-03 09:56:51.000,train,train
2026-05-03 09:48:00,2026-05-03 09:38:43.000,2026-05-03 09:59:51.000,train,train
2026-05-03 09:51:00,2026-05-03 09:41:43.000,2026-05-03 10:02:51.000,train,train
2026-05-03 09:54:00,2026-05-03 09:44:43.000,2026-05-03 10:05:51.000,train,train
2026-05-03 09:57:00,2026-05-03 09:47:43.000,2026-05-03 10:08:51.000,train,train
2026-05-03 10:00:00,2026-05-03 09:50:43.000,2026-05-03 10:11:52.000,validation,train
2026-05-03 10:03:00,2026-05-03 09:53:43.000,2026-05-03 10:14:51.000,train,train
2026-05-03 10:06:00,2026-05-03 09:56:43.000,2026-05-03 10:17:51.000,validation,train
2026-05-03 10:09:00,2026-05-03 09:59:43.000,2026-05-03 10:20:52.000,train,train
2026-05-03 10:12:00,2026-05-03 10:02:43.000,2026-05-03 10:23:51.000,validation,train
2026-05-03 10:15:00,2026-05-03 10:05:43.000,2026-05-03 10:26:52.000,train,train
2026-05-03 10:18:00,2026-05-03 10:08:43.000,2026-05-03 10:29:51.000,train,train
2026-05-03 10:21:00,2026-05-03 10:11:43.000,2026-05-03 10:32:51.000,train,train
2026-05-03 10:24:00,2026-05-03 10:14:43.000,2026-05-03 10:35:51.000,train,train
2026-05-03 10:27:00,2026-05-03 10:17:43.000,2026-05-03 10:38:51.000,train,train
2026-05-03 10:30:00,2026-05-03 10:20:43.000,2026-05-03 10:41:51.000,train,train
2026-05-03 10:33:00,2026-05-03 10:23:43.000,2026-05-03 10:44:52.000,validation,train
2026-05-03 10:36:00,2026-05-03 10:26:43.000,2026-05-03 10:47:51.000,train,train
2026-05-03 10:39:00,2026-05-03 10:29:43.000,2026-05-03 10:50:51.000,train,train
2026-05-03 10:42:00,2026-05-03 10:32:43.000,2026-05-03 10:53:51.000,train,train
2026-05-03 10:45:00,2026-05-03 10:35:43.000,2026-05-03 10:56:52.000,validation,train
2026-05-03 10:48:00,2026-05-03 10:38:43.000,2026-05-03 10:59:52.000,train,train
2026-05-03 10:51:00,2026-05-03 10:41:43.000,2026-05-03 11:02:52.000,train,train
2026-05-03 10:54:00,2026-05-03 10:44:43.000,2026-05-03 11:05:51.000,train,train
2026-05-03 10:57:00,2026-05-03 10:47:43.000,2026-05-03 11:08:51.000,train,train
2026-05-03 11:00:00,2026-05-03 10:50:43.000,2026-05-03 11:11:51.000,train,train
2026-05-03 11:03:00,2026-05-03 10:53:43.000,2026-05-03 11:14:51.000,train,train
2026-05-03 11:06:00,2026-05-03 10:56:43.000,2026-05-03 11:17:51.000,validation,train
2026-05-03 11:09:00,2026-05-03 10:59:43.000,2026-05-03 11:20:51.000,validation,train
2026-05-03 11:12:00,2026-05-03 11:02:43.000,2026-05-03 11:23:51.000,train,train
2026-05-03 11:15:00,2026-05-03 11:05:43.000,2026-05-03 11:26:51.000,train,train
2026-05-03 11:18:00,2026-05-03 11:08:43.000,2026-05-03 11:29:51.000,train,train
2026-05-03 11:21:00,2026-05-03 11:11:43.000,2026-05-03 11:32:51.000,train,train
2026-05-03 11:24:00,2026-05-03 11:14:43.000,2026-05-03 11:35:51.000,train,train
2026-05-03 11:27:00,2026-05-03 11:17:43.000,2026-05-03 11:38:52.000,train,train
2026-05-03 11:30:00,2026-05-03 11:20:43.000,2026-05-03 11:41:52.000,train,train
2026-05-03 11:33:00,2026-05-03 11:23:43.000,2026-05-03 11:44:52.000,train,train
2026-05-03 11:36:00,2026-05-03 11:26:43.000,2026-05-03 11:47:52.000,train,train
2026-05-03 11:39:00,2026-05-03 11:29:43.000,2026-05-03 11:50:52.000,train,train
2026-05-03 11:42:00,2026-05-03 11:32:43.000,2026-05-03 11:53:52.000,train,train
2026-05-03 11:45:00,2026-05-03 11:35:43.000,2026-05-03 11:56:52.000,train,train
2026-05-03 11:48:00,2026-05-03 11:38:43.000,2026-05-03 11:59:52.000,train,train
2026-05-03 11:51:00,2026-05-03 11:41:43.000,2026-05-03 12:02:52.000,train,train
2026-05-03 11:54:00,2026-05-03 11:44:43.000,2026-05-03 12:05:52.000,train,train
2026-05-03 11:57:00,2026-05-03 11:47:43.000,2026-05-03 12:08:52.000,train,train
2026-05-03 12:00:00,2026-05-03 11:50:43.000,2026-05-03 12:11:52.000,train,train
2026-05-03 12:03:00,2026-05-03 11:53:43.000,2026-05-03 12:14:52.000,validation,train
2026-05-03 12:06:00,2026-05-03 11:56:43.000,2026-05-03 12:17:52.000,train,train
2026-05-03 12:09:00,2026-05-03 11:59:43.000,2026-05-03 12:20:52.000,train,train
2026-05-03 12:12:00,2026-05-03 12:02:43.000,2026-05-03 12:23:52.000,train,train
2026-05-03 12:15:00,2026-05-03 12:05:43.000,2026-05-03 12:26:52.000,validation,train
2026-05-03 12:18:00,2026-05-03 12:08:43.000,2026-05-03 12:29:52.000,train,train
2026-05-03 12:21:00,2026-05-03 12:11:43.000,2026-05-03 12:32:52.000,validation,train
2026-05-03 12:24:00,2026-05-03 12:14:43.000,2026-05-03 12:35:52.000,train,train
2026-05-03 12:27:00,2026-05-03 12:17:43.000,2026-05-03 12:38:52.000,validation,train
2026-05-03 12:30:00,2026-05-03 12:20:43.000,2026-05-03 12:41:52.000,train,train
2026-05-03 12:33:00,2026-05-03 12:23:43.000,2026-05-03 12:44:52.000,train,train
2026-05-03 12:36:00,2026-05-03 12:26:43.000,2026-05-03 12:47:53.000,train,train
2026-05-03 12:39:00,2026-05-03 12:29:43.000,2026-05-03 12:50:53.000,train,train
2026-05-03 12:42:00,2026-05-03 12:32:43.000,2026-05-03 12:53:53.000,train,train
2026-05-03 12:45:00,2026-05-03 12:35:43.000,2026-05-03 12:56:53.000,train,train
2026-05-03 12:48:00,2026-05-03 12:38:43.000,2026-05-03 12:59:53.000,train,train
2026-05-03 12:51:00,2026-05-03 12:41:43.000,2026-05-03 13:02:53.000,train,train
2026-05-03 12:54:00,2026-05-03 12:44:43.000,2026-05-03 13:05:53.000,train,train
2026-05-03 12:57:00,2026-05-03 12:47:43.000,2026-05-03 13:08:53.000,validation,train
2026-05-03 13:00:00,2026-05-03 12:50:43.000,2026-05-03 13:11:53.000,train,train
2026-05-03 13:03:00,2026-05-03 12:53:43.000,2026-05-03 13:14:53.000,train,train
2026-05-03 13:06:00,2026-05-03 12:56:43.000,2026-05-03 13:17:53.000,train,train
2026-05-03 13:09:00,2026-05-03 12:59:43.000,2026-05-03 13:20:53.000,train,train
2026-05-03 13:12:00,2026-05-03 13:02:43.000,2026-05-03 13:23:53.000,train,train
2026-05-03 13:15:00,2026-05-03 13:05:43.000,2026-05-03 13:26:53.000,train,train
2026-05-03 13:18:00,2026-05-03 13:08:43.000,2026-05-03 13:29:53.000,train,train
2026-05-03 13:21:00,2026-05-03 13:11:43.000,2026-05-03 13:32:53.000,train,train
2026-05-03 13:24:00,2026-05-03 13:14:43.000,2026-05-03 13:35:53.000,validation,train
2026-05-03 13:27:00,2026-05-03 13:17:43.000,2026-05-03 13:38:53.000,train,train
2026-05-03 13:30:00,2026-05-03 13:20:43.000,2026-05-03 13:41:53.000,train,train
2026-05-03 13:33:00,2026-05-03 13:23:43.000,2026-05-03 13:44:53.000,train,train
2026-05-03 13:36:00,2026-05-03 13:26:43.000,2026-05-03 13:47:53.000,train,train
2026-05-03 13:39:00,2026-05-03 13:29:43.000,2026-05-03 13:50:53.000,train,train
2026-05-03 13:42:00,2026-05-03 13:32:43.000,2026-05-03 13:53:53.000,train,train
2026-05-03 13:45:00,2026-05-03 13:35:43.000,2026-05-03 13:56:54.000,train,train
2026-05-03 13:48:00,2026-05-03 13:38:43.000,2026-05-03 13:59:54.000,validation,train
2026-05-03 13:51:00,2026-05-03 13:41:43.000,2026-05-03 14:02:54.000,train,train
2026-05-03 13:54:00,2026-05-03 13:44:43.000,2026-05-03 14:05:54.000,validation,train
2026-05-03 13:57:00,2026-05-03 13:47:43.000,2026-05-03 14:08:54.000,validation,train
2026-05-03 14:00:00,2026-05-03 13:50:43.000,2026-05-03 14:11:54.000,train,train
2026-05-03 14:03:00,2026-05-03 13:53:43.000,2026-05-03 14:14:54.000,train,train
2026-05-03 14:06:00,2026-05-03 13:56:43.000,2026-05-03 14:17:54.000,train,train
2026-05-03 14:09:00,2026-05-03 13:59:43.000,2026-05-03 14:20:54.000,train,train
2026-05-03 14:12:00,2026-05-03 14:02:43.000,2026-05-03 14:23:54.000,train,train
2026-05-03 14:15:00,2026-05-03 14:05:43.000,2026-05-03 14:26:54.000,validation,train
2026-05-03 14:18:00,2026-05-03 14:08:43.000,2026-05-03 14:29:54.000,train,train
2026-05-03 14:21:00,2026-05-03 14:11:43.000,2026-05-03 14:32:54.000,train,train
2026-05-03 14:24:00,2026-05-03 14:14:43.000,2026-05-03 14:35:54.000,train,train
2026-05-03 14:27:00,2026-05-03 14:17:43.000,2026-05-03 14:38:54.000,train,train
2026-05-03 14:30:00,2026-05-03 14:20:43.000,2026-05-03 14:41:54.000,validation,train
2026-05-03 14:33:00,2026-05-03 14:23:43.000,2026-05-03 14:44:54.000,train,train
2026-05-03 14:36:00,2026-05-03 14:26:43.000,2026-05-03 14:47:54.000,train,train
2026-05-03 14:39:00,2026-05-03 14:29:43.000,2026-05-03 14:50:54.000,validation,train
2026-05-03 14:42:00,2026-05-03 14:32:43.000,2026-05-03 14:53:54.000,train,train
2026-05-03 14:45:00,2026-05-03 14:35:43.000,2026-05-03 14:56:54.000,train,train
2026-05-03 14:48:00,2026-05-03 14:38:43.000,2026-05-03 14:59:54.000,train,train
2026-05-03 14:51:00,2026-05-03 14:41:43.000,2026-05-03 15:02:55.000,train,train
2026-05-03 14:54:00,2026-05-03 14:44:43.000,2026-05-03 15:05:55.000,train,train
2026-05-03 14:57:00,2026-05-03 14:47:43.000,2026-05-03 15:08:55.000,train,train
2026-05-03 15:00:00,2026-05-03 14:50:43.000,2026-05-03 15:11:55.000,train,train
2026-05-03 15:03:00,2026-05-03 14:53:43.000,2026-05-03 15:14:55.000,validation,train
2026-05-03 15:06:00,2026-05-03 14:56:43.000,2026-05-03 15:17:55.000,train,train
2026-05-03 15:09:00,2026-05-03 14:59:43.000,2026-05-03 15:20:55.000,train,train
2026-05-03 15:12:00,2026-05-03 15:02:43.000,2026-05-03 15:23:55.000,validation,train
2026-05-03 15:15:00,2026-05-03 15:05:43.000,2026-05-03 15:26:55.000,train,train
2026-05-03 15:18:00,2026-05-03 15:08:43.000,2026-05-03 15:29:55.000,train,train
2026-05-03 15:21:00,2026-05-03 15:11:43.000,2026-05-03 15:32:55.000,validation,train
2026-05-03 15:24:00,2026-05-03 15:14:43.000,2026-05-03 15:35:55.000,train,train
2026-05-03 15:27:00,2026-05-03 15:17:43.000,2026-05-03 15:38:55.000,train,train
2026-05-03 15:30:00,2026-05-03 15:20:43.000,2026-05-03 15:41:55.000,validation,train
2026-05-03 15:33:00,2026-05-03 15:23:43.000,2026-05-03 15:44:55.000,train,train
2026-05-03 15:36:00,2026-05-03 15:26:43.000,2026-05-03 15:47:55.000,validation,train
2026-05-03 15:39:00,2026-05-03 15:29:43.000,2026-05-03 15:50:55.000,validation,train
2026-05-03 15:42:00,2026-05-03 15:32:43.000,2026-05-03 15:53:55.000,train,train
2026-05-03 15:45:00,2026-05-03 15:35:43.000,2026-05-03 15:56:55.000,train,train
2026-05-03 15:48:00,2026-05-03 15:38:43.000,2026-05-03 15:59:55.000,train,train
2026-05-03 15:51:00,2026-05-03 15:41:43.000,2026-05-03 16:02:55.000,train,train
2026-05-03 15:54:00,2026-05-03 15:44:43.000,2026-05-03 16:05:55.000,train,train
2026-05-03 15:57:00,2026-05-03 15:47:43.000,2026-05-03 16:08:56.000,train,train
2026-05-03 16:00:00,2026-05-03 15:50:43.000,2026-05-03 16:11:56.000,train,train
2026-05-03 16:03:00,2026-05-03 15:53:43.000,2026-05-03 16:14:56.000,train,train
2026-05-03 16:06:00,2026-05-03 15:56:43.000,2026-05-03 16:17:56.000,train,train
2026-05-03 16:09:00,2026-05-03 15:59:43.000,2026-05-03 16:20:56.000,train,train
2026-05-03 16:12:00,2026-05-03 16:02:43.000,2026-05-03 16:23:56.000,train,train
2026-05-03 16:15:00,2026-05-03 16:05:43.000,2026-05-03 16:26:56.000,validation,train
2026-05-03 16:18:00,2026-05-03 16:08:43.000,2026-05-03 16:29:56.000,train,train
2026-05-03 16:21:00,2026-05-03 16:11:43.000,2026-05-03 16:32:56.000,train,train
2026-05-03 16:24:00,2026-05-03 16:14:43.000,2026-05-03 16:35:56.000,validation,train
2026-05-03 16:27:00,2026-05-03 16:17:43.000,2026-05-03 16:38:56.000,train,train
2026-05-03 16:30:00,2026-05-03 16:20:43.000,2026-05-03 16:41:56.000,train,train
2026-05-03 16:33:00,2026-05-03 16:23:43.000,2026-05-03 16:44:56.000,train,train
2026-05-03 16:36:00,2026-05-03 16:26:43.000,2026-05-03 16:47:56.000,validation,train
2026-05-03 16:39:00,2026-05-03 16:29:43.000,2026-05-03 16:50:56.000,train,train
2026-05-03 16:42:00,2026-05-03 16:32:43.000,2026-05-03 16:53:56.000,train,train
2026-05-03 16:45:00,2026-05-03 16:35:43.000,2026-05-03 16:56:56.000,train,train
2026-05-03 16:48:00,2026-05-03 16:38:43.000,2026-05-03 16:59:56.000,validation,train
2026-05-03 16:51:00,2026-05-03 16:41:43.000,2026-05-03 17:02:56.000,validation,train
2026-05-03 16:54:00,2026-05-03 16:44:43.000,2026-05-03 17:05:56.000,train,train
2026-05-03 16:57:00,2026-05-03 16:47:43.000,2026-05-03 17:08:56.000,train,train
2026-05-03 17:00:00,2026-05-03 16:50:43.000,2026-05-03 17:11:56.000,train,train
2026-05-03 17:03:00,2026-05-03 16:53:43.000,2026-05-03 17:14:57.000,train,train
2026-05-03 17:06:00,2026-05-03 16:56:43.000,2026-05-03 17:17:57.000,train,train
2026-05-03 17:09:00,2026-05-03 16:59:43.000,2026-05-03 17:20:57.000,train,train
2026-05-03 17:12:00,2026-05-03 17:02:43.000,2026-05-03 17:23:57.000,train,train
2026-05-03 17:15:00,2026-05-03 17:05:43.000,2026-05-03 17:26:57.000,train,train
2026-05-03 17:18:00,2026-05-03 17:08:43.000,2026-05-03 17:29:57.000,validation,train
2026-05-03 17:21:00,2026-05-03 17:11:43.000,2026-05-03 17:32:57.000,train,train
2026-05-03 17:24:00,2026-05-03 17:14:43.000,2026-05-03 17:35:57.000,train,train
2026-05-03 17:27:00,2026-05-03 17:17:43.000,2026-05-03 17:38:57.000,train,train
2026-05-03 17:30:00,2026-05-03 17:20:43.000,2026-05-03 17:41:57.000,train,train
2026-05-03 17:33:00,2026-05-03 17:23:43.000,2026-05-03 17:44:57.000,train,train
2026-05-03 17:36:00,2026-05-03 17:26:43.000,2026-05-03 17:47:57.000,train,train
2026-05-03 17:39:00,2026-05-03 17:29:43.000,2026-05-03 17:50:57.000,validation,train
2026-05-03 17:42:00,2026-05-03 17:32:43.000,2026-05-03 17:53:57.000,train,train
2026-05-03 17:45:00,2026-05-03 17:35:43.000,2026-05-03 17:56:57.000,train,train
2026-05-03 17:48:00,2026-05-03 17:38:43.000,2026-05-03 17:59:57.000,train,train
2026-05-03 17:51:00,2026-05-03 17:41:43.000,2026-05-03 18:02:57.000,train,train
2026-05-03 17:54:00,2026-05-03 17:44:43.000,2026-05-03 18:05:57.000,validation,train
2026-05-03 17:57:00,2026-05-03 17:47:43.000,2026-05-03 18:08:57.000,validation,train
2026-05-03 18:00:00,2026-05-03 17:50:43.000,2026-05-03 18:11:57.000,train,train
2026-05-03 18:03:00,2026-05-03 17:53:43.000,2026-05-03 18:14:57.000,train,train
2026-05-03 18:06:00,2026-05-03 17:56:43.000,2026-05-03 18:17:57.000,train,train
2026-05-03 18:09:00,2026-05-03 17:59:43.000,2026-05-03 18:20:58.000,validation,train
2026-05-03 18:12:00,2026-05-03 18:02:43.000,2026-05-03 18:23:58.000,train,train
2026-05-03 18:15:00,2026-05-03 18:05:43.000,2026-05-03 18:26:58.000,train,train
2026-05-03 18:18:00,2026-05-03 18:08:43.000,2026-05-03 18:29:58.000,train,train
2026-05-03 18:21:00,2026-05-03 18:11:43.000,2026-05-03 18:32:58.000,train,train
2026-05-03 18:24:00,2026-05-03 18:14:43.000,2026-05-03 18:35:58.000,train,train
2026-05-03 18:27:00,2026-05-03 18:17:43.000,2026-05-03 18:38:58.000,validation,train
2026-05-03 18:30:00,2026-05-03 18:20:43.000,2026-05-03 18:41:58.000,train,train
2026-05-03 18:33:00,2026-05-03 18:23:43.000,2026-05-03 18:44:58.000,train,train
2026-05-03 18:36:00,2026-05-03 18:26:43.000,2026-05-03 18:47:58.000,train,train
2026-05-03 18:39:00,2026-05-03 18:29:43.000,2026-05-03 18:50:58.000,train,train
2026-05-03 18:42:00,2026-05-03 18:32:43.000,2026-05-03 18:53:58.000,validation,train
2026-05-03 18:45:00,2026-05-03 18:35:43.000,2026-05-03 18:56:58.000,train,train
2026-05-03 18:48:00,2026-05-03 18:38:43.000,2026-05-03 18:59:58.000,validation,train
2026-05-03 18:51:00,2026-05-03 18:41:43.000,2026-05-03 19:02:58.000,train,train
2026-05-03 18:54:00,2026-05-03 18:44:43.000,2026-05-03 19:05:58.000,validation,train
2026-05-03 18:57:00,2026-05-03 18:47:43.000,2026-05-03 19:08:58.000,train,train
2026-05-03 19:00:00,2026-05-03 18:50:43.000,2026-05-03 19:11:58.000,train,train
2026-05-03 19:03:00,2026-05-03 18:53:43.000,2026-05-03 19:14:58.000,train,train
2026-05-03 19:06:00,2026-05-03 18:56:43.000,2026-05-03 19:17:58.000,train,train
2026-05-03 19:09:00,2026-05-03 18:59:43.000,2026-05-03 19:20:58.000,train,train
2026-05-03 19:12:00,2026-05-03 19:02:43.000,2026-05-03 19:23:58.000,train,train
2026-05-03 19:15:00,2026-05-03 19:05:43.000,2026-05-03 19:26:59.000,validation,train
2026-05-03 19:18:00,2026-05-03 19:08:43.000,2026-05-03 19:29:59.000,train,train
2026-05-03 19:21:00,2026-05-03 19:11:43.000,2026-05-03 19:32:59.000,train,train
2026-05-03 19:24:00,2026-05-03 19:14:43.000,2026-05-03 19:35:59.000,train,train
2026-05-03 19:27:00,2026-05-03 19:17:43.000,2026-05-03 19:38:59.000,train,train
2026-05-03 19:30:00,2026-05-03 19:20:43.000,2026-05-03 19:41:59.000,train,train
2026-05-03 19:33:00,2026-05-03 19:23:43.000,2026-05-03 19:44:59.000,train,train
2026-05-03 19:36:00,2026-05-03 19:26:43.000,2026-05-03 19:47:59.000,validation,train
2026-05-03 19:39:00,2026-05-03 19:29:43.000,2026-05-03 19:50:59.000,validation,train
2026-05-03 19:42:00,2026-05-03 19:32:43.000,2026-05-03 19:53:59.000,train,train
2026-05-03 19:45:00,2026-05-03 19:35:43.000,2026-05-03 19:56:59.000,train,train
2026-05-03 19:48:00,2026-05-03 19:38:43.000,2026-05-03 19:59:59.000,validation,train
2026-05-03 19:51:00,2026-05-03 19:41:43.000,2026-05-03 20:02:59.000,validation,train
2026-05-03 19:54:00,2026-05-03 19:44:43.000,2026-05-03 20:05:59.000,train,train
2026-05-03 19:57:00,2026-05-03 19:47:43.000,2026-05-03 20:08:59.000,train,train
2026-05-03 20:00:00,2026-05-03 19:50:43.000,2026-05-03 20:11:59.000,train,train
2026-05-03 20:03:00,2026-05-03 19:53:43.000,2026-05-03 20:14:59.000,train,train
2026-05-03 20:06:00,2026-05-03 19:56:43.000,2026-05-03 20:17:59.000,train,train
2026-05-03 20:09:00,2026-05-03 19:59:43.000,2026-05-03 20:20:59.000,validation,train
2026-05-03 20:12:00,2026-05-03 20:02:43.000,2026-05-03 20:23:59.000,train,train
2026-05-03 20:15:00,2026-05-03 20:05:43.000,2026-05-03 20:26:59.000,validation,train
2026-05-03 20:18:00,2026-05-03 20:08:43.000,2026-05-03 20:29:59.000,train,train
2026-05-03 20:21:00,2026-05-03 20:11:43.000,2026-05-03 20:33:00.000,train,train
2026-05-03 20:24:00,2026-05-03 20:14:43.000,2026-05-03 20:36:00.000,train,train
2026-05-03 20:27:00,2026-05-03 20:17:43.000,2026-05-03 20:39:00.000,train,train
2026-05-03 20:30:00,2026-05-03 20:20:43.000,2026-05-03 20:41:51.000,validation,train
2026-05-03 20:33:00,2026-05-03 20:22:59.000,2026-05-03 20:44:51.000,train,train
2026-05-03 20:36:00,2026-05-03 20:25:59.000,2026-05-03 20:47:51.000,train,train
2026-05-03 20:39:00,2026-05-03 20:28:59.000,2026-05-03 20:50:51.000,train,train
2026-05-03 20:42:00,2026-05-03 20:32:00.000,2026-05-03 20:53:51.000,train,train
2026-05-03 20:45:00,2026-05-03 20:35:00.000,2026-05-03 20:56:51.000,validation,train
2026-05-03 20:48:00,2026-05-03 20:38:00.000,2026-05-03 20:59:52.000,train,train
2026-05-03 20:51:00,2026-05-03 20:41:00.000,2026-05-03 21:02:51.000,train,train
2026-05-03 20:54:00,2026-05-03 20:44:00.000,2026-05-03 21:05:51.000,train,train
2026-05-03 20:57:00,2026-05-03 20:47:00.000,2026-05-03 21:08:51.000,validation,train
2026-05-03 21:00:00,2026-05-03 20:50:00.000,2026-05-03 21:11:52.000,train,train
2026-05-03 21:03:00,2026-05-03 20:53:00.000,2026-05-03 21:14:51.000,train,train
2026-05-03 21:06:00,2026-05-03 20:56:00.000,2026-05-03 21:17:52.000,train,train
2026-05-03 21:09:00,2026-05-03 20:59:00.000,2026-05-03 21:20:51.000,train,train
2026-05-03 21:12:00,2026-05-03 21:02:00.000,2026-05-03 21:23:52.000,train,train
2026-05-03 21:15:00,2026-05-03 21:05:00.000,2026-05-03 21:26:51.000,validation,train
2026-05-03 21:18:00,2026-05-03 21:08:00.000,2026-05-03 21:29:51.000,train,train
2026-05-03 21:21:00,2026-05-03 21:11:00.000,2026-05-03 21:32:51.000,validation,train
2026-05-03 21:24:00,2026-05-03 21:14:00.000,2026-05-03 21:35:51.000,train,train
2026-05-03 21:27:00,2026-05-03 21:17:00.000,2026-05-03 21:38:52.000,validation,train
2026-05-03 21:30:00,2026-05-03 21:20:00.000,2026-05-03 21:41:51.000,train,train
2026-05-03 21:33:00,2026-05-03 21:23:00.000,2026-05-03 21:44:51.000,train,train
2026-05-03 21:36:00,2026-05-03 21:26:00.000,2026-05-03 21:47:51.000,validation,train
2026-05-03 21:39:00,2026-05-03 21:29:00.000,2026-05-03 21:50:51.000,train,train
2026-05-03 21:42:00,2026-05-03 21:32:00.000,2026-05-03 21:53:51.000,train,train
2026-05-03 21:45:00,2026-05-03 21:35:00.000,2026-05-03 21:56:51.000,train,train
2026-05-03 21:48:00,2026-05-03 21:38:00.000,2026-05-03 21:59:52.000,train,train
2026-05-03 21:51:00,2026-05-03 21:41:01.000,2026-05-03 22:02:52.000,train,train
2026-05-03 21:54:00,2026-05-03 21:44:01.000,2026-05-03 22:05:52.000,train,train
2026-05-03 21:57:00,2026-05-03 21:47:01.000,2026-05-03 22:08:51.000,validation,train
2026-05-03 22:00:00,2026-05-03 21:50:01.000,2026-05-03 22:11:51.000,train,train
2026-05-03 22:03:00,2026-05-03 21:53:01.000,2026-05-03 22:14:51.000,train,train
2026-05-03 22:06:00,2026-05-03 21:56:01.000,2026-05-03 22:17:51.000,train,train
2026-05-03 22:09:00,2026-05-03 21:59:01.000,2026-05-03 22:20:52.000,validation,train
2026-05-03 22:12:00,2026-05-03 22:02:01.000,2026-05-03 22:23:51.000,validation,train
2026-05-03 22:15:00,2026-05-03 22:05:01.000,2026-05-03 22:26:52.000,train,train
2026-05-03 22:18:00,2026-05-03 22:08:01.000,2026-05-03 22:29:52.000,train,train
2026-05-03 22:21:00,2026-05-03 22:11:01.000,2026-05-03 22:32:51.000,train,train
2026-05-03 22:24:00,2026-05-03 22:14:01.000,2026-05-03 22:35:52.000,train,train
2026-05-03 22:27:00,2026-05-03 22:17:01.000,2026-05-03 22:38:51.000,validation,train
2026-05-03 22:30:00,2026-05-03 22:20:01.000,2026-05-03 22:41:51.000,train,train
2026-05-03 22:33:00,2026-05-03 22:23:01.000,2026-05-03 22:44:51.000,train,train
2026-05-03 22:36:00,2026-05-03 22:26:01.000,2026-05-03 22:47:51.000,train,train
2026-05-03 22:39:00,2026-05-03 22:29:01.000,2026-05-03 22:50:51.000,train,train
2026-05-03 22:42:00,2026-05-03 22:32:01.000,2026-05-03 22:53:51.000,validation,train
2026-05-03 22:45:00,2026-05-03 22:35:01.000,2026-05-03 22:56:51.000,train,train
2026-05-03 22:48:00,2026-05-03 22:38:01.000,2026-05-03 22:59:52.000,train,train
2026-05-03 22:51:00,2026-05-03 22:41:01.000,2026-05-03 23:02:51.000,train,train
2026-05-03 22:54:00,2026-05-03 22:44:01.000,2026-05-03 23:05:52.000,train,train
2026-05-03 22:57:00,2026-05-03 22:47:02.000,2026-05-03 23:08:52.000,train,train
2026-05-03 23:00:00,2026-05-03 22:50:02.000,2026-05-03 23:11:52.000,validation,train
2026-05-03 23:03:00,2026-05-03 22:53:02.000,2026-05-03 23:14:51.000,train,train
2026-05-03 23:06:00,2026-05-03 22:56:02.000,2026-05-03 23:17:52.000,train,train
2026-05-03 23:09:00,2026-05-03 22:59:02.000,2026-05-03 23:20:51.000,validation,train
2026-05-03 23:12:00,2026-05-03 23:02:02.000,2026-05-03 23:23:52.000,validation,train
2026-05-03 23:15:00,2026-05-03 23:05:02.000,2026-05-03 23:26:51.000,train,train
2026-05-03 23:18:00,2026-05-03 23:08:02.000,2026-05-03 23:29:51.000,validation,train
2026-05-03 23:21:00,2026-05-03 23:11:02.000,2026-05-03 23:32:51.000,train,train
2026-05-03 23:24:00,2026-05-03 23:14:02.000,2026-05-03 23:35:51.000,train,train
2026-05-03 23:27:00,2026-05-03 23:17:02.000,2026-05-03 23:38:51.000,train,train
2026-05-03 23:30:00,2026-05-03 23:20:02.000,2026-05-03 23:41:52.000,train,train
2026-05-03 23:33:00,2026-05-03 23:23:02.000,2026-05-03 23:44:52.000,validation,train
2026-05-03 23:36:00,2026-05-03 23:26:02.000,2026-05-03 23:47:51.000,train,train
2026-05-03 23:39:00,2026-05-03 23:29:02.000,2026-05-03 23:50:52.000,train,train
2026-05-03 23:42:00,2026-05-03 23:32:02.000,2026-05-03 23:53:51.000,train,train
2026-05-03 23:45:00,2026-05-03 23:35:02.000,2026-05-03 23:56:51.000,train,train
2026-05-03 23:48:00,2026-05-03 23:38:02.000,2026-05-03 23:59:51.000,train,train
2026-05-03 23:51:00,2026-05-03 23:41:02.000,2026-05-04 00:02:52.000,train,train
2026-05-03 23:54:00,2026-05-03 23:44:02.000,2026-05-04 00:05:51.000,train,train
2026-05-03 23:57:00,2026-05-03 23:47:02.000,2026-05-04 00:08:51.000,train,train
2026-05-04 00:00:00,2026-05-03 23:50:02.000,2026-05-04 00:11:51.000,train,train
2026-05-04 00:03:00,2026-05-03 23:53:03.000,2026-05-04 00:14:51.000,validation,train
2026-05-04 00:06:00,2026-05-03 23:56:03.000,2026-05-04 00:17:52.000,train,train
2026-05-04 00:09:00,2026-05-03 23:59:03.000,2026-05-04 00:20:52.000,train,train
2026-05-04 00:12:00,2026-05-04 00:02:03.000,2026-05-04 00:23:52.000,train,train
2026-05-04 00:15:00,2026-05-04 00:05:03.000,2026-05-04 00:26:51.000,train,train
2026-05-04 00:18:00,2026-05-04 00:08:03.000,2026-05-04 00:29:51.000,validation,train
2026-05-04 00:21:00,2026-05-04 00:11:03.000,2026-05-04 00:32:52.000,train,train
2026-05-04 00:24:00,2026-05-04 00:14:03.000,2026-05-04 00:35:52.000,validation,train
2026-05-04 00:27:00,2026-05-04 00:17:03.000,2026-05-04 00:38:51.000,train,train
2026-05-04 00:30:00,2026-05-04 00:20:03.000,2026-05-04 00:41:51.000,train,train
2026-05-04 00:33:00,2026-05-04 00:23:03.000,2026-05-04 00:44:51.000,validation,train
2026-05-04 00:36:00,2026-05-04 00:26:03.000,2026-05-04 00:47:51.000,train,train
2026-05-04 00:39:00,2026-05-04 00:29:03.000,2026-05-04 00:50:51.000,train,train
2026-05-04 00:42:00,2026-05-04 00:32:03.000,2026-05-04 00:53:52.000,train,train
2026-05-04 00:45:00,2026-05-04 00:35:03.000,2026-05-04 00:56:51.000,validation,train
2026-05-04 00:48:00,2026-05-04 00:38:03.000,2026-05-04 00:59:51.000,train,train
2026-05-04 00:51:00,2026-05-04 00:41:03.000,2026-05-04 01:02:51.000,train,train
2026-05-04 00:54:00,2026-05-04 00:44:03.000,2026-05-04 01:05:51.000,train,train
2026-05-04 00:57:00,2026-05-04 00:47:03.000,2026-05-04 01:08:51.000,train,train
2026-05-04 01:00:00,2026-05-04 00:50:03.000,2026-05-04 01:11:52.000,train,train
2026-05-04 01:03:00,2026-05-04 00:53:03.000,2026-05-04 01:14:51.000,train,train
2026-05-04 01:06:00,2026-05-04 00:56:03.000,2026-05-04 01:17:51.000,train,train
2026-05-04 01:09:00,2026-05-04 00:59:03.000,2026-05-04 01:20:51.000,validation,train
2026-05-04 01:12:00,2026-05-04 01:02:04.000,2026-05-04 01:23:51.000,train,train
2026-05-04 01:15:00,2026-05-04 01:05:04.000,2026-05-04 01:26:51.000,validation,train
2026-05-04 01:18:00,2026-05-04 01:08:04.000,2026-05-04 01:29:52.000,train,train
2026-05-04 01:21:00,2026-05-04 01:11:04.000,2026-05-04 01:32:51.000,train,train
2026-05-04 01:24:00,2026-05-04 01:14:04.000,2026-05-04 01:35:52.000,train,train
2026-05-04 01:27:00,2026-05-04 01:17:04.000,2026-05-04 01:38:52.000,train,train
2026-05-04 01:30:00,2026-05-04 01:20:04.000,2026-05-04 01:41:51.000,validation,train
2026-05-04 01:33:00,2026-05-04 01:23:04.000,2026-05-04 01:44:51.000,train,train
2026-05-04 01:36:00,2026-05-04 01:26:04.000,2026-05-04 01:47:52.000,train,train
2026-05-04 01:39:00,2026-05-04 01:29:04.000,2026-05-04 01:50:51.000,validation,train
2026-05-04 01:42:00,2026-05-04 01:32:04.000,2026-05-04 01:53:51.000,train,train
2026-05-04 01:45:00,2026-05-04 01:35:04.000,2026-05-04 01:56:51.000,train,train
2026-05-04 01:48:00,2026-05-04 01:38:04.000,2026-05-04 01:59:52.000,validation,train
2026-05-04 01:51:00,2026-05-04 01:41:04.000,2026-05-04 02:02:52.000,train,train
2026-05-04 01:54:00,2026-05-04 01:44:04.000,2026-05-04 02:05:51.000,train,train
2026-05-04 01:57:00,2026-05-04 01:47:04.000,2026-05-04 02:08:51.000,train,train
2026-05-04 02:00:00,2026-05-04 01:50:04.000,2026-05-04 02:11:51.000,train,train
2026-05-04 02:03:00,2026-05-04 01:53:04.000,2026-05-04 02:14:52.000,train,train
2026-05-04 02:06:00,2026-05-04 01:56:04.000,2026-05-04 02:17:51.000,validation,train
2026-05-04 02:09:00,2026-05-04 01:59:04.000,2026-05-04 02:20:51.000,train,train
2026-05-04 02:12:00,2026-05-04 02:02:04.000,2026-05-04 02:23:52.000,train,train
2026-05-04 02:15:00,2026-05-04 02:05:04.000,2026-05-04 02:26:52.000,train,train
2026-05-04 02:18:00,2026-05-04 02:08:05.000,2026-05-04 02:29:51.000,train,train
2026-05-04 02:21:00,2026-05-04 02:11:05.000,2026-05-04 02:32:51.000,train,train
2026-05-04 02:24:00,2026-05-04 02:14:05.000,2026-05-04 02:35:51.000,train,train
2026-05-04 02:27:00,2026-05-04 02:17:05.000,2026-05-04 02:38:51.000,validation,train
2026-05-04 02:30:00,2026-05-04 02:20:05.000,2026-05-04 02:41:52.000,train,train
2026-05-04 02:33:00,2026-05-04 02:23:05.000,2026-05-04 02:44:52.000,train,train
2026-05-04 02:36:00,2026-05-04 02:26:05.000,2026-05-04 02:47:51.000,validation,train
2026-05-04 02:39:00,2026-05-04 02:29:05.000,2026-05-04 02:50:51.000,train,train
2026-05-04 02:42:00,2026-05-04 02:32:05.000,2026-05-04 02:53:51.000,train,train
2026-05-04 02:45:00,2026-05-04 02:35:05.000,2026-05-04 02:56:52.000,train,train
2026-05-04 02:48:00,2026-05-04 02:38:05.000,2026-05-04 02:59:51.000,validation,train
2026-05-04 02:51:00,2026-05-04 02:41:05.000,2026-05-04 03:02:51.000,train,train
2026-05-04 02:54:00,2026-05-04 02:44:05.000,2026-05-04 03:05:52.000,train,train
2026-05-04 02:57:00,2026-05-04 02:47:05.000,2026-05-04 03:08:51.000,train,train
2026-05-04 03:00:00,2026-05-04 02:50:05.000,2026-05-04 03:11:52.000,train,train
2026-05-04 03:03:00,2026-05-04 02:53:05.000,2026-05-04 03:14:52.000,train,train
2026-05-04 03:06:00,2026-05-04 02:56:05.000,2026-05-04 03:17:51.000,train,train
2026-05-04 03:09:00,2026-05-04 02:59:05.000,2026-05-04 03:20:51.000,train,train
2026-05-04 03:12:00,2026-05-04 03:02:05.000,2026-05-04 03:23:52.000,train,train
2026-05-04 03:15:00,2026-05-04 03:05:05.000,2026-05-04 03:26:52.000,train,train
2026-05-04 03:18:00,2026-05-04 03:08:05.000,2026-05-04 03:29:51.000,train,train
2026-05-04 03:21:00,2026-05-04 03:11:05.000,2026-05-04 03:32:51.000,validation,train
2026-05-04 03:24:00,2026-05-04 03:14:06.000,2026-05-04 03:35:51.000,validation,train
2026-05-04 03:27:00,2026-05-04 03:17:06.000,2026-05-04 03:38:51.000,train,train
2026-05-04 03:30:00,2026-05-04 03:20:06.000,2026-05-04 03:41:51.000,train,train
2026-05-04 03:33:00,2026-05-04 03:23:06.000,2026-05-04 03:44:52.000,train,train
2026-05-04 03:36:00,2026-05-04 03:26:06.000,2026-05-04 03:47:52.000,train,train
2026-05-04 03:39:00,2026-05-04 03:29:06.000,2026-05-04 03:50:51.000,train,train
2026-05-04 03:42:00,2026-05-04 03:32:06.000,2026-05-04 03:53:51.000,train,train
2026-05-04 03:45:00,2026-05-04 03:35:06.000,2026-05-04 03:56:52.000,validation,train
2026-05-04 03:48:00,2026-05-04 03:38:06.000,2026-05-04 03:59:51.000,validation,train
2026-05-04 03:51:00,2026-05-04 03:41:06.000,2026-05-04 04:02:51.000,train,train
2026-05-04 03:54:00,2026-05-04 03:44:06.000,2026-05-04 04:05:51.000,validation,train
2026-05-04 03:57:00,2026-05-04 03:47:06.000,2026-05-04 04:08:51.000,validation,train
2026-05-04 04:00:00,2026-05-04 03:50:06.000,2026-05-04 04:11:52.000,train,train
2026-05-04 04:03:00,2026-05-04 03:53:06.000,2026-05-04 04:14:51.000,validation,train
2026-05-04 04:06:00,2026-05-04 03:56:06.000,2026-05-04 04:17:51.000,train,train
2026-05-04 04:09:00,2026-05-04 03:59:06.000,2026-05-04 04:20:51.000,train,train
2026-05-04 04:12:00,2026-05-04 04:02:06.000,2026-05-04 04:23:51.000,train,train
2026-05-04 04:15:00,2026-05-04 04:05:06.000,2026-05-04 04:26:51.000,train,train
2026-05-04 04:18:00,2026-05-04 04:08:06.000,2026-05-04 04:29:52.000,train,train
2026-05-04 04:21:00,2026-05-04 04:11:06.000,2026-05-04 04:32:52.000,validation,train
2026-05-04 04:24:00,2026-05-04 04:14:06.000,2026-05-04 04:35:52.000,train,train
2026-05-04 04:27:00,2026-05-04 04:17:06.000,2026-05-04 04:38:51.000,train,train
2026-05-04 04:30:00,2026-05-04 04:20:07.000,2026-05-04 04:41:51.000,train,train
2026-05-04 04:33:00,2026-05-04 04:23:07.000,2026-05-04 04:44:51.000,train,train
2026-05-04 04:36:00,2026-05-04 04:26:07.000,2026-05-04 04:47:51.000,train,train
2026-05-04 04:39:00,2026-05-04 04:29:07.000,2026-05-04 04:50:51.000,train,train
2026-05-04 04:42:00,2026-05-04 04:32:07.000,2026-05-04 04:53:51.000,train,train
2026-05-04 04:45:00,2026-05-04 04:35:07.000,2026-05-04 04:56:51.000,train,train
2026-05-04 04:48:00,2026-05-04 04:38:07.000,2026-05-04 04:59:51.000,train,train
2026-05-04 04:51:00,2026-05-04 04:41:07.000,2026-05-04 05:02:52.000,train,train
2026-05-04 04:54:00,2026-05-04 04:44:07.000,2026-05-04 05:05:52.000,validation,train
2026-05-04 04:57:00,2026-05-04 04:47:07.000,2026-05-04 05:08:52.000,train,train
2026-05-04 05:00:00,2026-05-04 04:50:07.000,2026-05-04 05:11:51.000,train,train
2026-05-04 05:03:00,2026-05-04 04:53:07.000,2026-05-04 05:14:51.000,train,train
2026-05-04 05:06:00,2026-05-04 04:56:07.000,2026-05-04 05:17:51.000,train,train
2026-05-04 05:09:00,2026-05-04 04:59:07.000,2026-05-04 05:20:51.000,train,train
2026-05-04 05:12:00,2026-05-04 05:02:07.000,2026-05-04 05:23:51.000,train,train
2026-05-04 05:15:00,2026-05-04 05:05:07.000,2026-05-04 05:26:51.000,train,train
2026-05-04 05:18:00,2026-05-04 05:08:07.000,2026-05-04 05:29:51.000,train,train
2026-05-04 05:21:00,2026-05-04 05:11:07.000,2026-05-04 05:32:51.000,train,train
2026-05-04 05:24:00,2026-05-04 05:14:07.000,2026-05-04 05:35:51.000,train,train
2026-05-04 05:27:00,2026-05-04 05:17:07.000,2026-05-04 05:38:52.000,train,train
2026-05-04 05:30:00,2026-05-04 05:20:07.000,2026-05-04 05:41:52.000,train,train
2026-05-04 05:33:00,2026-05-04 05:23:07.000,2026-05-04 05:44:51.000,train,train
2026-05-04 05:36:00,2026-05-04 05:26:08.000,2026-05-04 05:47:51.000,train,train
2026-05-04 05:39:00,2026-05-04 05:29:08.000,2026-05-04 05:50:51.000,train,train
2026-05-04 05:42:00,2026-05-04 05:32:08.000,2026-05-04 05:53:52.000,train,train
2026-05-04 05:45:00,2026-05-04 05:35:08.000,2026-05-04 05:56:51.000,train,train
2026-05-04 05:48:00,2026-05-04 05:38:08.000,2026-05-04 05:59:51.000,validation,train
2026-05-04 05:51:00,2026-05-04 05:41:08.000,2026-05-04 06:02:51.000,train,train
2026-05-04 05:54:00,2026-05-04 05:44:08.000,2026-05-04 06:05:51.000,validation,train
2026-05-04 05:57:00,2026-05-04 05:47:08.000,2026-05-04 06:08:51.000,train,train
2026-05-04 06:00:00,2026-05-04 05:50:08.000,2026-05-04 06:11:52.000,train,train
2026-05-04 06:03:00,2026-05-04 05:53:08.000,2026-05-04 06:14:51.000,train,train
2026-05-04 06:06:00,2026-05-04 05:56:08.000,2026-05-04 06:17:52.000,train,train
2026-05-04 06:09:00,2026-05-04 05:59:08.000,2026-05-04 06:20:52.000,train,train
2026-05-04 06:12:00,2026-05-04 06:02:08.000,2026-05-04 06:23:51.000,validation,train
2026-05-04 06:15:00,2026-05-04 06:05:08.000,2026-05-04 06:26:51.000,validation,train
2026-05-04 06:18:00,2026-05-04 06:08:08.000,2026-05-04 06:29:51.000,train,train
2026-05-04 06:21:00,2026-05-04 06:11:08.000,2026-05-04 06:32:51.000,train,train
2026-05-04 06:24:00,2026-05-04 06:14:08.000,2026-05-04 06:35:52.000,train,train
2026-05-04 06:27:00,2026-05-04 06:17:08.000,2026-05-04 06:38:52.000,train,train
2026-05-04 06:30:00,2026-05-04 06:20:08.000,2026-05-04 06:41:51.000,validation,train
2026-05-04 06:33:00,2026-05-04 06:23:08.000,2026-05-04 06:44:51.000,train,train
2026-05-04 06:36:00,2026-05-04 06:26:08.000,2026-05-04 06:47:52.000,train,train
2026-05-04 06:39:00,2026-05-04 06:29:08.000,2026-05-04 06:50:51.000,train,train
2026-05-04 06:42:00,2026-05-04 06:32:08.000,2026-05-04 06:53:51.000,train,train
2026-05-04 06:45:00,2026-05-04 06:35:09.000,2026-05-04 06:56:51.000,train,train
2026-05-04 06:48:00,2026-05-04 06:38:09.000,2026-05-04 06:59:52.000,validation,train
2026-05-04 06:51:00,2026-05-04 06:41:09.000,2026-05-04 07:02:51.000,train,train
2026-05-04 06:54:00,2026-05-04 06:44:09.000,2026-05-04 07:05:51.000,train,train
2026-05-04 06:57:00,2026-05-04 06:47:09.000,2026-05-04 07:08:51.000,train,train
2026-05-04 07:00:00,2026-05-04 06:50:09.000,2026-05-04 07:11:52.000,train,train
2026-05-04 07:03:00,2026-05-04 06:53:09.000,2026-05-04 07:14:52.000,train,train
2026-05-04 07:06:00,2026-05-04 06:56:09.000,2026-05-04 07:17:52.000,train,train
2026-05-04 07:09:00,2026-05-04 06:59:09.000,2026-05-04 07:20:52.000,train,train
2026-05-04 07:12:00,2026-05-04 07:02:09.000,2026-05-04 07:23:51.000,train,train
2026-05-04 07:15:00,2026-05-04 07:05:09.000,2026-05-04 07:26:51.000,train,train
2026-05-04 07:18:00,2026-05-04 07:08:09.000,2026-05-04 07:29:51.000,train,train
2026-05-04 07:21:00,2026-05-04 07:11:09.000,2026-05-04 07:32:51.000,train,train
2026-05-04 07:24:00,2026-05-04 07:14:09.000,2026-05-04 07:35:51.000,train,train
2026-05-04 07:27:00,2026-05-04 07:17:09.000,2026-05-04 07:38:51.000,train,train
2026-05-04 07:30:00,2026-05-04 07:20:09.000,2026-05-04 07:41:51.000,train,train
2026-05-04 07:33:00,2026-05-04 07:23:09.000,2026-05-04 07:44:51.000,validation,train
2026-05-04 07:36:00,2026-05-04 07:26:09.000,2026-05-04 07:47:51.000,validation,train
2026-05-04 07:39:00,2026-05-04 07:29:09.000,2026-05-04 07:50:52.000,validation,train
2026-05-04 07:42:00,2026-05-04 07:32:09.000,2026-05-04 07:53:51.000,validation,train
2026-05-04 07:45:00,2026-05-04 07:35:09.000,2026-05-04 07:56:51.000,train,train
2026-05-04 07:48:00,2026-05-04 07:38:09.000,2026-05-04 07:59:51.000,train,train
2026-05-04 07:51:00,2026-05-04 07:41:10.000,2026-05-04 08:02:51.000,train,train
2026-05-04 07:54:00,2026-05-04 07:44:10.000,2026-05-04 08:05:52.000,train,train
2026-05-04 07:57:00,2026-05-04 07:47:10.000,2026-05-04 08:08:51.000,validation,train
2026-05-04 08:00:00,2026-05-04 07:50:10.000,2026-05-04 08:11:52.000,train,train
2026-05-04 08:03:00,2026-05-04 07:53:10.000,2026-05-04 08:14:52.000,validation,train
2026-05-04 08:06:00,2026-05-04 07:56:10.000,2026-05-04 08:17:51.000,train,train
2026-05-04 08:09:00,2026-05-04 07:59:10.000,2026-05-04 08:20:51.000,train,train
2026-05-04 08:12:00,2026-05-04 08:02:10.000,2026-05-04 08:23:52.000,validation,train
2026-05-04 08:15:00,2026-05-04 08:05:10.000,2026-05-04 08:26:51.000,train,train
2026-05-04 08:18:00,2026-05-04 08:08:10.000,2026-05-04 08:29:52.000,train,train
2026-05-04 08:21:00,2026-05-04 08:11:10.000,2026-05-04 08:32:52.000,train,train
2026-05-04 08:24:00,2026-05-04 08:14:10.000,2026-05-04 08:35:51.000,train,train
2026-05-04 08:27:00,2026-05-04 08:17:10.000,2026-05-04 08:38:52.000,train,train
2026-05-04 08:30:00,2026-05-04 08:20:10.000,2026-05-04 08:41:52.000,train,train
2026-05-04 08:33:00,2026-05-04 08:23:10.000,2026-05-04 08:44:51.000,validation,train
2026-05-04 08:36:00,2026-05-04 08:26:10.000,2026-05-04 08:47:51.000,train,train
2026-05-04 08:39:00,2026-05-04 08:29:10.000,2026-05-04 08:50:52.000,validation,train
2026-05-04 08:42:00,2026-05-04 08:32:10.000,2026-05-04 08:53:51.000,train,train
2026-05-04 08:45:00,2026-05-04 08:35:10.000,2026-05-04 08:56:51.000,train,train
2026-05-04 08:48:00,2026-05-04 08:38:10.000,2026-05-04 08:59:51.000,train,train
2026-05-04 08:51:00,2026-05-04 08:41:10.000,2026-05-04 09:02:51.000,train,train
2026-05-04 08:54:00,2026-05-04 08:44:10.000,2026-05-04 09:05:51.000,train,train
2026-05-04 08:57:00,2026-05-04 08:47:11.000,2026-05-04 09:08:51.000,validation,train
2026-05-04 09:00:00,2026-05-04 08:50:11.000,2026-05-04 09:11:51.000,train,train
2026-05-04 09:03:00,2026-05-04 08:53:11.000,2026-05-04 09:14:51.000,validation,train
2026-05-04 09:06:00,2026-05-04 08:56:11.000,2026-05-04 09:17:51.000,train,train
2026-05-04 09:09:00,2026-05-04 08:59:11.000,2026-05-04 09:20:51.000,validation,train
2026-05-04 09:12:00,2026-05-04 09:02:11.000,2026-05-04 09:23:51.000,validation,train
2026-05-04 09:15:00,2026-05-04 09:05:11.000,2026-05-04 09:26:51.000,train,train
2026-05-04 09:18:00,2026-05-04 09:08:11.000,2026-05-04 09:29:43.000,train,train
2026-05-04 09:21:00,2026-05-04 09:11:11.000,2026-05-04 09:32:43.000,train,train
2026-05-04 09:24:00,2026-05-04 09:14:11.000,2026-05-04 09:35:42.000,train,train
2026-05-04 09:27:00,2026-05-04 09:17:11.000,2026-05-04 09:38:43.000,train,train
2026-05-04 09:30:00,2026-05-04 09:20:11.000,2026-05-04 09:41:43.000,train,train
2026-05-04 09:33:00,2026-05-04 09:23:11.000,2026-05-04 09:44:43.000,train,train
2026-05-04 09:36:00,2026-05-04 09:26:11.000,2026-05-04 09:47:43.000,train,train
2026-05-04 09:39:00,2026-05-04 09:29:07.000,2026-05-04 09:50:42.000,train,train
2026-05-04 09:42:00,2026-05-04 09:32:07.000,2026-05-04 09:53:43.000,train,train
2026-05-04 09:45:00,2026-05-04 09:35:07.000,2026-05-04 09:56:43.000,validation,train
2026-05-04 09:48:00,2026-05-04 09:38:07.000,2026-05-04 09:59:43.000,train,train
2026-05-04 09:51:00,2026-05-04 09:41:07.000,2026-05-04 10:02:43.000,train,train
2026-05-04 09:54:00,2026-05-04 09:44:07.000,2026-05-04 10:05:43.000,train,train
2026-05-04 09:57:00,2026-05-04 09:47:07.000,2026-05-04 10:08:43.000,validation,train
2026-05-04 10:00:00,2026-05-04 09:50:07.000,2026-05-04 10:11:43.000,train,train
2026-05-04 10:03:00,2026-05-04 09:53:07.000,2026-05-04 10:14:42.000,train,train
2026-05-04 10:06:00,2026-05-04 09:56:07.000,2026-05-04 10:17:43.000,train,train
2026-05-04 10:09:00,2026-05-04 09:59:07.000,2026-05-04 10:20:43.000,validation,train
2026-05-04 10:12:00,2026-05-04 10:02:07.000,2026-05-04 10:23:42.000,train,train
2026-05-04 10:15:00,2026-05-04 10:05:07.000,2026-05-04 10:26:42.000,train,train
2026-05-04 10:18:00,2026-05-04 10:08:07.000,2026-05-04 10:29:42.000,train,train
2026-05-04 10:21:00,2026-05-04 10:11:07.000,2026-05-04 10:32:43.000,train,train
2026-05-04 10:24:00,2026-05-04 10:14:07.000,2026-05-04 10:35:43.000,validation,train
2026-05-04 10:27:00,2026-05-04 10:17:07.000,2026-05-04 10:38:42.000,train,train
2026-05-04 10:30:00,2026-05-04 10:20:07.000,2026-05-04 10:41:42.000,validation,train
2026-05-04 10:33:00,2026-05-04 10:23:07.000,2026-05-04 10:44:42.000,train,train
2026-05-04 10:36:00,2026-05-04 10:26:07.000,2026-05-04 10:47:42.000,train,train
2026-05-04 10:39:00,2026-05-04 10:29:07.000,2026-05-04 10:50:42.000,train,train
2026-05-04 10:42:00,2026-05-04 10:32:07.000,2026-05-04 10:53:42.000,train,train
2026-05-04 10:45:00,2026-05-04 10:35:07.000,2026-05-04 10:56:42.000,train,train
2026-05-04 10:48:00,2026-05-04 10:38:07.000,2026-05-04 10:59:42.000,train,train
2026-05-04 10:51:00,2026-05-04 10:41:07.000,2026-05-04 11:02:42.000,train,train
2026-05-04 10:54:00,2026-05-04 10:44:07.000,2026-05-04 11:05:42.000,train,train
2026-05-04 10:57:00,2026-05-04 10:47:07.000,2026-05-04 11:08:42.000,train,train
2026-05-04 11:00:00,2026-05-04 10:50:07.000,2026-05-04 11:11:42.000,train,train
2026-05-04 11:03:00,2026-05-04 10:53:07.000,2026-05-04 11:14:42.000,train,train
2026-05-04 11:06:00,2026-05-04 10:56:07.000,2026-05-04 11:17:42.000,train,train
2026-05-04 11:09:00,2026-05-04 10:59:07.000,2026-05-04 11:20:42.000,train,train
2026-05-04 11:12:00,2026-05-04 11:02:07.000,2026-05-04 11:23:42.000,train,train
2026-05-04 11:15:00,2026-05-04 11:05:07.000,2026-05-04 11:26:42.000,train,train
2026-05-04 11:18:00,2026-05-04 11:08:07.000,2026-05-04 11:29:42.000,train,train
2026-05-04 11:21:00,2026-05-04 11:11:07.000,2026-05-04 11:32:42.000,train,train
2026-05-04 11:24:00,2026-05-04 11:14:07.000,2026-05-04 11:35:42.000,train,train
2026-05-04 11:27:00,2026-05-04 11:17:07.000,2026-05-04 11:38:42.000,validation,train
2026-05-04 11:30:00,2026-05-04 11:20:07.000,2026-05-04 11:41:42.000,train,train
2026-05-04 11:33:00,2026-05-04 11:23:07.000,2026-05-04 11:44:42.000,train,train
2026-05-04 11:36:00,2026-05-04 11:26:07.000,2026-05-04 11:47:42.000,train,train
2026-05-04 11:39:00,2026-05-04 11:29:07.000,2026-05-04 11:50:42.000,validation,train
2026-05-04 11:42:00,2026-05-04 11:32:07.000,2026-05-04 11:53:42.000,train,train
2026-05-04 11:45:00,2026-05-04 11:35:07.000,2026-05-04 11:56:42.000,train,train
2026-05-04 11:48:00,2026-05-04 11:38:07.000,2026-05-04 11:59:42.000,train,train
2026-05-04 11:51:00,2026-05-04 11:41:07.000,2026-05-04 12:02:42.000,train,train
2026-05-04 11:54:00,2026-05-04 11:44:07.000,2026-05-04 12:05:42.000,validation,train
2026-05-04 11:57:00,2026-05-04 11:47:07.000,2026-05-04 12:08:42.000,train,train
2026-05-04 12:00:00,2026-05-04 11:50:07.000,2026-05-04 12:11:42.000,train,train
2026-05-04 12:03:00,2026-05-04 11:53:07.000,2026-05-04 12:14:42.000,train,train
2026-05-04 12:06:00,2026-05-04 11:56:07.000,2026-05-04 12:17:42.000,train,train
2026-05-04 12:09:00,2026-05-04 11:59:07.000,2026-05-04 12:20:42.000,validation,train
2026-05-04 12:12:00,2026-05-04 12:02:07.000,2026-05-04 12:23:42.000,train,train
2026-05-04 12:15:00,2026-05-04 12:05:07.000,2026-05-04 12:26:42.000,train,train
2026-05-04 12:18:00,2026-05-04 12:08:07.000,2026-05-04 12:29:42.000,validation,train
2026-05-04 12:21:00,2026-05-04 12:11:07.000,2026-05-04 12:32:42.000,train,train
2026-05-04 12:24:00,2026-05-04 12:14:07.000,2026-05-04 12:35:42.000,train,train
2026-05-04 12:27:00,2026-05-04 12:17:07.000,2026-05-04 12:38:42.000,train,train
2026-05-04 12:30:00,2026-05-04 12:20:07.000,2026-05-04 12:41:42.000,train,train
2026-05-04 12:33:00,2026-05-04 12:23:07.000,2026-05-04 12:44:42.000,train,train
2026-05-04 12:36:00,2026-05-04 12:26:07.000,2026-05-04 12:47:42.000,train,train
2026-05-04 12:39:00,2026-05-04 12:29:07.000,2026-05-04 12:50:42.000,validation,train
2026-05-04 12:42:00,2026-05-04 12:32:07.000,2026-05-04 12:53:42.000,train,train
2026-05-04 12:45:00,2026-05-04 12:35:07.000,2026-05-04 12:56:42.000,train,train
2026-05-04 12:48:00,2026-05-04 12:38:07.000,2026-05-04 12:59:42.000,train,train
2026-05-04 12:51:00,2026-05-04 12:41:07.000,2026-05-04 13:02:42.000,train,train
2026-05-04 12:54:00,2026-05-04 12:44:07.000,2026-05-04 13:05:42.000,train,train
2026-05-04 12:57:00,2026-05-04 12:47:07.000,2026-05-04 13:08:42.000,train,train
2026-05-04 13:00:00,2026-05-04 12:50:07.000,2026-05-04 13:11:42.000,validation,train
2026-05-04 13:03:00,2026-05-04 12:53:07.000,2026-05-04 13:14:42.000,validation,train
2026-05-04 13:06:00,2026-05-04 12:56:07.000,2026-05-04 13:17:42.000,train,train
2026-05-04 13:09:00,2026-05-04 12:59:07.000,2026-05-04 13:20:42.000,train,train
2026-05-04 13:12:00,2026-05-04 13:02:07.000,2026-05-04 13:23:42.000,train,train
2026-05-04 13:15:00,2026-05-04 13:05:07.000,2026-05-04 13:26:42.000,train,train
2026-05-04 13:18:00,2026-05-04 13:08:07.000,2026-05-04 13:29:42.000,validation,train
2026-05-04 13:21:00,2026-05-04 13:11:07.000,2026-05-04 13:32:42.000,train,train
2026-05-04 13:24:00,2026-05-04 13:14:07.000,2026-05-04 13:35:42.000,train,train
2026-05-04 13:27:00,2026-05-04 13:17:07.000,2026-05-04 13:38:42.000,train,train
2026-05-04 13:30:00,2026-05-04 13:20:07.000,2026-05-04 13:41:42.000,train,train
2026-05-04 13:33:00,2026-05-04 13:23:07.000,2026-05-04 13:44:42.000,train,train
2026-05-04 13:36:00,2026-05-04 13:26:07.000,2026-05-04 13:47:42.000,train,train
2026-05-04 13:39:00,2026-05-04 13:29:07.000,2026-05-04 13:50:42.000,train,train
2026-05-04 13:42:00,2026-05-04 13:32:07.000,2026-05-04 13:53:42.000,train,train
2026-05-04 13:45:00,2026-05-04 13:35:07.000,2026-05-04 13:56:42.000,train,train
2026-05-04 13:48:00,2026-05-04 13:38:07.000,2026-05-04 13:59:42.000,train,train
2026-05-04 13:51:00,2026-05-04 13:41:07.000,2026-05-04 14:02:42.000,train,train
2026-05-04 13:54:00,2026-05-04 13:44:07.000,2026-05-04 14:05:42.000,train,train
2026-05-04 13:57:00,2026-05-04 13:47:07.000,2026-05-04 14:08:42.000,train,train
2026-05-04 14:00:00,2026-05-04 13:50:07.000,2026-05-04 14:11:42.000,train,train
2026-05-04 14:03:00,2026-05-04 13:53:07.000,2026-05-04 14:14:42.000,train,train
2026-05-04 14:06:00,2026-05-04 13:56:07.000,2026-05-04 14:17:42.000,validation,train
2026-05-04 14:09:00,2026-05-04 13:59:07.000,2026-05-04 14:20:42.000,train,train
2026-05-04 14:12:00,2026-05-04 14:02:07.000,2026-05-04 14:23:42.000,train,train
2026-05-04 14:15:00,2026-05-04 14:05:07.000,2026-05-04 14:26:42.000,train,train
2026-05-04 14:18:00,2026-05-04 14:08:07.000,2026-05-04 14:29:42.000,validation,train
2026-05-04 14:21:00,2026-05-04 14:11:07.000,2026-05-04 14:32:42.000,train,train
2026-05-04 14:24:00,2026-05-04 14:14:07.000,2026-05-04 14:35:42.000,validation,train
2026-05-04 14:27:00,2026-05-04 14:17:07.000,2026-05-04 14:38:42.000,validation,train
2026-05-04 14:30:00,2026-05-04 14:20:07.000,2026-05-04 14:41:42.000,validation,train
2026-05-04 14:33:00,2026-05-04 14:23:07.000,2026-05-04 14:44:42.000,train,train
2026-05-04 14:36:00,2026-05-04 14:26:07.000,2026-05-04 14:47:42.000,validation,train
2026-05-04 14:39:00,2026-05-04 14:29:07.000,2026-05-04 14:50:42.000,train,train
2026-05-04 14:42:00,2026-05-04 14:32:07.000,2026-05-04 14:53:42.000,train,train
2026-05-04 14:45:00,2026-05-04 14:35:07.000,2026-05-04 14:56:42.000,train,train
2026-05-04 14:48:00,2026-05-04 14:38:07.000,2026-05-04 14:59:42.000,train,train
2026-05-04 14:51:00,2026-05-04 14:41:07.000,2026-05-04 15:02:42.000,train,train
2026-05-04 14:54:00,2026-05-04 14:44:07.000,2026-05-04 15:05:42.000,train,train
2026-05-04 14:57:00,2026-05-04 14:47:07.000,2026-05-04 15:08:42.000,validation,train
2026-05-04 15:00:00,2026-05-04 14:50:07.000,2026-05-04 15:11:42.000,validation,train
2026-05-04 15:03:00,2026-05-04 14:53:07.000,2026-05-04 15:14:42.000,train,train
2026-05-04 15:06:00,2026-05-04 14:56:07.000,2026-05-04 15:17:42.000,train,train
2026-05-04 15:09:00,2026-05-04 14:59:07.000,2026-05-04 15:20:42.000,train,train
2026-05-04 15:12:00,2026-05-04 15:02:07.000,2026-05-04 15:23:42.000,validation,train
2026-05-04 15:15:00,2026-05-04 15:05:07.000,2026-05-04 15:26:42.000,train,train
2026-05-04 15:18:00,2026-05-04 15:08:07.000,2026-05-04 15:29:42.000,train,train
2026-05-04 15:21:00,2026-05-04 15:11:07.000,2026-05-04 15:32:42.000,train,train
2026-05-04 15:24:00,2026-05-04 15:14:07.000,2026-05-04 15:35:42.000,train,train
2026-05-04 15:27:00,2026-05-04 15:17:07.000,2026-05-04 15:38:42.000,train,train
2026-05-04 15:30:00,2026-05-04 15:20:07.000,2026-05-04 15:41:42.000,train,train
2026-05-04 15:33:00,2026-05-04 15:23:07.000,2026-05-04 15:44:42.000,train,train
2026-05-04 15:36:00,2026-05-04 15:26:07.000,2026-05-04 15:47:42.000,train,train
2026-05-04 15:39:00,2026-05-04 15:29:07.000,2026-05-04 15:50:42.000,train,train
2026-05-04 15:42:00,2026-05-04 15:32:07.000,2026-05-04 15:53:42.000,train,train
2026-05-04 15:45:00,2026-05-04 15:35:07.000,2026-05-04 15:56:42.000,train,train
2026-05-04 15:48:00,2026-05-04 15:38:07.000,2026-05-04 15:59:42.000,train,train
2026-05-04 15:51:00,2026-05-04 15:41:07.000,2026-05-04 16:02:42.000,train,train
2026-05-04 15:54:00,2026-05-04 15:44:07.000,2026-05-04 16:05:42.000,train,train
2026-05-04 15:57:00,2026-05-04 15:47:07.000,2026-05-04 16:08:42.000,train,train
2026-05-04 16:00:00,2026-05-04 15:50:07.000,2026-05-04 16:11:42.000,train,train
2026-05-04 16:03:00,2026-05-04 15:53:07.000,2026-05-04 16:14:42.000,validation,train
2026-05-04 16:06:00,2026-05-04 15:56:07.000,2026-05-04 16:17:42.000,train,train
2026-05-04 16:09:00,2026-05-04 15:59:07.000,2026-05-04 16:20:42.000,train,train
2026-05-04 16:12:00,2026-05-04 16:02:07.000,2026-05-04 16:23:42.000,train,train
2026-05-04 16:15:00,2026-05-04 16:05:07.000,2026-05-04 16:26:42.000,train,train
2026-05-04 16:18:00,2026-05-04 16:08:07.000,2026-05-04 16:29:42.000,train,train
2026-05-04 16:21:00,2026-05-04 16:11:07.000,2026-05-04 16:32:42.000,train,train
2026-05-04 16:24:00,2026-05-04 16:14:07.000,2026-05-04 16:35:42.000,train,train
2026-05-04 16:27:00,2026-05-04 16:17:07.000,2026-05-04 16:38:42.000,validation,train
2026-05-04 16:30:00,2026-05-04 16:20:07.000,2026-05-04 16:41:42.000,train,train
2026-05-04 16:33:00,2026-05-04 16:23:07.000,2026-05-04 16:44:42.000,train,train
2026-05-04 16:36:00,2026-05-04 16:26:07.000,2026-05-04 16:47:42.000,train,train
2026-05-04 16:39:00,2026-05-04 16:29:07.000,2026-05-04 16:50:42.000,train,train
2026-05-04 16:42:00,2026-05-04 16:32:07.000,2026-05-04 16:53:42.000,train,train
2026-05-04 16:45:00,2026-05-04 16:35:07.000,2026-05-04 16:56:42.000,validation,train
2026-05-04 16:48:00,2026-05-04 16:38:07.000,2026-05-04 16:59:42.000,train,train
2026-05-04 16:51:00,2026-05-04 16:41:07.000,2026-05-04 17:02:42.000,train,train
2026-05-04 16:54:00,2026-05-04 16:44:07.000,2026-05-04 17:05:42.000,train,train
2026-05-04 16:57:00,2026-05-04 16:47:07.000,2026-05-04 17:08:42.000,validation,train
2026-05-04 17:00:00,2026-05-04 16:50:07.000,2026-05-04 17:11:42.000,train,train
2026-05-04 17:03:00,2026-05-04 16:53:07.000,2026-05-04 17:14:42.000,train,train
2026-05-04 17:06:00,2026-05-04 16:56:07.000,2026-05-04 17:17:42.000,train,train
2026-05-04 17:09:00,2026-05-04 16:59:07.000,2026-05-04 17:20:42.000,validation,train
2026-05-04 17:12:00,2026-05-04 17:02:07.000,2026-05-04 17:23:42.000,validation,train
2026-05-04 17:15:00,2026-05-04 17:05:07.000,2026-05-04 17:26:42.000,train,train
2026-05-04 17:18:00,2026-05-04 17:08:07.000,2026-05-04 17:29:42.000,train,train
2026-05-04 17:21:00,2026-05-04 17:11:07.000,2026-05-04 17:32:42.000,validation,train
2026-05-04 17:24:00,2026-05-04 17:14:07.000,2026-05-04 17:35:42.000,train,train
2026-05-04 17:27:00,2026-05-04 17:17:07.000,2026-05-04 17:38:42.000,train,train
2026-05-04 17:30:00,2026-05-04 17:20:07.000,2026-05-04 17:41:42.000,train,train
2026-05-04 17:33:00,2026-05-04 17:23:07.000,2026-05-04 17:44:42.000,validation,train
2026-05-04 17:36:00,2026-05-04 17:26:07.000,2026-05-04 17:47:42.000,train,train
2026-05-04 17:39:00,2026-05-04 17:29:07.000,2026-05-04 17:50:42.000,train,train
2026-05-04 17:42:00,2026-05-04 17:32:07.000,2026-05-04 17:53:42.000,train,train
2026-05-04 17:45:00,2026-05-04 17:35:07.000,2026-05-04 17:56:42.000,train,train
2026-05-04 17:48:00,2026-05-04 17:38:07.000,2026-05-04 17:59:42.000,train,train
2026-05-04 17:51:00,2026-05-04 17:41:07.000,2026-05-04 18:02:42.000,train,train
2026-05-04 17:54:00,2026-05-04 17:44:07.000,2026-05-04 18:05:42.000,train,train
2026-05-04 17:57:00,2026-05-04 17:47:07.000,2026-05-04 18:08:42.000,validation,train
2026-05-04 18:00:00,2026-05-04 17:50:07.000,2026-05-04 18:11:42.000,train,train
2026-05-04 18:03:00,2026-05-04 17:53:07.000,2026-05-04 18:14:42.000,train,train
2026-05-04 18:06:00,2026-05-04 17:56:07.000,2026-05-04 18:17:42.000,train,train
2026-05-04 18:09:00,2026-05-04 17:59:07.000,2026-05-04 18:20:42.000,train,train
2026-05-04 18:12:00,2026-05-04 18:02:07.000,2026-05-04 18:23:42.000,validation,train
2026-05-04 18:15:00,2026-05-04 18:05:07.000,2026-05-04 18:26:42.000,validation,train
2026-05-04 18:18:00,2026-05-04 18:08:07.000,2026-05-04 18:29:42.000,train,train
2026-05-04 18:21:00,2026-05-04 18:11:07.000,2026-05-04 18:32:42.000,train,train
2026-05-04 18:24:00,2026-05-04 18:14:07.000,2026-05-04 18:35:42.000,validation,train
2026-05-04 18:27:00,2026-05-04 18:17:07.000,2026-05-04 18:38:42.000,train,train
2026-05-04 18:30:00,2026-05-04 18:20:07.000,2026-05-04 18:41:42.000,train,train
2026-05-04 18:33:00,2026-05-04 18:23:07.000,2026-05-04 18:44:42.000,train,train
2026-05-04 18:36:00,2026-05-04 18:26:07.000,2026-05-04 18:47:42.000,train,train
2026-05-04 18:39:00,2026-05-04 18:29:07.000,2026-05-04 18:50:42.000,train,train
2026-05-04 18:42:00,2026-05-04 18:32:07.000,2026-05-04 18:53:42.000,train,train
2026-05-04 18:45:00,2026-05-04 18:35:07.000,2026-05-04 18:56:42.000,train,train
2026-05-04 18:48:00,2026-05-04 18:38:07.000,2026-05-04 18:59:42.000,train,train
2026-05-04 18:51:00,2026-05-04 18:41:07.000,2026-05-04 19:02:42.000,train,train
2026-05-04 18:54:00,2026-05-04 18:44:07.000,2026-05-04 19:05:42.000,train,train
2026-05-04 18:57:00,2026-05-04 18:47:07.000,2026-05-04 19:08:42.000,train,train
2026-05-04 19:00:00,2026-05-04 18:50:07.000,2026-05-04 19:11:42.000,train,train
2026-05-04 19:03:00,2026-05-04 18:53:07.000,2026-05-04 19:14:42.000,validation,train
2026-05-04 19:06:00,2026-05-04 18:56:07.000,2026-05-04 19:17:42.000,train,train
2026-05-04 19:09:00,2026-05-04 18:59:07.000,2026-05-04 19:20:42.000,train,train
2026-05-04 19:12:00,2026-05-04 19:02:07.000,2026-05-04 19:23:42.000,train,train
2026-05-04 19:15:00,2026-05-04 19:05:07.000,2026-05-04 19:26:42.000,train,train
2026-05-04 19:18:00,2026-05-04 19:08:07.000,2026-05-04 19:29:42.000,train,train
2026-05-04 19:21:00,2026-05-04 19:11:07.000,2026-05-04 19:32:42.000,train,train
2026-05-04 19:24:00,2026-05-04 19:14:07.000,2026-05-04 19:35:42.000,train,train
2026-05-04 19:27:00,2026-05-04 19:17:07.000,2026-05-04 19:38:42.000,train,train
2026-05-04 19:30:00,2026-05-04 19:20:07.000,2026-05-04 19:41:42.000,train,train
2026-05-04 19:33:00,2026-05-04 19:23:07.000,2026-05-04 19:44:42.000,train,train
2026-05-04 19:36:00,2026-05-04 19:26:07.000,2026-05-04 19:47:42.000,train,train
2026-05-04 19:39:00,2026-05-04 19:29:07.000,2026-05-04 19:50:42.000,validation,train
2026-05-04 19:42:00,2026-05-04 19:32:07.000,2026-05-04 19:53:42.000,train,train
2026-05-04 19:45:00,2026-05-04 19:35:07.000,2026-05-04 19:56:42.000,validation,train
2026-05-04 19:48:00,2026-05-04 19:38:07.000,2026-05-04 19:59:42.000,validation,train
2026-05-04 19:51:00,2026-05-04 19:41:07.000,2026-05-04 20:02:42.000,validation,train
2026-05-04 19:54:00,2026-05-04 19:44:07.000,2026-05-04 20:05:42.000,validation,train
2026-05-04 19:57:00,2026-05-04 19:47:07.000,2026-05-04 20:08:42.000,train,train
2026-05-04 20:00:00,2026-05-04 19:50:07.000,2026-05-04 20:11:42.000,train,train
2026-05-04 20:03:00,2026-05-04 19:53:07.000,2026-05-04 20:14:42.000,train,train
2026-05-04 20:06:00,2026-05-04 19:56:07.000,2026-05-04 20:17:42.000,validation,train
2026-05-04 20:09:00,2026-05-04 19:59:07.000,2026-05-04 20:20:42.000,train,train
2026-05-04 20:12:00,2026-05-04 20:02:07.000,2026-05-04 20:23:42.000,validation,train
2026-05-04 20:15:00,2026-05-04 20:05:07.000,2026-05-04 20:26:42.000,train,train
2026-05-04 20:18:00,2026-05-04 20:08:07.000,2026-05-04 20:29:42.000,train,train
2026-05-04 20:21:00,2026-05-04 20:11:07.000,2026-05-04 20:32:42.000,train,train
2026-05-04 20:24:00,2026-05-04 20:14:07.000,2026-05-04 20:35:42.000,train,train
2026-05-04 20:27:00,2026-05-04 20:17:07.000,2026-05-04 20:38:42.000,train,train
2026-05-04 20:30:00,2026-05-04 20:20:07.000,2026-05-04 20:41:42.000,train,train
2026-05-04 20:33:00,2026-05-04 20:23:07.000,2026-05-04 20:44:42.000,train,train
2026-05-04 20:36:00,2026-05-04 20:26:07.000,2026-05-04 20:47:42.000,train,train
2026-05-04 20:39:00,2026-05-04 20:29:07.000,2026-05-04 20:50:42.000,train,train
2026-05-04 20:42:00,2026-05-04 20:32:07.000,2026-05-04 20:53:42.000,train,train
2026-05-04 20:45:00,2026-05-04 20:35:07.000,2026-05-04 20:56:42.000,validation,train
2026-05-04 20:48:00,2026-05-04 20:38:07.000,2026-05-04 20:59:42.000,train,train
2026-05-04 20:51:00,2026-05-04 20:41:07.000,2026-05-04 21:02:42.000,train,train
2026-05-04 20:54:00,2026-05-04 20:44:07.000,2026-05-04 21:05:42.000,train,train
2026-05-04 20:57:00,2026-05-04 20:47:07.000,2026-05-04 21:08:42.000,train,train
2026-05-04 21:00:00,2026-05-04 20:50:07.000,2026-05-04 21:11:42.000,train,train
2026-05-04 21:03:00,2026-05-04 20:53:07.000,2026-05-04 21:14:42.000,train,train
2026-05-04 21:06:00,2026-05-04 20:56:07.000,2026-05-04 21:17:42.000,validation,train
2026-05-04 21:09:00,2026-05-04 20:59:07.000,2026-05-04 21:20:42.000,train,train
2026-05-04 21:12:00,2026-05-04 21:02:07.000,2026-05-04 21:23:42.000,validation,train
2026-05-04 21:15:00,2026-05-04 21:05:07.000,2026-05-04 21:26:42.000,validation,train
2026-05-04 21:18:00,2026-05-04 21:08:07.000,2026-05-04 21:29:42.000,train,train
2026-05-04 21:21:00,2026-05-04 21:11:07.000,2026-05-04 21:32:42.000,train,train
2026-05-04 21:24:00,2026-05-04 21:14:07.000,2026-05-04 21:35:42.000,train,train
2026-05-04 21:27:00,2026-05-04 21:17:07.000,2026-05-04 21:38:42.000,train,train
2026-05-04 21:30:00,2026-05-04 21:20:07.000,2026-05-04 21:41:42.000,train,train
2026-05-04 21:33:00,2026-05-04 21:23:07.000,2026-05-04 21:44:42.000,validation,train
2026-05-04 21:36:00,2026-05-04 21:26:07.000,2026-05-04 21:47:42.000,train,train
2026-05-04 21:39:00,2026-05-04 21:29:07.000,2026-05-04 21:50:42.000,train,train
2026-05-04 21:42:00,2026-05-04 21:32:07.000,2026-05-04 21:53:42.000,train,train
2026-05-04 21:45:00,2026-05-04 21:35:07.000,2026-05-04 21:56:42.000,train,train
2026-05-04 21:48:00,2026-05-04 21:38:07.000,2026-05-04 21:59:42.000,train,train
2026-05-04 21:51:00,2026-05-04 21:41:07.000,2026-05-04 22:02:44.000,validation,train
2026-05-04 21:54:00,2026-05-04 21:44:07.000,2026-05-04 22:05:44.000,train,train
2026-05-04 21:57:00,2026-05-04 21:47:07.000,2026-05-04 22:08:44.000,train,train
2026-05-04 22:00:00,2026-05-04 21:50:07.000,2026-05-04 22:11:44.000,train,train
2026-05-04 22:03:00,2026-05-04 21:53:07.000,2026-05-04 22:14:44.000,train,train
2026-05-04 22:06:00,2026-05-04 21:56:07.000,2026-05-04 22:17:44.000,train,train
2026-05-04 22:09:00,2026-05-04 21:59:07.000,2026-05-04 22:20:44.000,train,train
2026-05-04 22:12:00,2026-05-04 22:02:08.000,2026-05-04 22:23:44.000,train,train
2026-05-04 22:15:00,2026-05-04 22:05:08.000,2026-05-04 22:26:44.000,train,train
2026-05-04 22:18:00,2026-05-04 22:08:08.000,2026-05-04 22:29:44.000,train,train
2026-05-04 22:21:00,2026-05-04 22:11:08.000,2026-05-04 22:32:44.000,train,train
2026-05-04 22:24:00,2026-05-04 22:14:08.000,2026-05-04 22:35:44.000,validation,train
2026-05-04 22:27:00,2026-05-04 22:17:08.000,2026-05-04 22:38:44.000,train,train
2026-05-04 22:30:00,2026-05-04 22:20:08.000,2026-05-04 22:41:44.000,train,train
2026-05-04 22:33:00,2026-05-04 22:23:08.000,2026-05-04 22:44:44.000,train,train
2026-05-04 22:36:00,2026-05-04 22:26:08.000,2026-05-04 22:47:44.000,train,train
2026-05-04 22:39:00,2026-05-04 22:29:08.000,2026-05-04 22:50:44.000,train,train
2026-05-04 22:42:00,2026-05-04 22:32:08.000,2026-05-04 22:53:44.000,train,train
2026-05-04 22:45:00,2026-05-04 22:35:08.000,2026-05-04 22:56:44.000,train,train
2026-05-04 22:48:00,2026-05-04 22:38:08.000,2026-05-04 22:59:44.000,train,train
2026-05-04 22:51:00,2026-05-04 22:41:08.000,2026-05-04 23:02:44.000,train,train
2026-05-04 22:54:00,2026-05-04 22:44:08.000,2026-05-04 23:05:44.000,train,train
2026-05-04 22:57:00,2026-05-04 22:47:08.000,2026-05-04 23:08:44.000,validation,train
2026-05-04 23:00:00,2026-05-04 22:50:08.000,2026-05-04 23:11:44.000,train,train
2026-05-04 23:03:00,2026-05-04 22:53:08.000,2026-05-04 23:14:44.000,validation,train
2026-05-04 23:06:00,2026-05-04 22:56:08.000,2026-05-04 23:17:44.000,train,train
2026-05-04 23:09:00,2026-05-04 22:59:08.000,2026-05-04 23:20:44.000,validation,train
2026-05-04 23:12:00,2026-05-04 23:02:08.000,2026-05-04 23:23:44.000,train,train
2026-05-04 23:15:00,2026-05-04 23:05:08.000,2026-05-04 23:26:44.000,train,train
2026-05-04 23:18:00,2026-05-04 23:08:08.000,2026-05-04 23:29:44.000,train,train
2026-05-04 23:21:00,2026-05-04 23:11:08.000,2026-05-04 23:32:44.000,train,train
2026-05-04 23:24:00,2026-05-04 23:14:08.000,2026-05-04 23:35:44.000,train,train
2026-05-04 23:27:00,2026-05-04 23:17:08.000,2026-05-04 23:38:44.000,train,train
2026-05-04 23:30:00,2026-05-04 23:20:08.000,2026-05-04 23:41:44.000,train,train
2026-05-04 23:33:00,2026-05-04 23:23:08.000,2026-05-04 23:44:44.000,train,train
2026-05-04 23:36:00,2026-05-04 23:26:08.000,2026-05-04 23:47:44.000,train,train
2026-05-04 23:39:00,2026-05-04 23:29:08.000,2026-05-04 23:50:44.000,train,train
2026-05-04 23:42:00,2026-05-04 23:32:08.000,2026-05-04 23:53:44.000,train,train
2026-05-04 23:45:00,2026-05-04 23:35:08.000,2026-05-04 23:56:44.000,train,train
2026-05-04 23:48:00,2026-05-04 23:38:08.000,2026-05-04 23:59:44.000,train,train
2026-05-04 23:51:00,2026-05-04 23:41:08.000,2026-05-05 00:02:44.000,train,train
2026-05-04 23:54:00,2026-05-04 23:44:08.000,2026-05-05 00:05:44.000,train,train
2026-05-04 23:57:00,2026-05-04 23:47:08.000,2026-05-05 00:08:44.000,train,train
2026-05-05 00:00:00,2026-05-04 23:50:08.000,2026-05-05 00:11:44.000,train,train
2026-05-05 00:03:00,2026-05-04 23:53:08.000,2026-05-05 00:14:44.000,train,train
2026-05-05 00:06:00,2026-05-04 23:56:08.000,2026-05-05 00:17:44.000,train,train
2026-05-05 00:09:00,2026-05-04 23:59:08.000,2026-05-05 00:20:44.000,train,train
2026-05-05 00:12:00,2026-05-05 00:02:08.000,2026-05-05 00:23:44.000,train,train
2026-05-05 00:15:00,2026-05-05 00:05:08.000,2026-05-05 00:26:44.000,train,train
2026-05-05 00:18:00,2026-05-05 00:08:08.000,2026-05-05 00:29:44.000,train,train
2026-05-05 00:21:00,2026-05-05 00:11:08.000,2026-05-05 00:32:44.000,validation,train
2026-05-05 00:24:00,2026-05-05 00:14:08.000,2026-05-05 00:35:44.000,train,train
2026-05-05 00:27:00,2026-05-05 00:17:08.000,2026-05-05 00:38:44.000,validation,train
2026-05-05 00:30:00,2026-05-05 00:20:08.000,2026-05-05 00:41:44.000,train,train
2026-05-05 00:33:00,2026-05-05 00:23:08.000,2026-05-05 00:44:44.000,validation,train
2026-05-05 00:36:00,2026-05-05 00:26:08.000,2026-05-05 00:47:44.000,train,train
2026-05-05 00:39:00,2026-05-05 00:29:08.000,2026-05-05 00:50:44.000,train,train
2026-05-05 00:42:00,2026-05-05 00:32:08.000,2026-05-05 00:53:44.000,train,train
2026-05-05 00:45:00,2026-05-05 00:35:08.000,2026-05-05 00:56:44.000,train,train
2026-05-05 00:48:00,2026-05-05 00:38:08.000,2026-05-05 00:59:44.000,train,train
2026-05-05 00:51:00,2026-05-05 00:41:08.000,2026-05-05 01:02:44.000,train,train
2026-05-05 00:54:00,2026-05-05 00:44:08.000,2026-05-05 01:05:44.000,validation,train
2026-05-05 00:57:00,2026-05-05 00:47:08.000,2026-05-05 01:08:44.000,train,train
2026-05-05 01:00:00,2026-05-05 00:50:08.000,2026-05-05 01:11:44.000,train,train
2026-05-05 01:03:00,2026-05-05 00:53:08.000,2026-05-05 01:14:44.000,train,train
2026-05-05 01:06:00,2026-05-05 00:56:08.000,2026-05-05 01:17:44.000,validation,train
2026-05-05 01:09:00,2026-05-05 00:59:08.000,2026-05-05 01:20:44.000,train,train
2026-05-05 01:12:00,2026-05-05 01:02:08.000,2026-05-05 01:23:44.000,train,train
2026-05-05 01:15:00,2026-05-05 01:05:08.000,2026-05-05 01:26:44.000,train,train
2026-05-05 01:18:00,2026-05-05 01:08:08.000,2026-05-05 01:29:44.000,train,train
2026-05-05 01:21:00,2026-05-05 01:11:08.000,2026-05-05 01:32:44.000,validation,train
2026-05-05 01:24:00,2026-05-05 01:14:08.000,2026-05-05 01:35:44.000,train,train
2026-05-05 01:27:00,2026-05-05 01:17:08.000,2026-05-05 01:38:44.000,train,train
2026-05-05 01:30:00,2026-05-05 01:20:08.000,2026-05-05 01:41:44.000,train,train
2026-05-05 01:33:00,2026-05-05 01:23:08.000,2026-05-05 01:44:44.000,train,train
2026-05-05 01:36:00,2026-05-05 01:26:08.000,2026-05-05 01:47:44.000,train,train
2026-05-05 01:39:00,2026-05-05 01:29:08.000,2026-05-05 01:50:44.000,train,train
2026-05-05 01:42:00,2026-05-05 01:32:08.000,2026-05-05 01:53:44.000,validation,train
2026-05-05 01:45:00,2026-05-05 01:35:08.000,2026-05-05 01:56:44.000,train,train
2026-05-05 01:48:00,2026-05-05 01:38:08.000,2026-05-05 01:59:44.000,validation,train
2026-05-05 01:51:00,2026-05-05 01:41:08.000,2026-05-05 02:02:44.000,train,train
2026-05-05 01:54:00,2026-05-05 01:44:08.000,2026-05-05 02:05:44.000,validation,train
2026-05-05 01:57:00,2026-05-05 01:47:08.000,2026-05-05 02:08:44.000,train,train
2026-05-05 02:00:00,2026-05-05 01:50:08.000,2026-05-05 02:11:44.000,train,train
2026-05-05 02:03:00,2026-05-05 01:53:08.000,2026-05-05 02:14:44.000,train,train
2026-05-05 02:06:00,2026-05-05 01:56:08.000,2026-05-05 02:17:44.000,train,train
2026-05-05 02:09:00,2026-05-05 01:59:08.000,2026-05-05 02:20:43.000,train,train
2026-05-05 02:12:00,2026-05-05 02:02:08.000,2026-05-05 02:23:44.000,train,train
2026-05-05 02:15:00,2026-05-05 02:05:08.000,2026-05-05 02:26:44.000,train,train
2026-05-05 02:18:00,2026-05-05 02:08:08.000,2026-05-05 02:29:44.000,validation,train
2026-05-05 02:21:00,2026-05-05 02:11:08.000,2026-05-05 02:32:43.000,validation,train
2026-05-05 02:24:00,2026-05-05 02:14:08.000,2026-05-05 02:35:43.000,train,train
2026-05-05 02:27:00,2026-05-05 02:17:08.000,2026-05-05 02:38:44.000,train,train
2026-05-05 02:30:00,2026-05-05 02:20:08.000,2026-05-05 02:41:43.000,train,train
2026-05-05 02:33:00,2026-05-05 02:23:08.000,2026-05-05 02:44:43.000,validation,train
2026-05-05 02:36:00,2026-05-05 02:26:08.000,2026-05-05 02:47:43.000,train,train
2026-05-05 02:39:00,2026-05-05 02:29:08.000,2026-05-05 02:50:43.000,train,train
2026-05-05 02:42:00,2026-05-05 02:32:08.000,2026-05-05 02:53:43.000,train,train
2026-05-05 02:45:00,2026-05-05 02:35:08.000,2026-05-05 02:56:43.000,train,train
2026-05-05 02:48:00,2026-05-05 02:38:08.000,2026-05-05 02:59:43.000,train,train
2026-05-05 02:51:00,2026-05-05 02:41:08.000,2026-05-05 03:02:43.000,validation,train
2026-05-05 02:54:00,2026-05-05 02:44:08.000,2026-05-05 03:05:43.000,train,train
2026-05-05 02:57:00,2026-05-05 02:47:08.000,2026-05-05 03:08:43.000,validation,train
2026-05-05 03:00:00,2026-05-05 02:50:08.000,2026-05-05 03:11:43.000,train,train
2026-05-05 03:03:00,2026-05-05 02:53:08.000,2026-05-05 03:14:43.000,train,train
2026-05-05 03:06:00,2026-05-05 02:56:08.000,2026-05-05 03:17:43.000,train,train
2026-05-05 03:09:00,2026-05-05 02:59:08.000,2026-05-05 03:20:43.000,train,train
2026-05-05 03:12:00,2026-05-05 03:02:08.000,2026-05-05 03:23:43.000,train,train
2026-05-05 03:15:00,2026-05-05 03:05:08.000,2026-05-05 03:26:43.000,validation,train
2026-05-05 03:18:00,2026-05-05 03:08:08.000,2026-05-05 03:29:43.000,validation,train
2026-05-05 03:21:00,2026-05-05 03:11:08.000,2026-05-05 03:32:43.000,train,train
2026-05-05 03:24:00,2026-05-05 03:14:08.000,2026-05-05 03:35:43.000,train,train
2026-05-05 03:27:00,2026-05-05 03:17:08.000,2026-05-05 03:38:43.000,train,train
2026-05-05 03:30:00,2026-05-05 03:20:08.000,2026-05-05 03:41:43.000,train,train
2026-05-05 03:33:00,2026-05-05 03:23:08.000,2026-05-05 03:44:43.000,train,train
2026-05-05 03:36:00,2026-05-05 03:26:08.000,2026-05-05 03:47:43.000,train,train
2026-05-05 03:39:00,2026-05-05 03:29:08.000,2026-05-05 03:50:43.000,train,train
2026-05-05 03:42:00,2026-05-05 03:32:08.000,2026-05-05 03:53:43.000,validation,train
2026-05-05 03:45:00,2026-05-05 03:35:08.000,2026-05-05 03:56:43.000,train,train
2026-05-05 03:48:00,2026-05-05 03:38:08.000,2026-05-05 03:59:43.000,train,train
2026-05-05 03:51:00,2026-05-05 03:41:08.000,2026-05-05 04:02:43.000,train,train
2026-05-05 03:54:00,2026-05-05 03:44:08.000,2026-05-05 04:05:43.000,train,train
2026-05-05 03:57:00,2026-05-05 03:47:08.000,2026-05-05 04:08:43.000,train,train
2026-05-05 04:00:00,2026-05-05 03:50:08.000,2026-05-05 04:11:43.000,train,train
2026-05-05 04:03:00,2026-05-05 03:53:08.000,2026-05-05 04:14:43.000,train,train
2026-05-05 04:06:00,2026-05-05 03:56:08.000,2026-05-05 04:17:43.000,train,train
2026-05-05 04:09:00,2026-05-05 03:59:08.000,2026-05-05 04:20:43.000,train,train
2026-05-05 04:12:00,2026-05-05 04:02:08.000,2026-05-05 04:23:43.000,train,train
2026-05-05 04:15:00,2026-05-05 04:05:08.000,2026-05-05 04:26:43.000,train,train
2026-05-05 04:18:00,2026-05-05 04:08:08.000,2026-05-05 04:29:43.000,train,train
2026-05-05 04:21:00,2026-05-05 04:11:08.000,2026-05-05 04:32:43.000,train,train
2026-05-05 04:24:00,2026-05-05 04:14:08.000,2026-05-05 04:35:43.000,train,train
2026-05-05 04:27:00,2026-05-05 04:17:08.000,2026-05-05 04:38:43.000,train,train
2026-05-05 04:30:00,2026-05-05 04:20:08.000,2026-05-05 04:41:43.000,train,train
2026-05-05 04:33:00,2026-05-05 04:23:08.000,2026-05-05 04:44:43.000,validation,train
2026-05-05 04:36:00,2026-05-05 04:26:08.000,2026-05-05 04:47:43.000,train,train
2026-05-05 04:39:00,2026-05-05 04:29:08.000,2026-05-05 04:50:43.000,validation,train
2026-05-05 04:42:00,2026-05-05 04:32:08.000,2026-05-05 04:53:43.000,train,train
2026-05-05 04:45:00,2026-05-05 04:35:08.000,2026-05-05 04:56:43.000,train,train
2026-05-05 04:48:00,2026-05-05 04:38:08.000,2026-05-05 04:59:43.000,validation,train
2026-05-05 04:51:00,2026-05-05 04:41:08.000,2026-05-05 05:02:43.000,train,train
2026-05-05 04:54:00,2026-05-05 04:44:08.000,2026-05-05 05:05:43.000,train,train
2026-05-05 04:57:00,2026-05-05 04:47:08.000,2026-05-05 05:08:43.000,train,train
2026-05-05 05:00:00,2026-05-05 04:50:08.000,2026-05-05 05:11:43.000,train,train
2026-05-05 05:03:00,2026-05-05 04:53:08.000,2026-05-05 05:14:43.000,validation,train
2026-05-05 05:06:00,2026-05-05 04:56:08.000,2026-05-05 05:17:43.000,train,train
2026-05-05 05:09:00,2026-05-05 04:59:08.000,2026-05-05 05:20:43.000,train,train
2026-05-05 05:12:00,2026-05-05 05:02:08.000,2026-05-05 05:23:43.000,train,train
2026-05-05 05:15:00,2026-05-05 05:05:08.000,2026-05-05 05:26:43.000,validation,train
2026-05-05 05:18:00,2026-05-05 05:08:08.000,2026-05-05 05:29:43.000,train,train
2026-05-05 05:21:00,2026-05-05 05:11:08.000,2026-05-05 05:32:43.000,train,train
2026-05-05 05:24:00,2026-05-05 05:14:08.000,2026-05-05 05:35:43.000,train,train
2026-05-05 05:27:00,2026-05-05 05:17:08.000,2026-05-05 05:38:43.000,train,train
2026-05-05 05:30:00,2026-05-05 05:20:08.000,2026-05-05 05:41:43.000,train,train
2026-05-05 05:33:00,2026-05-05 05:23:08.000,2026-05-05 05:44:43.000,validation,train
2026-05-05 05:36:00,2026-05-05 05:26:08.000,2026-05-05 05:47:43.000,train,train
2026-05-05 05:39:00,2026-05-05 05:29:08.000,2026-05-05 05:50:43.000,train,train
2026-05-05 05:42:00,2026-05-05 05:32:08.000,2026-05-05 05:53:43.000,train,train
2026-05-05 05:45:00,2026-05-05 05:35:08.000,2026-05-05 05:56:43.000,train,train
2026-05-05 05:48:00,2026-05-05 05:38:08.000,2026-05-05 05:59:43.000,train,train
2026-05-05 05:51:00,2026-05-05 05:41:08.000,2026-05-05 06:02:43.000,train,train
2026-05-05 05:54:00,2026-05-05 05:44:08.000,2026-05-05 06:05:43.000,validation,train
2026-05-05 05:57:00,2026-05-05 05:47:08.000,2026-05-05 06:08:43.000,validation,train
2026-05-05 06:00:00,2026-05-05 05:50:08.000,2026-05-05 06:11:43.000,train,train
2026-05-05 06:03:00,2026-05-05 05:53:08.000,2026-05-05 06:14:43.000,train,train
2026-05-05 06:06:00,2026-05-05 05:56:08.000,2026-05-05 06:17:43.000,train,train
2026-05-05 06:09:00,2026-05-05 05:59:08.000,2026-05-05 06:20:43.000,train,train
2026-05-05 06:12:00,2026-05-05 06:02:08.000,2026-05-05 06:23:43.000,validation,train
2026-05-05 06:15:00,2026-05-05 06:05:08.000,2026-05-05 06:26:43.000,train,train
2026-05-05 06:18:00,2026-05-05 06:08:08.000,2026-05-05 06:29:43.000,train,train
2026-05-05 06:21:00,2026-05-05 06:11:08.000,2026-05-05 06:32:43.000,train,train
2026-05-05 06:24:00,2026-05-05 06:14:08.000,2026-05-05 06:35:43.000,train,train
2026-05-05 06:27:00,2026-05-05 06:17:08.000,2026-05-05 06:38:43.000,train,train
2026-05-05 06:30:00,2026-05-05 06:20:08.000,2026-05-05 06:41:43.000,validation,train
2026-05-05 06:33:00,2026-05-05 06:23:08.000,2026-05-05 06:44:43.000,train,train
2026-05-05 06:36:00,2026-05-05 06:26:08.000,2026-05-05 06:47:43.000,train,train
2026-05-05 06:39:00,2026-05-05 06:29:08.000,2026-05-05 06:50:43.000,train,train
2026-05-05 06:42:00,2026-05-05 06:32:08.000,2026-05-05 06:53:43.000,train,train
2026-05-05 06:45:00,2026-05-05 06:35:08.000,2026-05-05 06:56:43.000,train,train
2026-05-05 06:48:00,2026-05-05 06:38:08.000,2026-05-05 06:59:43.000,validation,train
2026-05-05 06:51:00,2026-05-05 06:41:08.000,2026-05-05 07:02:43.000,train,train
2026-05-05 06:54:00,2026-05-05 06:44:08.000,2026-05-05 07:05:43.000,train,train
2026-05-05 06:57:00,2026-05-05 06:47:08.000,2026-05-05 07:08:43.000,train,train
2026-05-05 07:00:00,2026-05-05 06:50:08.000,2026-05-05 07:11:43.000,train,train
2026-05-05 07:03:00,2026-05-05 06:53:08.000,2026-05-05 07:14:43.000,train,train
2026-05-05 07:06:00,2026-05-05 06:56:08.000,2026-05-05 07:17:43.000,train,train
2026-05-05 07:09:00,2026-05-05 06:59:08.000,2026-05-05 07:20:43.000,train,train
2026-05-05 07:12:00,2026-05-05 07:02:08.000,2026-05-05 07:23:43.000,train,train
2026-05-05 07:15:00,2026-05-05 07:05:08.000,2026-05-05 07:26:43.000,train,train
2026-05-05 07:18:00,2026-05-05 07:08:08.000,2026-05-05 07:29:43.000,train,train
2026-05-05 07:21:00,2026-05-05 07:11:08.000,2026-05-05 07:32:43.000,train,train
2026-05-05 07:24:00,2026-05-05 07:14:08.000,2026-05-05 07:35:43.000,train,train
2026-05-05 07:27:00,2026-05-05 07:17:08.000,2026-05-05 07:38:43.000,train,train
2026-05-05 07:30:00,2026-05-05 07:20:08.000,2026-05-05 07:41:43.000,validation,train
2026-05-05 07:33:00,2026-05-05 07:23:08.000,2026-05-05 07:44:43.000,train,train
2026-05-05 07:36:00,2026-05-05 07:26:08.000,2026-05-05 07:47:43.000,train,train
2026-05-05 07:39:00,2026-05-05 07:29:08.000,2026-05-05 07:50:43.000,train,train
2026-05-05 07:42:00,2026-05-05 07:32:08.000,2026-05-05 07:53:43.000,train,train
2026-05-05 07:45:00,2026-05-05 07:35:08.000,2026-05-05 07:56:43.000,train,train
2026-05-05 07:48:00,2026-05-05 07:38:08.000,2026-05-05 07:59:43.000,train,train
2026-05-05 07:51:00,2026-05-05 07:41:08.000,2026-05-05 08:02:43.000,train,train
2026-05-05 07:54:00,2026-05-05 07:44:08.000,2026-05-05 08:05:43.000,train,train
2026-05-05 07:57:00,2026-05-05 07:47:08.000,2026-05-05 08:08:43.000,train,train
2026-05-05 08:00:00,2026-05-05 07:50:08.000,2026-05-05 08:11:43.000,train,train
2026-05-05 08:03:00,2026-05-05 07:53:08.000,2026-05-05 08:14:43.000,train,train
2026-05-05 08:06:00,2026-05-05 07:56:08.000,2026-05-05 08:17:43.000,train,train
2026-05-05 08:09:00,2026-05-05 07:59:08.000,2026-05-05 08:20:43.000,train,train
2026-05-05 08:12:00,2026-05-05 08:02:08.000,2026-05-05 08:23:43.000,validation,train
2026-05-05 08:15:00,2026-05-05 08:05:08.000,2026-05-05 08:26:43.000,train,train
2026-05-05 08:18:00,2026-05-05 08:08:08.000,2026-05-05 08:29:43.000,train,train
2026-05-05 08:21:00,2026-05-05 08:11:08.000,2026-05-05 08:32:43.000,train,train
2026-05-05 08:24:00,2026-05-05 08:14:08.000,2026-05-05 08:35:43.000,train,train
2026-05-05 08:27:00,2026-05-05 08:17:08.000,2026-05-05 08:38:43.000,validation,train
2026-05-05 08:30:00,2026-05-05 08:20:08.000,2026-05-05 08:41:43.000,train,train
2026-05-05 08:33:00,2026-05-05 08:23:08.000,2026-05-05 08:44:43.000,validation,train
2026-05-05 08:36:00,2026-05-05 08:26:08.000,2026-05-05 08:47:43.000,train,train
2026-05-05 08:39:00,2026-05-05 08:29:08.000,2026-05-05 08:50:43.000,train,train
2026-05-05 08:42:00,2026-05-05 08:32:08.000,2026-05-05 08:53:43.000,train,train
2026-05-05 08:45:00,2026-05-05 08:35:08.000,2026-05-05 08:56:43.000,train,train
2026-05-05 08:48:00,2026-05-05 08:38:08.000,2026-05-05 08:59:43.000,train,train
2026-05-05 08:51:00,2026-05-05 08:41:08.000,2026-05-05 09:02:43.000,train,train
2026-05-05 08:54:00,2026-05-05 08:44:08.000,2026-05-05 09:05:43.000,train,train
2026-05-05 08:57:00,2026-05-05 08:47:08.000,2026-05-05 09:08:43.000,train,train
2026-05-05 09:00:00,2026-05-05 08:50:08.000,2026-05-05 09:11:43.000,validation,train
2026-05-05 09:03:00,2026-05-05 08:53:08.000,2026-05-05 09:14:43.000,train,train
2026-05-05 09:06:00,2026-05-05 08:56:08.000,2026-05-05 09:17:43.000,train,train
2026-05-05 09:09:00,2026-05-05 08:59:08.000,2026-05-05 09:20:43.000,train,train
2026-05-05 09:12:00,2026-05-05 09:02:08.000,2026-05-05 09:23:43.000,train,train
2026-05-05 09:15:00,2026-05-05 09:05:08.000,2026-05-05 09:26:43.000,train,train
2026-05-05 09:18:00,2026-05-05 09:08:08.000,2026-05-05 09:29:43.000,train,train
2026-05-05 09:21:00,2026-05-05 09:11:08.000,2026-05-05 09:32:43.000,train,train
2026-05-05 09:24:00,2026-05-05 09:14:08.000,2026-05-05 09:35:43.000,train,train
2026-05-05 09:27:00,2026-05-05 09:17:08.000,2026-05-05 09:38:43.000,train,train
2026-05-05 09:30:00,2026-05-05 09:20:08.000,2026-05-05 09:41:43.000,train,train
2026-05-05 09:33:00,2026-05-05 09:23:08.000,2026-05-05 09:44:43.000,train,train
2026-05-05 09:36:00,2026-05-05 09:26:08.000,2026-05-05 09:47:43.000,train,train
2026-05-05 09:39:00,2026-05-05 09:29:08.000,2026-05-05 09:50:43.000,train,train
2026-05-05 09:42:00,2026-05-05 09:32:08.000,2026-05-05 09:53:43.000,train,train
2026-05-05 09:45:00,2026-05-05 09:35:08.000,2026-05-05 09:56:43.000,train,train
2026-05-05 09:48:00,2026-05-05 09:38:08.000,2026-05-05 09:59:43.000,train,train
2026-05-05 09:51:00,2026-05-05 09:41:08.000,2026-05-05 10:02:43.000,train,train
2026-05-05 09:54:00,2026-05-05 09:44:08.000,2026-05-05 10:05:43.000,train,train
2026-05-05 09:57:00,2026-05-05 09:47:08.000,2026-05-05 10:08:43.000,train,train
2026-05-05 10:00:00,2026-05-05 09:50:08.000,2026-05-05 10:11:43.000,train,train
2026-05-05 10:03:00,2026-05-05 09:53:08.000,2026-05-05 10:14:43.000,train,train
2026-05-05 10:06:00,2026-05-05 09:56:08.000,2026-05-05 10:17:43.000,train,train
2026-05-05 10:09:00,2026-05-05 09:59:08.000,2026-05-05 10:20:43.000,train,train
2026-05-05 10:12:00,2026-05-05 10:02:08.000,2026-05-05 10:23:43.000,train,train
2026-05-05 10:15:00,2026-05-05 10:05:08.000,2026-05-05 10:26:43.000,train,train
2026-05-05 10:18:00,2026-05-05 10:08:08.000,2026-05-05 10:29:43.000,train,train
2026-05-05 10:21:00,2026-05-05 10:11:08.000,2026-05-05 10:32:43.000,train,train
2026-05-05 10:24:00,2026-05-05 10:14:08.000,2026-05-05 10:35:43.000,validation,train
2026-05-05 10:27:00,2026-05-05 10:17:08.000,2026-05-05 10:38:43.000,train,train
2026-05-05 10:30:00,2026-05-05 10:20:08.000,2026-05-05 10:41:43.000,train,train
2026-05-05 10:33:00,2026-05-05 10:23:08.000,2026-05-05 10:44:43.000,train,train
2026-05-05 10:36:00,2026-05-05 10:26:08.000,2026-05-05 10:47:43.000,train,train
2026-05-05 10:39:00,2026-05-05 10:29:08.000,2026-05-05 10:50:43.000,train,train
2026-05-05 10:42:00,2026-05-05 10:32:08.000,2026-05-05 10:53:43.000,train,train
2026-05-05 10:45:00,2026-05-05 10:35:08.000,2026-05-05 10:56:43.000,train,train
2026-05-05 10:48:00,2026-05-05 10:38:08.000,2026-05-05 10:59:43.000,validation,train
2026-05-05 10:51:00,2026-05-05 10:41:08.000,2026-05-05 11:02:43.000,train,train
2026-05-05 10:54:00,2026-05-05 10:44:08.000,2026-05-05 11:05:43.000,train,train
2026-05-05 10:57:00,2026-05-05 10:47:08.000,2026-05-05 11:08:43.000,train,train
2026-05-05 11:00:00,2026-05-05 10:50:08.000,2026-05-05 11:11:43.000,train,train
2026-05-05 11:03:00,2026-05-05 10:53:08.000,2026-05-05 11:14:43.000,validation,train
2026-05-05 11:06:00,2026-05-05 10:56:08.000,2026-05-05 11:17:43.000,train,train
2026-05-05 11:09:00,2026-05-05 10:59:08.000,2026-05-05 11:20:43.000,train,train
2026-05-05 11:12:00,2026-05-05 11:02:08.000,2026-05-05 11:23:43.000,train,train
2026-05-05 11:15:00,2026-05-05 11:05:08.000,2026-05-05 11:26:43.000,train,train
2026-05-05 11:18:00,2026-05-05 11:08:08.000,2026-05-05 11:29:43.000,train,train
2026-05-05 11:21:00,2026-05-05 11:11:08.000,2026-05-05 11:32:43.000,train,train
2026-05-05 11:24:00,2026-05-05 11:14:08.000,2026-05-05 11:35:43.000,train,train
2026-05-05 11:27:00,2026-05-05 11:17:08.000,2026-05-05 11:38:43.000,train,train
2026-05-05 11:30:00,2026-05-05 11:20:08.000,2026-05-05 11:41:43.000,validation,train
2026-05-05 11:33:00,2026-05-05 11:23:08.000,2026-05-05 11:44:43.000,train,train
2026-05-05 11:36:00,2026-05-05 11:26:08.000,2026-05-05 11:47:43.000,validation,train
2026-05-05 11:39:00,2026-05-05 11:29:08.000,2026-05-05 11:50:43.000,train,train
2026-05-05 11:42:00,2026-05-05 11:32:08.000,2026-05-05 11:53:43.000,train,train
2026-05-05 11:45:00,2026-05-05 11:35:08.000,2026-05-05 11:56:43.000,train,train
2026-05-05 11:48:00,2026-05-05 11:38:08.000,2026-05-05 11:59:43.000,train,train
2026-05-05 11:51:00,2026-05-05 11:41:08.000,2026-05-05 12:02:43.000,train,train
2026-05-05 11:54:00,2026-05-05 11:44:08.000,2026-05-05 12:05:43.000,train,train
2026-05-05 11:57:00,2026-05-05 11:47:08.000,2026-05-05 12:08:43.000,train,train
2026-05-05 12:00:00,2026-05-05 11:50:08.000,2026-05-05 12:11:43.000,train,train
2026-05-05 12:03:00,2026-05-05 11:53:08.000,2026-05-05 12:14:43.000,train,train
2026-05-05 12:06:00,2026-05-05 11:56:08.000,2026-05-05 12:17:43.000,train,train
2026-05-05 12:09:00,2026-05-05 11:59:08.000,2026-05-05 12:20:43.000,train,train
2026-05-05 12:12:00,2026-05-05 12:02:08.000,2026-05-05 12:23:43.000,validation,train
2026-05-05 12:15:00,2026-05-05 12:05:08.000,2026-05-05 12:26:43.000,train,train
2026-05-05 12:18:00,2026-05-05 12:08:08.000,2026-05-05 12:29:43.000,train,train
2026-05-05 12:21:00,2026-05-05 12:11:08.000,2026-05-05 12:32:43.000,train,train
2026-05-05 12:24:00,2026-05-05 12:14:08.000,2026-05-05 12:35:43.000,train,train
2026-05-05 12:27:00,2026-05-05 12:17:08.000,2026-05-05 12:38:43.000,train,train
2026-05-05 12:30:00,2026-05-05 12:20:08.000,2026-05-05 12:41:43.000,train,train
2026-05-05 12:33:00,2026-05-05 12:23:08.000,2026-05-05 12:44:43.000,validation,train
2026-05-05 12:36:00,2026-05-05 12:26:08.000,2026-05-05 12:47:43.000,train,train
2026-05-05 12:39:00,2026-05-05 12:29:08.000,2026-05-05 12:50:43.000,train,train
2026-05-05 12:42:00,2026-05-05 12:32:08.000,2026-05-05 12:53:43.000,validation,train
2026-05-05 12:45:00,2026-05-05 12:35:08.000,2026-05-05 12:56:43.000,train,train
2026-05-05 12:48:00,2026-05-05 12:38:08.000,2026-05-05 12:59:43.000,validation,train
2026-05-05 12:51:00,2026-05-05 12:41:08.000,2026-05-05 13:02:43.000,validation,train
2026-05-05 12:54:00,2026-05-05 12:44:08.000,2026-05-05 13:05:43.000,train,train
2026-05-05 12:57:00,2026-05-05 12:47:08.000,2026-05-05 13:08:43.000,train,train
2026-05-05 13:00:00,2026-05-05 12:50:08.000,2026-05-05 13:11:43.000,train,train
2026-05-05 13:03:00,2026-05-05 12:53:08.000,2026-05-05 13:14:43.000,train,train
2026-05-05 13:06:00,2026-05-05 12:56:08.000,2026-05-05 13:17:43.000,validation,train
2026-05-05 13:09:00,2026-05-05 12:59:08.000,2026-05-05 13:20:43.000,train,train
2026-05-05 13:12:00,2026-05-05 13:02:08.000,2026-05-05 13:23:43.000,train,train
2026-05-05 13:15:00,2026-05-05 13:05:08.000,2026-05-05 13:26:43.000,train,train
2026-05-05 13:18:00,2026-05-05 13:08:08.000,2026-05-05 13:29:43.000,train,train
2026-05-05 13:21:00,2026-05-05 13:11:08.000,2026-05-05 13:32:43.000,validation,train
2026-05-05 13:24:00,2026-05-05 13:14:08.000,2026-05-05 13:35:43.000,train,train
2026-05-05 13:27:00,2026-05-05 13:17:08.000,2026-05-05 13:38:43.000,train,train
2026-05-05 13:30:00,2026-05-05 13:20:08.000,2026-05-05 13:41:43.000,train,train
2026-05-05 13:33:00,2026-05-05 13:23:08.000,2026-05-05 13:44:43.000,train,train
2026-05-05 13:36:00,2026-05-05 13:26:08.000,2026-05-05 13:47:43.000,train,train
2026-05-05 13:39:00,2026-05-05 13:29:08.000,2026-05-05 13:50:43.000,train,train
2026-05-05 13:42:00,2026-05-05 13:32:08.000,2026-05-05 13:53:43.000,train,train
2026-05-05 13:45:00,2026-05-05 13:35:08.000,2026-05-05 13:56:43.000,train,train
2026-05-05 13:48:00,2026-05-05 13:38:08.000,2026-05-05 13:59:43.000,train,train
2026-05-05 13:51:00,2026-05-05 13:41:08.000,2026-05-05 14:02:43.000,train,train
2026-05-05 13:54:00,2026-05-05 13:44:08.000,2026-05-05 14:05:43.000,train,train
2026-05-05 13:57:00,2026-05-05 13:47:08.000,2026-05-05 14:08:43.000,train,train
2026-05-05 14:00:00,2026-05-05 13:50:08.000,2026-05-05 14:11:43.000,train,train
2026-05-05 14:03:00,2026-05-05 13:53:08.000,2026-05-05 14:14:43.000,validation,train
2026-05-05 14:06:00,2026-05-05 13:56:08.000,2026-05-05 14:17:43.000,train,train
2026-05-05 14:09:00,2026-05-05 13:59:08.000,2026-05-05 14:20:43.000,train,train
2026-05-05 14:12:00,2026-05-05 14:02:08.000,2026-05-05 14:23:43.000,train,train
2026-05-05 14:15:00,2026-05-05 14:05:08.000,2026-05-05 14:26:43.000,train,train
2026-05-05 14:18:00,2026-05-05 14:08:08.000,2026-05-05 14:29:43.000,train,train
2026-05-05 14:21:00,2026-05-05 14:11:08.000,2026-05-05 14:32:43.000,train,train
2026-05-05 14:24:00,2026-05-05 14:14:08.000,2026-05-05 14:35:43.000,train,train
2026-05-05 14:27:00,2026-05-05 14:17:08.000,2026-05-05 14:38:43.000,train,train
2026-05-05 14:30:00,2026-05-05 14:20:08.000,2026-05-05 14:41:43.000,train,train
2026-05-05 14:33:00,2026-05-05 14:23:08.000,2026-05-05 14:44:43.000,train,train
2026-05-05 14:36:00,2026-05-05 14:26:08.000,2026-05-05 14:47:43.000,validation,train
2026-05-05 14:39:00,2026-05-05 14:29:08.000,2026-05-05 14:50:43.000,train,train
2026-05-05 14:42:00,2026-05-05 14:32:08.000,2026-05-05 14:53:43.000,train,train
2026-05-05 14:45:00,2026-05-05 14:35:08.000,2026-05-05 14:56:43.000,train,train
2026-05-05 14:48:00,2026-05-05 14:38:08.000,2026-05-05 14:59:43.000,train,train
2026-05-05 14:51:00,2026-05-05 14:41:08.000,2026-05-05 15:02:43.000,train,train
2026-05-05 14:54:00,2026-05-05 14:44:08.000,2026-05-05 15:05:43.000,train,train
2026-05-05 14:57:00,2026-05-05 14:47:08.000,2026-05-05 15:08:43.000,train,train
2026-05-05 15:00:00,2026-05-05 14:50:08.000,2026-05-05 15:11:43.000,train,train
2026-05-05 15:03:00,2026-05-05 14:53:08.000,2026-05-05 15:14:43.000,train,train
2026-05-05 15:06:00,2026-05-05 14:56:08.000,2026-05-05 15:17:43.000,train,train
2026-05-05 15:09:00,2026-05-05 14:59:08.000,2026-05-05 15:20:43.000,train,train
2026-05-05 15:12:00,2026-05-05 15:02:08.000,2026-05-05 15:23:43.000,train,train
2026-05-05 15:15:00,2026-05-05 15:05:08.000,2026-05-05 15:26:43.000,validation,train
2026-05-05 15:18:00,2026-05-05 15:08:08.000,2026-05-05 15:29:43.000,train,train
2026-05-05 15:21:00,2026-05-05 15:11:08.000,2026-05-05 15:32:43.000,train,train
2026-05-05 15:24:00,2026-05-05 15:14:08.000,2026-05-05 15:35:43.000,train,train
2026-05-05 15:27:00,2026-05-05 15:17:08.000,2026-05-05 15:38:43.000,train,train
2026-05-05 15:30:00,2026-05-05 15:20:08.000,2026-05-05 15:41:43.000,train,train
2026-05-05 15:33:00,2026-05-05 15:23:08.000,2026-05-05 15:44:43.000,train,train
2026-05-05 15:36:00,2026-05-05 15:26:08.000,2026-05-05 15:47:43.000,validation,train
2026-05-05 15:39:00,2026-05-05 15:29:08.000,2026-05-05 15:50:43.000,train,train
2026-05-05 15:42:00,2026-05-05 15:32:08.000,2026-05-05 15:53:43.000,validation,train
2026-05-05 15:45:00,2026-05-05 15:35:08.000,2026-05-05 15:56:43.000,train,train
2026-05-05 15:48:00,2026-05-05 15:38:08.000,2026-05-05 15:59:43.000,validation,train
2026-05-05 15:51:00,2026-05-05 15:41:08.000,2026-05-05 16:02:43.000,train,train
2026-05-05 15:54:00,2026-05-05 15:44:08.000,2026-05-05 16:05:43.000,train,train
2026-05-05 15:57:00,2026-05-05 15:47:08.000,2026-05-05 16:08:43.000,train,train
2026-05-05 16:00:00,2026-05-05 15:50:08.000,2026-05-05 16:11:43.000,train,train
2026-05-05 16:03:00,2026-05-05 15:53:08.000,2026-05-05 16:14:43.000,train,train
2026-05-05 16:06:00,2026-05-05 15:56:08.000,2026-05-05 16:17:43.000,validation,train
2026-05-05 16:09:00,2026-05-05 15:59:08.000,2026-05-05 16:20:43.000,train,train
2026-05-05 16:12:00,2026-05-05 16:02:08.000,2026-05-05 16:23:43.000,train,train
2026-05-05 16:15:00,2026-05-05 16:05:08.000,2026-05-05 16:26:43.000,train,train
2026-05-05 16:18:00,2026-05-05 16:08:08.000,2026-05-05 16:29:43.000,train,train
2026-05-05 16:21:00,2026-05-05 16:11:08.000,2026-05-05 16:32:43.000,train,train
2026-05-05 16:24:00,2026-05-05 16:14:08.000,2026-05-05 16:35:43.000,train,train
2026-05-05 16:27:00,2026-05-05 16:17:08.000,2026-05-05 16:38:43.000,train,train
2026-05-05 16:30:00,2026-05-05 16:20:08.000,2026-05-05 16:41:43.000,train,train
2026-05-05 16:33:00,2026-05-05 16:23:08.000,2026-05-05 16:44:43.000,train,train
2026-05-05 16:36:00,2026-05-05 16:26:08.000,2026-05-05 16:47:43.000,validation,train
2026-05-05 16:39:00,2026-05-05 16:29:08.000,2026-05-05 16:50:43.000,validation,train
2026-05-05 16:42:00,2026-05-05 16:32:08.000,2026-05-05 16:53:43.000,train,train
2026-05-05 16:45:00,2026-05-05 16:35:08.000,2026-05-05 16:56:43.000,train,train
2026-05-05 16:48:00,2026-05-05 16:38:08.000,2026-05-05 16:59:43.000,train,train
2026-05-05 16:51:00,2026-05-05 16:41:08.000,2026-05-05 17:02:43.000,train,train
2026-05-05 16:54:00,2026-05-05 16:44:08.000,2026-05-05 17:05:43.000,train,train
2026-05-05 16:57:00,2026-05-05 16:47:08.000,2026-05-05 17:08:43.000,train,train
2026-05-05 17:00:00,2026-05-05 16:50:08.000,2026-05-05 17:11:43.000,train,train
2026-05-05 17:03:00,2026-05-05 16:53:08.000,2026-05-05 17:14:43.000,validation,train
2026-05-05 17:06:00,2026-05-05 16:56:08.000,2026-05-05 17:17:43.000,train,train
2026-05-05 17:09:00,2026-05-05 16:59:08.000,2026-05-05 17:20:43.000,train,train
2026-05-05 17:12:00,2026-05-05 17:02:08.000,2026-05-05 17:23:43.000,train,train
2026-05-05 17:15:00,2026-05-05 17:05:08.000,2026-05-05 17:26:43.000,train,train
2026-05-05 17:18:00,2026-05-05 17:08:08.000,2026-05-05 17:29:43.000,train,train
2026-05-05 17:21:00,2026-05-05 17:11:08.000,2026-05-05 17:32:43.000,validation,train
2026-05-05 17:24:00,2026-05-05 17:14:08.000,2026-05-05 17:35:43.000,train,train
2026-05-05 17:27:00,2026-05-05 17:17:08.000,2026-05-05 17:38:43.000,train,train
2026-05-05 17:30:00,2026-05-05 17:20:08.000,2026-05-05 17:41:43.000,train,train
2026-05-05 17:33:00,2026-05-05 17:23:08.000,2026-05-05 17:44:43.000,train,train
2026-05-05 17:36:00,2026-05-05 17:26:08.000,2026-05-05 17:47:43.000,train,train
2026-05-05 17:39:00,2026-05-05 17:29:08.000,2026-05-05 17:50:43.000,train,train
2026-05-05 17:42:00,2026-05-05 17:32:08.000,2026-05-05 17:53:43.000,train,train
2026-05-05 17:45:00,2026-05-05 17:35:08.000,2026-05-05 17:56:43.000,train,train
2026-05-05 17:48:00,2026-05-05 17:38:08.000,2026-05-05 17:59:43.000,validation,train
2026-05-05 17:51:00,2026-05-05 17:41:08.000,2026-05-05 18:02:43.000,train,train
2026-05-05 17:54:00,2026-05-05 17:44:08.000,2026-05-05 18:05:43.000,train,train
2026-05-05 17:57:00,2026-05-05 17:47:08.000,2026-05-05 18:08:43.000,train,train
2026-05-05 18:00:00,2026-05-05 17:50:08.000,2026-05-05 18:11:43.000,train,train
2026-05-05 18:03:00,2026-05-05 17:53:08.000,2026-05-05 18:14:43.000,train,train
2026-05-05 18:06:00,2026-05-05 17:56:08.000,2026-05-05 18:17:43.000,train,train
2026-05-05 18:09:00,2026-05-05 17:59:08.000,2026-05-05 18:20:43.000,train,train
2026-05-05 18:12:00,2026-05-05 18:02:08.000,2026-05-05 18:23:43.000,train,train
2026-05-05 18:15:00,2026-05-05 18:05:08.000,2026-05-05 18:26:43.000,train,train
2026-05-05 18:18:00,2026-05-05 18:08:08.000,2026-05-05 18:29:43.000,train,train
2026-05-05 18:21:00,2026-05-05 18:11:08.000,2026-05-05 18:32:43.000,train,train
2026-05-05 18:24:00,2026-05-05 18:14:08.000,2026-05-05 18:35:43.000,train,train
2026-05-05 18:27:00,2026-05-05 18:17:08.000,2026-05-05 18:38:43.000,train,train
2026-05-05 18:30:00,2026-05-05 18:20:08.000,2026-05-05 18:41:43.000,train,train
2026-05-05 18:33:00,2026-05-05 18:23:08.000,2026-05-05 18:44:43.000,train,train
2026-05-05 18:36:00,2026-05-05 18:26:08.000,2026-05-05 18:47:43.000,validation,train
2026-05-05 18:39:00,2026-05-05 18:29:08.000,2026-05-05 18:50:43.000,train,train
2026-05-05 18:42:00,2026-05-05 18:32:08.000,2026-05-05 18:53:43.000,train,train
2026-05-05 18:45:00,2026-05-05 18:35:08.000,2026-05-05 18:56:43.000,validation,train
2026-05-05 18:48:00,2026-05-05 18:38:08.000,2026-05-05 18:59:43.000,train,train
2026-05-05 18:51:00,2026-05-05 18:41:08.000,2026-05-05 19:02:43.000,train,train
2026-05-05 18:54:00,2026-05-05 18:44:08.000,2026-05-05 19:05:43.000,train,train
2026-05-05 18:57:00,2026-05-05 18:47:08.000,2026-05-05 19:08:43.000,train,train
2026-05-05 19:00:00,2026-05-05 18:50:08.000,2026-05-05 19:11:43.000,train,train
2026-05-05 19:03:00,2026-05-05 18:53:08.000,2026-05-05 19:14:43.000,train,train
2026-05-05 19:06:00,2026-05-05 18:56:08.000,2026-05-05 19:17:43.000,train,train
2026-05-05 19:09:00,2026-05-05 18:59:08.000,2026-05-05 19:20:43.000,train,train
2026-05-05 19:12:00,2026-05-05 19:02:08.000,2026-05-05 19:23:43.000,train,train
2026-05-05 19:15:00,2026-05-05 19:05:08.000,2026-05-05 19:26:43.000,train,train
2026-05-05 19:18:00,2026-05-05 19:08:08.000,2026-05-05 19:29:43.000,train,train
2026-05-05 19:21:00,2026-05-05 19:11:08.000,2026-05-05 19:32:43.000,train,train
2026-05-05 19:24:00,2026-05-05 19:14:08.000,2026-05-05 19:35:44.000,train,train
2026-05-05 19:27:00,2026-05-05 19:17:08.000,2026-05-05 19:38:44.000,train,train
2026-05-05 19:30:00,2026-05-05 19:20:08.000,2026-05-05 19:41:44.000,validation,train
2026-05-05 19:33:00,2026-05-05 19:23:08.000,2026-05-05 19:44:44.000,train,train
2026-05-05 19:36:00,2026-05-05 19:26:08.000,2026-05-05 19:47:44.000,train,train
2026-05-05 19:39:00,2026-05-05 19:29:08.000,2026-05-05 19:50:44.000,validation,train
2026-05-05 19:42:00,2026-05-05 19:32:08.000,2026-05-05 19:53:44.000,train,train
2026-05-05 19:45:00,2026-05-05 19:35:08.000,2026-05-05 19:56:44.000,train,train
2026-05-05 19:48:00,2026-05-05 19:38:08.000,2026-05-05 19:59:44.000,validation,train
2026-05-05 19:51:00,2026-05-05 19:41:08.000,2026-05-05 20:02:44.000,train,train
2026-05-05 19:54:00,2026-05-05 19:44:08.000,2026-05-05 20:05:44.000,validation,train
2026-05-05 19:57:00,2026-05-05 19:47:08.000,2026-05-05 20:08:44.000,validation,train
2026-05-05 20:00:00,2026-05-05 19:50:08.000,2026-05-05 20:11:44.000,train,train
2026-05-05 20:03:00,2026-05-05 19:53:08.000,2026-05-05 20:14:44.000,train,train
2026-05-05 20:06:00,2026-05-05 19:56:08.000,2026-05-05 20:17:44.000,train,train
2026-05-05 20:09:00,2026-05-05 19:59:08.000,2026-05-05 20:20:44.000,train,train
2026-05-05 20:12:00,2026-05-05 20:02:08.000,2026-05-05 20:23:44.000,train,train
2026-05-05 20:15:00,2026-05-05 20:05:08.000,2026-05-05 20:26:44.000,train,train
2026-05-05 20:18:00,2026-05-05 20:08:08.000,2026-05-05 20:29:44.000,train,train
2026-05-05 20:21:00,2026-05-05 20:11:08.000,2026-05-05 20:32:44.000,train,train
2026-05-05 20:24:00,2026-05-05 20:14:08.000,2026-05-05 20:35:44.000,train,train
2026-05-05 20:27:00,2026-05-05 20:17:08.000,2026-05-05 20:38:45.000,validation,train
2026-05-05 20:30:00,2026-05-05 20:20:08.000,2026-05-05 20:41:45.000,train,train
2026-05-05 20:33:00,2026-05-05 20:23:08.000,2026-05-05 20:44:45.000,train,train
2026-05-05 20:36:00,2026-05-05 20:26:08.000,2026-05-05 20:47:45.000,train,train
2026-05-05 20:39:00,2026-05-05 20:29:08.000,2026-05-05 20:50:45.000,train,train
2026-05-05 20:42:00,2026-05-05 20:32:08.000,2026-05-05 20:53:45.000,validation,train
2026-05-05 20:45:00,2026-05-05 20:35:08.000,2026-05-05 20:56:45.000,train,train
2026-05-05 20:48:00,2026-05-05 20:38:08.000,2026-05-05 20:59:45.000,train,train
2026-05-05 20:51:00,2026-05-05 20:41:08.000,2026-05-05 21:02:45.000,validation,train
2026-05-05 20:54:00,2026-05-05 20:44:08.000,2026-05-05 21:05:45.000,validation,train
2026-05-05 20:57:00,2026-05-05 20:47:08.000,2026-05-05 21:08:45.000,train,train
2026-05-05 21:00:00,2026-05-05 20:50:08.000,2026-05-05 21:11:45.000,train,train
2026-05-05 21:03:00,2026-05-05 20:53:08.000,2026-05-05 21:14:45.000,train,train
2026-05-05 21:06:00,2026-05-05 20:56:08.000,2026-05-05 21:17:45.000,train,train
2026-05-05 21:09:00,2026-05-05 20:59:08.000,2026-05-05 21:20:45.000,train,train
2026-05-05 21:12:00,2026-05-05 21:02:08.000,2026-05-05 21:23:45.000,train,train
2026-05-05 21:15:00,2026-05-05 21:05:08.000,2026-05-05 21:26:46.000,train,train
2026-05-05 21:18:00,2026-05-05 21:08:08.000,2026-05-05 21:29:46.000,validation,train
2026-05-05 21:21:00,2026-05-05 21:11:08.000,2026-05-05 21:32:46.000,train,train
2026-05-05 21:24:00,2026-05-05 21:14:08.000,2026-05-05 21:35:46.000,validation,train
2026-05-05 21:27:00,2026-05-05 21:17:08.000,2026-05-05 21:38:46.000,train,train
2026-05-05 21:30:00,2026-05-05 21:20:08.000,2026-05-05 21:41:46.000,train,train
2026-05-05 21:33:00,2026-05-05 21:23:08.000,2026-05-05 21:44:46.000,validation,train
2026-05-05 21:36:00,2026-05-05 21:26:08.000,2026-05-05 21:47:46.000,train,train
2026-05-05 21:39:00,2026-05-05 21:29:08.000,2026-05-05 21:50:46.000,validation,train
2026-05-05 21:42:00,2026-05-05 21:32:08.000,2026-05-05 21:53:46.000,train,train
2026-05-05 21:45:00,2026-05-05 21:35:08.000,2026-05-05 21:56:46.000,train,train
2026-05-05 21:48:00,2026-05-05 21:38:08.000,2026-05-05 21:59:46.000,train,train
2026-05-05 21:51:00,2026-05-05 21:41:08.000,2026-05-05 22:02:46.000,train,train
2026-05-05 21:54:00,2026-05-05 21:44:08.000,2026-05-05 22:05:46.000,validation,train
2026-05-05 21:57:00,2026-05-05 21:47:08.000,2026-05-05 22:08:46.000,train,train
2026-05-05 22:00:00,2026-05-05 21:50:08.000,2026-05-05 22:11:46.000,train,train
2026-05-05 22:03:00,2026-05-05 21:53:08.000,2026-05-05 22:14:46.000,validation,train
2026-05-05 22:06:00,2026-05-05 21:56:08.000,2026-05-05 22:17:46.000,validation,train
2026-05-05 22:09:00,2026-05-05 21:59:08.000,2026-05-05 22:20:47.000,train,train
2026-05-05 22:12:00,2026-05-05 22:02:08.000,2026-05-05 22:23:47.000,train,train
2026-05-05 22:15:00,2026-05-05 22:05:08.000,2026-05-05 22:26:47.000,train,train
2026-05-05 22:18:00,2026-05-05 22:08:08.000,2026-05-05 22:29:47.000,train,train
2026-05-05 22:21:00,2026-05-05 22:11:08.000,2026-05-05 22:32:47.000,validation,train
2026-05-05 22:24:00,2026-05-05 22:14:08.000,2026-05-05 22:35:47.000,train,train
2026-05-05 22:27:00,2026-05-05 22:17:08.000,2026-05-05 22:38:47.000,validation,train
2026-05-05 22:30:00,2026-05-05 22:20:08.000,2026-05-05 22:41:47.000,train,train
2026-05-05 22:33:00,2026-05-05 22:23:08.000,2026-05-05 22:44:47.000,validation,train
2026-05-05 22:36:00,2026-05-05 22:26:08.000,2026-05-05 22:47:47.000,train,train
2026-05-05 22:39:00,2026-05-05 22:29:08.000,2026-05-05 22:50:47.000,train,train
2026-05-05 22:42:00,2026-05-05 22:32:08.000,2026-05-05 22:53:47.000,train,train
2026-05-05 22:45:00,2026-05-05 22:35:08.000,2026-05-05 22:56:47.000,validation,train
2026-05-05 22:48:00,2026-05-05 22:38:08.000,2026-05-05 22:59:47.000,train,train
2026-05-05 22:51:00,2026-05-05 22:41:08.000,2026-05-05 23:02:47.000,train,train
2026-05-05 22:54:00,2026-05-05 22:44:08.000,2026-05-05 23:05:47.000,train,train
2026-05-05 22:57:00,2026-05-05 22:47:08.000,2026-05-05 23:08:47.000,train,train
2026-05-05 23:00:00,2026-05-05 22:50:08.000,2026-05-05 23:11:47.000,train,train
2026-05-05 23:03:00,2026-05-05 22:53:08.000,2026-05-05 23:14:47.000,train,train
2026-05-05 23:06:00,2026-05-05 22:56:08.000,2026-05-05 23:17:47.000,validation,train
2026-05-05 23:09:00,2026-05-05 22:59:08.000,2026-05-05 23:20:47.000,validation,train
2026-05-05 23:12:00,2026-05-05 23:02:08.000,2026-05-05 23:23:47.000,validation,train
2026-05-05 23:15:00,2026-05-05 23:05:08.000,2026-05-05 23:26:48.000,train,train
2026-05-05 23:18:00,2026-05-05 23:08:08.000,2026-05-05 23:29:48.000,train,train
2026-05-05 23:21:00,2026-05-05 23:11:08.000,2026-05-05 23:32:48.000,train,train
2026-05-05 23:24:00,2026-05-05 23:14:08.000,2026-05-05 23:35:48.000,train,train
2026-05-05 23:27:00,2026-05-05 23:17:08.000,2026-05-05 23:38:48.000,train,train
2026-05-05 23:30:00,2026-05-05 23:20:08.000,2026-05-05 23:41:48.000,validation,train
2026-05-05 23:33:00,2026-05-05 23:23:08.000,2026-05-05 23:44:48.000,train,train
2026-05-05 23:36:00,2026-05-05 23:26:08.000,2026-05-05 23:47:48.000,train,train
2026-05-05 23:39:00,2026-05-05 23:29:08.000,2026-05-05 23:50:48.000,train,train
2026-05-05 23:42:00,2026-05-05 23:32:08.000,2026-05-05 23:53:48.000,train,train
2026-05-05 23:45:00,2026-05-05 23:35:08.000,2026-05-05 23:56:48.000,validation,train
2026-05-05 23:48:00,2026-05-05 23:38:08.000,2026-05-05 23:59:48.000,train,train
2026-05-05 23:51:00,2026-05-05 23:41:08.000,2026-05-06 00:02:48.000,train,train
2026-05-05 23:54:00,2026-05-05 23:44:08.000,2026-05-06 00:05:48.000,train,train
2026-05-05 23:57:00,2026-05-05 23:47:08.000,2026-05-06 00:08:48.000,train,train
2026-05-06 00:00:00,2026-05-05 23:50:08.000,2026-05-06 00:11:48.000,train,train
2026-05-06 00:03:00,2026-05-05 23:53:08.000,2026-05-06 00:14:48.000,train,train
2026-05-06 00:06:00,2026-05-05 23:56:08.000,2026-05-06 00:17:48.000,train,train
2026-05-06 00:09:00,2026-05-05 23:59:08.000,2026-05-06 00:20:48.000,train,train
2026-05-06 00:12:00,2026-05-06 00:02:08.000,2026-05-06 00:23:48.000,train,train
2026-05-06 00:15:00,2026-05-06 00:05:08.000,2026-05-06 00:26:48.000,train,train
2026-05-06 00:18:00,2026-05-06 00:08:08.000,2026-05-06 00:29:48.000,train,train
2026-05-06 00:21:00,2026-05-06 00:11:08.000,2026-05-06 00:32:49.000,train,train
2026-05-06 00:24:00,2026-05-06 00:14:08.000,2026-05-06 00:35:49.000,validation,train
2026-05-06 00:27:00,2026-05-06 00:17:08.000,2026-05-06 00:38:49.000,train,train
2026-05-06 00:30:00,2026-05-06 00:20:08.000,2026-05-06 00:41:49.000,train,train
2026-05-06 00:33:00,2026-05-06 00:23:08.000,2026-05-06 00:44:49.000,train,train
2026-05-06 00:36:00,2026-05-06 00:26:08.000,2026-05-06 00:47:49.000,train,train
2026-05-06 00:39:00,2026-05-06 00:29:08.000,2026-05-06 00:50:49.000,train,train
2026-05-06 00:42:00,2026-05-06 00:32:08.000,2026-05-06 00:53:49.000,validation,train
2026-05-06 00:45:00,2026-05-06 00:35:08.000,2026-05-06 00:56:49.000,train,train
2026-05-06 00:48:00,2026-05-06 00:38:08.000,2026-05-06 00:59:49.000,train,train
2026-05-06 00:51:00,2026-05-06 00:41:08.000,2026-05-06 01:02:49.000,validation,train
2026-05-06 00:54:00,2026-05-06 00:44:08.000,2026-05-06 01:05:49.000,validation,train
2026-05-06 00:57:00,2026-05-06 00:47:08.000,2026-05-06 01:08:49.000,train,train
2026-05-06 01:00:00,2026-05-06 00:50:08.000,2026-05-06 01:11:49.000,train,train
2026-05-06 01:03:00,2026-05-06 00:53:08.000,2026-05-06 01:14:49.000,validation,train
2026-05-06 01:06:00,2026-05-06 00:56:08.000,2026-05-06 01:17:49.000,train,train
2026-05-06 01:09:00,2026-05-06 00:59:08.000,2026-05-06 01:20:49.000,train,train
2026-05-06 01:12:00,2026-05-06 01:02:08.000,2026-05-06 01:23:49.000,train,train
2026-05-06 01:15:00,2026-05-06 01:05:08.000,2026-05-06 01:26:49.000,train,train
2026-05-06 01:18:00,2026-05-06 01:08:08.000,2026-05-06 01:29:49.000,train,train
2026-05-06 01:21:00,2026-05-06 01:11:08.000,2026-05-06 01:32:49.000,train,train
2026-05-06 01:24:00,2026-05-06 01:14:08.000,2026-05-06 01:35:49.000,train,train
2026-05-06 01:27:00,2026-05-06 01:17:08.000,2026-05-06 01:38:49.000,train,train
2026-05-06 01:30:00,2026-05-06 01:20:08.000,2026-05-06 01:41:50.000,train,train
2026-05-06 01:33:00,2026-05-06 01:23:08.000,2026-05-06 01:44:50.000,train,train
2026-05-06 01:36:00,2026-05-06 01:26:08.000,2026-05-06 01:47:50.000,train,train
2026-05-06 01:39:00,2026-05-06 01:29:08.000,2026-05-06 01:50:50.000,train,train
2026-05-06 01:42:00,2026-05-06 01:32:08.000,2026-05-06 01:53:50.000,train,train
2026-05-06 01:45:00,2026-05-06 01:35:08.000,2026-05-06 01:56:50.000,validation,train
2026-05-06 01:48:00,2026-05-06 01:38:08.000,2026-05-06 01:59:50.000,train,train
2026-05-06 01:51:00,2026-05-06 01:41:08.000,2026-05-06 02:02:50.000,train,train
2026-05-06 01:54:00,2026-05-06 01:44:08.000,2026-05-06 02:05:50.000,validation,train
2026-05-06 01:57:00,2026-05-06 01:47:08.000,2026-05-06 02:08:50.000,train,train
2026-05-06 02:00:00,2026-05-06 01:50:08.000,2026-05-06 02:11:50.000,validation,train
2026-05-06 02:03:00,2026-05-06 01:53:08.000,2026-05-06 02:14:50.000,train,train
2026-05-06 02:06:00,2026-05-06 01:56:08.000,2026-05-06 02:17:50.000,train,train
2026-05-06 02:09:00,2026-05-06 01:59:08.000,2026-05-06 02:20:50.000,train,train
2026-05-06 02:12:00,2026-05-06 02:02:08.000,2026-05-06 02:23:50.000,train,train
2026-05-06 02:15:00,2026-05-06 02:05:08.000,2026-05-06 02:26:50.000,train,train
2026-05-06 02:18:00,2026-05-06 02:08:08.000,2026-05-06 02:29:50.000,train,train
2026-05-06 02:21:00,2026-05-06 02:11:08.000,2026-05-06 02:32:50.000,validation,train
2026-05-06 02:24:00,2026-05-06 02:14:08.000,2026-05-06 02:35:50.000,train,train
2026-05-06 02:27:00,2026-05-06 02:17:08.000,2026-05-06 02:38:50.000,train,train
2026-05-06 02:30:00,2026-05-06 02:20:08.000,2026-05-06 02:41:50.000,train,train
2026-05-06 02:33:00,2026-05-06 02:23:08.000,2026-05-06 02:44:50.000,validation,train
2026-05-06 02:36:00,2026-05-06 02:26:08.000,2026-05-06 02:47:51.000,train,train
2026-05-06 02:39:00,2026-05-06 02:29:08.000,2026-05-06 02:50:51.000,validation,train
2026-05-06 02:42:00,2026-05-06 02:32:08.000,2026-05-06 02:53:51.000,validation,train
2026-05-06 02:45:00,2026-05-06 02:35:08.000,2026-05-06 02:56:51.000,train,train
2026-05-06 02:48:00,2026-05-06 02:38:08.000,2026-05-06 02:59:51.000,train,train
2026-05-06 02:51:00,2026-05-06 02:41:08.000,2026-05-06 03:02:51.000,train,train
2026-05-06 02:54:00,2026-05-06 02:44:08.000,2026-05-06 03:05:51.000,train,train
2026-05-06 02:57:00,2026-05-06 02:47:08.000,2026-05-06 03:08:51.000,train,train
2026-05-06 03:00:00,2026-05-06 02:50:08.000,2026-05-06 03:11:51.000,validation,train
2026-05-06 03:03:00,2026-05-06 02:53:08.000,2026-05-06 03:14:51.000,train,train
2026-05-06 03:06:00,2026-05-06 02:56:08.000,2026-05-06 03:17:51.000,train,train
2026-05-06 03:09:00,2026-05-06 02:59:08.000,2026-05-06 03:20:51.000,train,train
2026-05-06 03:12:00,2026-05-06 03:02:08.000,2026-05-06 03:23:51.000,validation,train
2026-05-06 03:15:00,2026-05-06 03:05:08.000,2026-05-06 03:26:51.000,train,train
2026-05-06 03:18:00,2026-05-06 03:08:08.000,2026-05-06 03:29:51.000,train,train
2026-05-06 03:21:00,2026-05-06 03:11:08.000,2026-05-06 03:32:51.000,train,train
2026-05-06 03:24:00,2026-05-06 03:14:08.000,2026-05-06 03:35:51.000,train,train
2026-05-06 03:27:00,2026-05-06 03:17:08.000,2026-05-06 03:38:51.000,train,train
2026-05-06 03:30:00,2026-05-06 03:20:08.000,2026-05-06 03:41:51.000,train,train
2026-05-06 03:33:00,2026-05-06 03:23:08.000,2026-05-06 03:44:51.000,train,train
2026-05-06 03:36:00,2026-05-06 03:26:08.000,2026-05-06 03:47:51.000,train,train
2026-05-06 03:39:00,2026-05-06 03:29:08.000,2026-05-06 03:50:51.000,validation,train
2026-05-06 03:42:00,2026-05-06 03:32:08.000,2026-05-06 03:53:52.000,train,train
2026-05-06 03:45:00,2026-05-06 03:35:08.000,2026-05-06 03:56:52.000,train,train
2026-05-06 03:48:00,2026-05-06 03:38:08.000,2026-05-06 03:59:52.000,train,train
2026-05-06 03:51:00,2026-05-06 03:41:08.000,2026-05-06 04:02:52.000,train,train
2026-05-06 03:54:00,2026-05-06 03:44:08.000,2026-05-06 04:05:52.000,train,train
2026-05-06 03:57:00,2026-05-06 03:47:08.000,2026-05-06 04:08:52.000,train,train
2026-05-06 04:00:00,2026-05-06 03:50:08.000,2026-05-06 04:11:52.000,train,train
2026-05-06 04:03:00,2026-05-06 03:53:08.000,2026-05-06 04:14:52.000,validation,train
2026-05-06 04:06:00,2026-05-06 03:56:08.000,2026-05-06 04:17:52.000,validation,train
2026-05-06 04:09:00,2026-05-06 03:59:08.000,2026-05-06 04:20:52.000,train,train
2026-05-06 04:12:00,2026-05-06 04:02:08.000,2026-05-06 04:23:52.000,train,train
2026-05-06 04:15:00,2026-05-06 04:05:08.000,2026-05-06 04:26:52.000,train,train
2026-05-06 04:18:00,2026-05-06 04:08:08.000,2026-05-06 04:29:52.000,train,train
2026-05-06 04:21:00,2026-05-06 04:11:08.000,2026-05-06 04:32:52.000,train,train
2026-05-06 04:24:00,2026-05-06 04:14:08.000,2026-05-06 04:35:52.000,train,train
2026-05-06 04:27:00,2026-05-06 04:17:08.000,2026-05-06 04:38:52.000,train,train
2026-05-06 04:30:00,2026-05-06 04:20:08.000,2026-05-06 04:41:52.000,validation,train
2026-05-06 04:33:00,2026-05-06 04:23:08.000,2026-05-06 04:44:52.000,train,train
2026-05-06 04:36:00,2026-05-06 04:26:08.000,2026-05-06 04:47:52.000,validation,train
2026-05-06 04:39:00,2026-05-06 04:29:08.000,2026-05-06 04:50:52.000,validation,train
2026-05-06 04:42:00,2026-05-06 04:32:08.000,2026-05-06 04:53:52.000,validation,train
2026-05-06 04:45:00,2026-05-06 04:35:08.000,2026-05-06 04:56:52.000,train,train
2026-05-06 04:48:00,2026-05-06 04:38:08.000,2026-05-06 04:59:53.000,validation,train
2026-05-06 04:51:00,2026-05-06 04:41:08.000,2026-05-06 05:02:53.000,train,train
2026-05-06 04:54:00,2026-05-06 04:44:08.000,2026-05-06 05:05:53.000,train,train
2026-05-06 04:57:00,2026-05-06 04:47:08.000,2026-05-06 05:08:53.000,train,train
2026-05-06 05:00:00,2026-05-06 04:50:08.000,2026-05-06 05:11:53.000,validation,train
2026-05-06 05:03:00,2026-05-06 04:53:08.000,2026-05-06 05:14:53.000,train,train
2026-05-06 05:06:00,2026-05-06 04:56:08.000,2026-05-06 05:17:53.000,train,train
2026-05-06 05:09:00,2026-05-06 04:59:08.000,2026-05-06 05:20:53.000,validation,train
2026-05-06 05:12:00,2026-05-06 05:02:08.000,2026-05-06 05:23:53.000,train,train
2026-05-06 05:15:00,2026-05-06 05:05:08.000,2026-05-06 05:26:53.000,train,train
2026-05-06 05:18:00,2026-05-06 05:08:08.000,2026-05-06 05:29:53.000,train,train
2026-05-06 05:21:00,2026-05-06 05:11:08.000,2026-05-06 05:32:53.000,train,train
2026-05-06 05:24:00,2026-05-06 05:14:08.000,2026-05-06 05:35:53.000,train,train
2026-05-06 05:27:00,2026-05-06 05:17:08.000,2026-05-06 05:38:53.000,train,train
2026-05-06 05:30:00,2026-05-06 05:20:08.000,2026-05-06 05:41:53.000,validation,train
2026-05-06 05:33:00,2026-05-06 05:23:08.000,2026-05-06 05:44:53.000,train,train
2026-05-06 05:36:00,2026-05-06 05:26:08.000,2026-05-06 05:47:53.000,validation,train
2026-05-06 05:39:00,2026-05-06 05:29:08.000,2026-05-06 05:50:53.000,train,train
2026-05-06 05:42:00,2026-05-06 05:32:08.000,2026-05-06 05:53:53.000,validation,train
2026-05-06 05:45:00,2026-05-06 05:35:08.000,2026-05-06 05:56:53.000,validation,train
2026-05-06 05:48:00,2026-05-06 05:38:08.000,2026-05-06 05:59:53.000,train,train
2026-05-06 05:51:00,2026-05-06 05:41:08.000,2026-05-06 06:02:53.000,train,train
2026-05-06 05:54:00,2026-05-06 05:44:08.000,2026-05-06 06:05:54.000,train,train
2026-05-06 05:57:00,2026-05-06 05:47:08.000,2026-05-06 06:08:54.000,train,train
2026-05-06 06:00:00,2026-05-06 05:50:08.000,2026-05-06 06:11:54.000,train,train
2026-05-06 06:03:00,2026-05-06 05:53:08.000,2026-05-06 06:14:54.000,train,train
2026-05-06 06:06:00,2026-05-06 05:56:08.000,2026-05-06 06:17:54.000,train,train
2026-05-06 06:09:00,2026-05-06 05:59:08.000,2026-05-06 06:20:54.000,train,train
2026-05-06 06:12:00,2026-05-06 06:02:08.000,2026-05-06 06:23:54.000,train,train
2026-05-06 06:15:00,2026-05-06 06:05:08.000,2026-05-06 06:26:54.000,train,train
2026-05-06 06:18:00,2026-05-06 06:08:08.000,2026-05-06 06:29:54.000,validation,train
2026-05-06 06:21:00,2026-05-06 06:11:08.000,2026-05-06 06:32:54.000,train,train
2026-05-06 06:24:00,2026-05-06 06:14:08.000,2026-05-06 06:35:54.000,train,train
2026-05-06 06:27:00,2026-05-06 06:17:08.000,2026-05-06 06:38:54.000,train,train
2026-05-06 06:30:00,2026-05-06 06:20:08.000,2026-05-06 06:41:54.000,train,train
2026-05-06 06:33:00,2026-05-06 06:23:08.000,2026-05-06 06:44:54.000,train,train
2026-05-06 06:36:00,2026-05-06 06:26:08.000,2026-05-06 06:47:54.000,train,train
2026-05-06 06:39:00,2026-05-06 06:29:08.000,2026-05-06 06:50:54.000,train,train
2026-05-06 06:42:00,2026-05-06 06:32:08.000,2026-05-06 06:53:54.000,train,train
2026-05-06 06:45:00,2026-05-06 06:35:08.000,2026-05-06 06:56:54.000,train,train
2026-05-06 06:48:00,2026-05-06 06:38:08.000,2026-05-06 06:59:54.000,train,train
2026-05-06 06:51:00,2026-05-06 06:41:08.000,2026-05-06 07:02:54.000,train,train
2026-05-06 06:54:00,2026-05-06 06:44:08.000,2026-05-06 07:05:54.000,train,train
2026-05-06 06:57:00,2026-05-06 06:47:08.000,2026-05-06 07:08:54.000,validation,train
2026-05-06 07:00:00,2026-05-06 06:50:08.000,2026-05-06 07:11:55.000,validation,train
2026-05-06 07:03:00,2026-05-06 06:53:08.000,2026-05-06 07:14:55.000,train,train
2026-05-06 07:06:00,2026-05-06 06:56:08.000,2026-05-06 07:17:55.000,train,train
2026-05-06 07:09:00,2026-05-06 06:59:08.000,2026-05-06 07:20:55.000,train,train
2026-05-06 07:12:00,2026-05-06 07:02:08.000,2026-05-06 07:23:55.000,train,train
2026-05-06 07:15:00,2026-05-06 07:05:08.000,2026-05-06 07:26:55.000,validation,train
2026-05-06 07:18:00,2026-05-06 07:08:08.000,2026-05-06 07:29:55.000,train,train
2026-05-06 07:21:00,2026-05-06 07:11:08.000,2026-05-06 07:32:55.000,train,train
2026-05-06 07:24:00,2026-05-06 07:14:08.000,2026-05-06 07:35:55.000,train,train
2026-05-06 07:27:00,2026-05-06 07:17:08.000,2026-05-06 07:38:55.000,train,train
2026-05-06 07:30:00,2026-05-06 07:20:08.000,2026-05-06 07:41:55.000,train,train
2026-05-06 07:33:00,2026-05-06 07:23:08.000,2026-05-06 07:44:55.000,train,train
2026-05-06 07:36:00,2026-05-06 07:26:08.000,2026-05-06 07:47:55.000,train,train
2026-05-06 07:39:00,2026-05-06 07:29:08.000,2026-05-06 07:50:55.000,train,train
2026-05-06 07:42:00,2026-05-06 07:32:08.000,2026-05-06 07:53:55.000,train,train
2026-05-06 07:45:00,2026-05-06 07:35:08.000,2026-05-06 07:56:55.000,train,train
2026-05-06 07:48:00,2026-05-06 07:38:08.000,2026-05-06 07:59:55.000,train,train
2026-05-06 07:51:00,2026-05-06 07:41:08.000,2026-05-06 08:02:55.000,train,train
2026-05-06 07:54:00,2026-05-06 07:44:08.000,2026-05-06 08:05:55.000,validation,train
2026-05-06 07:57:00,2026-05-06 07:47:08.000,2026-05-06 08:08:55.000,train,train
2026-05-06 08:00:00,2026-05-06 07:50:08.000,2026-05-06 08:11:55.000,train,train
2026-05-06 08:03:00,2026-05-06 07:53:08.000,2026-05-06 08:14:55.000,train,train
2026-05-06 08:06:00,2026-05-06 07:56:08.000,2026-05-06 08:17:56.000,train,train
2026-05-06 08:09:00,2026-05-06 07:59:08.000,2026-05-06 08:20:56.000,train,train
2026-05-06 08:12:00,2026-05-06 08:02:08.000,2026-05-06 08:23:56.000,train,train
2026-05-06 08:15:00,2026-05-06 08:05:08.000,2026-05-06 08:26:56.000,train,train
2026-05-06 08:18:00,2026-05-06 08:08:08.000,2026-05-06 08:29:56.000,train,train
2026-05-06 08:21:00,2026-05-06 08:11:08.000,2026-05-06 08:32:56.000,train,train
2026-05-06 08:24:00,2026-05-06 08:14:08.000,2026-05-06 08:35:56.000,train,train
2026-05-06 08:27:00,2026-05-06 08:17:08.000,2026-05-06 08:38:56.000,train,train
2026-05-06 08:30:00,2026-05-06 08:20:08.000,2026-05-06 08:41:56.000,validation,train
2026-05-06 08:33:00,2026-05-06 08:23:08.000,2026-05-06 08:44:56.000,train,train
2026-05-06 08:36:00,2026-05-06 08:26:08.000,2026-05-06 08:47:56.000,train,train
2026-05-06 08:39:00,2026-05-06 08:29:08.000,2026-05-06 08:50:56.000,train,train
2026-05-06 08:42:00,2026-05-06 08:32:08.000,2026-05-06 08:53:56.000,train,train
2026-05-06 08:45:00,2026-05-06 08:35:08.000,2026-05-06 08:56:56.000,train,train
2026-05-06 08:48:00,2026-05-06 08:38:08.000,2026-05-06 08:59:56.000,train,train
2026-05-06 08:51:00,2026-05-06 08:41:08.000,2026-05-06 09:02:56.000,validation,train
2026-05-06 08:54:00,2026-05-06 08:44:08.000,2026-05-06 09:05:56.000,validation,train
2026-05-06 08:57:00,2026-05-06 08:47:08.000,2026-05-06 09:08:56.000,train,train
2026-05-06 09:00:00,2026-05-06 08:50:08.000,2026-05-06 09:11:56.000,train,train
2026-05-06 09:03:00,2026-05-06 08:53:08.000,2026-05-06 09:14:56.000,train,train
2026-05-06 09:06:00,2026-05-06 08:56:08.000,2026-05-06 09:17:56.000,train,train
2026-05-06 09:09:00,2026-05-06 08:59:08.000,2026-05-06 09:20:56.000,train,train
2026-05-06 09:12:00,2026-05-06 09:02:08.000,2026-05-06 09:23:56.000,train,train
2026-05-06 09:15:00,2026-05-06 09:05:08.000,2026-05-06 09:26:57.000,train,train
2026-05-06 09:18:00,2026-05-06 09:08:08.000,2026-05-06 09:29:57.000,validation,train
2026-05-06 09:21:00,2026-05-06 09:11:08.000,2026-05-06 09:32:57.000,validation,train
2026-05-06 09:24:00,2026-05-06 09:14:08.000,2026-05-06 09:35:57.000,validation,train
2026-05-06 09:27:00,2026-05-06 09:17:08.000,2026-05-06 09:38:57.000,validation,train
2026-05-06 09:30:00,2026-05-06 09:20:08.000,2026-05-06 09:41:57.000,validation,train
2026-05-06 09:33:00,2026-05-06 09:23:08.000,2026-05-06 09:44:57.000,train,train
2026-05-06 09:36:00,2026-05-06 09:26:08.000,2026-05-06 09:47:57.000,train,train
2026-05-06 09:39:00,2026-05-06 09:29:08.000,2026-05-06 09:50:57.000,train,train
2026-05-06 09:42:00,2026-05-06 09:32:08.000,2026-05-06 09:53:57.000,train,train
2026-05-06 09:45:00,2026-05-06 09:35:08.000,2026-05-06 09:56:57.000,train,train
2026-05-06 09:48:00,2026-05-06 09:38:08.000,2026-05-06 09:59:57.000,train,train
2026-05-06 09:51:00,2026-05-06 09:41:08.000,2026-05-06 10:02:57.000,train,train
2026-05-06 09:54:00,2026-05-06 09:44:08.000,2026-05-06 10:05:57.000,train,train
2026-05-06 09:57:00,2026-05-06 09:47:08.000,2026-05-06 10:08:57.000,train,train
2026-05-06 10:00:00,2026-05-06 09:50:08.000,2026-05-06 10:11:57.000,train,train
2026-05-06 10:03:00,2026-05-06 09:53:08.000,2026-05-06 10:14:57.000,validation,train
2026-05-06 10:06:00,2026-05-06 09:56:08.000,2026-05-06 10:17:57.000,train,train
2026-05-06 10:09:00,2026-05-06 09:59:08.000,2026-05-06 10:20:57.000,validation,train
2026-05-06 10:12:00,2026-05-06 10:02:08.000,2026-05-06 10:23:57.000,validation,train
2026-05-06 10:15:00,2026-05-06 10:05:08.000,2026-05-06 10:26:57.000,train,train
2026-05-06 10:18:00,2026-05-06 10:08:08.000,2026-05-06 10:29:58.000,train,train
2026-05-06 10:21:00,2026-05-06 10:11:08.000,2026-05-06 10:32:58.000,train,train
2026-05-06 10:24:00,2026-05-06 10:14:08.000,2026-05-06 10:35:58.000,train,train
2026-05-06 10:27:00,2026-05-06 10:17:08.000,2026-05-06 10:38:58.000,validation,train
2026-05-06 10:30:00,2026-05-06 10:20:08.000,2026-05-06 10:41:58.000,train,train
2026-05-06 10:33:00,2026-05-06 10:23:08.000,2026-05-06 10:44:58.000,validation,train
2026-05-06 10:36:00,2026-05-06 10:26:08.000,2026-05-06 10:47:58.000,train,train
2026-05-06 10:39:00,2026-05-06 10:29:08.000,2026-05-06 10:50:58.000,train,train
2026-05-06 10:42:00,2026-05-06 10:32:08.000,2026-05-06 10:53:58.000,train,train
2026-05-06 10:45:00,2026-05-06 10:35:08.000,2026-05-06 10:56:58.000,train,train
2026-05-06 10:48:00,2026-05-06 10:38:08.000,2026-05-06 10:59:58.000,train,train
2026-05-06 10:51:00,2026-05-06 10:41:08.000,2026-05-06 11:02:58.000,train,train
2026-05-06 10:54:00,2026-05-06 10:44:08.000,2026-05-06 11:05:58.000,train,train
2026-05-06 10:57:00,2026-05-06 10:47:08.000,2026-05-06 11:08:58.000,train,train
2026-05-06 11:00:00,2026-05-06 10:50:08.000,2026-05-06 11:11:58.000,validation,train
2026-05-06 11:03:00,2026-05-06 10:53:08.000,2026-05-06 11:14:58.000,train,train
2026-05-06 11:06:00,2026-05-06 10:56:08.000,2026-05-06 11:17:58.000,train,train
2026-05-06 11:09:00,2026-05-06 10:59:08.000,2026-05-06 11:20:58.000,train,train
2026-05-06 11:12:00,2026-05-06 11:02:08.000,2026-05-06 11:23:58.000,train,train
2026-05-06 11:15:00,2026-05-06 11:05:08.000,2026-05-06 11:26:58.000,train,train
2026-05-06 11:18:00,2026-05-06 11:08:08.000,2026-05-06 11:29:58.000,train,train
2026-05-06 11:21:00,2026-05-06 11:11:08.000,2026-05-06 11:32:58.000,train,train
2026-05-06 11:24:00,2026-05-06 11:14:08.000,2026-05-06 11:35:59.000,train,train
2026-05-06 11:27:00,2026-05-06 11:17:08.000,2026-05-06 11:38:59.000,train,train
2026-05-06 11:30:00,2026-05-06 11:20:08.000,2026-05-06 11:41:59.000,train,train
2026-05-06 11:33:00,2026-05-06 11:23:08.000,2026-05-06 11:44:59.000,train,train
2026-05-06 11:36:00,2026-05-06 11:26:08.000,2026-05-06 11:47:59.000,train,train
2026-05-06 11:39:00,2026-05-06 11:29:08.000,2026-05-06 11:50:59.000,train,train
2026-05-06 11:42:00,2026-05-06 11:32:08.000,2026-05-06 11:53:59.000,train,train
2026-05-06 11:45:00,2026-05-06 11:35:08.000,2026-05-06 11:56:59.000,train,train
2026-05-06 11:48:00,2026-05-06 11:38:08.000,2026-05-06 11:59:59.000,train,train
2026-05-06 11:51:00,2026-05-06 11:41:08.000,2026-05-06 12:02:59.000,train,train
2026-05-06 11:54:00,2026-05-06 11:44:08.000,2026-05-06 12:05:59.000,train,train
2026-05-06 11:57:00,2026-05-06 11:47:08.000,2026-05-06 12:08:59.000,train,train
2026-05-06 12:00:00,2026-05-06 11:50:08.000,2026-05-06 12:11:59.000,train,train
2026-05-06 12:03:00,2026-05-06 11:53:08.000,2026-05-06 12:14:59.000,train,train
2026-05-06 12:06:00,2026-05-06 11:56:08.000,2026-05-06 12:17:59.000,train,train
2026-05-06 12:09:00,2026-05-06 11:59:08.000,2026-05-06 12:20:59.000,train,train
2026-05-06 12:12:00,2026-05-06 12:02:08.000,2026-05-06 12:23:59.000,train,train
2026-05-06 12:15:00,2026-05-06 12:05:08.000,2026-05-06 12:26:59.000,train,train
2026-05-06 12:18:00,2026-05-06 12:08:08.000,2026-05-06 12:29:59.000,train,train
2026-05-06 12:21:00,2026-05-06 12:11:08.000,2026-05-06 12:32:59.000,train,train
2026-05-06 12:24:00,2026-05-06 12:14:08.000,2026-05-06 12:35:59.000,train,train
2026-05-06 12:27:00,2026-05-06 12:17:08.000,2026-05-06 12:38:59.000,train,train
2026-05-06 12:30:00,2026-05-06 12:20:08.000,2026-05-06 12:42:00.000,train,train
2026-05-06 12:33:00,2026-05-06 12:23:08.000,2026-05-06 12:45:00.000,train,train
2026-05-06 12:36:00,2026-05-06 12:26:08.000,2026-05-06 12:48:00.000,train,train
2026-05-06 12:39:00,2026-05-06 12:29:08.000,2026-05-06 12:50:43.000,train,train
2026-05-06 12:42:00,2026-05-06 12:31:59.000,2026-05-06 12:53:43.000,train,train
2026-05-06 12:45:00,2026-05-06 12:34:59.000,2026-05-06 12:56:43.000,train,train
2026-05-06 12:48:00,2026-05-06 12:37:59.000,2026-05-06 12:59:43.000,train,train
2026-05-06 12:51:00,2026-05-06 12:40:59.000,2026-05-06 13:02:43.000,train,train
2026-05-06 12:54:00,2026-05-06 12:44:00.000,2026-05-06 13:05:43.000,train,train
2026-05-06 12:57:00,2026-05-06 12:47:00.000,2026-05-06 13:08:43.000,train,train
2026-05-06 13:00:00,2026-05-06 12:50:00.000,2026-05-06 13:11:43.000,train,train
2026-05-06 13:03:00,2026-05-06 12:53:00.000,2026-05-06 13:14:43.000,train,train
2026-05-06 13:06:00,2026-05-06 12:56:00.000,2026-05-06 13:17:43.000,train,train
2026-05-06 13:09:00,2026-05-06 12:59:00.000,2026-05-06 13:20:43.000,train,train
2026-05-06 13:12:00,2026-05-06 13:02:00.000,2026-05-06 13:23:43.000,train,train
2026-05-06 13:15:00,2026-05-06 13:05:00.000,2026-05-06 13:26:43.000,train,train
2026-05-06 13:18:00,2026-05-06 13:08:00.000,2026-05-06 13:29:43.000,train,train
2026-05-06 13:21:00,2026-05-06 13:11:00.000,2026-05-06 13:32:43.000,train,train
2026-05-06 13:24:00,2026-05-06 13:14:00.000,2026-05-06 13:35:43.000,train,train
2026-05-06 13:27:00,2026-05-06 13:17:00.000,2026-05-06 13:38:43.000,train,train
2026-05-06 13:30:00,2026-05-06 13:20:00.000,2026-05-06 13:41:43.000,train,train
2026-05-06 13:33:00,2026-05-06 13:23:00.000,2026-05-06 13:44:43.000,train,train
2026-05-06 13:36:00,2026-05-06 13:26:00.000,2026-05-06 13:47:43.000,train,train
2026-05-06 13:39:00,2026-05-06 13:29:00.000,2026-05-06 13:50:43.000,validation,train
2026-05-06 13:42:00,2026-05-06 13:32:00.000,2026-05-06 13:53:43.000,train,train
2026-05-06 13:45:00,2026-05-06 13:35:00.000,2026-05-06 13:56:43.000,train,train
2026-05-06 13:48:00,2026-05-06 13:38:00.000,2026-05-06 13:59:43.000,train,train
2026-05-06 13:51:00,2026-05-06 13:41:00.000,2026-05-06 14:02:43.000,validation,train
2026-05-06 13:54:00,2026-05-06 13:44:00.000,2026-05-06 14:05:43.000,train,train
2026-05-06 13:57:00,2026-05-06 13:47:00.000,2026-05-06 14:08:43.000,validation,train
2026-05-06 14:00:00,2026-05-06 13:50:01.000,2026-05-06 14:11:43.000,train,train
2026-05-06 14:03:00,2026-05-06 13:53:01.000,2026-05-06 14:14:43.000,train,train
2026-05-06 14:06:00,2026-05-06 13:56:01.000,2026-05-06 14:17:43.000,train,train
2026-05-06 14:09:00,2026-05-06 13:59:01.000,2026-05-06 14:20:43.000,train,train
2026-05-06 14:12:00,2026-05-06 14:02:01.000,2026-05-06 14:23:43.000,train,train
2026-05-06 14:15:00,2026-05-06 14:05:01.000,2026-05-06 14:26:43.000,train,train
2026-05-06 14:18:00,2026-05-06 14:08:01.000,2026-05-06 14:29:43.000,validation,train
2026-05-06 14:21:00,2026-05-06 14:11:01.000,2026-05-06 14:32:43.000,train,train
2026-05-06 14:24:00,2026-05-06 14:14:01.000,2026-05-06 14:35:43.000,train,train
2026-05-06 14:27:00,2026-05-06 14:17:01.000,2026-05-06 14:38:43.000,train,train
2026-05-06 14:30:00,2026-05-06 14:20:01.000,2026-05-06 14:41:43.000,train,train
2026-05-06 14:33:00,2026-05-06 14:23:01.000,2026-05-06 14:44:43.000,train,train
2026-05-06 14:36:00,2026-05-06 14:26:01.000,2026-05-06 14:47:43.000,validation,train
2026-05-06 14:39:00,2026-05-06 14:29:01.000,2026-05-06 14:50:43.000,validation,train
2026-05-06 14:42:00,2026-05-06 14:32:01.000,2026-05-06 14:53:43.000,train,train
2026-05-06 14:45:00,2026-05-06 14:35:01.000,2026-05-06 14:56:43.000,train,train
2026-05-06 14:48:00,2026-05-06 14:38:01.000,2026-05-06 14:59:43.000,train,train
2026-05-06 14:51:00,2026-05-06 14:41:01.000,2026-05-06 15:02:43.000,train,train
2026-05-06 14:54:00,2026-05-06 14:44:01.000,2026-05-06 15:05:43.000,validation,train
2026-05-06 14:57:00,2026-05-06 14:47:01.000,2026-05-06 15:08:43.000,train,train
2026-05-06 15:00:00,2026-05-06 14:50:01.000,2026-05-06 15:11:43.000,validation,train
2026-05-06 15:03:00,2026-05-06 14:53:01.000,2026-05-06 15:14:43.000,train,train
2026-05-06 15:06:00,2026-05-06 14:56:02.000,2026-05-06 15:17:43.000,validation,train
2026-05-06 15:09:00,2026-05-06 14:59:02.000,2026-05-06 15:20:43.000,train,train
2026-05-06 15:12:00,2026-05-06 15:02:02.000,2026-05-06 15:23:43.000,train,train
2026-05-06 15:15:00,2026-05-06 15:05:02.000,2026-05-06 15:26:43.000,train,train
2026-05-06 15:18:00,2026-05-06 15:08:02.000,2026-05-06 15:29:43.000,train,train
2026-05-06 15:21:00,2026-05-06 15:11:02.000,2026-05-06 15:32:43.000,train,train
2026-05-06 15:24:00,2026-05-06 15:14:02.000,2026-05-06 15:35:43.000,train,train
2026-05-06 15:27:00,2026-05-06 15:17:02.000,2026-05-06 15:38:43.000,validation,train
2026-05-06 15:30:00,2026-05-06 15:20:02.000,2026-05-06 15:41:43.000,train,train
2026-05-06 15:33:00,2026-05-06 15:23:02.000,2026-05-06 15:44:43.000,validation,train
2026-05-06 15:36:00,2026-05-06 15:26:02.000,2026-05-06 15:47:43.000,train,train
2026-05-06 15:39:00,2026-05-06 15:29:02.000,2026-05-06 15:50:43.000,train,train
2026-05-06 15:42:00,2026-05-06 15:32:02.000,2026-05-06 15:53:43.000,train,train
2026-05-06 15:45:00,2026-05-06 15:35:02.000,2026-05-06 15:56:43.000,train,train
2026-05-06 15:48:00,2026-05-06 15:38:02.000,2026-05-06 15:59:43.000,validation,train
2026-05-06 15:51:00,2026-05-06 15:41:02.000,2026-05-06 16:02:43.000,train,train
2026-05-06 15:54:00,2026-05-06 15:44:02.000,2026-05-06 16:05:43.000,train,train
2026-05-06 15:57:00,2026-05-06 15:47:02.000,2026-05-06 16:08:43.000,train,train
2026-05-06 16:00:00,2026-05-06 15:50:02.000,2026-05-06 16:11:43.000,train,train
2026-05-06 16:03:00,2026-05-06 15:53:02.000,2026-05-06 16:14:43.000,train,train
2026-05-06 16:06:00,2026-05-06 15:56:02.000,2026-05-06 16:17:43.000,train,train
2026-05-06 16:09:00,2026-05-06 15:59:02.000,2026-05-06 16:20:43.000,train,train
2026-05-06 16:12:00,2026-05-06 16:02:03.000,2026-05-06 16:23:43.000,train,train
2026-05-06 16:15:00,2026-05-06 16:05:03.000,2026-05-06 16:26:43.000,train,train
2026-05-06 16:18:00,2026-05-06 16:08:03.000,2026-05-06 16:29:43.000,train,train
2026-05-06 16:21:00,2026-05-06 16:11:03.000,2026-05-06 16:32:43.000,train,train
2026-05-06 16:24:00,2026-05-06 16:14:03.000,2026-05-06 16:35:43.000,train,train
2026-05-06 16:27:00,2026-05-06 16:17:03.000,2026-05-06 16:38:43.000,validation,train
2026-05-06 16:30:00,2026-05-06 16:20:03.000,2026-05-06 16:41:43.000,train,train
2026-05-06 16:33:00,2026-05-06 16:23:03.000,2026-05-06 16:44:43.000,train,train
2026-05-06 16:36:00,2026-05-06 16:26:03.000,2026-05-06 16:47:43.000,validation,train
2026-05-06 16:39:00,2026-05-06 16:29:03.000,2026-05-06 16:50:43.000,validation,train
2026-05-06 16:42:00,2026-05-06 16:32:03.000,2026-05-06 16:53:43.000,validation,train
2026-05-06 16:45:00,2026-05-06 16:35:03.000,2026-05-06 16:56:43.000,train,train
2026-05-06 16:48:00,2026-05-06 16:38:03.000,2026-05-06 16:59:43.000,train,train
2026-05-06 16:51:00,2026-05-06 16:41:03.000,2026-05-06 17:02:43.000,train,train
2026-05-06 16:54:00,2026-05-06 16:44:03.000,2026-05-06 17:05:43.000,train,train
2026-05-06 16:57:00,2026-05-06 16:47:03.000,2026-05-06 17:08:43.000,train,train
2026-05-06 17:00:00,2026-05-06 16:50:03.000,2026-05-06 17:11:43.000,train,train
2026-05-06 17:03:00,2026-05-06 16:53:03.000,2026-05-06 17:14:43.000,validation,train
2026-05-06 17:06:00,2026-05-06 16:56:04.000,2026-05-06 17:17:43.000,validation,train
2026-05-06 17:09:00,2026-05-06 16:59:04.000,2026-05-06 17:20:43.000,validation,train
2026-05-06 17:12:00,2026-05-06 17:02:04.000,2026-05-06 17:23:43.000,train,train
2026-05-06 17:15:00,2026-05-06 17:05:04.000,2026-05-06 17:26:43.000,train,train
2026-05-06 17:18:00,2026-05-06 17:08:04.000,2026-05-06 17:29:43.000,validation,train
2026-05-06 17:21:00,2026-05-06 17:11:04.000,2026-05-06 17:32:43.000,train,train
2026-05-06 17:24:00,2026-05-06 17:14:04.000,2026-05-06 17:35:43.000,train,train
2026-05-06 17:27:00,2026-05-06 17:17:04.000,2026-05-06 17:38:43.000,validation,train
2026-05-06 17:30:00,2026-05-06 17:20:04.000,2026-05-06 17:41:43.000,train,train
2026-05-06 17:33:00,2026-05-06 17:23:05.000,2026-05-06 17:44:43.000,train,train
2026-05-06 17:36:00,2026-05-06 17:26:05.000,2026-05-06 17:47:43.000,train,train
2026-05-06 17:39:00,2026-05-06 17:29:05.000,2026-05-06 17:50:43.000,train,train
2026-05-06 17:42:00,2026-05-06 17:32:05.000,2026-05-06 17:53:43.000,train,train
2026-05-06 17:45:00,2026-05-06 17:35:05.000,2026-05-06 17:56:43.000,train,train
2026-05-06 17:48:00,2026-05-06 17:38:05.000,2026-05-06 17:59:43.000,train,train
2026-05-06 17:51:00,2026-05-06 17:41:05.000,2026-05-06 18:02:43.000,train,train
2026-05-06 17:54:00,2026-05-06 17:44:05.000,2026-05-06 18:05:43.000,train,train
2026-05-06 17:57:00,2026-05-06 17:47:05.000,2026-05-06 18:08:43.000,train,train
2026-05-06 18:00:00,2026-05-06 17:50:05.000,2026-05-06 18:11:43.000,train,train
2026-05-06 18:03:00,2026-05-06 17:53:05.000,2026-05-06 18:14:43.000,train,train
2026-05-06 18:06:00,2026-05-06 17:56:05.000,2026-05-06 18:17:43.000,train,train
2026-05-06 18:09:00,2026-05-06 17:59:05.000,2026-05-06 18:20:43.000,train,train
2026-05-06 18:12:00,2026-05-06 18:02:05.000,2026-05-06 18:23:43.000,train,train
2026-05-06 18:15:00,2026-05-06 18:05:05.000,2026-05-06 18:26:43.000,train,train
2026-05-06 18:18:00,2026-05-06 18:08:05.000,2026-05-06 18:29:43.000,train,train
2026-05-06 18:21:00,2026-05-06 18:11:05.000,2026-05-06 18:32:43.000,validation,train
2026-05-06 18:24:00,2026-05-06 18:14:05.000,2026-05-06 18:35:43.000,train,train
2026-05-06 18:27:00,2026-05-06 18:17:05.000,2026-05-06 18:38:43.000,train,train
2026-05-06 18:30:00,2026-05-06 18:20:05.000,2026-05-06 18:41:43.000,train,train
2026-05-06 18:33:00,2026-05-06 18:23:05.000,2026-05-06 18:44:43.000,train,train
2026-05-06 18:36:00,2026-05-06 18:26:05.000,2026-05-06 18:47:43.000,train,train
2026-05-06 18:39:00,2026-05-06 18:29:06.000,2026-05-06 18:50:43.000,train,train
2026-05-06 18:42:00,2026-05-06 18:32:06.000,2026-05-06 18:53:43.000,train,train
2026-05-06 18:45:00,2026-05-06 18:35:06.000,2026-05-06 18:56:43.000,train,train
2026-05-06 18:48:00,2026-05-06 18:38:06.000,2026-05-06 18:59:43.000,train,train
2026-05-06 18:51:00,2026-05-06 18:41:06.000,2026-05-06 19:02:43.000,train,train
2026-05-06 18:54:00,2026-05-06 18:44:06.000,2026-05-06 19:05:43.000,train,train
2026-05-06 18:57:00,2026-05-06 18:47:06.000,2026-05-06 19:08:43.000,train,train
2026-05-06 19:00:00,2026-05-06 18:50:06.000,2026-05-06 19:11:43.000,train,train
2026-05-06 19:03:00,2026-05-06 18:53:06.000,2026-05-06 19:14:43.000,train,train
2026-05-06 19:06:00,2026-05-06 18:56:06.000,2026-05-06 19:17:43.000,train,train
2026-05-06 19:09:00,2026-05-06 18:59:06.000,2026-05-06 19:20:43.000,validation,train
2026-05-06 19:12:00,2026-05-06 19:02:06.000,2026-05-06 19:23:43.000,train,train
2026-05-06 19:15:00,2026-05-06 19:05:06.000,2026-05-06 19:26:43.000,train,train
2026-05-06 19:18:00,2026-05-06 19:08:06.000,2026-05-06 19:29:43.000,train,train
2026-05-06 19:21:00,2026-05-06 19:11:06.000,2026-05-06 19:32:43.000,train,train
2026-05-06 19:24:00,2026-05-06 19:14:06.000,2026-05-06 19:35:43.000,validation,train
2026-05-06 19:27:00,2026-05-06 19:17:06.000,2026-05-06 19:38:43.000,train,train
2026-05-06 19:30:00,2026-05-06 19:20:06.000,2026-05-06 19:41:43.000,train,train
2026-05-06 19:33:00,2026-05-06 19:23:06.000,2026-05-06 19:44:43.000,validation,train
2026-05-06 19:36:00,2026-05-06 19:26:06.000,2026-05-06 19:47:43.000,train,train
2026-05-06 19:39:00,2026-05-06 19:29:06.000,2026-05-06 19:50:43.000,train,train
2026-05-06 19:42:00,2026-05-06 19:32:07.000,2026-05-06 19:53:43.000,train,train
2026-05-06 19:45:00,2026-05-06 19:35:07.000,2026-05-06 19:56:43.000,train,train
2026-05-06 19:48:00,2026-05-06 19:38:07.000,2026-05-06 19:59:43.000,train,train
2026-05-06 19:51:00,2026-05-06 19:41:07.000,2026-05-06 20:02:43.000,train,train
2026-05-06 19:54:00,2026-05-06 19:44:07.000,2026-05-06 20:05:43.000,validation,train
2026-05-06 19:57:00,2026-05-06 19:47:07.000,2026-05-06 20:08:43.000,train,train
2026-05-06 20:00:00,2026-05-06 19:50:07.000,2026-05-06 20:11:43.000,validation,train
2026-05-06 20:03:00,2026-05-06 19:53:07.000,2026-05-06 20:14:43.000,train,train
2026-05-06 20:06:00,2026-05-06 19:56:07.000,2026-05-06 20:17:43.000,validation,train
2026-05-06 20:09:00,2026-05-06 19:59:07.000,2026-05-06 20:20:43.000,train,train
2026-05-06 20:12:00,2026-05-06 20:02:07.000,2026-05-06 20:23:43.000,validation,train
2026-05-06 20:15:00,2026-05-06 20:05:07.000,2026-05-06 20:26:43.000,train,train
2026-05-06 20:18:00,2026-05-06 20:08:07.000,2026-05-06 20:29:43.000,train,train
2026-05-06 20:21:00,2026-05-06 20:11:07.000,2026-05-06 20:32:43.000,train,train
2026-05-06 20:24:00,2026-05-06 20:14:07.000,2026-05-06 20:35:43.000,validation,train
2026-05-06 20:27:00,2026-05-06 20:17:07.000,2026-05-06 20:38:43.000,train,train
2026-05-06 20:30:00,2026-05-06 20:20:07.000,2026-05-06 20:41:43.000,train,train
2026-05-06 20:33:00,2026-05-06 20:23:07.000,2026-05-06 20:44:43.000,train,train
2026-05-06 20:36:00,2026-05-06 20:26:07.000,2026-05-06 20:47:43.000,train,train
2026-05-06 20:39:00,2026-05-06 20:29:07.000,2026-05-06 20:50:43.000,train,train
2026-05-06 20:42:00,2026-05-06 20:32:07.000,2026-05-06 20:53:43.000,train,train
2026-05-06 20:45:00,2026-05-06 20:35:07.000,2026-05-06 20:56:43.000,train,train
2026-05-06 20:48:00,2026-05-06 20:38:08.000,2026-05-06 20:59:43.000,train,train
2026-05-06 20:51:00,2026-05-06 20:41:08.000,2026-05-06 21:02:43.000,train,train
2026-05-06 20:54:00,2026-05-06 20:44:08.000,2026-05-06 21:05:43.000,train,train
2026-05-06 20:57:00,2026-05-06 20:47:08.000,2026-05-06 21:08:43.000,train,train
2026-05-06 21:00:00,2026-05-06 20:50:08.000,2026-05-06 21:11:43.000,train,train
2026-05-06 21:03:00,2026-05-06 20:53:08.000,2026-05-06 21:14:43.000,train,train
2026-05-06 21:06:00,2026-05-06 20:56:08.000,2026-05-06 21:17:43.000,train,train
2026-05-06 21:09:00,2026-05-06 20:59:08.000,2026-05-06 21:20:43.000,train,train
2026-05-06 21:12:00,2026-05-06 21:02:08.000,2026-05-06 21:23:43.000,train,train
2026-05-06 21:15:00,2026-05-06 21:05:08.000,2026-05-06 21:26:43.000,train,train
2026-05-06 21:18:00,2026-05-06 21:08:08.000,2026-05-06 21:29:43.000,train,train
2026-05-06 21:21:00,2026-05-06 21:11:08.000,2026-05-06 21:32:43.000,train,train
2026-05-06 21:24:00,2026-05-06 21:14:08.000,2026-05-06 21:35:43.000,train,train
2026-05-06 21:27:00,2026-05-06 21:17:08.000,2026-05-06 21:38:43.000,train,train
2026-05-06 21:30:00,2026-05-06 21:20:08.000,2026-05-06 21:41:43.000,train,train
2026-05-06 21:33:00,2026-05-06 21:23:08.000,2026-05-06 21:44:43.000,train,train
2026-05-06 21:36:00,2026-05-06 21:26:08.000,2026-05-06 21:47:43.000,train,train
2026-05-06 21:39:00,2026-05-06 21:29:08.000,2026-05-06 21:50:43.000,train,train
2026-05-06 21:42:00,2026-05-06 21:32:08.000,2026-05-06 21:53:43.000,train,train
2026-05-06 21:45:00,2026-05-06 21:35:08.000,2026-05-06 21:56:43.000,train,train
2026-05-06 21:48:00,2026-05-06 21:38:08.000,2026-05-06 21:59:43.000,train,train
2026-05-06 21:51:00,2026-05-06 21:41:08.000,2026-05-06 22:02:44.000,train,train
2026-05-06 21:54:00,2026-05-06 21:44:08.000,2026-05-06 22:05:44.000,train,train
2026-05-06 21:57:00,2026-05-06 21:47:08.000,2026-05-06 22:08:44.000,train,train
2026-05-06 22:00:00,2026-05-06 21:50:08.000,2026-05-06 22:11:44.000,train,train
2026-05-06 22:03:00,2026-05-06 21:53:08.000,2026-05-06 22:14:44.000,validation,train
2026-05-06 22:06:00,2026-05-06 21:56:08.000,2026-05-06 22:17:44.000,train,train
2026-05-06 22:09:00,2026-05-06 21:59:08.000,2026-05-06 22:20:44.000,train,train
2026-05-06 22:12:00,2026-05-06 22:02:09.000,2026-05-06 22:23:44.000,validation,train
2026-05-06 22:15:00,2026-05-06 22:05:09.000,2026-05-06 22:26:44.000,validation,train
2026-05-06 22:18:00,2026-05-06 22:08:09.000,2026-05-06 22:29:44.000,train,train
2026-05-06 22:21:00,2026-05-06 22:11:09.000,2026-05-06 22:32:44.000,validation,train
2026-05-06 22:24:00,2026-05-06 22:14:09.000,2026-05-06 22:35:44.000,train,train
2026-05-06 22:27:00,2026-05-06 22:17:09.000,2026-05-06 22:38:44.000,train,train
2026-05-06 22:30:00,2026-05-06 22:20:09.000,2026-05-06 22:41:44.000,validation,train
2026-05-06 22:33:00,2026-05-06 22:23:09.000,2026-05-06 22:44:44.000,validation,train
2026-05-06 22:36:00,2026-05-06 22:26:09.000,2026-05-06 22:47:44.000,train,train
2026-05-06 22:39:00,2026-05-06 22:29:09.000,2026-05-06 22:50:44.000,train,train
2026-05-06 22:42:00,2026-05-06 22:32:09.000,2026-05-06 22:53:44.000,train,train
2026-05-06 22:45:00,2026-05-06 22:35:09.000,2026-05-06 22:56:44.000,validation,train
2026-05-06 22:48:00,2026-05-06 22:38:09.000,2026-05-06 22:59:44.000,train,train
2026-05-06 22:51:00,2026-05-06 22:41:09.000,2026-05-06 23:02:44.000,train,train
2026-05-06 22:54:00,2026-05-06 22:44:09.000,2026-05-06 23:05:44.000,train,train
2026-05-06 22:57:00,2026-05-06 22:47:09.000,2026-05-06 23:08:44.000,train,train
2026-05-06 23:00:00,2026-05-06 22:50:09.000,2026-05-06 23:11:44.000,validation,train
2026-05-06 23:03:00,2026-05-06 22:53:09.000,2026-05-06 23:14:44.000,train,train
2026-05-06 23:06:00,2026-05-06 22:56:09.000,2026-05-06 23:17:44.000,train,train
2026-05-06 23:09:00,2026-05-06 22:59:09.000,2026-05-06 23:20:44.000,train,train
2026-05-06 23:12:00,2026-05-06 23:02:09.000,2026-05-06 23:23:44.000,train,train
2026-05-06 23:15:00,2026-05-06 23:05:09.000,2026-05-06 23:26:44.000,validation,train
2026-05-06 23:18:00,2026-05-06 23:08:09.000,2026-05-06 23:29:44.000,train,train
2026-05-06 23:21:00,2026-05-06 23:11:09.000,2026-05-06 23:32:44.000,train,train
2026-05-06 23:24:00,2026-05-06 23:14:09.000,2026-05-06 23:35:44.000,validation,train
2026-05-06 23:27:00,2026-05-06 23:17:09.000,2026-05-06 23:38:44.000,train,train
2026-05-06 23:30:00,2026-05-06 23:20:09.000,2026-05-06 23:41:44.000,train,train
2026-05-06 23:33:00,2026-05-06 23:23:09.000,2026-05-06 23:44:44.000,train,train
2026-05-06 23:36:00,2026-05-06 23:26:09.000,2026-05-06 23:47:44.000,validation,train
2026-05-06 23:39:00,2026-05-06 23:29:09.000,2026-05-06 23:50:44.000,train,train
2026-05-06 23:42:00,2026-05-06 23:32:09.000,2026-05-06 23:53:44.000,train,train
2026-05-06 23:45:00,2026-05-06 23:35:09.000,2026-05-06 23:56:44.000,train,train
2026-05-06 23:48:00,2026-05-06 23:38:09.000,2026-05-06 23:59:44.000,train,train
2026-05-06 23:51:00,2026-05-06 23:41:09.000,2026-05-07 00:02:44.000,train,train
2026-05-06 23:54:00,2026-05-06 23:44:09.000,2026-05-07 00:05:44.000,train,train
2026-05-06 23:57:00,2026-05-06 23:47:09.000,2026-05-07 00:08:44.000,validation,train
2026-05-07 00:00:00,2026-05-06 23:50:09.000,2026-05-07 00:11:44.000,validation,train
2026-05-07 00:03:00,2026-05-06 23:53:09.000,2026-05-07 00:14:44.000,train,train
2026-05-07 00:06:00,2026-05-06 23:56:09.000,2026-05-07 00:17:44.000,train,train
2026-05-07 00:09:00,2026-05-06 23:59:09.000,2026-05-07 00:20:44.000,train,train
2026-05-07 00:12:00,2026-05-07 00:02:09.000,2026-05-07 00:23:44.000,validation,train
2026-05-07 00:15:00,2026-05-07 00:05:09.000,2026-05-07 00:26:44.000,train,train
2026-05-07 00:18:00,2026-05-07 00:08:09.000,2026-05-07 00:29:44.000,train,train
2026-05-07 00:21:00,2026-05-07 00:11:09.000,2026-05-07 00:32:44.000,validation,train
2026-05-07 00:24:00,2026-05-07 00:14:09.000,2026-05-07 00:35:44.000,train,train
2026-05-07 00:27:00,2026-05-07 00:17:09.000,2026-05-07 00:38:44.000,train,train
2026-05-07 00:30:00,2026-05-07 00:20:09.000,2026-05-07 00:41:44.000,train,train
2026-05-07 00:33:00,2026-05-07 00:23:09.000,2026-05-07 00:44:44.000,validation,train
2026-05-07 00:36:00,2026-05-07 00:26:09.000,2026-05-07 00:47:44.000,train,train
2026-05-07 00:39:00,2026-05-07 00:29:09.000,2026-05-07 00:50:44.000,validation,train
2026-05-07 00:42:00,2026-05-07 00:32:09.000,2026-05-07 00:53:44.000,validation,train
2026-05-07 00:45:00,2026-05-07 00:35:09.000,2026-05-07 00:56:44.000,train,train
2026-05-07 00:48:00,2026-05-07 00:38:09.000,2026-05-07 00:59:44.000,train,train
2026-05-07 00:51:00,2026-05-07 00:41:09.000,2026-05-07 01:02:44.000,train,train
2026-05-07 00:54:00,2026-05-07 00:44:09.000,2026-05-07 01:05:44.000,validation,train
2026-05-07 00:57:00,2026-05-07 00:47:09.000,2026-05-07 01:08:44.000,train,train
2026-05-07 01:00:00,2026-05-07 00:50:09.000,2026-05-07 01:11:44.000,train,train
2026-05-07 01:03:00,2026-05-07 00:53:09.000,2026-05-07 01:14:44.000,train,train
2026-05-07 01:06:00,2026-05-07 00:56:09.000,2026-05-07 01:17:44.000,train,train
2026-05-07 01:09:00,2026-05-07 00:59:09.000,2026-05-07 01:20:44.000,validation,train
2026-05-07 01:12:00,2026-05-07 01:02:09.000,2026-05-07 01:23:44.000,train,train
2026-05-07 01:15:00,2026-05-07 01:05:09.000,2026-05-07 01:26:44.000,train,train
2026-05-07 01:18:00,2026-05-07 01:08:09.000,2026-05-07 01:29:44.000,train,train
2026-05-07 01:21:00,2026-05-07 01:11:09.000,2026-05-07 01:32:44.000,validation,train
2026-05-07 01:24:00,2026-05-07 01:14:09.000,2026-05-07 01:35:44.000,validation,train
2026-05-07 01:27:00,2026-05-07 01:17:09.000,2026-05-07 01:38:44.000,train,train
2026-05-07 01:30:00,2026-05-07 01:20:09.000,2026-05-07 01:41:44.000,train,train
2026-05-07 01:33:00,2026-05-07 01:23:09.000,2026-05-07 01:44:44.000,train,train
2026-05-07 01:36:00,2026-05-07 01:26:09.000,2026-05-07 01:47:44.000,train,train
2026-05-07 01:39:00,2026-05-07 01:29:09.000,2026-05-07 01:50:44.000,train,train
2026-05-07 01:42:00,2026-05-07 01:32:09.000,2026-05-07 01:53:44.000,train,train
2026-05-07 01:45:00,2026-05-07 01:35:09.000,2026-05-07 01:56:44.000,train,train
2026-05-07 01:48:00,2026-05-07 01:38:09.000,2026-05-07 01:59:44.000,validation,train
2026-05-07 01:51:00,2026-05-07 01:41:09.000,2026-05-07 02:02:44.000,train,train
2026-05-07 01:54:00,2026-05-07 01:44:09.000,2026-05-07 02:05:44.000,train,train
2026-05-07 01:57:00,2026-05-07 01:47:09.000,2026-05-07 02:08:44.000,train,train
2026-05-07 02:00:00,2026-05-07 01:50:09.000,2026-05-07 02:11:44.000,train,train
2026-05-07 02:03:00,2026-05-07 01:53:09.000,2026-05-07 02:14:44.000,validation,train
2026-05-07 02:06:00,2026-05-07 01:56:09.000,2026-05-07 02:17:44.000,train,train
2026-05-07 02:09:00,2026-05-07 01:59:09.000,2026-05-07 02:20:44.000,train,train
2026-05-07 02:12:00,2026-05-07 02:02:09.000,2026-05-07 02:23:44.000,train,train
2026-05-07 02:15:00,2026-05-07 02:05:09.000,2026-05-07 02:26:44.000,train,train
2026-05-07 02:18:00,2026-05-07 02:08:09.000,2026-05-07 02:29:44.000,train,train
2026-05-07 02:21:00,2026-05-07 02:11:09.000,2026-05-07 02:32:44.000,validation,train
2026-05-07 02:24:00,2026-05-07 02:14:09.000,2026-05-07 02:35:44.000,train,train
2026-05-07 02:27:00,2026-05-07 02:17:09.000,2026-05-07 02:38:44.000,train,train
2026-05-07 02:30:00,2026-05-07 02:20:09.000,2026-05-07 02:41:44.000,train,train
2026-05-07 02:33:00,2026-05-07 02:23:09.000,2026-05-07 02:44:44.000,train,train
2026-05-07 02:36:00,2026-05-07 02:26:09.000,2026-05-07 02:47:44.000,validation,train
2026-05-07 02:39:00,2026-05-07 02:29:09.000,2026-05-07 02:50:44.000,train,train
2026-05-07 02:42:00,2026-05-07 02:32:09.000,2026-05-07 02:53:44.000,train,train
2026-05-07 02:45:00,2026-05-07 02:35:09.000,2026-05-07 02:56:44.000,train,train
2026-05-07 02:48:00,2026-05-07 02:38:09.000,2026-05-07 02:59:44.000,train,train
2026-05-07 02:51:00,2026-05-07 02:41:09.000,2026-05-07 03:02:44.000,validation,train
2026-05-07 02:54:00,2026-05-07 02:44:09.000,2026-05-07 03:05:44.000,train,train
2026-05-07 02:57:00,2026-05-07 02:47:09.000,2026-05-07 03:08:44.000,train,train
2026-05-07 03:00:00,2026-05-07 02:50:09.000,2026-05-07 03:11:44.000,validation,train
2026-05-07 03:03:00,2026-05-07 02:53:09.000,2026-05-07 03:14:44.000,train,train
2026-05-07 03:06:00,2026-05-07 02:56:09.000,2026-05-07 03:17:44.000,train,train
2026-05-07 03:09:00,2026-05-07 02:59:09.000,2026-05-07 03:20:44.000,train,train
2026-05-07 03:12:00,2026-05-07 03:02:09.000,2026-05-07 03:23:44.000,train,train
2026-05-07 03:15:00,2026-05-07 03:05:09.000,2026-05-07 03:26:44.000,train,train
2026-05-07 03:18:00,2026-05-07 03:08:09.000,2026-05-07 03:29:44.000,train,train
2026-05-07 03:21:00,2026-05-07 03:11:09.000,2026-05-07 03:32:44.000,train,train
2026-05-07 03:24:00,2026-05-07 03:14:09.000,2026-05-07 03:35:44.000,train,train
2026-05-07 03:27:00,2026-05-07 03:17:09.000,2026-05-07 03:38:44.000,validation,train
2026-05-07 03:30:00,2026-05-07 03:20:09.000,2026-05-07 03:41:44.000,train,train
2026-05-07 03:33:00,2026-05-07 03:23:09.000,2026-05-07 03:44:44.000,train,train
2026-05-07 03:36:00,2026-05-07 03:26:09.000,2026-05-07 03:47:44.000,validation,train
2026-05-07 03:39:00,2026-05-07 03:29:09.000,2026-05-07 03:50:44.000,validation,train
2026-05-07 03:42:00,2026-05-07 03:32:09.000,2026-05-07 03:53:44.000,validation,train
2026-05-07 03:45:00,2026-05-07 03:35:09.000,2026-05-07 03:56:44.000,validation,train
2026-05-07 03:48:00,2026-05-07 03:38:09.000,2026-05-07 03:59:44.000,validation,train
2026-05-07 03:51:00,2026-05-07 03:41:09.000,2026-05-07 04:02:44.000,train,train
2026-05-07 03:54:00,2026-05-07 03:44:09.000,2026-05-07 04:05:44.000,validation,train
2026-05-07 03:57:00,2026-05-07 03:47:09.000,2026-05-07 04:08:44.000,train,train
2026-05-07 04:00:00,2026-05-07 03:50:09.000,2026-05-07 04:11:44.000,train,train
2026-05-07 04:03:00,2026-05-07 03:53:09.000,2026-05-07 04:14:44.000,train,train
2026-05-07 04:06:00,2026-05-07 03:56:09.000,2026-05-07 04:17:44.000,train,train
2026-05-07 04:09:00,2026-05-07 03:59:09.000,2026-05-07 04:20:44.000,train,train
2026-05-07 04:12:00,2026-05-07 04:02:09.000,2026-05-07 04:23:44.000,validation,train
2026-05-07 04:15:00,2026-05-07 04:05:09.000,2026-05-07 04:26:44.000,train,train
2026-05-07 04:18:00,2026-05-07 04:08:09.000,2026-05-07 04:29:44.000,train,train
2026-05-07 04:21:00,2026-05-07 04:11:09.000,2026-05-07 04:32:44.000,train,train
2026-05-07 04:24:00,2026-05-07 04:14:09.000,2026-05-07 04:35:44.000,train,train
2026-05-07 04:27:00,2026-05-07 04:17:09.000,2026-05-07 04:38:44.000,train,train
2026-05-07 04:30:00,2026-05-07 04:20:09.000,2026-05-07 04:41:44.000,train,train
2026-05-07 04:33:00,2026-05-07 04:23:09.000,2026-05-07 04:44:44.000,train,train
2026-05-07 04:36:00,2026-05-07 04:26:09.000,2026-05-07 04:47:44.000,validation,train
2026-05-07 04:39:00,2026-05-07 04:29:09.000,2026-05-07 04:50:44.000,validation,train
2026-05-07 04:42:00,2026-05-07 04:32:09.000,2026-05-07 04:53:44.000,validation,train
2026-05-07 04:45:00,2026-05-07 04:35:09.000,2026-05-07 04:56:44.000,validation,train
2026-05-07 04:48:00,2026-05-07 04:38:09.000,2026-05-07 04:59:44.000,train,train
2026-05-07 04:51:00,2026-05-07 04:41:09.000,2026-05-07 05:02:44.000,train,train
2026-05-07 04:54:00,2026-05-07 04:44:09.000,2026-05-07 05:05:44.000,train,train
2026-05-07 04:57:00,2026-05-07 04:47:09.000,2026-05-07 05:08:44.000,train,train
2026-05-07 05:00:00,2026-05-07 04:50:09.000,2026-05-07 05:11:44.000,train,train
2026-05-07 05:03:00,2026-05-07 04:53:09.000,2026-05-07 05:14:44.000,train,train
2026-05-07 05:06:00,2026-05-07 04:56:09.000,2026-05-07 05:17:44.000,train,train
2026-05-07 05:09:00,2026-05-07 04:59:09.000,2026-05-07 05:20:44.000,train,train
2026-05-07 05:12:00,2026-05-07 05:02:09.000,2026-05-07 05:23:44.000,train,train
2026-05-07 05:15:00,2026-05-07 05:05:09.000,2026-05-07 05:26:44.000,train,train
2026-05-07 05:18:00,2026-05-07 05:08:09.000,2026-05-07 05:29:44.000,train,train
2026-05-07 05:21:00,2026-05-07 05:11:09.000,2026-05-07 05:32:44.000,train,train
2026-05-07 05:24:00,2026-05-07 05:14:09.000,2026-05-07 05:35:44.000,train,train
2026-05-07 05:27:00,2026-05-07 05:17:09.000,2026-05-07 05:38:44.000,train,train
2026-05-07 05:30:00,2026-05-07 05:20:09.000,2026-05-07 05:41:44.000,train,train
2026-05-07 05:33:00,2026-05-07 05:23:09.000,2026-05-07 05:44:44.000,validation,train
2026-05-07 05:36:00,2026-05-07 05:26:09.000,2026-05-07 05:47:44.000,validation,train
2026-05-07 05:39:00,2026-05-07 05:29:09.000,2026-05-07 05:50:44.000,train,train
2026-05-07 05:42:00,2026-05-07 05:32:09.000,2026-05-07 05:53:44.000,train,train
2026-05-07 05:45:00,2026-05-07 05:35:09.000,2026-05-07 05:56:44.000,train,train
2026-05-07 05:48:00,2026-05-07 05:38:09.000,2026-05-07 05:59:44.000,train,train
2026-05-07 05:51:00,2026-05-07 05:41:09.000,2026-05-07 06:02:44.000,train,train
2026-05-07 05:54:00,2026-05-07 05:44:09.000,2026-05-07 06:05:44.000,train,train
2026-05-07 05:57:00,2026-05-07 05:47:09.000,2026-05-07 06:08:44.000,train,train
2026-05-07 06:00:00,2026-05-07 05:50:09.000,2026-05-07 06:11:44.000,train,train
2026-05-07 06:03:00,2026-05-07 05:53:09.000,2026-05-07 06:14:44.000,train,train
2026-05-07 06:06:00,2026-05-07 05:56:09.000,2026-05-07 06:17:44.000,train,train
2026-05-07 06:09:00,2026-05-07 05:59:09.000,2026-05-07 06:20:44.000,train,train
2026-05-07 06:12:00,2026-05-07 06:02:09.000,2026-05-07 06:23:44.000,train,train
2026-05-07 06:15:00,2026-05-07 06:05:09.000,2026-05-07 06:26:44.000,validation,train
2026-05-07 06:18:00,2026-05-07 06:08:09.000,2026-05-07 06:29:44.000,train,train
2026-05-07 06:21:00,2026-05-07 06:11:09.000,2026-05-07 06:32:44.000,train,train
2026-05-07 06:24:00,2026-05-07 06:14:09.000,2026-05-07 06:35:44.000,train,train
2026-05-07 06:27:00,2026-05-07 06:17:09.000,2026-05-07 06:38:44.000,train,train
2026-05-07 06:30:00,2026-05-07 06:20:09.000,2026-05-07 06:41:44.000,train,train
2026-05-07 06:33:00,2026-05-07 06:23:09.000,2026-05-07 06:44:44.000,train,train
2026-05-07 06:36:00,2026-05-07 06:26:09.000,2026-05-07 06:47:44.000,validation,train
2026-05-07 06:39:00,2026-05-07 06:29:09.000,2026-05-07 06:50:44.000,train,train
2026-05-07 06:42:00,2026-05-07 06:32:09.000,2026-05-07 06:53:44.000,train,train
2026-05-07 06:45:00,2026-05-07 06:35:09.000,2026-05-07 06:56:44.000,train,train
2026-05-07 06:48:00,2026-05-07 06:38:09.000,2026-05-07 06:59:44.000,validation,train
2026-05-07 06:51:00,2026-05-07 06:41:09.000,2026-05-07 07:02:44.000,train,train
2026-05-07 06:54:00,2026-05-07 06:44:09.000,2026-05-07 07:05:44.000,validation,train
2026-05-07 06:57:00,2026-05-07 06:47:09.000,2026-05-07 07:08:44.000,train,train
2026-05-07 07:00:00,2026-05-07 06:50:09.000,2026-05-07 07:11:44.000,train,train
2026-05-07 07:03:00,2026-05-07 06:53:09.000,2026-05-07 07:14:44.000,train,train
2026-05-07 07:06:00,2026-05-07 06:56:09.000,2026-05-07 07:17:44.000,train,train
2026-05-07 07:09:00,2026-05-07 06:59:09.000,2026-05-07 07:20:44.000,validation,train
2026-05-07 07:12:00,2026-05-07 07:02:09.000,2026-05-07 07:23:44.000,train,train
2026-05-07 07:15:00,2026-05-07 07:05:09.000,2026-05-07 07:26:44.000,train,train
2026-05-07 07:18:00,2026-05-07 07:08:09.000,2026-05-07 07:29:44.000,validation,train
2026-05-07 07:21:00,2026-05-07 07:11:09.000,2026-05-07 07:32:44.000,train,train
2026-05-07 07:24:00,2026-05-07 07:14:09.000,2026-05-07 07:35:44.000,train,train
2026-05-07 07:27:00,2026-05-07 07:17:09.000,2026-05-07 07:38:44.000,train,train
2026-05-07 07:30:00,2026-05-07 07:20:09.000,2026-05-07 07:41:44.000,train,train
2026-05-07 07:33:00,2026-05-07 07:23:09.000,2026-05-07 07:44:44.000,validation,train
2026-05-07 07:36:00,2026-05-07 07:26:09.000,2026-05-07 07:47:44.000,validation,train
2026-05-07 07:39:00,2026-05-07 07:29:09.000,2026-05-07 07:50:44.000,train,train
2026-05-07 07:42:00,2026-05-07 07:32:09.000,2026-05-07 07:53:44.000,train,train
2026-05-07 07:45:00,2026-05-07 07:35:09.000,2026-05-07 07:56:44.000,validation,train
2026-05-07 07:48:00,2026-05-07 07:38:09.000,2026-05-07 07:59:44.000,train,train
2026-05-07 07:51:00,2026-05-07 07:41:09.000,2026-05-07 08:02:44.000,train,train
2026-05-07 07:54:00,2026-05-07 07:44:09.000,2026-05-07 08:05:44.000,train,train
2026-05-07 07:57:00,2026-05-07 07:47:09.000,2026-05-07 08:08:44.000,train,train
2026-05-07 08:00:00,2026-05-07 07:50:09.000,2026-05-07 08:11:44.000,validation,train
2026-05-07 08:03:00,2026-05-07 07:53:09.000,2026-05-07 08:14:44.000,train,train
2026-05-07 08:06:00,2026-05-07 07:56:09.000,2026-05-07 08:17:44.000,train,train
2026-05-07 08:09:00,2026-05-07 07:59:09.000,2026-05-07 08:20:44.000,train,train
2026-05-07 08:12:00,2026-05-07 08:02:09.000,2026-05-07 08:23:44.000,train,train
2026-05-07 08:15:00,2026-05-07 08:05:09.000,2026-05-07 08:26:44.000,validation,train
2026-05-07 08:18:00,2026-05-07 08:08:09.000,2026-05-07 08:29:44.000,train,train
2026-05-07 08:21:00,2026-05-07 08:11:09.000,2026-05-07 08:32:44.000,train,train
2026-05-07 08:24:00,2026-05-07 08:14:09.000,2026-05-07 08:35:44.000,train,train
2026-05-07 08:27:00,2026-05-07 08:17:09.000,2026-05-07 08:38:44.000,validation,train
2026-05-07 08:30:00,2026-05-07 08:20:09.000,2026-05-07 08:41:44.000,train,train
2026-05-07 08:33:00,2026-05-07 08:23:09.000,2026-05-07 08:44:44.000,train,train
2026-05-07 08:36:00,2026-05-07 08:26:09.000,2026-05-07 08:47:44.000,validation,train
2026-05-07 08:39:00,2026-05-07 08:29:09.000,2026-05-07 08:50:44.000,train,train
2026-05-07 08:42:00,2026-05-07 08:32:09.000,2026-05-07 08:53:44.000,train,train
2026-05-07 08:45:00,2026-05-07 08:35:09.000,2026-05-07 08:56:44.000,validation,train
2026-05-07 08:48:00,2026-05-07 08:38:09.000,2026-05-07 08:59:44.000,train,train
2026-05-07 08:51:00,2026-05-07 08:41:09.000,2026-05-07 09:02:44.000,train,train
2026-05-07 08:54:00,2026-05-07 08:44:09.000,2026-05-07 09:05:44.000,validation,train
2026-05-07 08:57:00,2026-05-07 08:47:09.000,2026-05-07 09:08:44.000,validation,train
2026-05-07 09:00:00,2026-05-07 08:50:09.000,2026-05-07 09:11:44.000,train,train
2026-05-07 09:03:00,2026-05-07 08:53:09.000,2026-05-07 09:14:44.000,train,train
2026-05-07 09:06:00,2026-05-07 08:56:09.000,2026-05-07 09:17:44.000,train,train
2026-05-07 09:09:00,2026-05-07 08:59:09.000,2026-05-07 09:20:44.000,train,train
2026-05-07 09:12:00,2026-05-07 09:02:09.000,2026-05-07 09:23:44.000,train,train
2026-05-07 09:15:00,2026-05-07 09:05:09.000,2026-05-07 09:26:44.000,train,train
2026-05-07 09:18:00,2026-05-07 09:08:09.000,2026-05-07 09:29:44.000,train,train
2026-05-07 09:21:00,2026-05-07 09:11:09.000,2026-05-07 09:32:44.000,train,train
2026-05-07 09:24:00,2026-05-07 09:14:09.000,2026-05-07 09:35:44.000,train,train
2026-05-07 09:27:00,2026-05-07 09:17:09.000,2026-05-07 09:38:44.000,train,train
2026-05-07 09:30:00,2026-05-07 09:20:09.000,2026-05-07 09:41:44.000,validation,train
2026-05-07 09:33:00,2026-05-07 09:23:09.000,2026-05-07 09:44:44.000,train,train
2026-05-07 09:36:00,2026-05-07 09:26:09.000,2026-05-07 09:47:44.000,train,train
2026-05-07 09:39:00,2026-05-07 09:29:09.000,2026-05-07 09:50:44.000,validation,train
2026-05-07 09:42:00,2026-05-07 09:32:09.000,2026-05-07 09:53:44.000,train,train
2026-05-07 09:45:00,2026-05-07 09:35:09.000,2026-05-07 09:56:44.000,train,train
2026-05-07 09:48:00,2026-05-07 09:38:09.000,2026-05-07 09:59:44.000,train,train
2026-05-07 09:51:00,2026-05-07 09:41:09.000,2026-05-07 10:02:44.000,train,train
2026-05-07 09:54:00,2026-05-07 09:44:09.000,2026-05-07 10:05:44.000,train,train
2026-05-07 09:57:00,2026-05-07 09:47:12.000,2026-05-07 10:08:44.000,train,train
2026-05-07 10:00:00,2026-05-07 09:50:12.000,2026-05-07 10:11:44.000,train,train
2026-05-07 10:03:00,2026-05-07 09:53:12.000,2026-05-07 10:14:44.000,train,train
2026-05-07 10:06:00,2026-05-07 09:56:12.000,2026-05-07 10:17:44.000,train,train
2026-05-07 10:09:00,2026-05-07 09:59:12.000,2026-05-07 10:20:44.000,train,train
2026-05-07 10:12:00,2026-05-07 10:02:12.000,2026-05-07 10:23:44.000,validation,train
2026-05-07 10:15:00,2026-05-07 10:05:12.000,2026-05-07 10:26:44.000,train,train
2026-05-07 10:18:00,2026-05-07 10:08:12.000,2026-05-07 10:29:44.000,train,train
2026-05-07 10:21:00,2026-05-07 10:11:12.000,2026-05-07 10:32:44.000,train,train
2026-05-07 10:24:00,2026-05-07 10:14:12.000,2026-05-07 10:35:44.000,train,train
2026-05-07 10:27:00,2026-05-07 10:17:12.000,2026-05-07 10:38:44.000,train,train
2026-05-07 10:30:00,2026-05-07 10:20:12.000,2026-05-07 10:41:44.000,train,train
2026-05-07 10:33:00,2026-05-07 10:23:12.000,2026-05-07 10:44:44.000,validation,train
2026-05-07 10:36:00,2026-05-07 10:26:12.000,2026-05-07 10:47:44.000,train,train
2026-05-07 10:39:00,2026-05-07 10:29:12.000,2026-05-07 10:50:44.000,train,train
2026-05-07 10:42:00,2026-05-07 10:32:12.000,2026-05-07 10:53:44.000,validation,train
2026-05-07 10:45:00,2026-05-07 10:35:12.000,2026-05-07 10:56:44.000,train,train
2026-05-07 10:48:00,2026-05-07 10:38:12.000,2026-05-07 10:59:44.000,train,train
2026-05-07 10:51:00,2026-05-07 10:41:12.000,2026-05-07 11:02:44.000,train,train
2026-05-07 10:54:00,2026-05-07 10:44:12.000,2026-05-07 11:05:44.000,validation,train
2026-05-07 10:57:00,2026-05-07 10:47:12.000,2026-05-07 11:08:44.000,train,train
2026-05-07 11:00:00,2026-05-07 10:50:12.000,2026-05-07 11:11:44.000,validation,train
2026-05-07 11:03:00,2026-05-07 10:53:12.000,2026-05-07 11:14:44.000,train,train
2026-05-07 11:06:00,2026-05-07 10:56:12.000,2026-05-07 11:17:44.000,train,train
2026-05-07 11:09:00,2026-05-07 10:59:12.000,2026-05-07 11:20:44.000,train,train
2026-05-07 11:12:00,2026-05-07 11:02:12.000,2026-05-07 11:23:44.000,validation,train
2026-05-07 11:15:00,2026-05-07 11:05:12.000,2026-05-07 11:26:44.000,train,train
2026-05-07 11:18:00,2026-05-07 11:08:12.000,2026-05-07 11:29:44.000,train,train
2026-05-07 11:21:00,2026-05-07 11:11:12.000,2026-05-07 11:32:44.000,train,train
2026-05-07 11:24:00,2026-05-07 11:14:12.000,2026-05-07 11:35:44.000,train,train
2026-05-07 11:27:00,2026-05-07 11:17:12.000,2026-05-07 11:38:44.000,train,train
2026-05-07 11:30:00,2026-05-07 11:20:12.000,2026-05-07 11:41:44.000,train,train
2026-05-07 11:33:00,2026-05-07 11:23:12.000,2026-05-07 11:44:44.000,train,train
2026-05-07 11:36:00,2026-05-07 11:26:12.000,2026-05-07 11:47:44.000,train,train
2026-05-07 11:39:00,2026-05-07 11:29:12.000,2026-05-07 11:50:44.000,train,train
2026-05-07 11:42:00,2026-05-07 11:32:12.000,2026-05-07 11:53:44.000,validation,train
2026-05-07 11:45:00,2026-05-07 11:35:12.000,2026-05-07 11:56:44.000,train,train
2026-05-07 11:48:00,2026-05-07 11:38:12.000,2026-05-07 11:59:44.000,train,train
2026-05-07 11:51:00,2026-05-07 11:41:12.000,2026-05-07 12:02:44.000,train,train
2026-05-07 11:54:00,2026-05-07 11:44:12.000,2026-05-07 12:05:44.000,train,train
2026-05-07 11:57:00,2026-05-07 11:47:12.000,2026-05-07 12:08:44.000,train,train
2026-05-07 12:00:00,2026-05-07 11:50:12.000,2026-05-07 12:11:44.000,train,train
2026-05-07 12:03:00,2026-05-07 11:53:12.000,2026-05-07 12:14:44.000,train,train
2026-05-07 12:06:00,2026-05-07 11:56:12.000,2026-05-07 12:17:44.000,train,train
2026-05-07 12:09:00,2026-05-07 11:59:12.000,2026-05-07 12:20:44.000,train,train
2026-05-07 12:12:00,2026-05-07 12:02:12.000,2026-05-07 12:23:44.000,train,train
2026-05-07 12:15:00,2026-05-07 12:05:12.000,2026-05-07 12:26:44.000,validation,train
2026-05-07 12:18:00,2026-05-07 12:08:12.000,2026-05-07 12:29:44.000,train,train
2026-05-07 12:21:00,2026-05-07 12:11:12.000,2026-05-07 12:32:44.000,train,train
2026-05-07 12:24:00,2026-05-07 12:14:12.000,2026-05-07 12:35:44.000,validation,train
2026-05-07 12:27:00,2026-05-07 12:17:12.000,2026-05-07 12:38:44.000,train,train
2026-05-07 12:30:00,2026-05-07 12:20:12.000,2026-05-07 12:41:44.000,validation,train
2026-05-07 12:33:00,2026-05-07 12:23:12.000,2026-05-07 12:44:44.000,train,train
2026-05-07 12:36:00,2026-05-07 12:26:12.000,2026-05-07 12:47:44.000,train,train
2026-05-07 12:39:00,2026-05-07 12:29:12.000,2026-05-07 12:50:44.000,train,train
2026-05-07 12:42:00,2026-05-07 12:32:12.000,2026-05-07 12:53:44.000,train,train
2026-05-07 12:45:00,2026-05-07 12:35:12.000,2026-05-07 12:56:44.000,train,train
2026-05-07 12:48:00,2026-05-07 12:38:12.000,2026-05-07 12:59:44.000,train,train
2026-05-07 12:51:00,2026-05-07 12:41:12.000,2026-05-07 13:02:44.000,train,train
2026-05-07 12:54:00,2026-05-07 12:44:12.000,2026-05-07 13:05:44.000,train,train
2026-05-07 12:57:00,2026-05-07 12:47:12.000,2026-05-07 13:08:44.000,train,train
2026-05-07 13:00:00,2026-05-07 12:50:12.000,2026-05-07 13:11:44.000,train,train
2026-05-07 13:03:00,2026-05-07 12:53:12.000,2026-05-07 13:14:44.000,train,train
2026-05-07 13:06:00,2026-05-07 12:56:12.000,2026-05-07 13:17:44.000,train,train
2026-05-07 13:09:00,2026-05-07 12:59:12.000,2026-05-07 13:20:44.000,validation,train
2026-05-07 13:12:00,2026-05-07 13:02:12.000,2026-05-07 13:23:44.000,train,train
2026-05-07 13:15:00,2026-05-07 13:05:12.000,2026-05-07 13:26:44.000,train,train
2026-05-07 13:18:00,2026-05-07 13:08:12.000,2026-05-07 13:29:44.000,train,train
2026-05-07 13:21:00,2026-05-07 13:11:12.000,2026-05-07 13:32:44.000,train,train
2026-05-07 13:24:00,2026-05-07 13:14:12.000,2026-05-07 13:35:44.000,train,train
2026-05-07 13:27:00,2026-05-07 13:17:12.000,2026-05-07 13:38:44.000,validation,train
2026-05-07 13:30:00,2026-05-07 13:20:12.000,2026-05-07 13:41:44.000,train,train
2026-05-07 13:33:00,2026-05-07 13:23:12.000,2026-05-07 13:44:44.000,train,train
2026-05-07 13:36:00,2026-05-07 13:26:12.000,2026-05-07 13:47:44.000,train,train
2026-05-07 13:39:00,2026-05-07 13:29:12.000,2026-05-07 13:50:44.000,train,train
2026-05-07 13:42:00,2026-05-07 13:32:12.000,2026-05-07 13:53:44.000,train,train
2026-05-07 13:45:00,2026-05-07 13:35:12.000,2026-05-07 13:56:44.000,validation,train
2026-05-07 13:48:00,2026-05-07 13:38:12.000,2026-05-07 13:59:44.000,train,train
2026-05-07 13:51:00,2026-05-07 13:41:12.000,2026-05-07 14:02:44.000,train,train
2026-05-07 13:54:00,2026-05-07 13:44:12.000,2026-05-07 14:05:44.000,validation,train
2026-05-07 13:57:00,2026-05-07 13:47:12.000,2026-05-07 14:08:44.000,train,train
2026-05-07 14:00:00,2026-05-07 13:50:12.000,2026-05-07 14:11:44.000,train,train
2026-05-07 14:03:00,2026-05-07 13:53:12.000,2026-05-07 14:14:44.000,train,train
2026-05-07 14:06:00,2026-05-07 13:56:12.000,2026-05-07 14:17:44.000,train,train
2026-05-07 14:09:00,2026-05-07 13:59:12.000,2026-05-07 14:20:44.000,train,train
2026-05-07 14:12:00,2026-05-07 14:02:12.000,2026-05-07 14:23:44.000,train,train
2026-05-07 14:15:00,2026-05-07 14:05:12.000,2026-05-07 14:26:44.000,train,train
2026-05-07 14:18:00,2026-05-07 14:08:12.000,2026-05-07 14:29:44.000,validation,train
2026-05-07 14:21:00,2026-05-07 14:11:12.000,2026-05-07 14:32:44.000,train,train
2026-05-07 14:24:00,2026-05-07 14:14:12.000,2026-05-07 14:35:44.000,train,train
2026-05-07 14:27:00,2026-05-07 14:17:12.000,2026-05-07 14:38:44.000,train,train
2026-05-07 14:30:00,2026-05-07 14:20:12.000,2026-05-07 14:41:44.000,train,train
2026-05-07 14:33:00,2026-05-07 14:23:12.000,2026-05-07 14:44:44.000,validation,train
2026-05-07 14:36:00,2026-05-07 14:26:12.000,2026-05-07 14:47:44.000,validation,train
2026-05-07 14:39:00,2026-05-07 14:29:12.000,2026-05-07 14:50:44.000,train,train
2026-05-07 14:42:00,2026-05-07 14:32:12.000,2026-05-07 14:53:44.000,train,train
2026-05-07 14:45:00,2026-05-07 14:35:12.000,2026-05-07 14:56:44.000,train,train
2026-05-07 14:48:00,2026-05-07 14:38:12.000,2026-05-07 14:59:44.000,train,train
2026-05-07 14:51:00,2026-05-07 14:41:12.000,2026-05-07 15:02:44.000,train,train
2026-05-07 14:54:00,2026-05-07 14:44:12.000,2026-05-07 15:05:44.000,validation,train
2026-05-07 14:57:00,2026-05-07 14:47:12.000,2026-05-07 15:08:44.000,train,train
2026-05-07 15:00:00,2026-05-07 14:50:12.000,2026-05-07 15:11:44.000,validation,train
2026-05-07 15:03:00,2026-05-07 14:53:12.000,2026-05-07 15:14:44.000,train,train
2026-05-07 15:06:00,2026-05-07 14:56:12.000,2026-05-07 15:17:44.000,train,train
2026-05-07 15:09:00,2026-05-07 14:59:12.000,2026-05-07 15:20:44.000,train,train
2026-05-07 15:12:00,2026-05-07 15:02:12.000,2026-05-07 15:23:44.000,train,train
2026-05-07 15:15:00,2026-05-07 15:05:12.000,2026-05-07 15:26:44.000,train,train
2026-05-07 15:18:00,2026-05-07 15:08:12.000,2026-05-07 15:29:44.000,train,train
2026-05-07 15:21:00,2026-05-07 15:11:12.000,2026-05-07 15:32:44.000,train,train
2026-05-07 15:24:00,2026-05-07 15:14:12.000,2026-05-07 15:35:44.000,train,train
2026-05-07 15:27:00,2026-05-07 15:17:12.000,2026-05-07 15:38:44.000,train,train
2026-05-07 15:30:00,2026-05-07 15:20:12.000,2026-05-07 15:41:44.000,train,train
2026-05-07 15:33:00,2026-05-07 15:23:12.000,2026-05-07 15:44:44.000,train,train
2026-05-07 15:36:00,2026-05-07 15:26:12.000,2026-05-07 15:47:44.000,train,train
2026-05-07 15:39:00,2026-05-07 15:29:12.000,2026-05-07 15:50:44.000,train,train
2026-05-07 15:42:00,2026-05-07 15:32:12.000,2026-05-07 15:53:44.000,validation,train
2026-05-07 15:45:00,2026-05-07 15:35:12.000,2026-05-07 15:56:44.000,train,train
2026-05-07 15:48:00,2026-05-07 15:38:12.000,2026-05-07 15:59:44.000,validation,train
2026-05-07 15:51:00,2026-05-07 15:41:12.000,2026-05-07 16:02:44.000,train,train
2026-05-07 15:54:00,2026-05-07 15:44:12.000,2026-05-07 16:05:44.000,train,train
2026-05-07 15:57:00,2026-05-07 15:47:12.000,2026-05-07 16:08:44.000,train,train
2026-05-07 16:00:00,2026-05-07 15:50:12.000,2026-05-07 16:11:44.000,train,train
2026-05-07 16:03:00,2026-05-07 15:53:12.000,2026-05-07 16:14:44.000,train,train
2026-05-07 16:06:00,2026-05-07 15:56:12.000,2026-05-07 16:17:44.000,train,train
2026-05-07 16:09:00,2026-05-07 15:59:12.000,2026-05-07 16:20:44.000,train,train
2026-05-07 16:12:00,2026-05-07 16:02:12.000,2026-05-07 16:23:44.000,train,train
2026-05-07 16:15:00,2026-05-07 16:05:12.000,2026-05-07 16:26:44.000,train,train
2026-05-07 16:18:00,2026-05-07 16:08:12.000,2026-05-07 16:29:44.000,validation,train
2026-05-07 16:21:00,2026-05-07 16:11:12.000,2026-05-07 16:32:44.000,train,train
2026-05-07 16:24:00,2026-05-07 16:14:12.000,2026-05-07 16:35:44.000,train,train
2026-05-07 16:27:00,2026-05-07 16:17:12.000,2026-05-07 16:38:44.000,train,train
2026-05-07 16:30:00,2026-05-07 16:20:12.000,2026-05-07 16:41:44.000,train,train
2026-05-07 16:33:00,2026-05-07 16:23:12.000,2026-05-07 16:44:44.000,train,train
2026-05-07 16:36:00,2026-05-07 16:26:12.000,2026-05-07 16:47:44.000,train,train
2026-05-07 16:39:00,2026-05-07 16:29:12.000,2026-05-07 16:50:44.000,train,train
2026-05-07 16:42:00,2026-05-07 16:32:12.000,2026-05-07 16:53:44.000,validation,train
2026-05-07 16:45:00,2026-05-07 16:35:12.000,2026-05-07 16:56:44.000,train,train
2026-05-07 16:48:00,2026-05-07 16:38:12.000,2026-05-07 16:59:44.000,train,train
2026-05-07 16:51:00,2026-05-07 16:41:12.000,2026-05-07 17:02:44.000,train,train
2026-05-07 16:54:00,2026-05-07 16:44:12.000,2026-05-07 17:05:44.000,train,train
2026-05-07 16:57:00,2026-05-07 16:47:12.000,2026-05-07 17:08:44.000,validation,train
2026-05-07 17:00:00,2026-05-07 16:50:12.000,2026-05-07 17:11:44.000,train,train
2026-05-07 17:03:00,2026-05-07 16:53:12.000,2026-05-07 17:14:44.000,validation,train
2026-05-07 17:06:00,2026-05-07 16:56:12.000,2026-05-07 17:17:44.000,validation,train
2026-05-07 17:09:00,2026-05-07 16:59:12.000,2026-05-07 17:20:44.000,train,train
2026-05-07 17:12:00,2026-05-07 17:02:12.000,2026-05-07 17:23:44.000,train,train
2026-05-07 17:15:00,2026-05-07 17:05:12.000,2026-05-07 17:26:44.000,train,train
2026-05-07 17:18:00,2026-05-07 17:08:12.000,2026-05-07 17:29:44.000,train,train
2026-05-07 17:21:00,2026-05-07 17:11:12.000,2026-05-07 17:32:44.000,validation,train
2026-05-07 17:24:00,2026-05-07 17:14:12.000,2026-05-07 17:35:44.000,train,train
2026-05-07 17:27:00,2026-05-07 17:17:12.000,2026-05-07 17:38:44.000,train,train
2026-05-07 17:30:00,2026-05-07 17:20:12.000,2026-05-07 17:41:44.000,train,train
2026-05-07 17:33:00,2026-05-07 17:23:12.000,2026-05-07 17:44:44.000,train,train
2026-05-07 17:36:00,2026-05-07 17:26:12.000,2026-05-07 17:47:44.000,train,train
2026-05-07 17:39:00,2026-05-07 17:29:12.000,2026-05-07 17:50:44.000,train,train
2026-05-07 17:42:00,2026-05-07 17:32:12.000,2026-05-07 17:53:44.000,validation,train
2026-05-07 17:45:00,2026-05-07 17:35:12.000,2026-05-07 17:56:44.000,validation,train
2026-05-07 17:48:00,2026-05-07 17:38:12.000,2026-05-07 17:59:44.000,validation,train
2026-05-07 17:51:00,2026-05-07 17:41:12.000,2026-05-07 18:02:44.000,train,train
2026-05-07 17:54:00,2026-05-07 17:44:12.000,2026-05-07 18:05:44.000,train,train
2026-05-07 17:57:00,2026-05-07 17:47:12.000,2026-05-07 18:08:44.000,validation,train
2026-05-07 18:00:00,2026-05-07 17:50:12.000,2026-05-07 18:11:44.000,train,train
2026-05-07 18:03:00,2026-05-07 17:53:12.000,2026-05-07 18:14:44.000,train,train
2026-05-07 18:06:00,2026-05-07 17:56:12.000,2026-05-07 18:17:44.000,validation,train
2026-05-07 18:09:00,2026-05-07 17:59:12.000,2026-05-07 18:20:44.000,train,train
2026-05-07 18:12:00,2026-05-07 18:02:12.000,2026-05-07 18:23:44.000,train,train
2026-05-07 18:15:00,2026-05-07 18:05:12.000,2026-05-07 18:26:44.000,train,train
2026-05-07 18:18:00,2026-05-07 18:08:12.000,2026-05-07 18:29:44.000,train,train
2026-05-07 18:21:00,2026-05-07 18:11:12.000,2026-05-07 18:32:44.000,train,train
2026-05-07 18:24:00,2026-05-07 18:14:12.000,2026-05-07 18:35:44.000,train,train
2026-05-07 18:27:00,2026-05-07 18:17:12.000,2026-05-07 18:38:44.000,train,train
2026-05-07 18:30:00,2026-05-07 18:20:12.000,2026-05-07 18:41:44.000,train,train
2026-05-07 18:33:00,2026-05-07 18:23:12.000,2026-05-07 18:44:44.000,train,train
2026-05-07 18:36:00,2026-05-07 18:26:12.000,2026-05-07 18:47:44.000,validation,train
2026-05-07 18:39:00,2026-05-07 18:29:12.000,2026-05-07 18:50:44.000,train,train
2026-05-07 18:42:00,2026-05-07 18:32:12.000,2026-05-07 18:53:44.000,train,train
2026-05-07 18:45:00,2026-05-07 18:35:12.000,2026-05-07 18:56:44.000,train,train
2026-05-07 18:48:00,2026-05-07 18:38:12.000,2026-05-07 18:59:44.000,train,train
2026-05-07 18:51:00,2026-05-07 18:41:12.000,2026-05-07 19:02:44.000,train,train
2026-05-07 18:54:00,2026-05-07 18:44:12.000,2026-05-07 19:05:44.000,train,train
2026-05-07 18:57:00,2026-05-07 18:47:12.000,2026-05-07 19:08:44.000,train,train
2026-05-07 19:00:00,2026-05-07 18:50:12.000,2026-05-07 19:11:44.000,train,train
2026-05-07 19:03:00,2026-05-07 18:53:12.000,2026-05-07 19:14:44.000,train,train
2026-05-07 19:06:00,2026-05-07 18:56:12.000,2026-05-07 19:17:44.000,validation,train
2026-05-07 19:09:00,2026-05-07 18:59:12.000,2026-05-07 19:20:44.000,train,train
2026-05-07 19:12:00,2026-05-07 19:02:12.000,2026-05-07 19:23:44.000,validation,train
2026-05-07 19:15:00,2026-05-07 19:05:12.000,2026-05-07 19:26:44.000,train,train
2026-05-07 19:18:00,2026-05-07 19:08:12.000,2026-05-07 19:29:44.000,train,train
2026-05-07 19:21:00,2026-05-07 19:11:12.000,2026-05-07 19:32:44.000,train,train
2026-05-07 19:24:00,2026-05-07 19:14:12.000,2026-05-07 19:35:44.000,train,train
2026-05-07 19:27:00,2026-05-07 19:17:12.000,2026-05-07 19:38:44.000,validation,train
2026-05-07 19:30:00,2026-05-07 19:20:12.000,2026-05-07 19:41:44.000,validation,train
2026-05-07 19:33:00,2026-05-07 19:23:12.000,2026-05-07 19:44:44.000,train,train
2026-05-07 19:36:00,2026-05-07 19:26:12.000,2026-05-07 19:47:44.000,train,train
2026-05-07 19:39:00,2026-05-07 19:29:12.000,2026-05-07 19:50:44.000,train,train
2026-05-07 19:42:00,2026-05-07 19:32:12.000,2026-05-07 19:53:44.000,train,train
2026-05-07 19:45:00,2026-05-07 19:35:12.000,2026-05-07 19:56:44.000,train,train
2026-05-07 19:48:00,2026-05-07 19:38:12.000,2026-05-07 19:59:44.000,train,train
2026-05-07 19:51:00,2026-05-07 19:41:12.000,2026-05-07 20:02:44.000,train,train
2026-05-07 19:54:00,2026-05-07 19:44:12.000,2026-05-07 20:05:44.000,train,train
2026-05-07 19:57:00,2026-05-07 19:47:12.000,2026-05-07 20:08:44.000,train,train
2026-05-07 20:00:00,2026-05-07 19:50:12.000,2026-05-07 20:11:44.000,validation,train
2026-05-07 20:03:00,2026-05-07 19:53:12.000,2026-05-07 20:14:44.000,train,train
2026-05-07 20:06:00,2026-05-07 19:56:12.000,2026-05-07 20:17:44.000,train,train
2026-05-07 20:09:00,2026-05-07 19:59:12.000,2026-05-07 20:20:44.000,train,train
2026-05-07 20:12:00,2026-05-07 20:02:12.000,2026-05-07 20:23:44.000,train,train
2026-05-07 20:15:00,2026-05-07 20:05:12.000,2026-05-07 20:26:44.000,train,train
2026-05-07 20:18:00,2026-05-07 20:08:12.000,2026-05-07 20:29:44.000,train,train
2026-05-07 20:21:00,2026-05-07 20:11:12.000,2026-05-07 20:32:44.000,train,train
2026-05-07 20:24:00,2026-05-07 20:14:12.000,2026-05-07 20:35:44.000,train,train
2026-05-07 20:27:00,2026-05-07 20:17:12.000,2026-05-07 20:38:44.000,train,train
2026-05-07 20:30:00,2026-05-07 20:20:12.000,2026-05-07 20:41:44.000,train,train
2026-05-07 20:33:00,2026-05-07 20:23:12.000,2026-05-07 20:44:44.000,train,train
2026-05-07 20:36:00,2026-05-07 20:26:12.000,2026-05-07 20:47:44.000,train,train
2026-05-07 20:39:00,2026-05-07 20:29:12.000,2026-05-07 20:50:44.000,train,train
2026-05-07 20:42:00,2026-05-07 20:32:12.000,2026-05-07 20:53:44.000,train,train
2026-05-07 20:45:00,2026-05-07 20:35:12.000,2026-05-07 20:56:44.000,train,train
2026-05-07 20:48:00,2026-05-07 20:38:12.000,2026-05-07 20:59:44.000,validation,train
2026-05-07 20:51:00,2026-05-07 20:41:12.000,2026-05-07 21:02:44.000,train,train
2026-05-07 20:54:00,2026-05-07 20:44:12.000,2026-05-07 21:05:44.000,train,train
2026-05-07 20:57:00,2026-05-07 20:47:12.000,2026-05-07 21:08:44.000,train,train
2026-05-07 21:00:00,2026-05-07 20:50:12.000,2026-05-07 21:11:44.000,validation,train
2026-05-07 21:03:00,2026-05-07 20:53:12.000,2026-05-07 21:14:44.000,train,train
2026-05-07 21:06:00,2026-05-07 20:56:12.000,2026-05-07 21:17:44.000,train,train
2026-05-07 21:09:00,2026-05-07 20:59:12.000,2026-05-07 21:20:44.000,validation,train
2026-05-07 21:12:00,2026-05-07 21:02:12.000,2026-05-07 21:23:44.000,train,train
2026-05-07 21:15:00,2026-05-07 21:05:12.000,2026-05-07 21:26:44.000,train,train
2026-05-07 21:18:00,2026-05-07 21:08:12.000,2026-05-07 21:29:44.000,train,train
2026-05-07 21:21:00,2026-05-07 21:11:12.000,2026-05-07 21:32:44.000,train,train
2026-05-07 21:24:00,2026-05-07 21:14:12.000,2026-05-07 21:35:44.000,validation,train
2026-05-07 21:27:00,2026-05-07 21:17:12.000,2026-05-07 21:38:44.000,validation,train
2026-05-07 21:30:00,2026-05-07 21:20:12.000,2026-05-07 21:41:44.000,train,train
2026-05-07 21:33:00,2026-05-07 21:23:12.000,2026-05-07 21:44:44.000,train,train
2026-05-07 21:36:00,2026-05-07 21:26:12.000,2026-05-07 21:47:44.000,validation,train
2026-05-07 21:39:00,2026-05-07 21:29:12.000,2026-05-07 21:50:44.000,train,train
2026-05-07 21:42:00,2026-05-07 21:32:12.000,2026-05-07 21:53:44.000,train,train
2026-05-07 21:45:00,2026-05-07 21:35:12.000,2026-05-07 21:56:44.000,train,train
2026-05-07 21:48:00,2026-05-07 21:38:12.000,2026-05-07 21:59:44.000,train,train
2026-05-07 21:51:00,2026-05-07 21:41:12.000,2026-05-07 22:02:44.000,train,train
2026-05-07 21:54:00,2026-05-07 21:44:12.000,2026-05-07 22:05:44.000,train,train
2026-05-07 21:57:00,2026-05-07 21:47:12.000,2026-05-07 22:08:44.000,train,train
2026-05-07 22:00:00,2026-05-07 21:50:12.000,2026-05-07 22:11:44.000,train,train
2026-05-07 22:03:00,2026-05-07 21:53:12.000,2026-05-07 22:14:44.000,validation,train
2026-05-07 22:06:00,2026-05-07 21:56:12.000,2026-05-07 22:17:44.000,validation,train
2026-05-07 22:09:00,2026-05-07 21:59:12.000,2026-05-07 22:20:44.000,train,train
2026-05-07 22:12:00,2026-05-07 22:02:12.000,2026-05-07 22:23:44.000,train,train
2026-05-07 22:15:00,2026-05-07 22:05:12.000,2026-05-07 22:26:44.000,train,train
2026-05-07 22:18:00,2026-05-07 22:08:12.000,2026-05-07 22:29:44.000,train,train
2026-05-07 22:21:00,2026-05-07 22:11:12.000,2026-05-07 22:32:44.000,train,train
2026-05-07 22:24:00,2026-05-07 22:14:12.000,2026-05-07 22:35:44.000,validation,train
2026-05-07 22:27:00,2026-05-07 22:17:12.000,2026-05-07 22:38:44.000,train,train
2026-05-07 22:30:00,2026-05-07 22:20:12.000,2026-05-07 22:41:44.000,train,train
2026-05-07 22:33:00,2026-05-07 22:23:12.000,2026-05-07 22:44:44.000,train,train
2026-05-07 22:36:00,2026-05-07 22:26:12.000,2026-05-07 22:47:44.000,validation,train
2026-05-07 22:39:00,2026-05-07 22:29:12.000,2026-05-07 22:50:44.000,validation,train
2026-05-07 22:42:00,2026-05-07 22:32:12.000,2026-05-07 22:53:44.000,train,train
2026-05-07 22:45:00,2026-05-07 22:35:12.000,2026-05-07 22:56:44.000,train,train
2026-05-07 22:48:00,2026-05-07 22:38:12.000,2026-05-07 22:59:44.000,train,train
2026-05-07 22:51:00,2026-05-07 22:41:12.000,2026-05-07 23:02:44.000,train,train
2026-05-07 22:54:00,2026-05-07 22:44:12.000,2026-05-07 23:05:44.000,train,train
2026-05-07 22:57:00,2026-05-07 22:47:12.000,2026-05-07 23:08:44.000,train,train
2026-05-07 23:00:00,2026-05-07 22:50:12.000,2026-05-07 23:11:44.000,train,train
2026-05-07 23:03:00,2026-05-07 22:53:12.000,2026-05-07 23:14:44.000,train,train
2026-05-07 23:06:00,2026-05-07 22:56:12.000,2026-05-07 23:17:44.000,train,train
2026-05-07 23:09:00,2026-05-07 22:59:12.000,2026-05-07 23:20:44.000,train,train
2026-05-07 23:12:00,2026-05-07 23:02:12.000,2026-05-07 23:23:44.000,validation,train
2026-05-07 23:15:00,2026-05-07 23:05:12.000,2026-05-07 23:26:44.000,train,train
2026-05-07 23:18:00,2026-05-07 23:08:12.000,2026-05-07 23:29:44.000,train,train
2026-05-07 23:21:00,2026-05-07 23:11:12.000,2026-05-07 23:32:44.000,train,train
2026-05-07 23:24:00,2026-05-07 23:14:12.000,2026-05-07 23:35:44.000,train,train
2026-05-07 23:27:00,2026-05-07 23:17:12.000,2026-05-07 23:38:44.000,train,train
2026-05-07 23:30:00,2026-05-07 23:20:12.000,2026-05-07 23:41:44.000,train,train
2026-05-07 23:33:00,2026-05-07 23:23:12.000,2026-05-07 23:44:44.000,train,train
2026-05-07 23:36:00,2026-05-07 23:26:12.000,2026-05-07 23:47:44.000,train,train
2026-05-07 23:39:00,2026-05-07 23:29:12.000,2026-05-07 23:50:44.000,train,train
2026-05-07 23:42:00,2026-05-07 23:32:12.000,2026-05-07 23:53:44.000,train,train
2026-05-07 23:45:00,2026-05-07 23:35:12.000,2026-05-07 23:56:44.000,validation,train
2026-05-07 23:48:00,2026-05-07 23:38:12.000,2026-05-07 23:59:44.000,train,train
2026-05-07 23:51:00,2026-05-07 23:41:12.000,2026-05-08 00:02:44.000,train,train
2026-05-07 23:54:00,2026-05-07 23:44:12.000,2026-05-08 00:05:44.000,train,train
2026-05-07 23:57:00,2026-05-07 23:47:12.000,2026-05-08 00:08:44.000,train,train
2026-05-08 00:00:00,2026-05-07 23:50:12.000,2026-05-08 00:11:44.000,train,train
2026-05-08 00:03:00,2026-05-07 23:53:12.000,2026-05-08 00:14:44.000,train,train
2026-05-08 00:06:00,2026-05-07 23:56:12.000,2026-05-08 00:17:44.000,validation,train
2026-05-08 00:09:00,2026-05-07 23:59:12.000,2026-05-08 00:20:44.000,validation,train
2026-05-08 00:12:00,2026-05-08 00:02:12.000,2026-05-08 00:23:44.000,train,train
2026-05-08 00:15:00,2026-05-08 00:05:12.000,2026-05-08 00:26:44.000,train,train
2026-05-08 00:18:00,2026-05-08 00:08:12.000,2026-05-08 00:29:44.000,train,train
2026-05-08 00:21:00,2026-05-08 00:11:12.000,2026-05-08 00:32:44.000,train,train
2026-05-08 00:24:00,2026-05-08 00:14:12.000,2026-05-08 00:35:44.000,validation,train
2026-05-08 00:27:00,2026-05-08 00:17:12.000,2026-05-08 00:38:44.000,validation,train
2026-05-08 00:30:00,2026-05-08 00:20:12.000,2026-05-08 00:41:44.000,train,train
2026-05-08 00:33:00,2026-05-08 00:23:12.000,2026-05-08 00:44:44.000,train,train
2026-05-08 00:36:00,2026-05-08 00:26:12.000,2026-05-08 00:47:44.000,validation,train
2026-05-08 00:39:00,2026-05-08 00:29:12.000,2026-05-08 00:50:44.000,validation,train
2026-05-08 00:42:00,2026-05-08 00:32:12.000,2026-05-08 00:53:44.000,train,train
2026-05-08 00:45:00,2026-05-08 00:35:12.000,2026-05-08 00:56:44.000,train,train
2026-05-08 00:48:00,2026-05-08 00:38:12.000,2026-05-08 00:59:44.000,train,train
2026-05-08 00:51:00,2026-05-08 00:41:12.000,2026-05-08 01:02:44.000,train,train
2026-05-08 00:54:00,2026-05-08 00:44:12.000,2026-05-08 01:05:44.000,train,train
2026-05-08 00:57:00,2026-05-08 00:47:12.000,2026-05-08 01:08:44.000,train,train
2026-05-08 01:00:00,2026-05-08 00:50:12.000,2026-05-08 01:11:44.000,validation,train
2026-05-08 01:03:00,2026-05-08 00:53:12.000,2026-05-08 01:14:44.000,train,train
2026-05-08 01:06:00,2026-05-08 00:56:12.000,2026-05-08 01:17:44.000,validation,train
2026-05-08 01:09:00,2026-05-08 00:59:12.000,2026-05-08 01:20:44.000,train,train
2026-05-08 01:12:00,2026-05-08 01:02:12.000,2026-05-08 01:23:44.000,train,train
2026-05-08 01:15:00,2026-05-08 01:05:12.000,2026-05-08 01:26:44.000,train,train
2026-05-08 01:18:00,2026-05-08 01:08:12.000,2026-05-08 01:29:44.000,train,train
2026-05-08 01:21:00,2026-05-08 01:11:12.000,2026-05-08 01:32:44.000,train,train
2026-05-08 01:24:00,2026-05-08 01:14:12.000,2026-05-08 01:35:44.000,train,train
2026-05-08 01:27:00,2026-05-08 01:17:12.000,2026-05-08 01:38:44.000,train,train
2026-05-08 01:30:00,2026-05-08 01:20:12.000,2026-05-08 01:41:44.000,train,train
2026-05-08 01:33:00,2026-05-08 01:23:12.000,2026-05-08 01:44:44.000,train,train
2026-05-08 01:36:00,2026-05-08 01:26:12.000,2026-05-08 01:47:44.000,train,train
2026-05-08 01:39:00,2026-05-08 01:29:12.000,2026-05-08 01:50:44.000,train,train
2026-05-08 01:42:00,2026-05-08 01:32:12.000,2026-05-08 01:53:44.000,train,train
2026-05-08 01:45:00,2026-05-08 01:35:12.000,2026-05-08 01:56:44.000,train,train
2026-05-08 01:48:00,2026-05-08 01:38:12.000,2026-05-08 01:59:44.000,train,train
2026-05-08 01:51:00,2026-05-08 01:41:12.000,2026-05-08 02:02:44.000,train,train
2026-05-08 01:54:00,2026-05-08 01:44:12.000,2026-05-08 02:05:44.000,train,train
2026-05-08 01:57:00,2026-05-08 01:47:12.000,2026-05-08 02:08:44.000,train,train
2026-05-08 02:00:00,2026-05-08 01:50:12.000,2026-05-08 02:11:44.000,train,train
2026-05-08 02:03:00,2026-05-08 01:53:12.000,2026-05-08 02:14:44.000,train,train
2026-05-08 02:06:00,2026-05-08 01:56:12.000,2026-05-08 02:17:44.000,train,train
2026-05-08 02:09:00,2026-05-08 01:59:12.000,2026-05-08 02:20:44.000,train,train
2026-05-08 02:12:00,2026-05-08 02:02:12.000,2026-05-08 02:23:44.000,train,train
2026-05-08 02:15:00,2026-05-08 02:05:12.000,2026-05-08 02:26:44.000,train,train
2026-05-08 02:18:00,2026-05-08 02:08:12.000,2026-05-08 02:29:44.000,train,train
2026-05-08 02:21:00,2026-05-08 02:11:12.000,2026-05-08 02:32:44.000,validation,train
2026-05-08 02:24:00,2026-05-08 02:14:12.000,2026-05-08 02:35:44.000,validation,train
2026-05-08 02:27:00,2026-05-08 02:17:12.000,2026-05-08 02:38:44.000,train,train
2026-05-08 02:30:00,2026-05-08 02:20:12.000,2026-05-08 02:41:44.000,validation,train
2026-05-08 02:33:00,2026-05-08 02:23:12.000,2026-05-08 02:44:44.000,validation,train
2026-05-08 02:36:00,2026-05-08 02:26:12.000,2026-05-08 02:47:44.000,train,train
2026-05-08 02:39:00,2026-05-08 02:29:12.000,2026-05-08 02:50:44.000,train,train
2026-05-08 02:42:00,2026-05-08 02:32:12.000,2026-05-08 02:53:44.000,train,train
2026-05-08 02:45:00,2026-05-08 02:35:12.000,2026-05-08 02:56:44.000,train,train
2026-05-08 02:48:00,2026-05-08 02:38:12.000,2026-05-08 02:59:44.000,train,train
2026-05-08 02:51:00,2026-05-08 02:41:12.000,2026-05-08 03:02:44.000,train,train
2026-05-08 02:54:00,2026-05-08 02:44:12.000,2026-05-08 03:05:44.000,train,train
2026-05-08 02:57:00,2026-05-08 02:47:12.000,2026-05-08 03:08:44.000,train,train
2026-05-08 03:00:00,2026-05-08 02:50:12.000,2026-05-08 03:11:44.000,train,train
2026-05-08 03:03:00,2026-05-08 02:53:12.000,2026-05-08 03:14:44.000,train,train
2026-05-08 03:06:00,2026-05-08 02:56:12.000,2026-05-08 03:17:44.000,train,train
2026-05-08 03:09:00,2026-05-08 02:59:12.000,2026-05-08 03:20:44.000,validation,train
2026-05-08 03:12:00,2026-05-08 03:02:12.000,2026-05-08 03:23:44.000,train,train
2026-05-08 03:15:00,2026-05-08 03:05:12.000,2026-05-08 03:26:44.000,validation,train
2026-05-08 03:18:00,2026-05-08 03:08:12.000,2026-05-08 03:29:44.000,validation,train
2026-05-08 03:21:00,2026-05-08 03:11:12.000,2026-05-08 03:32:44.000,train,train
2026-05-08 03:24:00,2026-05-08 03:14:12.000,2026-05-08 03:35:44.000,validation,train
2026-05-08 03:27:00,2026-05-08 03:17:12.000,2026-05-08 03:38:44.000,train,train
2026-05-08 03:30:00,2026-05-08 03:20:12.000,2026-05-08 03:41:44.000,train,train
2026-05-08 03:33:00,2026-05-08 03:23:12.000,2026-05-08 03:44:44.000,train,train
2026-05-08 03:36:00,2026-05-08 03:26:12.000,2026-05-08 03:47:44.000,train,train
2026-05-08 03:39:00,2026-05-08 03:29:12.000,2026-05-08 03:50:44.000,train,train
2026-05-08 03:42:00,2026-05-08 03:32:12.000,2026-05-08 03:53:44.000,train,train
2026-05-08 03:45:00,2026-05-08 03:35:12.000,2026-05-08 03:56:44.000,validation,train
2026-05-08 03:48:00,2026-05-08 03:38:12.000,2026-05-08 03:59:44.000,train,train
2026-05-08 03:51:00,2026-05-08 03:41:12.000,2026-05-08 04:02:44.000,train,train
2026-05-08 03:54:00,2026-05-08 03:44:12.000,2026-05-08 04:05:44.000,train,train
2026-05-08 03:57:00,2026-05-08 03:47:12.000,2026-05-08 04:08:44.000,train,train
2026-05-08 04:00:00,2026-05-08 03:50:12.000,2026-05-08 04:11:44.000,train,train
2026-05-08 04:03:00,2026-05-08 03:53:12.000,2026-05-08 04:14:44.000,validation,train
2026-05-08 04:06:00,2026-05-08 03:56:12.000,2026-05-08 04:17:44.000,train,train
2026-05-08 04:09:00,2026-05-08 03:59:12.000,2026-05-08 04:20:44.000,train,train
2026-05-08 04:12:00,2026-05-08 04:02:12.000,2026-05-08 04:23:44.000,train,train
2026-05-08 04:15:00,2026-05-08 04:05:12.000,2026-05-08 04:26:44.000,train,train
2026-05-08 04:18:00,2026-05-08 04:08:12.000,2026-05-08 04:29:44.000,train,train
2026-05-08 04:21:00,2026-05-08 04:11:12.000,2026-05-08 04:32:44.000,train,train
2026-05-08 04:24:00,2026-05-08 04:14:12.000,2026-05-08 04:35:44.000,train,train
2026-05-08 04:27:00,2026-05-08 04:17:12.000,2026-05-08 04:38:44.000,train,train
2026-05-08 04:30:00,2026-05-08 04:20:12.000,2026-05-08 04:41:44.000,validation,train
2026-05-08 04:33:00,2026-05-08 04:23:12.000,2026-05-08 04:44:44.000,train,train
2026-05-08 04:36:00,2026-05-08 04:26:12.000,2026-05-08 04:47:44.000,validation,train
2026-05-08 04:39:00,2026-05-08 04:29:12.000,2026-05-08 04:50:44.000,train,train
2026-05-08 04:42:00,2026-05-08 04:32:12.000,2026-05-08 04:53:44.000,train,train
2026-05-08 04:45:00,2026-05-08 04:35:12.000,2026-05-08 04:56:44.000,train,train
2026-05-08 04:48:00,2026-05-08 04:38:12.000,2026-05-08 04:59:44.000,train,train
2026-05-08 04:51:00,2026-05-08 04:41:12.000,2026-05-08 05:02:44.000,train,train
2026-05-08 04:54:00,2026-05-08 04:44:12.000,2026-05-08 05:05:44.000,train,train
2026-05-08 04:57:00,2026-05-08 04:47:12.000,2026-05-08 05:08:44.000,train,train
2026-05-08 05:00:00,2026-05-08 04:50:12.000,2026-05-08 05:11:44.000,train,train
2026-05-08 05:03:00,2026-05-08 04:53:12.000,2026-05-08 05:14:44.000,train,train
2026-05-08 05:06:00,2026-05-08 04:56:12.000,2026-05-08 05:17:44.000,train,train
2026-05-08 05:09:00,2026-05-08 04:59:12.000,2026-05-08 05:20:44.000,train,train
2026-05-08 05:12:00,2026-05-08 05:02:12.000,2026-05-08 05:23:44.000,train,train
2026-05-08 05:15:00,2026-05-08 05:05:12.000,2026-05-08 05:26:44.000,validation,train
2026-05-08 05:18:00,2026-05-08 05:08:12.000,2026-05-08 05:29:44.000,validation,train
2026-05-08 05:21:00,2026-05-08 05:11:12.000,2026-05-08 05:32:44.000,train,train
2026-05-08 05:24:00,2026-05-08 05:14:12.000,2026-05-08 05:35:44.000,train,train
2026-05-08 05:27:00,2026-05-08 05:17:12.000,2026-05-08 05:38:44.000,train,train
2026-05-08 05:30:00,2026-05-08 05:20:12.000,2026-05-08 05:41:44.000,validation,train
2026-05-08 05:33:00,2026-05-08 05:23:12.000,2026-05-08 05:44:44.000,train,train
2026-05-08 05:36:00,2026-05-08 05:26:12.000,2026-05-08 05:47:44.000,train,train
2026-05-08 05:39:00,2026-05-08 05:29:12.000,2026-05-08 05:50:44.000,train,train
2026-05-08 05:42:00,2026-05-08 05:32:12.000,2026-05-08 05:53:44.000,train,train
2026-05-08 05:45:00,2026-05-08 05:35:12.000,2026-05-08 05:56:44.000,train,train
2026-05-08 05:48:00,2026-05-08 05:38:12.000,2026-05-08 05:59:44.000,validation,train
2026-05-08 05:51:00,2026-05-08 05:41:12.000,2026-05-08 06:02:44.000,validation,train
2026-05-08 05:54:00,2026-05-08 05:44:12.000,2026-05-08 06:05:44.000,train,train
2026-05-08 05:57:00,2026-05-08 05:47:12.000,2026-05-08 06:08:44.000,train,train
2026-05-08 06:00:00,2026-05-08 05:50:12.000,2026-05-08 06:11:44.000,train,train
2026-05-08 06:03:00,2026-05-08 05:53:12.000,2026-05-08 06:14:44.000,validation,train
2026-05-08 06:06:00,2026-05-08 05:56:12.000,2026-05-08 06:17:44.000,train,train
2026-05-08 06:09:00,2026-05-08 05:59:12.000,2026-05-08 06:20:44.000,train,train
2026-05-08 06:12:00,2026-05-08 06:02:12.000,2026-05-08 06:23:44.000,train,train
2026-05-08 06:15:00,2026-05-08 06:05:12.000,2026-05-08 06:26:44.000,train,train
2026-05-08 06:18:00,2026-05-08 06:08:12.000,2026-05-08 06:29:44.000,train,train
2026-05-08 06:21:00,2026-05-08 06:11:12.000,2026-05-08 06:32:44.000,train,train
2026-05-08 06:24:00,2026-05-08 06:14:12.000,2026-05-08 06:35:44.000,train,train
2026-05-08 06:27:00,2026-05-08 06:17:12.000,2026-05-08 06:38:44.000,train,train
2026-05-08 06:30:00,2026-05-08 06:20:12.000,2026-05-08 06:41:44.000,validation,train
2026-05-08 06:33:00,2026-05-08 06:23:12.000,2026-05-08 06:44:44.000,train,train
2026-05-08 06:36:00,2026-05-08 06:26:12.000,2026-05-08 06:47:44.000,train,train
2026-05-08 06:39:00,2026-05-08 06:29:12.000,2026-05-08 06:50:44.000,validation,train
2026-05-08 06:42:00,2026-05-08 06:32:12.000,2026-05-08 06:53:44.000,validation,train
2026-05-08 06:45:00,2026-05-08 06:35:12.000,2026-05-08 06:56:44.000,train,train
2026-05-08 06:48:00,2026-05-08 06:38:12.000,2026-05-08 06:59:44.000,train,train
2026-05-08 06:51:00,2026-05-08 06:41:12.000,2026-05-08 07:02:44.000,train,train
2026-05-08 06:54:00,2026-05-08 06:44:12.000,2026-05-08 07:05:44.000,train,train
2026-05-08 06:57:00,2026-05-08 06:47:12.000,2026-05-08 07:08:44.000,train,train
2026-05-08 07:00:00,2026-05-08 06:50:12.000,2026-05-08 07:11:44.000,train,train
2026-05-08 07:03:00,2026-05-08 06:53:12.000,2026-05-08 07:14:44.000,train,train
2026-05-08 07:06:00,2026-05-08 06:56:12.000,2026-05-08 07:17:44.000,validation,train
2026-05-08 07:09:00,2026-05-08 06:59:12.000,2026-05-08 07:20:44.000,validation,train
2026-05-08 07:12:00,2026-05-08 07:02:12.000,2026-05-08 07:23:44.000,train,train
2026-05-08 07:15:00,2026-05-08 07:05:12.000,2026-05-08 07:26:44.000,train,train
2026-05-08 07:18:00,2026-05-08 07:08:12.000,2026-05-08 07:29:44.000,train,train
2026-05-08 07:21:00,2026-05-08 07:11:12.000,2026-05-08 07:32:44.000,train,train
2026-05-08 07:24:00,2026-05-08 07:14:12.000,2026-05-08 07:35:44.000,validation,train
2026-05-08 07:27:00,2026-05-08 07:17:12.000,2026-05-08 07:38:44.000,train,train
2026-05-08 07:30:00,2026-05-08 07:20:12.000,2026-05-08 07:41:44.000,train,train
2026-05-08 07:33:00,2026-05-08 07:23:12.000,2026-05-08 07:44:44.000,train,train
2026-05-08 07:36:00,2026-05-08 07:26:12.000,2026-05-08 07:47:44.000,train,train
2026-05-08 07:39:00,2026-05-08 07:29:12.000,2026-05-08 07:50:44.000,train,train
2026-05-08 07:42:00,2026-05-08 07:32:12.000,2026-05-08 07:53:44.000,train,train
2026-05-08 07:45:00,2026-05-08 07:35:12.000,2026-05-08 07:56:44.000,train,train
2026-05-08 07:48:00,2026-05-08 07:38:12.000,2026-05-08 07:59:44.000,train,train
2026-05-08 07:51:00,2026-05-08 07:41:12.000,2026-05-08 08:02:44.000,validation,train
2026-05-08 07:54:00,2026-05-08 07:44:12.000,2026-05-08 08:05:44.000,train,train
2026-05-08 07:57:00,2026-05-08 07:47:12.000,2026-05-08 08:08:44.000,train,train
2026-05-08 08:00:00,2026-05-08 07:50:12.000,2026-05-08 08:11:44.000,validation,train
2026-05-08 08:03:00,2026-05-08 07:53:12.000,2026-05-08 08:14:44.000,train,train
2026-05-08 08:06:00,2026-05-08 07:56:12.000,2026-05-08 08:17:44.000,train,train
2026-05-08 08:09:00,2026-05-08 07:59:12.000,2026-05-08 08:20:44.000,train,train
2026-05-08 08:12:00,2026-05-08 08:02:12.000,2026-05-08 08:23:44.000,train,train
2026-05-08 08:15:00,2026-05-08 08:05:12.000,2026-05-08 08:26:44.000,train,train
2026-05-08 08:18:00,2026-05-08 08:08:12.000,2026-05-08 08:29:44.000,train,train
2026-05-08 08:21:00,2026-05-08 08:11:12.000,2026-05-08 08:32:44.000,validation,train
2026-05-08 08:24:00,2026-05-08 08:14:12.000,2026-05-08 08:35:44.000,train,train
2026-05-08 08:27:00,2026-05-08 08:17:12.000,2026-05-08 08:38:44.000,train,train
2026-05-08 08:30:00,2026-05-08 08:20:12.000,2026-05-08 08:41:44.000,validation,train
2026-05-08 08:33:00,2026-05-08 08:23:12.000,2026-05-08 08:44:44.000,train,train
2026-05-08 08:36:00,2026-05-08 08:26:12.000,2026-05-08 08:47:44.000,validation,train
2026-05-08 08:39:00,2026-05-08 08:29:12.000,2026-05-08 08:50:44.000,train,train
2026-05-08 08:42:00,2026-05-08 08:32:12.000,2026-05-08 08:53:44.000,train,train
2026-05-08 08:45:00,2026-05-08 08:35:12.000,2026-05-08 08:56:44.000,train,train
2026-05-08 08:48:00,2026-05-08 08:38:12.000,2026-05-08 08:59:44.000,train,train
2026-05-08 08:51:00,2026-05-08 08:41:12.000,2026-05-08 09:02:44.000,train,train
2026-05-08 08:54:00,2026-05-08 08:44:12.000,2026-05-08 09:05:44.000,train,train
2026-05-08 08:57:00,2026-05-08 08:47:12.000,2026-05-08 09:08:44.000,validation,train
2026-05-08 09:00:00,2026-05-08 08:50:12.000,2026-05-08 09:11:44.000,train,train
2026-05-08 09:03:00,2026-05-08 08:53:12.000,2026-05-08 09:14:44.000,train,train
2026-05-08 09:06:00,2026-05-08 08:56:12.000,2026-05-08 09:17:44.000,train,train
2026-05-08 09:09:00,2026-05-08 08:59:12.000,2026-05-08 09:20:44.000,validation,train
2026-05-08 09:12:00,2026-05-08 09:02:12.000,2026-05-08 09:23:44.000,train,train
2026-05-08 09:15:00,2026-05-08 09:05:12.000,2026-05-08 09:26:44.000,train,train
2026-05-08 09:18:00,2026-05-08 09:08:12.000,2026-05-08 09:29:44.000,train,train
2026-05-08 09:21:00,2026-05-08 09:11:12.000,2026-05-08 09:32:44.000,train,train
2026-05-08 09:24:00,2026-05-08 09:14:12.000,2026-05-08 09:35:44.000,train,train
2026-05-08 09:27:00,2026-05-08 09:17:12.000,2026-05-08 09:38:44.000,train,train
2026-05-08 09:30:00,2026-05-08 09:20:12.000,2026-05-08 09:41:44.000,train,train
2026-05-08 09:33:00,2026-05-08 09:23:12.000,2026-05-08 09:44:44.000,validation,train
2026-05-08 09:36:00,2026-05-08 09:26:12.000,2026-05-08 09:47:44.000,train,train
2026-05-08 09:39:00,2026-05-08 09:29:12.000,2026-05-08 09:50:44.000,train,train
2026-05-08 09:42:00,2026-05-08 09:32:12.000,2026-05-08 09:53:44.000,train,train
2026-05-08 09:45:00,2026-05-08 09:35:12.000,2026-05-08 09:56:44.000,train,train
2026-05-08 09:48:00,2026-05-08 09:38:12.000,2026-05-08 09:59:44.000,validation,train
2026-05-08 09:51:00,2026-05-08 09:41:12.000,2026-05-08 10:02:44.000,train,train
2026-05-08 09:54:00,2026-05-08 09:44:12.000,2026-05-08 10:05:44.000,train,train
2026-05-08 09:57:00,2026-05-08 09:47:12.000,2026-05-08 10:08:44.000,train,train
2026-05-08 10:00:00,2026-05-08 09:50:12.000,2026-05-08 10:11:44.000,train,train
2026-05-08 10:03:00,2026-05-08 09:53:12.000,2026-05-08 10:14:44.000,train,train
2026-05-08 10:06:00,2026-05-08 09:56:12.000,2026-05-08 10:17:44.000,train,train
2026-05-08 10:09:00,2026-05-08 09:59:12.000,2026-05-08 10:20:44.000,train,train
2026-05-08 10:12:00,2026-05-08 10:02:12.000,2026-05-08 10:23:44.000,train,train
2026-05-08 10:15:00,2026-05-08 10:05:12.000,2026-05-08 10:26:44.000,train,train
2026-05-08 10:18:00,2026-05-08 10:08:12.000,2026-05-08 10:29:44.000,train,train
2026-05-08 10:21:00,2026-05-08 10:11:12.000,2026-05-08 10:32:44.000,train,train
2026-05-08 10:24:00,2026-05-08 10:14:12.000,2026-05-08 10:35:44.000,validation,train
2026-05-08 10:27:00,2026-05-08 10:17:12.000,2026-05-08 10:38:44.000,train,train
2026-05-08 10:30:00,2026-05-08 10:20:12.000,2026-05-08 10:41:44.000,train,train
2026-05-08 10:33:00,2026-05-08 10:23:12.000,2026-05-08 10:44:44.000,train,train
2026-05-08 10:36:00,2026-05-08 10:26:12.000,2026-05-08 10:47:44.000,train,train
2026-05-08 10:39:00,2026-05-08 10:29:12.000,2026-05-08 10:50:44.000,train,train
2026-05-08 10:42:00,2026-05-08 10:32:12.000,2026-05-08 10:53:44.000,train,train
2026-05-08 10:45:00,2026-05-08 10:35:12.000,2026-05-08 10:56:44.000,train,train
2026-05-08 10:48:00,2026-05-08 10:38:12.000,2026-05-08 10:59:44.000,train,train
2026-05-08 10:51:00,2026-05-08 10:41:12.000,2026-05-08 11:02:44.000,train,train
2026-05-08 10:54:00,2026-05-08 10:44:12.000,2026-05-08 11:05:44.000,train,train
2026-05-08 10:57:00,2026-05-08 10:47:12.000,2026-05-08 11:08:44.000,train,train
2026-05-08 11:00:00,2026-05-08 10:50:12.000,2026-05-08 11:11:44.000,validation,train
2026-05-08 11:03:00,2026-05-08 10:53:12.000,2026-05-08 11:14:44.000,validation,train
2026-05-08 11:06:00,2026-05-08 10:56:12.000,2026-05-08 11:17:44.000,validation,train
2026-05-08 11:09:00,2026-05-08 10:59:12.000,2026-05-08 11:20:44.000,train,train
2026-05-08 11:12:00,2026-05-08 11:02:12.000,2026-05-08 11:23:45.000,validation,train
2026-05-08 11:15:00,2026-05-08 11:05:12.000,2026-05-08 11:26:45.000,train,train
2026-05-08 11:18:00,2026-05-08 11:08:12.000,2026-05-08 11:29:45.000,validation,train
2026-05-08 11:21:00,2026-05-08 11:11:12.000,2026-05-08 11:32:45.000,train,train
2026-05-08 11:24:00,2026-05-08 11:14:12.000,2026-05-08 11:35:45.000,train,train
2026-05-08 11:27:00,2026-05-08 11:17:12.000,2026-05-08 11:38:45.000,train,train
2026-05-08 11:30:00,2026-05-08 11:20:12.000,2026-05-08 11:41:45.000,validation,train
2026-05-08 11:33:00,2026-05-08 11:23:12.000,2026-05-08 11:44:45.000,train,train
2026-05-08 11:36:00,2026-05-08 11:26:12.000,2026-05-08 11:47:45.000,validation,train
2026-05-08 11:39:00,2026-05-08 11:29:12.000,2026-05-08 11:50:45.000,train,train
2026-05-08 11:42:00,2026-05-08 11:32:12.000,2026-05-08 11:53:45.000,train,train
2026-05-08 11:45:00,2026-05-08 11:35:12.000,2026-05-08 11:56:45.000,train,train
2026-05-08 11:48:00,2026-05-08 11:38:12.000,2026-05-08 11:59:45.000,train,train
2026-05-08 11:51:00,2026-05-08 11:41:12.000,2026-05-08 12:02:45.000,train,train
2026-05-08 11:54:00,2026-05-08 11:44:12.000,2026-05-08 12:05:45.000,train,train
2026-05-08 11:57:00,2026-05-08 11:47:12.000,2026-05-08 12:08:45.000,train,train
2026-05-08 12:00:00,2026-05-08 11:50:12.000,2026-05-08 12:11:45.000,train,train
2026-05-08 12:03:00,2026-05-08 11:53:12.000,2026-05-08 12:14:45.000,validation,train
2026-05-08 12:06:00,2026-05-08 11:56:12.000,2026-05-08 12:17:45.000,validation,train
2026-05-08 12:09:00,2026-05-08 11:59:12.000,2026-05-08 12:20:45.000,train,train
2026-05-08 12:12:00,2026-05-08 12:02:12.000,2026-05-08 12:23:45.000,validation,train
2026-05-08 12:15:00,2026-05-08 12:05:12.000,2026-05-08 12:26:45.000,train,train
2026-05-08 12:18:00,2026-05-08 12:08:12.000,2026-05-08 12:29:45.000,train,train
2026-05-08 12:21:00,2026-05-08 12:11:12.000,2026-05-08 12:32:46.000,validation,train
2026-05-08 12:24:00,2026-05-08 12:14:12.000,2026-05-08 12:35:46.000,train,train
2026-05-08 12:27:00,2026-05-08 12:17:12.000,2026-05-08 12:38:46.000,validation,train
2026-05-08 12:30:00,2026-05-08 12:20:12.000,2026-05-08 12:41:46.000,validation,train
2026-05-08 12:33:00,2026-05-08 12:23:12.000,2026-05-08 12:44:46.000,train,train
2026-05-08 12:36:00,2026-05-08 12:26:12.000,2026-05-08 12:47:46.000,train,train
2026-05-08 12:39:00,2026-05-08 12:29:12.000,2026-05-08 12:50:46.000,train,train
2026-05-08 12:42:00,2026-05-08 12:32:12.000,2026-05-08 12:53:46.000,validation,train
2026-05-08 12:45:00,2026-05-08 12:35:12.000,2026-05-08 12:56:47.000,train,train
2026-05-08 12:48:00,2026-05-08 12:38:12.000,2026-05-08 12:59:47.000,validation,train
2026-05-08 12:51:00,2026-05-08 12:41:12.000,2026-05-08 13:02:47.000,train,train
2026-05-08 12:54:00,2026-05-08 12:44:12.000,2026-05-08 13:05:47.000,train,train
2026-05-08 12:57:00,2026-05-08 12:47:12.000,2026-05-08 13:08:47.000,validation,train
2026-05-08 13:00:00,2026-05-08 12:50:12.000,2026-05-08 13:11:47.000,train,train
2026-05-08 13:03:00,2026-05-08 12:53:12.000,2026-05-08 13:14:47.000,train,train
2026-05-08 13:06:00,2026-05-08 12:56:12.000,2026-05-08 13:17:47.000,train,train
2026-05-08 13:09:00,2026-05-08 12:59:12.000,2026-05-08 13:20:47.000,train,train
2026-05-08 13:12:00,2026-05-08 13:02:12.000,2026-05-08 13:23:47.000,train,train
2026-05-08 13:15:00,2026-05-08 13:05:12.000,2026-05-08 13:26:47.000,train,train
2026-05-08 13:18:00,2026-05-08 13:08:12.000,2026-05-08 13:29:47.000,train,train
2026-05-08 13:21:00,2026-05-08 13:11:12.000,2026-05-08 13:32:47.000,train,train
2026-05-08 13:24:00,2026-05-08 13:14:12.000,2026-05-08 13:35:47.000,train,train
2026-05-08 13:27:00,2026-05-08 13:17:12.000,2026-05-08 13:38:47.000,train,train
2026-05-08 13:30:00,2026-05-08 13:20:12.000,2026-05-08 13:41:48.000,train,train
2026-05-08 13:33:00,2026-05-08 13:23:12.000,2026-05-08 13:44:48.000,train,train
2026-05-08 13:36:00,2026-05-08 13:26:12.000,2026-05-08 13:47:48.000,train,train
2026-05-08 13:39:00,2026-05-08 13:29:12.000,2026-05-08 13:50:48.000,train,train
2026-05-08 13:42:00,2026-05-08 13:32:12.000,2026-05-08 13:53:48.000,train,train
2026-05-08 13:45:00,2026-05-08 13:35:12.000,2026-05-08 13:56:48.000,train,train
2026-05-08 13:48:00,2026-05-08 13:38:12.000,2026-05-08 13:59:48.000,train,train
2026-05-08 13:51:00,2026-05-08 13:41:12.000,2026-05-08 14:02:48.000,train,train
2026-05-08 13:54:00,2026-05-08 13:44:12.000,2026-05-08 14:05:48.000,train,train
2026-05-08 13:57:00,2026-05-08 13:47:12.000,2026-05-08 14:08:48.000,train,train
2026-05-08 14:00:00,2026-05-08 13:50:12.000,2026-05-08 14:11:48.000,train,train
2026-05-08 14:03:00,2026-05-08 13:53:12.000,2026-05-08 14:14:48.000,validation,train
2026-05-08 14:06:00,2026-05-08 13:56:12.000,2026-05-08 14:17:48.000,train,train
2026-05-08 14:09:00,2026-05-08 13:59:12.000,2026-05-08 14:20:48.000,train,train
2026-05-08 14:12:00,2026-05-08 14:02:12.000,2026-05-08 14:23:48.000,train,train
2026-05-08 14:15:00,2026-05-08 14:05:12.000,2026-05-08 14:26:48.000,train,train
2026-05-08 14:18:00,2026-05-08 14:08:12.000,2026-05-08 14:29:48.000,train,train
2026-05-08 14:21:00,2026-05-08 14:11:12.000,2026-05-08 14:32:48.000,train,train
2026-05-08 14:24:00,2026-05-08 14:14:12.000,2026-05-08 14:35:48.000,train,train
2026-05-08 14:27:00,2026-05-08 14:17:12.000,2026-05-08 14:38:48.000,train,train
2026-05-08 14:30:00,2026-05-08 14:20:12.000,2026-05-08 14:41:48.000,train,train
2026-05-08 14:33:00,2026-05-08 14:23:12.000,2026-05-08 14:44:49.000,train,train
2026-05-08 14:36:00,2026-05-08 14:26:12.000,2026-05-08 14:47:49.000,train,train
2026-05-08 14:39:00,2026-05-08 14:29:12.000,2026-05-08 14:50:49.000,train,train
2026-05-08 14:42:00,2026-05-08 14:32:12.000,2026-05-08 14:53:49.000,train,train
2026-05-08 14:45:00,2026-05-08 14:35:12.000,2026-05-08 14:56:49.000,train,train
2026-05-08 14:48:00,2026-05-08 14:38:12.000,2026-05-08 14:59:49.000,train,train
2026-05-08 14:51:00,2026-05-08 14:41:12.000,2026-05-08 15:02:49.000,train,train
2026-05-08 14:54:00,2026-05-08 14:44:12.000,2026-05-08 15:05:49.000,train,train
2026-05-08 14:57:00,2026-05-08 14:47:12.000,2026-05-08 15:08:49.000,validation,train
2026-05-08 15:00:00,2026-05-08 14:50:12.000,2026-05-08 15:11:49.000,train,train
2026-05-08 15:03:00,2026-05-08 14:53:12.000,2026-05-08 15:14:49.000,train,train
2026-05-08 15:06:00,2026-05-08 14:56:12.000,2026-05-08 15:17:49.000,train,train
2026-05-08 15:09:00,2026-05-08 14:59:12.000,2026-05-08 15:20:49.000,train,train
2026-05-08 15:12:00,2026-05-08 15:02:12.000,2026-05-08 15:23:49.000,validation,train
2026-05-08 15:15:00,2026-05-08 15:05:12.000,2026-05-08 15:26:49.000,validation,train
2026-05-08 15:18:00,2026-05-08 15:08:12.000,2026-05-08 15:29:49.000,train,train
2026-05-08 15:21:00,2026-05-08 15:11:12.000,2026-05-08 15:32:49.000,validation,train
2026-05-08 15:24:00,2026-05-08 15:14:12.000,2026-05-08 15:35:49.000,train,train
2026-05-08 15:27:00,2026-05-08 15:17:12.000,2026-05-08 15:38:49.000,train,train
2026-05-08 15:30:00,2026-05-08 15:20:12.000,2026-05-08 15:41:49.000,validation,train
2026-05-08 15:33:00,2026-05-08 15:23:12.000,2026-05-08 15:44:49.000,train,train
2026-05-08 15:36:00,2026-05-08 15:26:12.000,2026-05-08 15:47:49.000,train,train
2026-05-08 15:39:00,2026-05-08 15:29:12.000,2026-05-08 15:50:50.000,train,train
2026-05-08 15:42:00,2026-05-08 15:32:12.000,2026-05-08 15:53:50.000,validation,train
2026-05-08 15:45:00,2026-05-08 15:35:12.000,2026-05-08 15:56:50.000,train,train
2026-05-08 15:48:00,2026-05-08 15:38:12.000,2026-05-08 15:59:50.000,train,train
2026-05-08 15:51:00,2026-05-08 15:41:12.000,2026-05-08 16:02:50.000,train,train
2026-05-08 15:54:00,2026-05-08 15:44:12.000,2026-05-08 16:05:50.000,validation,train
2026-05-08 15:57:00,2026-05-08 15:47:12.000,2026-05-08 16:08:50.000,train,train
2026-05-08 16:00:00,2026-05-08 15:50:12.000,2026-05-08 16:11:50.000,validation,train
2026-05-08 16:03:00,2026-05-08 15:53:12.000,2026-05-08 16:14:50.000,train,train
2026-05-08 16:06:00,2026-05-08 15:56:12.000,2026-05-08 16:17:50.000,train,train
2026-05-08 16:09:00,2026-05-08 15:59:12.000,2026-05-08 16:20:50.000,train,train
2026-05-08 16:12:00,2026-05-08 16:02:12.000,2026-05-08 16:23:50.000,train,train
2026-05-08 16:15:00,2026-05-08 16:05:12.000,2026-05-08 16:26:50.000,validation,train
2026-05-08 16:18:00,2026-05-08 16:08:12.000,2026-05-08 16:29:50.000,validation,train
2026-05-08 16:21:00,2026-05-08 16:11:12.000,2026-05-08 16:32:50.000,validation,train
2026-05-08 16:24:00,2026-05-08 16:14:12.000,2026-05-08 16:35:50.000,train,train
2026-05-08 16:27:00,2026-05-08 16:17:12.000,2026-05-08 16:38:50.000,train,train
2026-05-08 16:30:00,2026-05-08 16:20:12.000,2026-05-08 16:41:50.000,train,train
2026-05-08 16:33:00,2026-05-08 16:23:12.000,2026-05-08 16:44:50.000,train,train
2026-05-08 16:36:00,2026-05-08 16:26:12.000,2026-05-08 16:47:50.000,train,train
2026-05-08 16:39:00,2026-05-08 16:29:12.000,2026-05-08 16:50:50.000,train,train
2026-05-08 16:42:00,2026-05-08 16:32:12.000,2026-05-08 16:53:50.000,train,train
2026-05-08 16:45:00,2026-05-08 16:35:12.000,2026-05-08 16:56:51.000,validation,train
2026-05-08 16:48:00,2026-05-08 16:38:12.000,2026-05-08 16:59:51.000,train,train
2026-05-08 16:51:00,2026-05-08 16:41:12.000,2026-05-08 17:02:51.000,train,train
2026-05-08 16:54:00,2026-05-08 16:44:12.000,2026-05-08 17:05:51.000,train,train
2026-05-08 16:57:00,2026-05-08 16:47:12.000,2026-05-08 17:08:51.000,train,train
2026-05-08 17:00:00,2026-05-08 16:50:12.000,2026-05-08 17:11:51.000,train,train
2026-05-08 17:03:00,2026-05-08 16:53:12.000,2026-05-08 17:14:51.000,train,train
2026-05-08 17:06:00,2026-05-08 16:56:12.000,2026-05-08 17:17:51.000,train,train
2026-05-08 17:09:00,2026-05-08 16:59:12.000,2026-05-08 17:20:51.000,validation,train
2026-05-08 17:12:00,2026-05-08 17:02:12.000,2026-05-08 17:23:51.000,train,train
2026-05-08 17:15:00,2026-05-08 17:05:12.000,2026-05-08 17:26:51.000,validation,train
2026-05-08 17:18:00,2026-05-08 17:08:12.000,2026-05-08 17:29:51.000,train,train
2026-05-08 17:21:00,2026-05-08 17:11:12.000,2026-05-08 17:32:51.000,train,train
2026-05-08 17:24:00,2026-05-08 17:14:12.000,2026-05-08 17:35:51.000,train,train
2026-05-08 17:27:00,2026-05-08 17:17:12.000,2026-05-08 17:38:51.000,train,train
2026-05-08 17:30:00,2026-05-08 17:20:12.000,2026-05-08 17:41:51.000,validation,train
2026-05-08 17:33:00,2026-05-08 17:23:12.000,2026-05-08 17:44:51.000,validation,train
2026-05-08 17:36:00,2026-05-08 17:26:12.000,2026-05-08 17:47:51.000,train,train
2026-05-08 17:39:00,2026-05-08 17:29:12.000,2026-05-08 17:50:51.000,train,train
2026-05-08 17:42:00,2026-05-08 17:32:12.000,2026-05-08 17:53:51.000,train,train
2026-05-08 17:45:00,2026-05-08 17:35:12.000,2026-05-08 17:56:51.000,train,train
2026-05-08 17:48:00,2026-05-08 17:38:12.000,2026-05-08 17:59:51.000,train,train
2026-05-08 17:51:00,2026-05-08 17:41:12.000,2026-05-08 18:02:52.000,validation,train
2026-05-08 17:54:00,2026-05-08 17:44:12.000,2026-05-08 18:05:52.000,train,train
2026-05-08 17:57:00,2026-05-08 17:47:12.000,2026-05-08 18:08:52.000,train,train
2026-05-08 18:00:00,2026-05-08 17:50:12.000,2026-05-08 18:11:52.000,train,train
2026-05-08 18:03:00,2026-05-08 17:53:12.000,2026-05-08 18:14:52.000,validation,train
2026-05-08 18:06:00,2026-05-08 17:56:12.000,2026-05-08 18:17:52.000,train,train
2026-05-08 18:09:00,2026-05-08 17:59:12.000,2026-05-08 18:20:52.000,train,train
2026-05-08 18:12:00,2026-05-08 18:02:12.000,2026-05-08 18:23:52.000,train,train
2026-05-08 18:15:00,2026-05-08 18:05:12.000,2026-05-08 18:26:52.000,validation,train
2026-05-08 18:18:00,2026-05-08 18:08:12.000,2026-05-08 18:29:52.000,train,train
2026-05-08 18:21:00,2026-05-08 18:11:12.000,2026-05-08 18:32:52.000,validation,train
2026-05-08 18:24:00,2026-05-08 18:14:12.000,2026-05-08 18:35:52.000,train,train
2026-05-08 18:27:00,2026-05-08 18:17:12.000,2026-05-08 18:38:52.000,train,train
2026-05-08 18:30:00,2026-05-08 18:20:12.000,2026-05-08 18:41:52.000,train,train
2026-05-08 18:33:00,2026-05-08 18:23:12.000,2026-05-08 18:44:52.000,train,train
2026-05-08 18:36:00,2026-05-08 18:26:12.000,2026-05-08 18:47:52.000,train,train
2026-05-08 18:39:00,2026-05-08 18:29:12.000,2026-05-08 18:50:52.000,train,train
2026-05-08 18:42:00,2026-05-08 18:32:12.000,2026-05-08 18:53:52.000,train,train
2026-05-08 18:45:00,2026-05-08 18:35:12.000,2026-05-08 18:56:52.000,validation,train
2026-05-08 18:48:00,2026-05-08 18:38:12.000,2026-05-08 18:59:52.000,train,train
2026-05-08 18:51:00,2026-05-08 18:41:12.000,2026-05-08 19:02:53.000,validation,train
2026-05-08 18:54:00,2026-05-08 18:44:12.000,2026-05-08 19:05:53.000,train,train
2026-05-08 18:57:00,2026-05-08 18:47:12.000,2026-05-08 19:08:53.000,train,train
2026-05-08 19:00:00,2026-05-08 18:50:12.000,2026-05-08 19:11:53.000,train,train
2026-05-08 19:03:00,2026-05-08 18:53:12.000,2026-05-08 19:14:53.000,train,train
2026-05-08 19:06:00,2026-05-08 18:56:12.000,2026-05-08 19:17:53.000,train,train
2026-05-08 19:09:00,2026-05-08 18:59:12.000,2026-05-08 19:20:53.000,train,train
2026-05-08 19:12:00,2026-05-08 19:02:12.000,2026-05-08 19:23:53.000,validation,train
2026-05-08 19:15:00,2026-05-08 19:05:12.000,2026-05-08 19:26:53.000,validation,train
2026-05-08 19:18:00,2026-05-08 19:08:12.000,2026-05-08 19:29:53.000,train,train
2026-05-08 19:21:00,2026-05-08 19:11:12.000,2026-05-08 19:32:53.000,train,train
2026-05-08 19:24:00,2026-05-08 19:14:12.000,2026-05-08 19:35:53.000,train,train
2026-05-08 19:27:00,2026-05-08 19:17:12.000,2026-05-08 19:38:53.000,train,train
2026-05-08 19:30:00,2026-05-08 19:20:12.000,2026-05-08 19:41:53.000,train,train
2026-05-08 19:33:00,2026-05-08 19:23:12.000,2026-05-08 19:44:53.000,train,train
2026-05-08 19:36:00,2026-05-08 19:26:12.000,2026-05-08 19:47:53.000,train,train
2026-05-08 19:39:00,2026-05-08 19:29:12.000,2026-05-08 19:50:53.000,validation,train
2026-05-08 19:42:00,2026-05-08 19:32:12.000,2026-05-08 19:53:53.000,train,train
2026-05-08 19:45:00,2026-05-08 19:35:12.000,2026-05-08 19:56:53.000,validation,train
2026-05-08 19:48:00,2026-05-08 19:38:12.000,2026-05-08 19:59:53.000,train,train
2026-05-08 19:51:00,2026-05-08 19:41:12.000,2026-05-08 20:02:53.000,train,train
2026-05-08 19:54:00,2026-05-08 19:44:12.000,2026-05-08 20:05:53.000,train,train
2026-05-08 19:57:00,2026-05-08 19:47:12.000,2026-05-08 20:08:54.000,train,train
2026-05-08 20:00:00,2026-05-08 19:50:12.000,2026-05-08 20:11:54.000,train,train
2026-05-08 20:03:00,2026-05-08 19:53:12.000,2026-05-08 20:14:54.000,train,train
2026-05-08 20:06:00,2026-05-08 19:56:12.000,2026-05-08 20:17:54.000,validation,train
2026-05-08 20:09:00,2026-05-08 19:59:12.000,2026-05-08 20:20:54.000,train,train
2026-05-08 20:12:00,2026-05-08 20:02:12.000,2026-05-08 20:23:54.000,train,train
2026-05-08 20:15:00,2026-05-08 20:05:12.000,2026-05-08 20:26:54.000,train,train
2026-05-08 20:18:00,2026-05-08 20:08:12.000,2026-05-08 20:29:54.000,train,train
2026-05-08 20:21:00,2026-05-08 20:11:12.000,2026-05-08 20:32:54.000,validation,train
2026-05-08 20:24:00,2026-05-08 20:14:12.000,2026-05-08 20:35:54.000,train,train
2026-05-08 20:27:00,2026-05-08 20:17:12.000,2026-05-08 20:38:54.000,train,train
2026-05-08 20:30:00,2026-05-08 20:20:12.000,2026-05-08 20:41:54.000,validation,train
2026-05-08 20:33:00,2026-05-08 20:23:12.000,2026-05-08 20:44:54.000,validation,train
2026-05-08 20:36:00,2026-05-08 20:26:12.000,2026-05-08 20:47:54.000,train,train
2026-05-08 20:39:00,2026-05-08 20:29:12.000,2026-05-08 20:50:54.000,train,train
2026-05-08 20:42:00,2026-05-08 20:32:12.000,2026-05-08 20:53:54.000,train,train
2026-05-08 20:45:00,2026-05-08 20:35:12.000,2026-05-08 20:56:54.000,train,train
2026-05-08 20:48:00,2026-05-08 20:38:12.000,2026-05-08 20:59:54.000,train,train
2026-05-08 20:51:00,2026-05-08 20:41:12.000,2026-05-08 21:02:54.000,train,train
2026-05-08 20:54:00,2026-05-08 20:44:12.000,2026-05-08 21:05:54.000,train,train
2026-05-08 20:57:00,2026-05-08 20:47:12.000,2026-05-08 21:08:54.000,train,train
2026-05-08 21:00:00,2026-05-08 20:50:12.000,2026-05-08 21:11:54.000,validation,train
2026-05-08 21:03:00,2026-05-08 20:53:12.000,2026-05-08 21:14:55.000,train,train
2026-05-08 21:06:00,2026-05-08 20:56:12.000,2026-05-08 21:17:55.000,train,train
2026-05-08 21:09:00,2026-05-08 20:59:12.000,2026-05-08 21:20:55.000,train,train
2026-05-08 21:12:00,2026-05-08 21:02:12.000,2026-05-08 21:23:55.000,train,train
2026-05-08 21:15:00,2026-05-08 21:05:12.000,2026-05-08 21:26:55.000,train,train
2026-05-08 21:18:00,2026-05-08 21:08:12.000,2026-05-08 21:29:55.000,train,train
2026-05-08 21:21:00,2026-05-08 21:11:12.000,2026-05-08 21:32:55.000,train,train
2026-05-08 21:24:00,2026-05-08 21:14:12.000,2026-05-08 21:35:55.000,train,train
2026-05-08 21:27:00,2026-05-08 21:17:12.000,2026-05-08 21:38:55.000,train,train
2026-05-08 21:30:00,2026-05-08 21:20:12.000,2026-05-08 21:41:56.000,train,train
2026-05-08 21:33:00,2026-05-08 21:23:12.000,2026-05-08 21:44:56.000,train,train
2026-05-08 21:36:00,2026-05-08 21:26:12.000,2026-05-08 21:47:56.000,train,train
2026-05-08 21:39:00,2026-05-08 21:29:12.000,2026-05-08 21:50:56.000,validation,train
2026-05-08 21:42:00,2026-05-08 21:32:12.000,2026-05-08 21:53:56.000,validation,train
2026-05-08 21:45:00,2026-05-08 21:35:12.000,2026-05-08 21:56:56.000,train,train
2026-05-08 21:48:00,2026-05-08 21:38:12.000,2026-05-08 21:59:56.000,validation,train
2026-05-08 21:51:00,2026-05-08 21:41:12.000,2026-05-08 22:02:57.000,validation,train
2026-05-08 21:54:00,2026-05-08 21:44:12.000,2026-05-08 22:05:57.000,train,train
2026-05-08 21:57:00,2026-05-08 21:47:12.000,2026-05-08 22:08:57.000,train,train
2026-05-08 22:00:00,2026-05-08 21:50:12.000,2026-05-08 22:11:57.000,train,train
2026-05-08 22:03:00,2026-05-08 21:53:12.000,2026-05-08 22:14:57.000,train,train
2026-05-08 22:06:00,2026-05-08 21:56:12.000,2026-05-08 22:17:57.000,validation,train
2026-05-08 22:09:00,2026-05-08 21:59:12.000,2026-05-08 22:20:58.000,train,train
2026-05-08 22:12:00,2026-05-08 22:02:13.000,2026-05-08 22:23:58.000,validation,train
2026-05-08 22:15:00,2026-05-08 22:05:13.000,2026-05-08 22:26:58.000,validation,train
2026-05-08 22:18:00,2026-05-08 22:08:13.000,2026-05-08 22:29:58.000,train,train
2026-05-08 22:21:00,2026-05-08 22:11:13.000,2026-05-08 22:32:58.000,train,train
2026-05-08 22:24:00,2026-05-08 22:14:13.000,2026-05-08 22:35:58.000,train,train
2026-05-08 22:27:00,2026-05-08 22:17:13.000,2026-05-08 22:38:58.000,train,train
2026-05-08 22:30:00,2026-05-08 22:20:13.000,2026-05-08 22:41:58.000,train,train
2026-05-08 22:33:00,2026-05-08 22:23:13.000,2026-05-08 22:44:58.000,train,train
2026-05-08 22:36:00,2026-05-08 22:26:13.000,2026-05-08 22:47:58.000,train,train
2026-05-08 22:39:00,2026-05-08 22:29:13.000,2026-05-08 22:50:58.000,validation,train
2026-05-08 22:42:00,2026-05-08 22:32:13.000,2026-05-08 22:53:58.000,train,train
2026-05-08 22:45:00,2026-05-08 22:35:13.000,2026-05-08 22:56:58.000,validation,train
2026-05-08 22:48:00,2026-05-08 22:38:13.000,2026-05-08 22:59:58.000,train,train
2026-05-08 22:51:00,2026-05-08 22:41:13.000,2026-05-08 23:02:58.000,train,train
2026-05-08 22:54:00,2026-05-08 22:44:13.000,2026-05-08 23:05:58.000,train,train
2026-05-08 22:57:00,2026-05-08 22:47:13.000,2026-05-08 23:08:58.000,train,train
2026-05-08 23:00:00,2026-05-08 22:50:13.000,2026-05-08 23:11:58.000,train,train
2026-05-08 23:03:00,2026-05-08 22:53:13.000,2026-05-08 23:14:58.000,train,train
2026-05-08 23:06:00,2026-05-08 22:56:13.000,2026-05-08 23:17:58.000,train,train
2026-05-08 23:09:00,2026-05-08 22:59:13.000,2026-05-08 23:20:58.000,train,train
2026-05-08 23:12:00,2026-05-08 23:02:13.000,2026-05-08 23:23:58.000,train,train
2026-05-08 23:15:00,2026-05-08 23:05:13.000,2026-05-08 23:26:59.000,validation,train
2026-05-08 23:18:00,2026-05-08 23:08:13.000,2026-05-08 23:29:59.000,validation,train
2026-05-08 23:21:00,2026-05-08 23:11:13.000,2026-05-08 23:32:59.000,train,train
2026-05-08 23:24:00,2026-05-08 23:14:13.000,2026-05-08 23:35:59.000,train,train
2026-05-08 23:27:00,2026-05-08 23:17:13.000,2026-05-08 23:38:59.000,train,train
2026-05-08 23:30:00,2026-05-08 23:20:13.000,2026-05-08 23:41:59.000,train,train
2026-05-08 23:33:00,2026-05-08 23:23:13.000,2026-05-08 23:44:59.000,train,train
2026-05-08 23:36:00,2026-05-08 23:26:13.000,2026-05-08 23:47:59.000,train,train
2026-05-08 23:39:00,2026-05-08 23:29:13.000,2026-05-08 23:50:59.000,validation,train
2026-05-08 23:42:00,2026-05-08 23:32:13.000,2026-05-08 23:53:59.000,train,train
2026-05-08 23:45:00,2026-05-08 23:35:13.000,2026-05-08 23:56:59.000,train,train
2026-05-08 23:48:00,2026-05-08 23:38:13.000,2026-05-08 23:59:59.000,train,train
2026-05-08 23:51:00,2026-05-08 23:41:13.000,2026-05-09 00:02:59.000,validation,train
2026-05-08 23:54:00,2026-05-08 23:44:13.000,2026-05-09 00:05:59.000,train,train
2026-05-08 23:57:00,2026-05-08 23:47:13.000,2026-05-09 00:08:59.000,train,train
2026-05-09 00:00:00,2026-05-08 23:50:13.000,2026-05-09 00:11:59.000,train,train
2026-05-09 00:03:00,2026-05-08 23:53:13.000,2026-05-09 00:14:59.000,validation,train
2026-05-09 00:06:00,2026-05-08 23:56:13.000,2026-05-09 00:17:59.000,train,train
2026-05-09 00:09:00,2026-05-08 23:59:13.000,2026-05-09 00:20:59.000,train,train
2026-05-09 00:12:00,2026-05-09 00:02:13.000,2026-05-09 00:23:59.000,validation,train
2026-05-09 00:15:00,2026-05-09 00:05:13.000,2026-05-09 00:26:59.000,train,train
2026-05-09 00:18:00,2026-05-09 00:08:13.000,2026-05-09 00:29:59.000,train,train
2026-05-09 00:21:00,2026-05-09 00:11:13.000,2026-05-09 00:33:00.000,train,train
2026-05-09 00:24:00,2026-05-09 00:14:13.000,2026-05-09 00:36:00.000,train,train
2026-05-09 00:27:00,2026-05-09 00:17:13.000,2026-05-09 00:39:00.000,train,train
2026-05-09 00:30:00,2026-05-09 00:20:13.000,2026-05-09 00:41:45.000,train,train
2026-05-09 00:33:00,2026-05-09 00:22:59.000,2026-05-09 00:44:45.000,train,train
2026-05-09 00:36:00,2026-05-09 00:25:59.000,2026-05-09 00:47:45.000,train,train
2026-05-09 00:39:00,2026-05-09 00:28:59.000,2026-05-09 00:50:45.000,validation,train
2026-05-09 00:42:00,2026-05-09 00:32:00.000,2026-05-09 00:53:45.000,train,train
2026-05-09 00:45:00,2026-05-09 00:35:00.000,2026-05-09 00:56:45.000,train,train
2026-05-09 00:48:00,2026-05-09 00:38:00.000,2026-05-09 00:59:45.000,train,train
2026-05-09 00:51:00,2026-05-09 00:41:00.000,2026-05-09 01:02:45.000,train,train
2026-05-09 00:54:00,2026-05-09 00:44:00.000,2026-05-09 01:05:45.000,train,train
2026-05-09 00:57:00,2026-05-09 00:47:00.000,2026-05-09 01:08:45.000,validation,train
2026-05-09 01:00:00,2026-05-09 00:50:00.000,2026-05-09 01:11:45.000,train,train
2026-05-09 01:03:00,2026-05-09 00:53:00.000,2026-05-09 01:14:45.000,train,train
2026-05-09 01:06:00,2026-05-09 00:56:00.000,2026-05-09 01:17:45.000,train,train
2026-05-09 01:09:00,2026-05-09 00:59:00.000,2026-05-09 01:20:45.000,train,train
2026-05-09 01:12:00,2026-05-09 01:02:00.000,2026-05-09 01:23:45.000,train,train
2026-05-09 01:15:00,2026-05-09 01:05:00.000,2026-05-09 01:26:45.000,validation,train
2026-05-09 01:18:00,2026-05-09 01:08:00.000,2026-05-09 01:29:45.000,train,train
2026-05-09 01:21:00,2026-05-09 01:11:00.000,2026-05-09 01:32:45.000,train,train
2026-05-09 01:24:00,2026-05-09 01:14:00.000,2026-05-09 01:35:45.000,train,train
2026-05-09 01:27:00,2026-05-09 01:17:00.000,2026-05-09 01:38:45.000,train,train
2026-05-09 01:30:00,2026-05-09 01:20:00.000,2026-05-09 01:41:45.000,validation,train
2026-05-09 01:33:00,2026-05-09 01:23:00.000,2026-05-09 01:44:45.000,validation,train
2026-05-09 01:36:00,2026-05-09 01:26:00.000,2026-05-09 01:47:45.000,train,train
2026-05-09 01:39:00,2026-05-09 01:29:00.000,2026-05-09 01:50:45.000,validation,train
2026-05-09 01:42:00,2026-05-09 01:32:01.000,2026-05-09 01:53:45.000,train,train
2026-05-09 01:45:00,2026-05-09 01:35:01.000,2026-05-09 01:56:45.000,train,train
2026-05-09 01:48:00,2026-05-09 01:38:02.000,2026-05-09 01:59:45.000,train,train
2026-05-09 01:51:00,2026-05-09 01:41:02.000,2026-05-09 02:02:45.000,train,train
2026-05-09 01:54:00,2026-05-09 01:44:02.000,2026-05-09 02:05:45.000,train,train
2026-05-09 01:57:00,2026-05-09 01:47:02.000,2026-05-09 02:08:45.000,train,train
2026-05-09 02:00:00,2026-05-09 01:50:02.000,2026-05-09 02:11:45.000,train,train
2026-05-09 02:03:00,2026-05-09 01:53:02.000,2026-05-09 02:14:45.000,train,train
2026-05-09 02:06:00,2026-05-09 01:56:02.000,2026-05-09 02:17:45.000,train,train
2026-05-09 02:09:00,2026-05-09 01:59:03.000,2026-05-09 02:20:45.000,train,train
2026-05-09 02:12:00,2026-05-09 02:02:03.000,2026-05-09 02:23:45.000,train,train
2026-05-09 02:15:00,2026-05-09 02:05:03.000,2026-05-09 02:26:45.000,train,train
2026-05-09 02:18:00,2026-05-09 02:08:03.000,2026-05-09 02:29:45.000,train,train
2026-05-09 02:21:00,2026-05-09 02:11:03.000,2026-05-09 02:32:45.000,train,train
2026-05-09 02:24:00,2026-05-09 02:14:03.000,2026-05-09 02:35:45.000,train,train
2026-05-09 02:27:00,2026-05-09 02:17:03.000,2026-05-09 02:38:45.000,train,train
2026-05-09 02:30:00,2026-05-09 02:20:03.000,2026-05-09 02:41:45.000,train,train
2026-05-09 02:33:00,2026-05-09 02:23:03.000,2026-05-09 02:44:45.000,train,train
2026-05-09 02:36:00,2026-05-09 02:26:03.000,2026-05-09 02:47:45.000,train,train
2026-05-09 02:39:00,2026-05-09 02:29:03.000,2026-05-09 02:50:45.000,train,train
2026-05-09 02:42:00,2026-05-09 02:32:03.000,2026-05-09 02:53:45.000,train,train
2026-05-09 02:45:00,2026-05-09 02:35:03.000,2026-05-09 02:56:45.000,train,train
2026-05-09 02:48:00,2026-05-09 02:38:03.000,2026-05-09 02:59:45.000,train,train
2026-05-09 02:51:00,2026-05-09 02:41:03.000,2026-05-09 03:02:45.000,train,train
2026-05-09 02:54:00,2026-05-09 02:44:03.000,2026-05-09 03:05:45.000,validation,train
2026-05-09 02:57:00,2026-05-09 02:47:03.000,2026-05-09 03:08:45.000,train,train
2026-05-09 03:00:00,2026-05-09 02:50:03.000,2026-05-09 03:11:45.000,train,train
2026-05-09 03:03:00,2026-05-09 02:53:03.000,2026-05-09 03:14:45.000,train,train
2026-05-09 03:06:00,2026-05-09 02:56:03.000,2026-05-09 03:17:45.000,train,train
2026-05-09 03:09:00,2026-05-09 02:59:03.000,2026-05-09 03:20:45.000,train,train
2026-05-09 03:12:00,2026-05-09 03:02:03.000,2026-05-09 03:23:45.000,validation,train
2026-05-09 03:15:00,2026-05-09 03:05:04.000,2026-05-09 03:26:45.000,validation,train
2026-05-09 03:18:00,2026-05-09 03:08:04.000,2026-05-09 03:29:45.000,train,train
2026-05-09 03:21:00,2026-05-09 03:11:04.000,2026-05-09 03:32:45.000,train,train
2026-05-09 03:24:00,2026-05-09 03:14:04.000,2026-05-09 03:35:45.000,train,train
2026-05-09 03:27:00,2026-05-09 03:17:04.000,2026-05-09 03:38:45.000,train,train
2026-05-09 03:30:00,2026-05-09 03:20:04.000,2026-05-09 03:41:45.000,train,train
2026-05-09 03:33:00,2026-05-09 03:23:04.000,2026-05-09 03:44:45.000,train,train
2026-05-09 03:36:00,2026-05-09 03:26:04.000,2026-05-09 03:47:45.000,validation,train
2026-05-09 03:39:00,2026-05-09 03:29:04.000,2026-05-09 03:50:45.000,train,train
2026-05-09 03:42:00,2026-05-09 03:32:04.000,2026-05-09 03:53:45.000,train,train
2026-05-09 03:45:00,2026-05-09 03:35:04.000,2026-05-09 03:56:45.000,train,train
2026-05-09 03:48:00,2026-05-09 03:38:04.000,2026-05-09 03:59:45.000,train,train
2026-05-09 03:51:00,2026-05-09 03:41:04.000,2026-05-09 04:02:45.000,train,train
2026-05-09 03:54:00,2026-05-09 03:44:04.000,2026-05-09 04:05:45.000,train,train
2026-05-09 03:57:00,2026-05-09 03:47:04.000,2026-05-09 04:08:45.000,validation,train
2026-05-09 04:00:00,2026-05-09 03:50:04.000,2026-05-09 04:11:45.000,train,train
2026-05-09 04:03:00,2026-05-09 03:53:04.000,2026-05-09 04:14:45.000,train,train
2026-05-09 04:06:00,2026-05-09 03:56:04.000,2026-05-09 04:17:45.000,train,train
2026-05-09 04:09:00,2026-05-09 03:59:04.000,2026-05-09 04:20:45.000,validation,train
2026-05-09 04:12:00,2026-05-09 04:02:04.000,2026-05-09 04:23:45.000,train,train
2026-05-09 04:15:00,2026-05-09 04:05:04.000,2026-05-09 04:26:45.000,train,train
2026-05-09 04:18:00,2026-05-09 04:08:04.000,2026-05-09 04:29:45.000,train,train
2026-05-09 04:21:00,2026-05-09 04:11:05.000,2026-05-09 04:32:45.000,train,train
2026-05-09 04:24:00,2026-05-09 04:14:05.000,2026-05-09 04:35:45.000,train,train
2026-05-09 04:27:00,2026-05-09 04:17:05.000,2026-05-09 04:38:45.000,train,train
2026-05-09 04:30:00,2026-05-09 04:20:05.000,2026-05-09 04:41:45.000,validation,train
2026-05-09 04:33:00,2026-05-09 04:23:05.000,2026-05-09 04:44:45.000,train,train
2026-05-09 04:36:00,2026-05-09 04:26:05.000,2026-05-09 04:47:45.000,train,train
2026-05-09 04:39:00,2026-05-09 04:29:05.000,2026-05-09 04:50:45.000,train,train
2026-05-09 04:42:00,2026-05-09 04:32:05.000,2026-05-09 04:53:45.000,train,train
2026-05-09 04:45:00,2026-05-09 04:35:05.000,2026-05-09 04:56:45.000,train,train
2026-05-09 04:48:00,2026-05-09 04:38:05.000,2026-05-09 04:59:45.000,train,train
2026-05-09 04:51:00,2026-05-09 04:41:05.000,2026-05-09 05:02:45.000,train,train
2026-05-09 04:54:00,2026-05-09 04:44:05.000,2026-05-09 05:05:45.000,train,train
2026-05-09 04:57:00,2026-05-09 04:47:05.000,2026-05-09 05:08:45.000,train,train
2026-05-09 05:00:00,2026-05-09 04:50:05.000,2026-05-09 05:11:45.000,validation,train
2026-05-09 05:03:00,2026-05-09 04:53:05.000,2026-05-09 05:14:45.000,train,train
2026-05-09 05:06:00,2026-05-09 04:56:05.000,2026-05-09 05:17:45.000,train,train
2026-05-09 05:09:00,2026-05-09 04:59:05.000,2026-05-09 05:20:45.000,train,train
2026-05-09 05:12:00,2026-05-09 05:02:05.000,2026-05-09 05:23:44.000,train,train
2026-05-09 05:15:00,2026-05-09 05:05:05.000,2026-05-09 05:26:44.000,train,train
2026-05-09 05:18:00,2026-05-09 05:08:05.000,2026-05-09 05:29:44.000,validation,train
2026-05-09 05:21:00,2026-05-09 05:11:05.000,2026-05-09 05:32:44.000,train,train
2026-05-09 05:24:00,2026-05-09 05:14:06.000,2026-05-09 05:35:45.000,train,train
2026-05-09 05:27:00,2026-05-09 05:17:06.000,2026-05-09 05:38:45.000,train,train
2026-05-09 05:30:00,2026-05-09 05:20:06.000,2026-05-09 05:41:44.000,validation,train
2026-05-09 05:33:00,2026-05-09 05:23:06.000,2026-05-09 05:44:44.000,train,train
2026-05-09 05:36:00,2026-05-09 05:26:06.000,2026-05-09 05:47:44.000,train,train
2026-05-09 05:39:00,2026-05-09 05:29:06.000,2026-05-09 05:50:44.000,validation,train
2026-05-09 05:42:00,2026-05-09 05:32:06.000,2026-05-09 05:53:44.000,validation,train
2026-05-09 05:45:00,2026-05-09 05:35:06.000,2026-05-09 05:56:44.000,train,train
2026-05-09 05:48:00,2026-05-09 05:38:06.000,2026-05-09 05:59:44.000,train,train
2026-05-09 05:51:00,2026-05-09 05:41:06.000,2026-05-09 06:02:44.000,train,train
2026-05-09 05:54:00,2026-05-09 05:44:06.000,2026-05-09 06:05:44.000,train,train
2026-05-09 05:57:00,2026-05-09 05:47:06.000,2026-05-09 06:08:44.000,train,train
2026-05-09 06:00:00,2026-05-09 05:50:06.000,2026-05-09 06:11:44.000,validation,train
2026-05-09 06:03:00,2026-05-09 05:53:06.000,2026-05-09 06:14:44.000,validation,train
2026-05-09 06:06:00,2026-05-09 05:56:06.000,2026-05-09 06:17:44.000,train,train
2026-05-09 06:09:00,2026-05-09 05:59:06.000,2026-05-09 06:20:44.000,train,train
2026-05-09 06:12:00,2026-05-09 06:02:06.000,2026-05-09 06:23:44.000,train,train
2026-05-09 06:15:00,2026-05-09 06:05:06.000,2026-05-09 06:26:44.000,validation,train
2026-05-09 06:18:00,2026-05-09 06:08:06.000,2026-05-09 06:29:44.000,train,train
2026-05-09 06:21:00,2026-05-09 06:11:06.000,2026-05-09 06:32:44.000,train,train
2026-05-09 06:24:00,2026-05-09 06:14:06.000,2026-05-09 06:35:44.000,train,train
2026-05-09 06:27:00,2026-05-09 06:17:06.000,2026-05-09 06:38:44.000,train,train
2026-05-09 06:30:00,2026-05-09 06:20:07.000,2026-05-09 06:41:44.000,validation,train
2026-05-09 06:33:00,2026-05-09 06:23:07.000,2026-05-09 06:44:44.000,train,train
2026-05-09 06:36:00,2026-05-09 06:26:07.000,2026-05-09 06:47:44.000,train,train
2026-05-09 06:39:00,2026-05-09 06:29:07.000,2026-05-09 06:50:44.000,train,train
2026-05-09 06:42:00,2026-05-09 06:32:07.000,2026-05-09 06:53:44.000,train,train
2026-05-09 06:45:00,2026-05-09 06:35:07.000,2026-05-09 06:56:44.000,train,train
2026-05-09 06:48:00,2026-05-09 06:38:07.000,2026-05-09 06:59:44.000,train,train
2026-05-09 06:51:00,2026-05-09 06:41:07.000,2026-05-09 07:02:44.000,train,train
2026-05-09 06:54:00,2026-05-09 06:44:07.000,2026-05-09 07:05:44.000,train,train
2026-05-09 06:57:00,2026-05-09 06:47:07.000,2026-05-09 07:08:44.000,validation,train
2026-05-09 07:00:00,2026-05-09 06:50:07.000,2026-05-09 07:11:44.000,train,train
2026-05-09 07:03:00,2026-05-09 06:53:07.000,2026-05-09 07:14:44.000,train,train
2026-05-09 07:06:00,2026-05-09 06:56:07.000,2026-05-09 07:17:44.000,validation,train
2026-05-09 07:09:00,2026-05-09 06:59:07.000,2026-05-09 07:20:44.000,train,train
2026-05-09 07:12:00,2026-05-09 07:02:07.000,2026-05-09 07:23:44.000,train,train
2026-05-09 07:15:00,2026-05-09 07:05:07.000,2026-05-09 07:26:44.000,train,train
2026-05-09 07:18:00,2026-05-09 07:08:07.000,2026-05-09 07:29:44.000,validation,train
2026-05-09 07:21:00,2026-05-09 07:11:07.000,2026-05-09 07:32:44.000,train,train
2026-05-09 07:24:00,2026-05-09 07:14:07.000,2026-05-09 07:35:44.000,validation,train
2026-05-09 07:27:00,2026-05-09 07:17:07.000,2026-05-09 07:38:44.000,train,train
2026-05-09 07:30:00,2026-05-09 07:20:07.000,2026-05-09 07:41:44.000,train,train
2026-05-09 07:33:00,2026-05-09 07:23:08.000,2026-05-09 07:44:44.000,train,train
2026-05-09 07:36:00,2026-05-09 07:26:08.000,2026-05-09 07:47:44.000,train,train
2026-05-09 07:39:00,2026-05-09 07:29:08.000,2026-05-09 07:50:44.000,train,train
2026-05-09 07:42:00,2026-05-09 07:32:08.000,2026-05-09 07:53:44.000,train,train
2026-05-09 07:45:00,2026-05-09 07:35:08.000,2026-05-09 07:56:44.000,validation,train
2026-05-09 07:48:00,2026-05-09 07:38:08.000,2026-05-09 07:59:44.000,train,train
2026-05-09 07:51:00,2026-05-09 07:41:08.000,2026-05-09 08:02:44.000,train,train
2026-05-09 07:54:00,2026-05-09 07:44:08.000,2026-05-09 08:05:44.000,train,train
2026-05-09 07:57:00,2026-05-09 07:47:08.000,2026-05-09 08:08:44.000,train,train
2026-05-09 08:00:00,2026-05-09 07:50:08.000,2026-05-09 08:11:44.000,train,train
2026-05-09 08:03:00,2026-05-09 07:53:08.000,2026-05-09 08:14:44.000,train,train
2026-05-09 08:06:00,2026-05-09 07:56:08.000,2026-05-09 08:17:44.000,train,train
2026-05-09 08:09:00,2026-05-09 07:59:08.000,2026-05-09 08:20:44.000,validation,train
2026-05-09 08:12:00,2026-05-09 08:02:08.000,2026-05-09 08:23:44.000,train,train
2026-05-09 08:15:00,2026-05-09 08:05:08.000,2026-05-09 08:26:44.000,validation,train
2026-05-09 08:18:00,2026-05-09 08:08:08.000,2026-05-09 08:29:44.000,train,train
2026-05-09 08:21:00,2026-05-09 08:11:08.000,2026-05-09 08:32:44.000,train,train
2026-05-09 08:24:00,2026-05-09 08:14:08.000,2026-05-09 08:35:44.000,train,train
2026-05-09 08:27:00,2026-05-09 08:17:08.000,2026-05-09 08:38:44.000,validation,train
2026-05-09 08:30:00,2026-05-09 08:20:08.000,2026-05-09 08:41:44.000,validation,train
2026-05-09 08:33:00,2026-05-09 08:23:08.000,2026-05-09 08:44:44.000,validation,train
2026-05-09 08:36:00,2026-05-09 08:26:08.000,2026-05-09 08:47:44.000,train,train
2026-05-09 08:39:00,2026-05-09 08:29:09.000,2026-05-09 08:50:44.000,train,train
2026-05-09 08:42:00,2026-05-09 08:32:09.000,2026-05-09 08:53:44.000,train,train
2026-05-09 08:45:00,2026-05-09 08:35:09.000,2026-05-09 08:56:44.000,train,train
2026-05-09 08:48:00,2026-05-09 08:38:09.000,2026-05-09 08:59:44.000,train,train
2026-05-09 08:51:00,2026-05-09 08:41:09.000,2026-05-09 09:02:44.000,validation,train
2026-05-09 08:54:00,2026-05-09 08:44:09.000,2026-05-09 09:05:44.000,train,train
2026-05-09 08:57:00,2026-05-09 08:47:09.000,2026-05-09 09:08:44.000,train,train
2026-05-09 09:00:00,2026-05-09 08:50:09.000,2026-05-09 09:11:44.000,train,train
2026-05-09 09:03:00,2026-05-09 08:53:09.000,2026-05-09 09:14:44.000,train,train
2026-05-09 09:06:00,2026-05-09 08:56:09.000,2026-05-09 09:17:44.000,train,train
2026-05-09 09:09:00,2026-05-09 08:59:09.000,2026-05-09 09:20:44.000,train,train
2026-05-09 09:12:00,2026-05-09 09:02:09.000,2026-05-09 09:23:44.000,train,train
2026-05-09 09:15:00,2026-05-09 09:05:09.000,2026-05-09 09:26:44.000,train,train
2026-05-09 09:18:00,2026-05-09 09:08:09.000,2026-05-09 09:29:44.000,train,train
2026-05-09 09:21:00,2026-05-09 09:11:09.000,2026-05-09 09:32:44.000,validation,train
2026-05-09 09:24:00,2026-05-09 09:14:09.000,2026-05-09 09:35:44.000,validation,train
2026-05-09 09:27:00,2026-05-09 09:17:09.000,2026-05-09 09:38:44.000,train,train
2026-05-09 09:30:00,2026-05-09 09:20:09.000,2026-05-09 09:41:44.000,validation,train
2026-05-09 09:33:00,2026-05-09 09:23:09.000,2026-05-09 09:44:44.000,train,train
2026-05-09 09:36:00,2026-05-09 09:26:09.000,2026-05-09 09:47:44.000,validation,train
2026-05-09 09:39:00,2026-05-09 09:29:09.000,2026-05-09 09:50:44.000,validation,train
2026-05-09 09:42:00,2026-05-09 09:32:09.000,2026-05-09 09:53:44.000,train,train
2026-05-09 09:45:00,2026-05-09 09:35:10.000,2026-05-09 09:56:44.000,train,train
2026-05-09 09:48:00,2026-05-09 09:38:10.000,2026-05-09 09:59:44.000,train,train
2026-05-09 09:51:00,2026-05-09 09:41:10.000,2026-05-09 10:02:44.000,train,train
2026-05-09 09:54:00,2026-05-09 09:44:10.000,2026-05-09 10:05:44.000,train,train
2026-05-09 09:57:00,2026-05-09 09:47:10.000,2026-05-09 10:08:44.000,validation,train
2026-05-09 10:00:00,2026-05-09 09:50:10.000,2026-05-09 10:11:44.000,train,train
2026-05-09 10:03:00,2026-05-09 09:53:10.000,2026-05-09 10:14:44.000,train,train
2026-05-09 10:06:00,2026-05-09 09:56:10.000,2026-05-09 10:17:44.000,validation,train
2026-05-09 10:09:00,2026-05-09 09:59:10.000,2026-05-09 10:20:44.000,train,train
2026-05-09 10:12:00,2026-05-09 10:02:10.000,2026-05-09 10:23:44.000,train,train
2026-05-09 10:15:00,2026-05-09 10:05:10.000,2026-05-09 10:26:44.000,train,train
2026-05-09 10:18:00,2026-05-09 10:08:10.000,2026-05-09 10:29:44.000,train,train
2026-05-09 10:21:00,2026-05-09 10:11:10.000,2026-05-09 10:32:44.000,train,train
2026-05-09 10:24:00,2026-05-09 10:14:10.000,2026-05-09 10:35:44.000,train,train
2026-05-09 10:27:00,2026-05-09 10:17:10.000,2026-05-09 10:38:44.000,train,train
2026-05-09 10:30:00,2026-05-09 10:20:10.000,2026-05-09 10:41:44.000,validation,train
2026-05-09 10:33:00,2026-05-09 10:23:10.000,2026-05-09 10:44:44.000,train,train
2026-05-09 10:36:00,2026-05-09 10:26:10.000,2026-05-09 10:47:44.000,train,train
2026-05-09 10:39:00,2026-05-09 10:29:10.000,2026-05-09 10:50:44.000,train,train
2026-05-09 10:42:00,2026-05-09 10:32:10.000,2026-05-09 10:53:44.000,train,train
2026-05-09 10:45:00,2026-05-09 10:35:10.000,2026-05-09 10:56:44.000,validation,train
2026-05-09 10:48:00,2026-05-09 10:38:11.000,2026-05-09 10:59:44.000,train,train
2026-05-09 10:51:00,2026-05-09 10:41:11.000,2026-05-09 11:02:44.000,validation,train
2026-05-09 10:54:00,2026-05-09 10:44:11.000,2026-05-09 11:05:44.000,train,train
2026-05-09 10:57:00,2026-05-09 10:47:11.000,2026-05-09 11:08:44.000,validation,train
2026-05-09 11:00:00,2026-05-09 10:50:11.000,2026-05-09 11:11:44.000,train,train
2026-05-09 11:03:00,2026-05-09 10:53:11.000,2026-05-09 11:14:44.000,train,train
2026-05-09 11:06:00,2026-05-09 10:56:11.000,2026-05-09 11:17:44.000,train,train
2026-05-09 11:09:00,2026-05-09 10:59:11.000,2026-05-09 11:20:44.000,train,train
2026-05-09 11:12:00,2026-05-09 11:02:11.000,2026-05-09 11:23:44.000,train,train
2026-05-09 11:15:00,2026-05-09 11:05:11.000,2026-05-09 11:26:44.000,train,train
2026-05-09 11:18:00,2026-05-09 11:08:11.000,2026-05-09 11:29:44.000,train,train
2026-05-09 11:21:00,2026-05-09 11:11:11.000,2026-05-09 11:32:44.000,train,train
2026-05-09 11:24:00,2026-05-09 11:14:11.000,2026-05-09 11:35:44.000,train,train
2026-05-09 11:27:00,2026-05-09 11:17:11.000,2026-05-09 11:38:44.000,validation,train
2026-05-09 11:30:00,2026-05-09 11:20:11.000,2026-05-09 11:41:44.000,train,train
2026-05-09 11:33:00,2026-05-09 11:23:11.000,2026-05-09 11:44:44.000,train,train
2026-05-09 11:36:00,2026-05-09 11:26:11.000,2026-05-09 11:47:44.000,train,train
2026-05-09 11:39:00,2026-05-09 11:29:11.000,2026-05-09 11:50:44.000,validation,train
2026-05-09 11:42:00,2026-05-09 11:32:11.000,2026-05-09 11:53:44.000,validation,train
2026-05-09 11:45:00,2026-05-09 11:35:11.000,2026-05-09 11:56:44.000,validation,train
2026-05-09 11:48:00,2026-05-09 11:38:11.000,2026-05-09 11:59:44.000,train,train
2026-05-09 11:51:00,2026-05-09 11:41:12.000,2026-05-09 12:02:44.000,validation,train
2026-05-09 11:54:00,2026-05-09 11:44:12.000,2026-05-09 12:05:44.000,train,train
2026-05-09 11:57:00,2026-05-09 11:47:12.000,2026-05-09 12:08:44.000,train,train
2026-05-09 12:00:00,2026-05-09 11:50:12.000,2026-05-09 12:11:44.000,validation,train
2026-05-09 12:03:00,2026-05-09 11:53:12.000,2026-05-09 12:14:44.000,train,train
2026-05-09 12:06:00,2026-05-09 11:56:12.000,2026-05-09 12:17:44.000,train,train
2026-05-09 12:09:00,2026-05-09 11:59:12.000,2026-05-09 12:20:44.000,train,train
2026-05-09 12:12:00,2026-05-09 12:02:12.000,2026-05-09 12:23:44.000,train,train
2026-05-09 12:15:00,2026-05-09 12:05:12.000,2026-05-09 12:26:44.000,train,train
2026-05-09 12:18:00,2026-05-09 12:08:12.000,2026-05-09 12:29:44.000,validation,train
2026-05-09 12:21:00,2026-05-09 12:11:12.000,2026-05-09 12:32:44.000,train,train
2026-05-09 12:24:00,2026-05-09 12:14:12.000,2026-05-09 12:35:44.000,train,train
2026-05-09 12:27:00,2026-05-09 12:17:12.000,2026-05-09 12:38:44.000,train,train
2026-05-09 12:30:00,2026-05-09 12:20:12.000,2026-05-09 12:41:44.000,train,train
2026-05-09 12:33:00,2026-05-09 12:23:12.000,2026-05-09 12:44:44.000,train,train
2026-05-09 12:36:00,2026-05-09 12:26:12.000,2026-05-09 12:47:44.000,train,train
2026-05-09 12:39:00,2026-05-09 12:29:12.000,2026-05-09 12:50:44.000,train,train
2026-05-09 12:42:00,2026-05-09 12:32:12.000,2026-05-09 12:53:44.000,train,train
2026-05-09 12:45:00,2026-05-09 12:35:12.000,2026-05-09 12:56:44.000,train,train
2026-05-09 12:48:00,2026-05-09 12:38:12.000,2026-05-09 12:59:44.000,train,train
2026-05-09 12:51:00,2026-05-09 12:41:12.000,2026-05-09 13:02:44.000,train,train
2026-05-09 12:54:00,2026-05-09 12:44:12.000,2026-05-09 13:05:44.000,train,train
2026-05-09 12:57:00,2026-05-09 12:47:13.000,2026-05-09 13:08:44.000,validation,train
2026-05-09 13:00:00,2026-05-09 12:50:13.000,2026-05-09 13:11:44.000,validation,train
2026-05-09 13:03:00,2026-05-09 12:53:13.000,2026-05-09 13:14:44.000,train,train
2026-05-09 13:06:00,2026-05-09 12:56:13.000,2026-05-09 13:17:44.000,train,train
2026-05-09 13:09:00,2026-05-09 12:59:13.000,2026-05-09 13:20:44.000,train,train
2026-05-09 13:12:00,2026-05-09 13:02:13.000,2026-05-09 13:23:44.000,train,train
2026-05-09 13:15:00,2026-05-09 13:05:13.000,2026-05-09 13:26:44.000,train,train
2026-05-09 13:18:00,2026-05-09 13:08:13.000,2026-05-09 13:29:44.000,train,train
2026-05-09 13:21:00,2026-05-09 13:11:13.000,2026-05-09 13:32:44.000,train,train
2026-05-09 13:24:00,2026-05-09 13:14:13.000,2026-05-09 13:35:44.000,train,train
2026-05-09 13:27:00,2026-05-09 13:17:13.000,2026-05-09 13:38:44.000,train,train
2026-05-09 13:30:00,2026-05-09 13:20:13.000,2026-05-09 13:41:44.000,train,train
2026-05-09 13:33:00,2026-05-09 13:23:13.000,2026-05-09 13:44:44.000,train,train
2026-05-09 13:36:00,2026-05-09 13:26:13.000,2026-05-09 13:47:44.000,train,train
2026-05-09 13:39:00,2026-05-09 13:29:13.000,2026-05-09 13:50:44.000,train,train
2026-05-09 13:42:00,2026-05-09 13:32:13.000,2026-05-09 13:53:44.000,train,train
2026-05-09 13:45:00,2026-05-09 13:35:13.000,2026-05-09 13:56:44.000,train,train
2026-05-09 13:48:00,2026-05-09 13:38:13.000,2026-05-09 13:59:44.000,train,train
2026-05-09 13:51:00,2026-05-09 13:41:13.000,2026-05-09 14:02:44.000,train,train
2026-05-09 13:54:00,2026-05-09 13:44:13.000,2026-05-09 14:05:44.000,train,train
2026-05-09 13:57:00,2026-05-09 13:47:13.000,2026-05-09 14:08:44.000,train,train
2026-05-09 14:00:00,2026-05-09 13:50:13.000,2026-05-09 14:11:44.000,train,train
2026-05-09 14:03:00,2026-05-09 13:53:13.000,2026-05-09 14:14:44.000,train,train
2026-05-09 14:06:00,2026-05-09 13:56:13.000,2026-05-09 14:17:44.000,train,train
2026-05-09 14:09:00,2026-05-09 13:59:13.000,2026-05-09 14:20:44.000,train,train
2026-05-09 14:12:00,2026-05-09 14:02:13.000,2026-05-09 14:23:44.000,validation,train
2026-05-09 14:15:00,2026-05-09 14:05:13.000,2026-05-09 14:26:44.000,train,train
2026-05-09 14:18:00,2026-05-09 14:08:13.000,2026-05-09 14:29:44.000,train,train
2026-05-09 14:21:00,2026-05-09 14:11:13.000,2026-05-09 14:32:44.000,validation,train
2026-05-09 14:24:00,2026-05-09 14:14:13.000,2026-05-09 14:35:44.000,train,train
2026-05-09 14:27:00,2026-05-09 14:17:13.000,2026-05-09 14:38:44.000,train,train
2026-05-09 14:30:00,2026-05-09 14:20:13.000,2026-05-09 14:41:44.000,train,train
2026-05-09 14:33:00,2026-05-09 14:23:13.000,2026-05-09 14:44:44.000,train,train
2026-05-09 14:36:00,2026-05-09 14:26:13.000,2026-05-09 14:47:44.000,train,train
2026-05-09 14:39:00,2026-05-09 14:29:13.000,2026-05-09 14:50:44.000,train,train
2026-05-09 14:42:00,2026-05-09 14:32:13.000,2026-05-09 14:53:44.000,train,train
2026-05-09 14:45:00,2026-05-09 14:35:13.000,2026-05-09 14:56:44.000,train,train
2026-05-09 14:48:00,2026-05-09 14:38:13.000,2026-05-09 14:59:44.000,train,train
2026-05-09 14:51:00,2026-05-09 14:41:13.000,2026-05-09 15:02:44.000,train,train
2026-05-09 14:54:00,2026-05-09 14:44:13.000,2026-05-09 15:05:44.000,train,train
2026-05-09 14:57:00,2026-05-09 14:47:13.000,2026-05-09 15:08:44.000,train,train
2026-05-09 15:00:00,2026-05-09 14:50:13.000,2026-05-09 15:11:44.000,validation,train
2026-05-09 15:03:00,2026-05-09 14:53:13.000,2026-05-09 15:14:44.000,train,train
2026-05-09 15:06:00,2026-05-09 14:56:13.000,2026-05-09 15:17:44.000,validation,train
2026-05-09 15:09:00,2026-05-09 14:59:13.000,2026-05-09 15:20:44.000,train,train
2026-05-09 15:12:00,2026-05-09 15:02:13.000,2026-05-09 15:23:44.000,validation,train
2026-05-09 15:15:00,2026-05-09 15:05:13.000,2026-05-09 15:26:44.000,train,train
2026-05-09 15:18:00,2026-05-09 15:08:13.000,2026-05-09 15:29:44.000,validation,train
2026-05-09 15:21:00,2026-05-09 15:11:13.000,2026-05-09 15:32:44.000,validation,train
2026-05-09 15:24:00,2026-05-09 15:14:13.000,2026-05-09 15:35:44.000,train,train
2026-05-09 15:27:00,2026-05-09 15:17:13.000,2026-05-09 15:38:44.000,train,train
2026-05-09 15:30:00,2026-05-09 15:20:13.000,2026-05-09 15:41:44.000,train,train
2026-05-09 15:33:00,2026-05-09 15:23:13.000,2026-05-09 15:44:44.000,train,train
2026-05-09 15:36:00,2026-05-09 15:26:13.000,2026-05-09 15:47:44.000,train,train
2026-05-09 15:39:00,2026-05-09 15:29:13.000,2026-05-09 15:50:44.000,train,train
2026-05-09 15:42:00,2026-05-09 15:32:13.000,2026-05-09 15:53:44.000,train,train
2026-05-09 15:45:00,2026-05-09 15:35:13.000,2026-05-09 15:56:44.000,train,train
2026-05-09 15:48:00,2026-05-09 15:38:13.000,2026-05-09 15:59:44.000,validation,train
2026-05-09 15:51:00,2026-05-09 15:41:13.000,2026-05-09 16:02:44.000,train,train
2026-05-09 15:54:00,2026-05-09 15:44:13.000,2026-05-09 16:05:44.000,train,train
2026-05-09 15:57:00,2026-05-09 15:47:13.000,2026-05-09 16:08:44.000,train,train
2026-05-09 16:00:00,2026-05-09 15:50:13.000,2026-05-09 16:11:44.000,train,train
2026-05-09 16:03:00,2026-05-09 15:53:13.000,2026-05-09 16:14:44.000,train,train
2026-05-09 16:06:00,2026-05-09 15:56:13.000,2026-05-09 16:17:44.000,train,train
2026-05-09 16:09:00,2026-05-09 15:59:13.000,2026-05-09 16:20:44.000,train,train
2026-05-09 16:12:00,2026-05-09 16:02:13.000,2026-05-09 16:23:44.000,train,train
2026-05-09 16:15:00,2026-05-09 16:05:13.000,2026-05-09 16:26:44.000,train,train
2026-05-09 16:18:00,2026-05-09 16:08:13.000,2026-05-09 16:29:44.000,train,train
2026-05-09 16:21:00,2026-05-09 16:11:13.000,2026-05-09 16:32:44.000,validation,train
2026-05-09 16:24:00,2026-05-09 16:14:13.000,2026-05-09 16:35:44.000,train,train
2026-05-09 16:27:00,2026-05-09 16:17:13.000,2026-05-09 16:38:44.000,validation,train
2026-05-09 16:30:00,2026-05-09 16:20:13.000,2026-05-09 16:41:44.000,train,train
2026-05-09 16:33:00,2026-05-09 16:23:13.000,2026-05-09 16:44:44.000,validation,train
2026-05-09 16:36:00,2026-05-09 16:26:13.000,2026-05-09 16:47:44.000,validation,train
2026-05-09 16:39:00,2026-05-09 16:29:13.000,2026-05-09 16:50:44.000,train,train
2026-05-09 16:42:00,2026-05-09 16:32:13.000,2026-05-09 16:53:44.000,validation,train
2026-05-09 16:45:00,2026-05-09 16:35:13.000,2026-05-09 16:56:44.000,train,train
2026-05-09 16:48:00,2026-05-09 16:38:13.000,2026-05-09 16:59:44.000,train,train
2026-05-09 16:51:00,2026-05-09 16:41:13.000,2026-05-09 17:02:44.000,validation,train
2026-05-09 16:54:00,2026-05-09 16:44:13.000,2026-05-09 17:05:44.000,validation,train
2026-05-09 16:57:00,2026-05-09 16:47:13.000,2026-05-09 17:08:44.000,train,train
2026-05-09 17:00:00,2026-05-09 16:50:13.000,2026-05-09 17:11:44.000,train,train
2026-05-09 17:03:00,2026-05-09 16:53:13.000,2026-05-09 17:14:44.000,validation,train
2026-05-09 17:06:00,2026-05-09 16:56:13.000,2026-05-09 17:17:44.000,train,train
2026-05-09 17:09:00,2026-05-09 16:59:13.000,2026-05-09 17:20:44.000,train,train
2026-05-09 17:12:00,2026-05-09 17:02:13.000,2026-05-09 17:23:44.000,train,train
2026-05-09 17:15:00,2026-05-09 17:05:13.000,2026-05-09 17:26:44.000,train,train
2026-05-09 17:18:00,2026-05-09 17:08:13.000,2026-05-09 17:29:44.000,train,train
2026-05-09 17:21:00,2026-05-09 17:11:13.000,2026-05-09 17:32:44.000,validation,train
2026-05-09 17:24:00,2026-05-09 17:14:13.000,2026-05-09 17:35:44.000,validation,train
2026-05-09 17:27:00,2026-05-09 17:17:13.000,2026-05-09 17:38:44.000,train,train
2026-05-09 17:30:00,2026-05-09 17:20:13.000,2026-05-09 17:41:44.000,train,train
2026-05-09 17:33:00,2026-05-09 17:23:13.000,2026-05-09 17:44:44.000,train,train
2026-05-09 17:36:00,2026-05-09 17:26:13.000,2026-05-09 17:47:44.000,train,train
2026-05-09 17:39:00,2026-05-09 17:29:13.000,2026-05-09 17:50:44.000,validation,train
2026-05-09 17:42:00,2026-05-09 17:32:13.000,2026-05-09 17:53:44.000,train,train
2026-05-09 17:45:00,2026-05-09 17:35:13.000,2026-05-09 17:56:44.000,validation,train
2026-05-09 17:48:00,2026-05-09 17:38:13.000,2026-05-09 17:59:44.000,train,train
2026-05-09 17:51:00,2026-05-09 17:41:13.000,2026-05-09 18:02:44.000,validation,train
2026-05-09 17:54:00,2026-05-09 17:44:13.000,2026-05-09 18:05:44.000,train,train
2026-05-09 17:57:00,2026-05-09 17:47:13.000,2026-05-09 18:08:44.000,train,train
2026-05-09 18:00:00,2026-05-09 17:50:13.000,2026-05-09 18:11:44.000,train,train
2026-05-09 18:03:00,2026-05-09 17:53:13.000,2026-05-09 18:14:44.000,train,train
2026-05-09 18:06:00,2026-05-09 17:56:13.000,2026-05-09 18:17:44.000,train,train
2026-05-09 18:09:00,2026-05-09 17:59:13.000,2026-05-09 18:20:44.000,train,train
2026-05-09 18:12:00,2026-05-09 18:02:13.000,2026-05-09 18:23:44.000,train,train
2026-05-09 18:15:00,2026-05-09 18:05:13.000,2026-05-09 18:26:44.000,train,train
2026-05-09 18:18:00,2026-05-09 18:08:13.000,2026-05-09 18:29:44.000,validation,train
2026-05-09 18:21:00,2026-05-09 18:11:13.000,2026-05-09 18:32:44.000,train,train
2026-05-09 18:24:00,2026-05-09 18:14:13.000,2026-05-09 18:35:44.000,train,train
2026-05-09 18:27:00,2026-05-09 18:17:13.000,2026-05-09 18:38:44.000,train,train
2026-05-09 18:30:00,2026-05-09 18:20:13.000,2026-05-09 18:41:44.000,train,train
2026-05-09 18:33:00,2026-05-09 18:23:13.000,2026-05-09 18:44:44.000,train,train
2026-05-09 18:36:00,2026-05-09 18:26:13.000,2026-05-09 18:47:44.000,validation,train
2026-05-09 18:39:00,2026-05-09 18:29:13.000,2026-05-09 18:50:44.000,train,train
2026-05-09 18:42:00,2026-05-09 18:32:13.000,2026-05-09 18:53:44.000,validation,train
2026-05-09 18:45:00,2026-05-09 18:35:13.000,2026-05-09 18:56:44.000,train,train
2026-05-09 18:48:00,2026-05-09 18:38:13.000,2026-05-09 18:59:44.000,train,train
2026-05-09 18:51:00,2026-05-09 18:41:13.000,2026-05-09 19:02:44.000,train,train
2026-05-09 18:54:00,2026-05-09 18:44:13.000,2026-05-09 19:05:44.000,train,train
2026-05-09 18:57:00,2026-05-09 18:47:13.000,2026-05-09 19:08:44.000,train,excluded_gap
2026-05-09 19:00:00,2026-05-09 18:50:13.000,2026-05-09 19:11:44.000,train,excluded_gap
2026-05-09 19:03:00,2026-05-09 18:53:13.000,2026-05-09 19:14:44.000,train,excluded_gap
2026-05-09 19:06:00,2026-05-09 18:56:13.000,2026-05-09 19:17:44.000,train,excluded_gap
2026-05-09 19:09:00,2026-05-09 18:59:13.000,2026-05-09 19:20:44.000,train,excluded_gap
2026-05-09 19:12:00,2026-05-09 19:02:13.000,2026-05-09 19:23:44.000,train,excluded_gap
2026-05-09 19:15:00,2026-05-09 19:05:13.000,2026-05-09 19:26:44.000,train,excluded_gap
2026-05-09 19:18:00,2026-05-09 19:08:13.000,2026-05-09 19:29:44.000,train,excluded_gap
2026-05-09 19:21:00,2026-05-09 19:11:13.000,2026-05-09 19:32:44.000,train,excluded_gap
2026-05-09 19:24:00,2026-05-09 19:14:13.000,2026-05-09 19:35:44.000,train,excluded_gap
2026-05-09 19:27:00,2026-05-09 19:17:13.000,2026-05-09 19:38:44.000,train,excluded_gap
2026-05-09 19:30:00,2026-05-09 19:20:13.000,2026-05-09 19:41:44.000,validation,excluded_gap
2026-05-09 19:33:00,2026-05-09 19:23:13.000,2026-05-09 19:44:44.000,train,excluded_gap
2026-05-09 19:36:00,2026-05-09 19:26:13.000,2026-05-09 19:47:44.000,train,excluded_gap
2026-05-09 19:39:00,2026-05-09 19:29:13.000,2026-05-09 19:50:44.000,train,excluded_gap
2026-05-09 19:42:00,2026-05-09 19:32:13.000,2026-05-09 19:53:44.000,train,excluded_gap
2026-05-09 19:45:00,2026-05-09 19:35:13.000,2026-05-09 19:56:44.000,train,excluded_gap
2026-05-09 19:48:00,2026-05-09 19:38:13.000,2026-05-09 19:59:44.000,train,excluded_gap
2026-05-09 19:51:00,2026-05-09 19:41:13.000,2026-05-09 20:02:44.000,train,excluded_gap
2026-05-09 19:54:00,2026-05-09 19:44:13.000,2026-05-09 20:05:44.000,train,excluded_gap
2026-05-09 19:57:00,2026-05-09 19:47:13.000,2026-05-09 20:08:44.000,train,excluded_gap
2026-05-09 20:00:00,2026-05-09 19:50:13.000,2026-05-09 20:11:44.000,train,excluded_gap
2026-05-09 20:03:00,2026-05-09 19:53:13.000,2026-05-09 20:14:44.000,train,excluded_gap
2026-05-09 20:06:00,2026-05-09 19:56:13.000,2026-05-09 20:17:44.000,train,excluded_gap
2026-05-09 20:09:00,2026-05-09 19:59:13.000,2026-05-09 20:20:44.000,validation,excluded_gap
2026-05-09 20:12:00,2026-05-09 20:02:13.000,2026-05-09 20:23:44.000,train,excluded_gap
2026-05-09 20:15:00,2026-05-09 20:05:13.000,2026-05-09 20:26:44.000,train,excluded_gap
2026-05-09 20:18:00,2026-05-09 20:08:13.000,2026-05-09 20:29:44.000,train,excluded_gap
2026-05-09 20:21:00,2026-05-09 20:11:13.000,2026-05-09 20:32:44.000,train,excluded_gap
2026-05-09 20:24:00,2026-05-09 20:14:13.000,2026-05-09 20:35:44.000,train,excluded_gap
2026-05-09 20:27:00,2026-05-09 20:17:13.000,2026-05-09 20:38:44.000,train,excluded_gap
2026-05-09 20:30:00,2026-05-09 20:20:13.000,2026-05-09 20:41:44.000,validation,excluded_gap
2026-05-09 20:33:00,2026-05-09 20:23:13.000,2026-05-09 20:44:44.000,train,excluded_gap
2026-05-09 20:36:00,2026-05-09 20:26:13.000,2026-05-09 20:47:44.000,train,excluded_gap
2026-05-09 20:39:00,2026-05-09 20:29:13.000,2026-05-09 20:50:44.000,train,excluded_gap
2026-05-09 20:42:00,2026-05-09 20:32:13.000,2026-05-09 20:53:44.000,train,excluded_gap
2026-05-09 20:45:00,2026-05-09 20:35:13.000,2026-05-09 20:56:44.000,train,excluded_gap
2026-05-09 20:48:00,2026-05-09 20:38:13.000,2026-05-09 20:59:44.000,validation,excluded_gap
2026-05-09 20:51:00,2026-05-09 20:41:13.000,2026-05-09 21:02:44.000,train,excluded_gap
2026-05-09 20:54:00,2026-05-09 20:44:13.000,2026-05-09 21:05:44.000,train,excluded_gap
2026-05-09 20:57:00,2026-05-09 20:47:13.000,2026-05-09 21:08:44.000,train,excluded_gap
2026-05-09 21:00:00,2026-05-09 20:50:13.000,2026-05-09 21:11:44.000,train,excluded_gap
2026-05-09 21:03:00,2026-05-09 20:53:13.000,2026-05-09 21:14:44.000,train,excluded_gap
2026-05-09 21:06:00,2026-05-09 20:56:13.000,2026-05-09 21:17:44.000,train,excluded_gap
2026-05-09 21:09:00,2026-05-09 20:59:13.000,2026-05-09 21:20:44.000,train,excluded_gap
2026-05-09 21:12:00,2026-05-09 21:02:13.000,2026-05-09 21:23:44.000,validation,excluded_gap
2026-05-09 21:15:00,2026-05-09 21:05:13.000,2026-05-09 21:26:44.000,train,excluded_gap
2026-05-09 21:18:00,2026-05-09 21:08:13.000,2026-05-09 21:29:44.000,train,excluded_gap
2026-05-09 21:21:00,2026-05-09 21:11:13.000,2026-05-09 21:32:44.000,validation,excluded_gap
2026-05-09 21:24:00,2026-05-09 21:14:13.000,2026-05-09 21:35:44.000,train,excluded_gap
2026-05-09 21:27:00,2026-05-09 21:17:13.000,2026-05-09 21:38:44.000,train,excluded_gap
2026-05-09 21:30:00,2026-05-09 21:20:13.000,2026-05-09 21:41:44.000,train,excluded_gap
2026-05-09 21:33:00,2026-05-09 21:23:13.000,2026-05-09 21:44:44.000,validation,excluded_gap
2026-05-09 21:36:00,2026-05-09 21:26:13.000,2026-05-09 21:47:44.000,train,excluded_gap
2026-05-09 21:39:00,2026-05-09 21:29:13.000,2026-05-09 21:50:44.000,train,excluded_gap
2026-05-09 21:42:00,2026-05-09 21:32:13.000,2026-05-09 21:53:44.000,train,excluded_gap
2026-05-09 21:45:00,2026-05-09 21:35:13.000,2026-05-09 21:56:44.000,train,excluded_gap
2026-05-09 21:48:00,2026-05-09 21:38:13.000,2026-05-09 21:59:44.000,train,excluded_gap
2026-05-09 21:51:00,2026-05-09 21:41:13.000,2026-05-09 22:02:44.000,train,excluded_gap
2026-05-09 21:54:00,2026-05-09 21:44:13.000,2026-05-09 22:05:44.000,validation,excluded_gap
2026-05-09 21:57:00,2026-05-09 21:47:13.000,2026-05-09 22:08:44.000,train,excluded_gap
2026-05-09 22:00:00,2026-05-09 21:50:13.000,2026-05-09 22:11:44.000,train,excluded_gap
2026-05-09 22:03:00,2026-05-09 21:53:13.000,2026-05-09 22:14:44.000,train,excluded_gap
2026-05-09 22:06:00,2026-05-09 21:56:13.000,2026-05-09 22:17:44.000,train,excluded_gap
2026-05-09 22:09:00,2026-05-09 21:59:13.000,2026-05-09 22:20:44.000,validation,excluded_gap
2026-05-09 22:12:00,2026-05-09 22:02:13.000,2026-05-09 22:23:44.000,validation,excluded_gap
2026-05-09 22:15:00,2026-05-09 22:05:13.000,2026-05-09 22:26:44.000,train,excluded_gap
2026-05-09 22:18:00,2026-05-09 22:08:13.000,2026-05-09 22:29:44.000,validation,excluded_gap
2026-05-09 22:21:00,2026-05-09 22:11:13.000,2026-05-09 22:32:44.000,train,excluded_gap
2026-05-09 22:24:00,2026-05-09 22:14:13.000,2026-05-09 22:35:44.000,train,excluded_gap
2026-05-09 22:27:00,2026-05-09 22:17:13.000,2026-05-09 22:38:44.000,train,excluded_gap
2026-05-09 22:30:00,2026-05-09 22:20:13.000,2026-05-09 22:41:44.000,validation,excluded_gap
2026-05-09 22:33:00,2026-05-09 22:23:13.000,2026-05-09 22:44:44.000,validation,excluded_gap
2026-05-09 22:36:00,2026-05-09 22:26:13.000,2026-05-09 22:47:44.000,train,excluded_gap
2026-05-09 22:39:00,2026-05-09 22:29:13.000,2026-05-09 22:50:44.000,validation,excluded_gap
2026-05-09 22:42:00,2026-05-09 22:32:13.000,2026-05-09 22:53:44.000,train,excluded_gap
2026-05-09 22:45:00,2026-05-09 22:35:13.000,2026-05-09 22:56:44.000,validation,excluded_gap
2026-05-09 22:48:00,2026-05-09 22:38:13.000,2026-05-09 22:59:44.000,train,excluded_gap
2026-05-09 22:51:00,2026-05-09 22:41:13.000,2026-05-09 23:02:44.000,train,excluded_gap
2026-05-09 22:54:00,2026-05-09 22:44:13.000,2026-05-09 23:05:44.000,train,excluded_gap
2026-05-09 22:57:00,2026-05-09 22:47:13.000,2026-05-09 23:08:44.000,train,excluded_gap
2026-05-09 23:00:00,2026-05-09 22:50:13.000,2026-05-09 23:11:44.000,validation,excluded_gap
2026-05-09 23:03:00,2026-05-09 22:53:13.000,2026-05-09 23:14:44.000,train,excluded_gap
2026-05-09 23:06:00,2026-05-09 22:56:13.000,2026-05-09 23:17:44.000,train,excluded_gap
2026-05-09 23:09:00,2026-05-09 22:59:13.000,2026-05-09 23:20:44.000,train,excluded_gap
2026-05-09 23:12:00,2026-05-09 23:02:13.000,2026-05-09 23:23:44.000,train,excluded_gap
2026-05-09 23:15:00,2026-05-09 23:05:13.000,2026-05-09 23:26:44.000,train,excluded_gap
2026-05-09 23:18:00,2026-05-09 23:08:13.000,2026-05-09 23:29:44.000,train,excluded_gap
2026-05-09 23:21:00,2026-05-09 23:11:13.000,2026-05-09 23:32:44.000,train,excluded_gap
2026-05-09 23:24:00,2026-05-09 23:14:13.000,2026-05-09 23:35:44.000,train,excluded_gap
2026-05-09 23:27:00,2026-05-09 23:17:13.000,2026-05-09 23:38:44.000,validation,excluded_gap
2026-05-09 23:30:00,2026-05-09 23:20:13.000,2026-05-09 23:41:44.000,train,excluded_gap
2026-05-09 23:33:00,2026-05-09 23:23:13.000,2026-05-09 23:44:44.000,train,excluded_gap
2026-05-09 23:36:00,2026-05-09 23:26:13.000,2026-05-09 23:47:44.000,train,excluded_gap
2026-05-09 23:39:00,2026-05-09 23:29:13.000,2026-05-09 23:50:44.000,train,excluded_gap
2026-05-09 23:42:00,2026-05-09 23:32:13.000,2026-05-09 23:53:44.000,train,excluded_gap
2026-05-09 23:45:00,2026-05-09 23:35:13.000,2026-05-09 23:56:44.000,train,excluded_gap
2026-05-09 23:48:00,2026-05-09 23:38:13.000,2026-05-09 23:59:44.000,train,excluded_gap
2026-05-09 23:51:00,2026-05-09 23:41:13.000,2026-05-10 00:02:44.000,train,excluded_gap
2026-05-09 23:54:00,2026-05-09 23:44:13.000,2026-05-10 00:05:44.000,train,excluded_gap
2026-05-09 23:57:00,2026-05-09 23:47:13.000,2026-05-10 00:08:44.000,validation,excluded_gap
2026-05-10 00:00:00,2026-05-09 23:50:13.000,2026-05-10 00:11:44.000,train,excluded_gap
2026-05-10 00:03:00,2026-05-09 23:53:13.000,2026-05-10 00:14:44.000,validation,excluded_gap
2026-05-10 00:06:00,2026-05-09 23:56:13.000,2026-05-10 00:17:44.000,train,excluded_gap
2026-05-10 00:09:00,2026-05-09 23:59:13.000,2026-05-10 00:20:44.000,train,excluded_gap
2026-05-10 00:12:00,2026-05-10 00:02:13.000,2026-05-10 00:23:44.000,train,excluded_gap
2026-05-10 00:15:00,2026-05-10 00:05:13.000,2026-05-10 00:26:44.000,train,excluded_gap
2026-05-10 00:18:00,2026-05-10 00:08:13.000,2026-05-10 00:29:44.000,train,excluded_gap
2026-05-10 00:21:00,2026-05-10 00:11:13.000,2026-05-10 00:32:44.000,train,excluded_gap
2026-05-10 00:24:00,2026-05-10 00:14:13.000,2026-05-10 00:35:44.000,train,excluded_gap
2026-05-10 00:27:00,2026-05-10 00:17:13.000,2026-05-10 00:38:44.000,train,excluded_gap
2026-05-10 00:30:00,2026-05-10 00:20:13.000,2026-05-10 00:41:44.000,train,excluded_gap
2026-05-10 00:33:00,2026-05-10 00:23:13.000,2026-05-10 00:44:44.000,train,excluded_gap
2026-05-10 00:36:00,2026-05-10 00:26:13.000,2026-05-10 00:47:44.000,train,excluded_gap
2026-05-10 00:39:00,2026-05-10 00:29:13.000,2026-05-10 00:50:44.000,train,excluded_gap
2026-05-10 00:42:00,2026-05-10 00:32:13.000,2026-05-10 00:53:44.000,train,excluded_gap
2026-05-10 00:45:00,2026-05-10 00:35:13.000,2026-05-10 00:56:44.000,train,excluded_gap
2026-05-10 00:48:00,2026-05-10 00:38:13.000,2026-05-10 00:59:44.000,train,excluded_gap
2026-05-10 00:51:00,2026-05-10 00:41:13.000,2026-05-10 01:02:44.000,train,excluded_gap
2026-05-10 00:54:00,2026-05-10 00:44:13.000,2026-05-10 01:05:44.000,train,excluded_gap
2026-05-10 00:57:00,2026-05-10 00:47:13.000,2026-05-10 01:08:44.000,train,excluded_gap
2026-05-10 01:00:00,2026-05-10 00:50:13.000,2026-05-10 01:11:44.000,train,excluded_gap
2026-05-10 01:03:00,2026-05-10 00:53:13.000,2026-05-10 01:14:44.000,train,excluded_gap
2026-05-10 01:06:00,2026-05-10 00:56:13.000,2026-05-10 01:17:44.000,train,excluded_gap
2026-05-10 01:09:00,2026-05-10 00:59:13.000,2026-05-10 01:20:44.000,train,excluded_gap
2026-05-10 01:12:00,2026-05-10 01:02:13.000,2026-05-10 01:23:44.000,validation,excluded_gap
2026-05-10 01:15:00,2026-05-10 01:05:13.000,2026-05-10 01:26:44.000,train,excluded_gap
2026-05-10 01:18:00,2026-05-10 01:08:13.000,2026-05-10 01:29:44.000,train,excluded_gap
2026-05-10 01:21:00,2026-05-10 01:11:13.000,2026-05-10 01:32:44.000,train,excluded_gap
2026-05-10 01:24:00,2026-05-10 01:14:13.000,2026-05-10 01:35:44.000,train,excluded_gap
2026-05-10 01:27:00,2026-05-10 01:17:13.000,2026-05-10 01:38:44.000,validation,excluded_gap
2026-05-10 01:30:00,2026-05-10 01:20:13.000,2026-05-10 01:41:44.000,train,excluded_gap
2026-05-10 01:33:00,2026-05-10 01:23:13.000,2026-05-10 01:44:44.000,validation,excluded_gap
2026-05-10 01:36:00,2026-05-10 01:26:13.000,2026-05-10 01:47:44.000,validation,excluded_gap
2026-05-10 01:39:00,2026-05-10 01:29:13.000,2026-05-10 01:50:44.000,train,excluded_gap
2026-05-10 01:42:00,2026-05-10 01:32:13.000,2026-05-10 01:53:44.000,train,excluded_gap
2026-05-10 01:45:00,2026-05-10 01:35:13.000,2026-05-10 01:56:44.000,train,excluded_gap
2026-05-10 01:48:00,2026-05-10 01:38:13.000,2026-05-10 01:59:44.000,train,excluded_gap
2026-05-10 01:51:00,2026-05-10 01:41:13.000,2026-05-10 02:02:44.000,train,excluded_gap
2026-05-10 01:54:00,2026-05-10 01:44:13.000,2026-05-10 02:05:44.000,train,excluded_gap
2026-05-10 01:57:00,2026-05-10 01:47:13.000,2026-05-10 02:08:44.000,train,excluded_gap
2026-05-10 02:00:00,2026-05-10 01:50:13.000,2026-05-10 02:11:44.000,train,excluded_gap
2026-05-10 02:03:00,2026-05-10 01:53:13.000,2026-05-10 02:14:44.000,train,excluded_gap
2026-05-10 02:06:00,2026-05-10 01:56:13.000,2026-05-10 02:17:44.000,train,excluded_gap
2026-05-10 02:09:00,2026-05-10 01:59:13.000,2026-05-10 02:20:44.000,train,excluded_gap
2026-05-10 02:12:00,2026-05-10 02:02:13.000,2026-05-10 02:23:44.000,train,excluded_gap
2026-05-10 02:15:00,2026-05-10 02:05:13.000,2026-05-10 02:26:44.000,train,excluded_gap
2026-05-10 02:18:00,2026-05-10 02:08:13.000,2026-05-10 02:29:44.000,validation,excluded_gap
2026-05-10 02:21:00,2026-05-10 02:11:13.000,2026-05-10 02:32:44.000,train,excluded_gap
2026-05-10 02:24:00,2026-05-10 02:14:13.000,2026-05-10 02:35:44.000,train,excluded_gap
2026-05-10 02:27:00,2026-05-10 02:17:13.000,2026-05-10 02:38:44.000,train,excluded_gap
2026-05-10 02:30:00,2026-05-10 02:20:13.000,2026-05-10 02:41:44.000,train,excluded_gap
2026-05-10 02:33:00,2026-05-10 02:23:13.000,2026-05-10 02:44:44.000,train,excluded_gap
2026-05-10 02:36:00,2026-05-10 02:26:13.000,2026-05-10 02:47:44.000,train,excluded_gap
2026-05-10 02:39:00,2026-05-10 02:29:13.000,2026-05-10 02:50:44.000,train,excluded_gap
2026-05-10 02:42:00,2026-05-10 02:32:13.000,2026-05-10 02:53:44.000,train,excluded_gap
2026-05-10 02:45:00,2026-05-10 02:35:13.000,2026-05-10 02:56:44.000,validation,excluded_gap
2026-05-10 02:48:00,2026-05-10 02:38:13.000,2026-05-10 02:59:44.000,train,excluded_gap
2026-05-10 02:51:00,2026-05-10 02:41:13.000,2026-05-10 03:02:44.000,train,excluded_gap
2026-05-10 02:54:00,2026-05-10 02:44:13.000,2026-05-10 03:05:44.000,train,excluded_gap
2026-05-10 02:57:00,2026-05-10 02:47:13.000,2026-05-10 03:08:44.000,train,excluded_gap
2026-05-10 03:00:00,2026-05-10 02:50:13.000,2026-05-10 03:11:44.000,train,excluded_gap
2026-05-10 03:03:00,2026-05-10 02:53:13.000,2026-05-10 03:14:44.000,train,excluded_gap
2026-05-10 03:06:00,2026-05-10 02:56:13.000,2026-05-10 03:17:44.000,train,excluded_gap
2026-05-10 03:09:00,2026-05-10 02:59:13.000,2026-05-10 03:20:44.000,train,excluded_gap
2026-05-10 03:12:00,2026-05-10 03:02:13.000,2026-05-10 03:23:44.000,train,excluded_gap
2026-05-10 03:15:00,2026-05-10 03:05:13.000,2026-05-10 03:26:44.000,train,excluded_gap
2026-05-10 03:18:00,2026-05-10 03:08:13.000,2026-05-10 03:29:44.000,validation,excluded_gap
2026-05-10 03:21:00,2026-05-10 03:11:13.000,2026-05-10 03:32:44.000,train,excluded_gap
2026-05-10 03:24:00,2026-05-10 03:14:13.000,2026-05-10 03:35:44.000,train,excluded_gap
2026-05-10 03:27:00,2026-05-10 03:17:13.000,2026-05-10 03:38:44.000,validation,excluded_gap
2026-05-10 03:30:00,2026-05-10 03:20:13.000,2026-05-10 03:41:44.000,train,excluded_gap
2026-05-10 03:33:00,2026-05-10 03:23:13.000,2026-05-10 03:44:44.000,train,excluded_gap
2026-05-10 03:36:00,2026-05-10 03:26:13.000,2026-05-10 03:47:44.000,validation,excluded_gap
2026-05-10 03:39:00,2026-05-10 03:29:13.000,2026-05-10 03:50:44.000,train,excluded_gap
2026-05-10 03:42:00,2026-05-10 03:32:13.000,2026-05-10 03:53:44.000,train,excluded_gap
2026-05-10 03:45:00,2026-05-10 03:35:13.000,2026-05-10 03:56:44.000,train,excluded_gap
2026-05-10 03:48:00,2026-05-10 03:38:13.000,2026-05-10 03:59:44.000,train,excluded_gap
2026-05-10 03:51:00,2026-05-10 03:41:13.000,2026-05-10 04:02:44.000,validation,excluded_gap
2026-05-10 03:54:00,2026-05-10 03:44:13.000,2026-05-10 04:05:44.000,train,excluded_gap
2026-05-10 03:57:00,2026-05-10 03:47:13.000,2026-05-10 04:08:44.000,validation,excluded_gap
2026-05-10 04:00:00,2026-05-10 03:50:13.000,2026-05-10 04:11:44.000,validation,excluded_gap
2026-05-10 04:03:00,2026-05-10 03:53:13.000,2026-05-10 04:14:44.000,train,excluded_gap
2026-05-10 04:06:00,2026-05-10 03:56:13.000,2026-05-10 04:17:44.000,train,excluded_gap
2026-05-10 04:09:00,2026-05-10 03:59:13.000,2026-05-10 04:20:44.000,validation,excluded_gap
2026-05-10 04:12:00,2026-05-10 04:02:13.000,2026-05-10 04:23:44.000,validation,excluded_gap
2026-05-10 04:15:00,2026-05-10 04:05:13.000,2026-05-10 04:26:44.000,train,excluded_gap
2026-05-10 04:18:00,2026-05-10 04:08:13.000,2026-05-10 04:29:44.000,train,excluded_gap
2026-05-10 04:21:00,2026-05-10 04:11:13.000,2026-05-10 04:32:44.000,validation,excluded_gap
2026-05-10 04:24:00,2026-05-10 04:14:13.000,2026-05-10 04:35:44.000,train,excluded_gap
2026-05-10 04:27:00,2026-05-10 04:17:13.000,2026-05-10 04:38:44.000,train,excluded_gap
2026-05-10 04:30:00,2026-05-10 04:20:13.000,2026-05-10 04:41:44.000,train,excluded_gap
2026-05-10 04:33:00,2026-05-10 04:23:13.000,2026-05-10 04:44:44.000,train,excluded_gap
2026-05-10 04:36:00,2026-05-10 04:26:13.000,2026-05-10 04:47:44.000,train,excluded_gap
2026-05-10 04:39:00,2026-05-10 04:29:13.000,2026-05-10 04:50:44.000,train,excluded_gap
2026-05-10 04:42:00,2026-05-10 04:32:13.000,2026-05-10 04:53:44.000,train,excluded_gap
2026-05-10 04:45:00,2026-05-10 04:35:13.000,2026-05-10 04:56:44.000,train,excluded_gap
2026-05-10 04:48:00,2026-05-10 04:38:13.000,2026-05-10 04:59:44.000,train,excluded_gap
2026-05-10 04:51:00,2026-05-10 04:41:13.000,2026-05-10 05:02:44.000,train,excluded_gap
2026-05-10 04:54:00,2026-05-10 04:44:13.000,2026-05-10 05:05:44.000,validation,excluded_gap
2026-05-10 04:57:00,2026-05-10 04:47:13.000,2026-05-10 05:08:44.000,train,excluded_gap
2026-05-10 05:00:00,2026-05-10 04:50:13.000,2026-05-10 05:11:44.000,train,excluded_gap
2026-05-10 05:03:00,2026-05-10 04:53:13.000,2026-05-10 05:14:44.000,train,excluded_gap
2026-05-10 05:06:00,2026-05-10 04:56:13.000,2026-05-10 05:17:44.000,train,excluded_gap
2026-05-10 05:09:00,2026-05-10 04:59:13.000,2026-05-10 05:20:44.000,train,excluded_gap
2026-05-10 05:12:00,2026-05-10 05:02:13.000,2026-05-10 05:23:44.000,train,excluded_gap
2026-05-10 05:15:00,2026-05-10 05:05:13.000,2026-05-10 05:26:44.000,train,excluded_gap
2026-05-10 05:18:00,2026-05-10 05:08:13.000,2026-05-10 05:29:44.000,train,excluded_gap
2026-05-10 05:21:00,2026-05-10 05:11:13.000,2026-05-10 05:32:44.000,train,excluded_gap
2026-05-10 05:24:00,2026-05-10 05:14:13.000,2026-05-10 05:35:44.000,train,excluded_gap
2026-05-10 05:27:00,2026-05-10 05:17:13.000,2026-05-10 05:38:44.000,train,excluded_gap
2026-05-10 05:30:00,2026-05-10 05:20:13.000,2026-05-10 05:41:44.000,validation,excluded_gap
2026-05-10 05:33:00,2026-05-10 05:23:13.000,2026-05-10 05:44:44.000,train,excluded_gap
2026-05-10 05:36:00,2026-05-10 05:26:13.000,2026-05-10 05:47:44.000,train,excluded_gap
2026-05-10 05:39:00,2026-05-10 05:29:13.000,2026-05-10 05:50:44.000,validation,excluded_gap
2026-05-10 05:42:00,2026-05-10 05:32:13.000,2026-05-10 05:53:44.000,validation,excluded_gap
2026-05-10 05:45:00,2026-05-10 05:35:13.000,2026-05-10 05:56:44.000,validation,excluded_gap
2026-05-10 05:48:00,2026-05-10 05:38:13.000,2026-05-10 05:59:44.000,train,excluded_gap
2026-05-10 05:51:00,2026-05-10 05:41:13.000,2026-05-10 06:02:44.000,validation,excluded_gap
2026-05-10 05:54:00,2026-05-10 05:44:13.000,2026-05-10 06:05:44.000,train,excluded_gap
2026-05-10 05:57:00,2026-05-10 05:47:13.000,2026-05-10 06:08:44.000,train,excluded_gap
2026-05-10 06:00:00,2026-05-10 05:50:13.000,2026-05-10 06:11:44.000,train,excluded_gap
2026-05-10 06:03:00,2026-05-10 05:53:13.000,2026-05-10 06:14:44.000,train,excluded_gap
2026-05-10 06:06:00,2026-05-10 05:56:13.000,2026-05-10 06:17:44.000,validation,excluded_gap
2026-05-10 06:09:00,2026-05-10 05:59:13.000,2026-05-10 06:20:44.000,train,excluded_gap
2026-05-10 06:12:00,2026-05-10 06:02:13.000,2026-05-10 06:23:44.000,validation,excluded_gap
2026-05-10 06:15:00,2026-05-10 06:05:13.000,2026-05-10 06:26:44.000,train,excluded_gap
2026-05-10 06:18:00,2026-05-10 06:08:13.000,2026-05-10 06:29:44.000,train,excluded_gap
2026-05-10 06:21:00,2026-05-10 06:11:13.000,2026-05-10 06:32:44.000,train,excluded_gap
2026-05-10 06:24:00,2026-05-10 06:14:13.000,2026-05-10 06:35:44.000,train,excluded_gap
2026-05-10 06:27:00,2026-05-10 06:17:13.000,2026-05-10 06:38:44.000,train,excluded_gap
2026-05-10 06:30:00,2026-05-10 06:20:13.000,2026-05-10 06:41:44.000,validation,excluded_gap
2026-05-10 06:33:00,2026-05-10 06:23:13.000,2026-05-10 06:44:44.000,train,excluded_gap
2026-05-10 06:36:00,2026-05-10 06:26:13.000,2026-05-10 06:47:44.000,validation,excluded_gap
2026-05-10 06:39:00,2026-05-10 06:29:13.000,2026-05-10 06:50:44.000,train,excluded_gap
2026-05-10 06:42:00,2026-05-10 06:32:13.000,2026-05-10 06:53:44.000,validation,excluded_gap
2026-05-10 06:45:00,2026-05-10 06:35:13.000,2026-05-10 06:56:44.000,train,excluded_gap
2026-05-10 06:48:00,2026-05-10 06:38:13.000,2026-05-10 06:59:44.000,train,excluded_gap
2026-05-10 06:51:00,2026-05-10 06:41:13.000,2026-05-10 07:02:44.000,train,excluded_gap
2026-05-10 06:54:00,2026-05-10 06:44:13.000,2026-05-10 07:05:44.000,train,excluded_gap
2026-05-10 06:57:00,2026-05-10 06:47:13.000,2026-05-10 07:08:44.000,validation,excluded_gap
2026-05-10 07:00:00,2026-05-10 06:50:13.000,2026-05-10 07:11:44.000,train,excluded_gap
2026-05-10 07:03:00,2026-05-10 06:53:13.000,2026-05-10 07:14:44.000,validation,excluded_gap
2026-05-10 07:06:00,2026-05-10 06:56:13.000,2026-05-10 07:17:44.000,train,excluded_gap
2026-05-10 07:09:00,2026-05-10 06:59:13.000,2026-05-10 07:20:44.000,train,excluded_gap
2026-05-10 07:12:00,2026-05-10 07:02:13.000,2026-05-10 07:23:44.000,train,excluded_gap
2026-05-10 07:15:00,2026-05-10 07:05:13.000,2026-05-10 07:26:44.000,train,excluded_gap
2026-05-10 07:18:00,2026-05-10 07:08:13.000,2026-05-10 07:29:44.000,train,excluded_gap
2026-05-10 07:21:00,2026-05-10 07:11:13.000,2026-05-10 07:32:44.000,validation,excluded_gap
2026-05-10 07:24:00,2026-05-10 07:14:13.000,2026-05-10 07:35:44.000,validation,excluded_gap
2026-05-10 07:27:00,2026-05-10 07:17:13.000,2026-05-10 07:38:44.000,validation,excluded_gap
2026-05-10 07:30:00,2026-05-10 07:20:13.000,2026-05-10 07:41:44.000,train,excluded_gap
2026-05-10 07:33:00,2026-05-10 07:23:13.000,2026-05-10 07:44:44.000,train,excluded_gap
2026-05-10 07:36:00,2026-05-10 07:26:13.000,2026-05-10 07:47:44.000,train,excluded_gap
2026-05-10 07:39:00,2026-05-10 07:29:13.000,2026-05-10 07:50:44.000,validation,excluded_gap
2026-05-10 07:42:00,2026-05-10 07:32:13.000,2026-05-10 07:53:44.000,train,excluded_gap
2026-05-10 07:45:00,2026-05-10 07:35:13.000,2026-05-10 07:56:44.000,train,excluded_gap
2026-05-10 07:48:00,2026-05-10 07:38:13.000,2026-05-10 07:59:44.000,train,excluded_gap
2026-05-10 07:51:00,2026-05-10 07:41:13.000,2026-05-10 08:02:44.000,train,excluded_gap
2026-05-10 07:54:00,2026-05-10 07:44:13.000,2026-05-10 08:05:44.000,train,excluded_gap
2026-05-10 07:57:00,2026-05-10 07:47:13.000,2026-05-10 08:08:44.000,train,excluded_gap
2026-05-10 08:00:00,2026-05-10 07:50:13.000,2026-05-10 08:11:44.000,train,excluded_gap
2026-05-10 08:03:00,2026-05-10 07:53:13.000,2026-05-10 08:14:44.000,train,excluded_gap
2026-05-10 08:06:00,2026-05-10 07:56:13.000,2026-05-10 08:17:44.000,train,excluded_gap
2026-05-10 08:09:00,2026-05-10 07:59:13.000,2026-05-10 08:20:44.000,train,excluded_gap
2026-05-10 08:12:00,2026-05-10 08:02:13.000,2026-05-10 08:23:44.000,train,excluded_gap
2026-05-10 08:15:00,2026-05-10 08:05:13.000,2026-05-10 08:26:44.000,validation,excluded_gap
2026-05-10 08:18:00,2026-05-10 08:08:13.000,2026-05-10 08:29:44.000,train,excluded_gap
2026-05-10 08:21:00,2026-05-10 08:11:13.000,2026-05-10 08:32:44.000,train,excluded_gap
2026-05-10 08:24:00,2026-05-10 08:14:13.000,2026-05-10 08:35:44.000,train,excluded_gap
2026-05-10 08:27:00,2026-05-10 08:17:13.000,2026-05-10 08:38:44.000,validation,excluded_gap
2026-05-10 08:30:00,2026-05-10 08:20:13.000,2026-05-10 08:41:44.000,train,excluded_gap
2026-05-10 08:33:00,2026-05-10 08:23:13.000,2026-05-10 08:44:44.000,validation,excluded_gap
2026-05-10 08:36:00,2026-05-10 08:26:13.000,2026-05-10 08:47:44.000,train,excluded_gap
2026-05-10 08:39:00,2026-05-10 08:29:13.000,2026-05-10 08:50:44.000,train,excluded_gap
2026-05-10 08:42:00,2026-05-10 08:32:13.000,2026-05-10 08:53:44.000,train,excluded_gap
2026-05-10 08:45:00,2026-05-10 08:35:13.000,2026-05-10 08:56:44.000,validation,excluded_gap
2026-05-10 08:48:00,2026-05-10 08:38:13.000,2026-05-10 08:59:44.000,validation,excluded_gap
2026-05-10 08:51:00,2026-05-10 08:41:13.000,2026-05-10 09:02:44.000,train,excluded_gap
2026-05-10 08:54:00,2026-05-10 08:44:13.000,2026-05-10 09:05:44.000,validation,excluded_gap
2026-05-10 08:57:00,2026-05-10 08:47:13.000,2026-05-10 09:08:44.000,train,excluded_gap
2026-05-10 09:00:00,2026-05-10 08:50:13.000,2026-05-10 09:11:44.000,validation,excluded_gap
2026-05-10 09:03:00,2026-05-10 08:53:13.000,2026-05-10 09:14:44.000,train,excluded_gap
2026-05-10 09:06:00,2026-05-10 08:56:13.000,2026-05-10 09:17:44.000,train,excluded_gap
2026-05-10 09:09:00,2026-05-10 08:59:13.000,2026-05-10 09:20:44.000,train,excluded_gap
2026-05-10 09:12:00,2026-05-10 09:02:13.000,2026-05-10 09:23:44.000,train,excluded_gap
2026-05-10 09:15:00,2026-05-10 09:05:13.000,2026-05-10 09:26:44.000,validation,excluded_gap
2026-05-10 09:18:00,2026-05-10 09:08:13.000,2026-05-10 09:29:44.000,train,excluded_gap
2026-05-10 09:21:00,2026-05-10 09:11:13.000,2026-05-10 09:32:44.000,train,excluded_gap
2026-05-10 09:24:00,2026-05-10 09:14:13.000,2026-05-10 09:35:44.000,train,excluded_gap
2026-05-10 09:27:00,2026-05-10 09:17:13.000,2026-05-10 09:38:44.000,train,excluded_gap
2026-05-10 09:30:00,2026-05-10 09:20:13.000,2026-05-10 09:41:44.000,train,excluded_gap
2026-05-10 09:33:00,2026-05-10 09:23:13.000,2026-05-10 09:44:44.000,validation,excluded_gap
2026-05-10 09:36:00,2026-05-10 09:26:13.000,2026-05-10 09:47:44.000,train,excluded_gap
2026-05-10 09:39:00,2026-05-10 09:29:13.000,2026-05-10 09:50:44.000,train,excluded_gap
2026-05-10 09:42:00,2026-05-10 09:32:13.000,2026-05-10 09:53:44.000,validation,excluded_gap
2026-05-10 09:45:00,2026-05-10 09:35:13.000,2026-05-10 09:56:44.000,validation,excluded_gap
2026-05-10 09:48:00,2026-05-10 09:38:13.000,2026-05-10 09:59:44.000,train,excluded_gap
2026-05-10 09:51:00,2026-05-10 09:41:13.000,2026-05-10 10:02:44.000,train,excluded_gap
2026-05-10 09:54:00,2026-05-10 09:44:13.000,2026-05-10 10:05:44.000,validation,excluded_gap
2026-05-10 09:57:00,2026-05-10 09:47:13.000,2026-05-10 10:08:44.000,validation,excluded_gap
2026-05-10 10:00:00,2026-05-10 09:50:13.000,2026-05-10 10:11:44.000,validation,excluded_gap
2026-05-10 10:03:00,2026-05-10 09:53:13.000,2026-05-10 10:14:44.000,train,excluded_gap
2026-05-10 10:06:00,2026-05-10 09:56:13.000,2026-05-10 10:17:44.000,validation,excluded_gap
2026-05-10 10:09:00,2026-05-10 09:59:13.000,2026-05-10 10:20:44.000,train,excluded_gap
2026-05-10 10:12:00,2026-05-10 10:02:13.000,2026-05-10 10:23:44.000,train,excluded_gap
2026-05-10 10:15:00,2026-05-10 10:05:13.000,2026-05-10 10:26:44.000,train,excluded_gap
2026-05-10 10:18:00,2026-05-10 10:08:13.000,2026-05-10 10:29:44.000,train,excluded_gap
2026-05-10 10:21:00,2026-05-10 10:11:13.000,2026-05-10 10:32:44.000,train,excluded_gap
2026-05-10 10:24:00,2026-05-10 10:14:13.000,2026-05-10 10:35:44.000,train,excluded_gap
2026-05-10 10:27:00,2026-05-10 10:17:13.000,2026-05-10 10:38:44.000,train,excluded_gap
2026-05-10 10:30:00,2026-05-10 10:20:13.000,2026-05-10 10:41:44.000,train,excluded_gap
2026-05-10 10:33:00,2026-05-10 10:23:13.000,2026-05-10 10:44:44.000,validation,excluded_gap
2026-05-10 10:36:00,2026-05-10 10:26:13.000,2026-05-10 10:47:44.000,validation,excluded_gap
2026-05-10 10:39:00,2026-05-10 10:29:13.000,2026-05-10 10:50:44.000,train,excluded_gap
2026-05-10 10:42:00,2026-05-10 10:32:13.000,2026-05-10 10:53:44.000,train,excluded_gap
2026-05-10 10:45:00,2026-05-10 10:35:13.000,2026-05-10 10:56:44.000,train,excluded_gap
2026-05-10 10:48:00,2026-05-10 10:38:13.000,2026-05-10 10:59:44.000,train,excluded_gap
2026-05-10 10:51:00,2026-05-10 10:41:13.000,2026-05-10 11:02:44.000,validation,excluded_gap
2026-05-10 10:54:00,2026-05-10 10:44:13.000,2026-05-10 11:05:44.000,train,excluded_gap
2026-05-10 10:57:00,2026-05-10 10:47:13.000,2026-05-10 11:08:44.000,train,excluded_gap
2026-05-10 11:00:00,2026-05-10 10:50:13.000,2026-05-10 11:11:44.000,train,excluded_gap
2026-05-10 11:03:00,2026-05-10 10:53:13.000,2026-05-10 11:14:44.000,validation,excluded_gap
2026-05-10 11:06:00,2026-05-10 10:56:13.000,2026-05-10 11:17:44.000,train,excluded_gap
2026-05-10 11:09:00,2026-05-10 10:59:13.000,2026-05-10 11:20:44.000,validation,excluded_gap
2026-05-10 11:12:00,2026-05-10 11:02:13.000,2026-05-10 11:23:44.000,train,excluded_gap
2026-05-10 11:15:00,2026-05-10 11:05:13.000,2026-05-10 11:26:44.000,train,excluded_gap
2026-05-10 11:18:00,2026-05-10 11:08:13.000,2026-05-10 11:29:44.000,train,excluded_gap
2026-05-10 11:21:00,2026-05-10 11:11:13.000,2026-05-10 11:32:44.000,train,excluded_gap
2026-05-10 11:24:00,2026-05-10 11:14:13.000,2026-05-10 11:35:44.000,validation,excluded_gap
2026-05-10 11:27:00,2026-05-10 11:17:13.000,2026-05-10 11:38:44.000,validation,excluded_gap
2026-05-10 11:30:00,2026-05-10 11:20:13.000,2026-05-10 11:41:44.000,train,excluded_gap
2026-05-10 11:33:00,2026-05-10 11:23:13.000,2026-05-10 11:44:44.000,train,excluded_gap
2026-05-10 11:36:00,2026-05-10 11:26:13.000,2026-05-10 11:47:44.000,train,excluded_gap
2026-05-10 11:39:00,2026-05-10 11:29:13.000,2026-05-10 11:50:44.000,train,excluded_gap
2026-05-10 11:42:00,2026-05-10 11:32:13.000,2026-05-10 11:53:44.000,train,excluded_gap
2026-05-10 11:45:00,2026-05-10 11:35:13.000,2026-05-10 11:56:44.000,validation,excluded_gap
2026-05-10 11:48:00,2026-05-10 11:38:13.000,2026-05-10 11:59:44.000,train,excluded_gap
2026-05-10 11:51:00,2026-05-10 11:41:13.000,2026-05-10 12:02:44.000,train,excluded_gap
2026-05-10 11:54:00,2026-05-10 11:44:13.000,2026-05-10 12:05:44.000,train,excluded_gap
2026-05-10 11:57:00,2026-05-10 11:47:13.000,2026-05-10 12:08:44.000,validation,excluded_gap
2026-05-10 12:00:00,2026-05-10 11:50:13.000,2026-05-10 12:11:44.000,train,excluded_gap
2026-05-10 12:03:00,2026-05-10 11:53:13.000,2026-05-10 12:14:44.000,train,excluded_gap
2026-05-10 12:06:00,2026-05-10 11:56:13.000,2026-05-10 12:17:44.000,train,excluded_gap
2026-05-10 12:09:00,2026-05-10 11:59:13.000,2026-05-10 12:20:44.000,train,excluded_gap
2026-05-10 12:12:00,2026-05-10 12:02:13.000,2026-05-10 12:23:44.000,train,excluded_gap
2026-05-10 12:15:00,2026-05-10 12:05:13.000,2026-05-10 12:26:44.000,train,excluded_gap
2026-05-10 12:18:00,2026-05-10 12:08:13.000,2026-05-10 12:29:44.000,train,excluded_gap
2026-05-10 12:21:00,2026-05-10 12:11:13.000,2026-05-10 12:32:44.000,train,excluded_gap
2026-05-10 12:24:00,2026-05-10 12:14:13.000,2026-05-10 12:35:44.000,train,excluded_gap
2026-05-10 12:27:00,2026-05-10 12:17:13.000,2026-05-10 12:38:44.000,train,excluded_gap
2026-05-10 12:30:00,2026-05-10 12:20:13.000,2026-05-10 12:41:44.000,train,excluded_gap
2026-05-10 12:33:00,2026-05-10 12:23:13.000,2026-05-10 12:44:44.000,train,excluded_gap
2026-05-10 12:36:00,2026-05-10 12:26:13.000,2026-05-10 12:47:44.000,train,excluded_gap
2026-05-10 12:39:00,2026-05-10 12:29:13.000,2026-05-10 12:50:44.000,train,excluded_gap
2026-05-10 12:42:00,2026-05-10 12:32:13.000,2026-05-10 12:53:44.000,train,excluded_gap
2026-05-10 12:45:00,2026-05-10 12:35:13.000,2026-05-10 12:56:44.000,train,excluded_gap
2026-05-10 12:48:00,2026-05-10 12:38:13.000,2026-05-10 12:59:44.000,train,excluded_gap
2026-05-10 12:51:00,2026-05-10 12:41:13.000,2026-05-10 13:02:44.000,train,excluded_gap
2026-05-10 12:54:00,2026-05-10 12:44:13.000,2026-05-10 13:05:44.000,validation,excluded_gap
2026-05-10 12:57:00,2026-05-10 12:47:13.000,2026-05-10 13:08:44.000,train,excluded_gap
2026-05-10 13:00:00,2026-05-10 12:50:13.000,2026-05-10 13:11:44.000,train,excluded_gap
2026-05-10 13:03:00,2026-05-10 12:53:13.000,2026-05-10 13:14:44.000,train,excluded_gap
2026-05-10 13:06:00,2026-05-10 12:56:13.000,2026-05-10 13:17:44.000,validation,excluded_gap
2026-05-10 13:09:00,2026-05-10 12:59:13.000,2026-05-10 13:20:44.000,train,excluded_gap
2026-05-10 13:12:00,2026-05-10 13:02:13.000,2026-05-10 13:23:44.000,train,excluded_gap
2026-05-10 13:15:00,2026-05-10 13:05:13.000,2026-05-10 13:26:44.000,validation,excluded_gap
2026-05-10 13:18:00,2026-05-10 13:08:13.000,2026-05-10 13:29:44.000,train,excluded_gap
2026-05-10 13:21:00,2026-05-10 13:11:13.000,2026-05-10 13:32:44.000,validation,excluded_gap
2026-05-10 13:24:00,2026-05-10 13:14:13.000,2026-05-10 13:35:44.000,train,excluded_gap
2026-05-10 13:27:00,2026-05-10 13:17:13.000,2026-05-10 13:38:44.000,train,excluded_gap
2026-05-10 13:30:00,2026-05-10 13:20:13.000,2026-05-10 13:41:44.000,train,excluded_gap
2026-05-10 13:33:00,2026-05-10 13:23:13.000,2026-05-10 13:44:44.000,train,excluded_gap
2026-05-10 13:36:00,2026-05-10 13:26:13.000,2026-05-10 13:47:44.000,train,excluded_gap
2026-05-10 13:39:00,2026-05-10 13:29:13.000,2026-05-10 13:50:44.000,train,excluded_gap
2026-05-10 13:42:00,2026-05-10 13:32:13.000,2026-05-10 13:53:44.000,train,excluded_gap
2026-05-10 13:45:00,2026-05-10 13:35:13.000,2026-05-10 13:56:44.000,validation,excluded_gap
2026-05-10 13:48:00,2026-05-10 13:38:13.000,2026-05-10 13:59:44.000,train,excluded_gap
2026-05-10 13:51:00,2026-05-10 13:41:13.000,2026-05-10 14:02:44.000,train,excluded_gap
2026-05-10 13:54:00,2026-05-10 13:44:13.000,2026-05-10 14:05:44.000,train,excluded_gap
2026-05-10 13:57:00,2026-05-10 13:47:13.000,2026-05-10 14:08:44.000,train,excluded_gap
2026-05-10 14:00:00,2026-05-10 13:50:13.000,2026-05-10 14:11:44.000,validation,excluded_gap
2026-05-10 14:03:00,2026-05-10 13:53:13.000,2026-05-10 14:14:44.000,train,excluded_gap
2026-05-10 14:06:00,2026-05-10 13:56:13.000,2026-05-10 14:17:44.000,train,excluded_gap
2026-05-10 14:09:00,2026-05-10 13:59:13.000,2026-05-10 14:20:44.000,validation,excluded_gap
2026-05-10 14:12:00,2026-05-10 14:02:13.000,2026-05-10 14:23:44.000,train,excluded_gap
2026-05-10 14:15:00,2026-05-10 14:05:13.000,2026-05-10 14:26:44.000,train,excluded_gap
2026-05-10 14:18:00,2026-05-10 14:08:13.000,2026-05-10 14:29:44.000,train,excluded_gap
2026-05-10 14:21:00,2026-05-10 14:11:13.000,2026-05-10 14:32:44.000,train,excluded_gap
2026-05-10 14:24:00,2026-05-10 14:14:13.000,2026-05-10 14:35:44.000,train,excluded_gap
2026-05-10 14:27:00,2026-05-10 14:17:13.000,2026-05-10 14:38:44.000,train,excluded_gap
2026-05-10 14:30:00,2026-05-10 14:20:13.000,2026-05-10 14:41:44.000,train,excluded_gap
2026-05-10 14:33:00,2026-05-10 14:23:13.000,2026-05-10 14:44:44.000,train,excluded_gap
2026-05-10 14:36:00,2026-05-10 14:26:13.000,2026-05-10 14:47:44.000,train,excluded_gap
2026-05-10 14:39:00,2026-05-10 14:29:13.000,2026-05-10 14:50:44.000,train,excluded_gap
2026-05-10 14:42:00,2026-05-10 14:32:13.000,2026-05-10 14:53:44.000,train,excluded_gap
2026-05-10 14:45:00,2026-05-10 14:35:13.000,2026-05-10 14:56:44.000,train,excluded_gap
2026-05-10 14:48:00,2026-05-10 14:38:13.000,2026-05-10 14:59:44.000,train,excluded_gap
2026-05-10 14:51:00,2026-05-10 14:41:13.000,2026-05-10 15:02:44.000,validation,excluded_gap
2026-05-10 14:54:00,2026-05-10 14:44:13.000,2026-05-10 15:05:44.000,validation,excluded_gap
2026-05-10 14:57:00,2026-05-10 14:47:13.000,2026-05-10 15:08:44.000,train,excluded_gap
2026-05-10 15:00:00,2026-05-10 14:50:13.000,2026-05-10 15:11:44.000,train,excluded_gap
2026-05-10 15:03:00,2026-05-10 14:53:13.000,2026-05-10 15:14:44.000,train,excluded_gap
2026-05-10 15:06:00,2026-05-10 14:56:13.000,2026-05-10 15:17:44.000,train,excluded_gap
2026-05-10 15:09:00,2026-05-10 14:59:13.000,2026-05-10 15:20:44.000,train,excluded_gap
2026-05-10 15:12:00,2026-05-10 15:02:13.000,2026-05-10 15:23:44.000,train,excluded_gap
2026-05-10 15:15:00,2026-05-10 15:05:13.000,2026-05-10 15:26:44.000,train,excluded_gap
2026-05-10 15:18:00,2026-05-10 15:08:13.000,2026-05-10 15:29:44.000,train,excluded_gap
2026-05-10 15:21:00,2026-05-10 15:11:13.000,2026-05-10 15:32:44.000,validation,excluded_gap
2026-05-10 15:24:00,2026-05-10 15:14:13.000,2026-05-10 15:35:44.000,validation,excluded_gap
2026-05-10 15:27:00,2026-05-10 15:17:13.000,2026-05-10 15:38:44.000,train,excluded_gap
2026-05-10 15:30:00,2026-05-10 15:20:13.000,2026-05-10 15:41:44.000,train,excluded_gap
2026-05-10 15:33:00,2026-05-10 15:23:13.000,2026-05-10 15:44:44.000,train,excluded_gap
2026-05-10 15:36:00,2026-05-10 15:26:13.000,2026-05-10 15:47:44.000,validation,excluded_gap
2026-05-10 15:39:00,2026-05-10 15:29:13.000,2026-05-10 15:50:44.000,train,excluded_gap
2026-05-10 15:42:00,2026-05-10 15:32:13.000,2026-05-10 15:53:44.000,train,excluded_gap
2026-05-10 15:45:00,2026-05-10 15:35:13.000,2026-05-10 15:56:44.000,validation,excluded_gap
2026-05-10 15:48:00,2026-05-10 15:38:13.000,2026-05-10 15:59:44.000,train,excluded_gap
2026-05-10 15:51:00,2026-05-10 15:41:13.000,2026-05-10 16:02:44.000,train,excluded_gap
2026-05-10 15:54:00,2026-05-10 15:44:13.000,2026-05-10 16:05:44.000,train,excluded_gap
2026-05-10 15:57:00,2026-05-10 15:47:13.000,2026-05-10 16:08:44.000,validation,excluded_gap
2026-05-10 16:00:00,2026-05-10 15:50:13.000,2026-05-10 16:11:44.000,train,excluded_gap
2026-05-10 16:03:00,2026-05-10 15:53:13.000,2026-05-10 16:14:44.000,validation,excluded_gap
2026-05-10 16:06:00,2026-05-10 15:56:13.000,2026-05-10 16:17:44.000,train,excluded_gap
2026-05-10 16:09:00,2026-05-10 15:59:13.000,2026-05-10 16:20:44.000,train,excluded_gap
2026-05-10 16:12:00,2026-05-10 16:02:13.000,2026-05-10 16:23:44.000,train,excluded_gap
2026-05-10 16:15:00,2026-05-10 16:05:13.000,2026-05-10 16:26:44.000,train,excluded_gap
2026-05-10 16:18:00,2026-05-10 16:08:13.000,2026-05-10 16:29:44.000,train,excluded_gap
2026-05-10 16:21:00,2026-05-10 16:11:13.000,2026-05-10 16:32:44.000,validation,excluded_gap
2026-05-10 16:24:00,2026-05-10 16:14:13.000,2026-05-10 16:35:44.000,train,excluded_gap
2026-05-10 16:27:00,2026-05-10 16:17:13.000,2026-05-10 16:38:44.000,train,excluded_gap
2026-05-10 16:30:00,2026-05-10 16:20:13.000,2026-05-10 16:41:44.000,train,excluded_gap
2026-05-10 16:33:00,2026-05-10 16:23:13.000,2026-05-10 16:44:44.000,train,excluded_gap
2026-05-10 16:36:00,2026-05-10 16:26:13.000,2026-05-10 16:47:44.000,train,excluded_gap
2026-05-10 16:39:00,2026-05-10 16:29:13.000,2026-05-10 16:50:44.000,train,excluded_gap
2026-05-10 16:42:00,2026-05-10 16:32:13.000,2026-05-10 16:53:44.000,validation,excluded_gap
2026-05-10 16:45:00,2026-05-10 16:35:13.000,2026-05-10 16:56:44.000,validation,excluded_gap
2026-05-10 16:48:00,2026-05-10 16:38:13.000,2026-05-10 16:59:44.000,train,excluded_gap
2026-05-10 16:51:00,2026-05-10 16:41:13.000,2026-05-10 17:02:44.000,validation,excluded_gap
2026-05-10 16:54:00,2026-05-10 16:44:13.000,2026-05-10 17:05:44.000,train,excluded_gap
2026-05-10 16:57:00,2026-05-10 16:47:13.000,2026-05-10 17:08:44.000,train,excluded_gap
2026-05-10 17:00:00,2026-05-10 16:50:13.000,2026-05-10 17:11:44.000,train,excluded_gap
2026-05-10 17:03:00,2026-05-10 16:53:13.000,2026-05-10 17:14:44.000,train,excluded_gap
2026-05-10 17:06:00,2026-05-10 16:56:13.000,2026-05-10 17:17:44.000,train,excluded_gap
2026-05-10 17:09:00,2026-05-10 16:59:13.000,2026-05-10 17:20:44.000,train,excluded_gap
2026-05-10 17:12:00,2026-05-10 17:02:13.000,2026-05-10 17:23:44.000,train,excluded_gap
2026-05-10 17:15:00,2026-05-10 17:05:13.000,2026-05-10 17:26:44.000,train,excluded_gap
2026-05-10 17:18:00,2026-05-10 17:08:13.000,2026-05-10 17:29:44.000,train,excluded_gap
2026-05-10 17:21:00,2026-05-10 17:11:13.000,2026-05-10 17:32:44.000,train,excluded_gap
2026-05-10 17:24:00,2026-05-10 17:14:13.000,2026-05-10 17:35:44.000,train,excluded_gap
2026-05-10 17:27:00,2026-05-10 17:17:13.000,2026-05-10 17:38:44.000,train,excluded_gap
2026-05-10 17:30:00,2026-05-10 17:20:13.000,2026-05-10 17:41:44.000,train,excluded_gap
2026-05-10 17:33:00,2026-05-10 17:23:13.000,2026-05-10 17:44:44.000,train,excluded_gap
2026-05-10 17:36:00,2026-05-10 17:26:13.000,2026-05-10 17:47:44.000,validation,excluded_gap
2026-05-10 17:39:00,2026-05-10 17:29:13.000,2026-05-10 17:50:44.000,train,excluded_gap
2026-05-10 17:42:00,2026-05-10 17:32:13.000,2026-05-10 17:53:44.000,train,excluded_gap
2026-05-10 17:45:00,2026-05-10 17:35:13.000,2026-05-10 17:56:44.000,train,excluded_gap
2026-05-10 17:48:00,2026-05-10 17:38:13.000,2026-05-10 17:59:44.000,train,excluded_gap
2026-05-10 17:51:00,2026-05-10 17:41:13.000,2026-05-10 18:02:44.000,train,excluded_gap
2026-05-10 17:54:00,2026-05-10 17:44:13.000,2026-05-10 18:05:44.000,validation,excluded_gap
2026-05-10 17:57:00,2026-05-10 17:47:13.000,2026-05-10 18:08:44.000,train,excluded_gap
2026-05-10 18:00:00,2026-05-10 17:50:13.000,2026-05-10 18:11:44.000,validation,excluded_gap
2026-05-10 18:03:00,2026-05-10 17:53:13.000,2026-05-10 18:14:44.000,train,excluded_gap
2026-05-10 18:06:00,2026-05-10 17:56:13.000,2026-05-10 18:17:44.000,validation,excluded_gap
2026-05-10 18:09:00,2026-05-10 17:59:13.000,2026-05-10 18:20:44.000,train,excluded_gap
2026-05-10 18:12:00,2026-05-10 18:02:13.000,2026-05-10 18:23:44.000,train,excluded_gap
2026-05-10 18:15:00,2026-05-10 18:05:13.000,2026-05-10 18:26:44.000,train,excluded_gap
2026-05-10 18:18:00,2026-05-10 18:08:13.000,2026-05-10 18:29:44.000,train,excluded_gap
2026-05-10 18:21:00,2026-05-10 18:11:13.000,2026-05-10 18:32:44.000,train,excluded_gap
2026-05-10 18:24:00,2026-05-10 18:14:13.000,2026-05-10 18:35:44.000,train,excluded_gap
2026-05-10 18:27:00,2026-05-10 18:17:13.000,2026-05-10 18:38:44.000,train,excluded_gap
2026-05-10 18:30:00,2026-05-10 18:20:13.000,2026-05-10 18:41:44.000,train,excluded_gap
2026-05-10 18:33:00,2026-05-10 18:23:13.000,2026-05-10 18:44:44.000,train,excluded_gap
2026-05-10 18:36:00,2026-05-10 18:26:13.000,2026-05-10 18:47:44.000,validation,excluded_gap
2026-05-10 18:39:00,2026-05-10 18:29:13.000,2026-05-10 18:50:44.000,validation,excluded_gap
2026-05-10 18:42:00,2026-05-10 18:32:13.000,2026-05-10 18:53:44.000,train,excluded_gap
2026-05-10 18:45:00,2026-05-10 18:35:13.000,2026-05-10 18:56:44.000,train,excluded_gap
2026-05-10 18:48:00,2026-05-10 18:38:13.000,2026-05-10 18:59:44.000,train,excluded_gap
2026-05-10 18:51:00,2026-05-10 18:41:13.000,2026-05-10 19:02:44.000,train,excluded_gap
2026-05-10 18:54:00,2026-05-10 18:44:13.000,2026-05-10 19:05:44.000,train,excluded_gap
2026-05-10 18:57:00,2026-05-10 18:47:13.000,2026-05-10 19:08:44.000,train,validation
2026-05-10 19:00:00,2026-05-10 18:50:13.000,2026-05-10 19:11:44.000,validation,validation
2026-05-10 19:03:00,2026-05-10 18:53:13.000,2026-05-10 19:14:44.000,train,validation
2026-05-10 19:06:00,2026-05-10 18:56:13.000,2026-05-10 19:17:44.000,train,validation
2026-05-10 19:09:00,2026-05-10 18:59:13.000,2026-05-10 19:20:44.000,train,validation
2026-05-10 19:12:00,2026-05-10 19:02:13.000,2026-05-10 19:23:44.000,train,validation
2026-05-10 19:15:00,2026-05-10 19:05:13.000,2026-05-10 19:26:44.000,train,validation
2026-05-10 19:18:00,2026-05-10 19:08:13.000,2026-05-10 19:29:44.000,train,validation
2026-05-10 19:21:00,2026-05-10 19:11:13.000,2026-05-10 19:32:44.000,train,validation
2026-05-10 19:24:00,2026-05-10 19:14:13.000,2026-05-10 19:35:44.000,train,validation
2026-05-10 19:27:00,2026-05-10 19:17:13.000,2026-05-10 19:38:44.000,validation,validation
2026-05-10 19:30:00,2026-05-10 19:20:13.000,2026-05-10 19:41:44.000,train,validation
2026-05-10 19:33:00,2026-05-10 19:23:13.000,2026-05-10 19:44:44.000,train,validation
2026-05-10 19:36:00,2026-05-10 19:26:13.000,2026-05-10 19:47:44.000,train,validation
2026-05-10 19:39:00,2026-05-10 19:29:13.000,2026-05-10 19:50:44.000,train,validation
2026-05-10 19:42:00,2026-05-10 19:32:13.000,2026-05-10 19:53:44.000,validation,validation
2026-05-10 19:45:00,2026-05-10 19:35:13.000,2026-05-10 19:56:44.000,validation,validation
2026-05-10 19:48:00,2026-05-10 19:38:13.000,2026-05-10 19:59:44.000,train,validation
2026-05-10 19:51:00,2026-05-10 19:41:13.000,2026-05-10 20:02:44.000,validation,validation
2026-05-10 19:54:00,2026-05-10 19:44:13.000,2026-05-10 20:05:44.000,train,validation
2026-05-10 19:57:00,2026-05-10 19:47:13.000,2026-05-10 20:08:44.000,train,validation
2026-05-10 20:00:00,2026-05-10 19:50:13.000,2026-05-10 20:11:44.000,train,validation
2026-05-10 20:03:00,2026-05-10 19:53:13.000,2026-05-10 20:14:44.000,train,validation
2026-05-10 20:06:00,2026-05-10 19:56:13.000,2026-05-10 20:17:44.000,validation,validation
2026-05-10 20:09:00,2026-05-10 19:59:13.000,2026-05-10 20:20:44.000,validation,validation
2026-05-10 20:12:00,2026-05-10 20:02:13.000,2026-05-10 20:23:44.000,train,validation
2026-05-10 20:15:00,2026-05-10 20:05:13.000,2026-05-10 20:26:44.000,train,validation
2026-05-10 20:18:00,2026-05-10 20:08:13.000,2026-05-10 20:29:44.000,train,validation
2026-05-10 20:21:00,2026-05-10 20:11:13.000,2026-05-10 20:32:44.000,train,validation
2026-05-10 20:24:00,2026-05-10 20:14:13.000,2026-05-10 20:35:44.000,train,validation
2026-05-10 20:27:00,2026-05-10 20:17:13.000,2026-05-10 20:38:44.000,validation,validation
2026-05-10 20:30:00,2026-05-10 20:20:13.000,2026-05-10 20:41:44.000,train,validation
2026-05-10 20:33:00,2026-05-10 20:23:13.000,2026-05-10 20:44:44.000,train,validation
2026-05-10 20:36:00,2026-05-10 20:26:13.000,2026-05-10 20:47:44.000,train,validation
2026-05-10 20:39:00,2026-05-10 20:29:13.000,2026-05-10 20:50:44.000,train,validation
2026-05-10 20:42:00,2026-05-10 20:32:13.000,2026-05-10 20:53:44.000,train,validation
2026-05-10 20:45:00,2026-05-10 20:35:13.000,2026-05-10 20:56:44.000,train,validation
2026-05-10 20:48:00,2026-05-10 20:38:13.000,2026-05-10 20:59:44.000,train,validation
2026-05-10 20:51:00,2026-05-10 20:41:13.000,2026-05-10 21:02:44.000,train,validation
2026-05-10 20:54:00,2026-05-10 20:44:13.000,2026-05-10 21:05:44.000,validation,validation
2026-05-10 20:57:00,2026-05-10 20:47:13.000,2026-05-10 21:08:44.000,train,validation
2026-05-10 21:00:00,2026-05-10 20:50:13.000,2026-05-10 21:11:44.000,validation,validation
2026-05-10 21:03:00,2026-05-10 20:53:13.000,2026-05-10 21:14:44.000,train,validation
2026-05-10 21:06:00,2026-05-10 20:56:13.000,2026-05-10 21:17:44.000,train,validation
2026-05-10 21:09:00,2026-05-10 20:59:13.000,2026-05-10 21:20:44.000,train,validation
2026-05-10 21:12:00,2026-05-10 21:02:13.000,2026-05-10 21:23:44.000,train,validation
2026-05-10 21:15:00,2026-05-10 21:05:13.000,2026-05-10 21:26:44.000,train,validation
2026-05-10 21:18:00,2026-05-10 21:08:13.000,2026-05-10 21:29:44.000,train,validation
2026-05-10 21:21:00,2026-05-10 21:11:13.000,2026-05-10 21:32:44.000,train,validation
2026-05-10 21:24:00,2026-05-10 21:14:13.000,2026-05-10 21:35:44.000,train,validation
2026-05-10 21:27:00,2026-05-10 21:17:13.000,2026-05-10 21:38:44.000,train,validation
2026-05-10 21:30:00,2026-05-10 21:20:13.000,2026-05-10 21:41:44.000,train,validation
2026-05-10 21:33:00,2026-05-10 21:23:13.000,2026-05-10 21:44:44.000,train,validation
2026-05-10 21:36:00,2026-05-10 21:26:13.000,2026-05-10 21:47:44.000,validation,validation
2026-05-10 21:39:00,2026-05-10 21:29:13.000,2026-05-10 21:50:44.000,validation,validation
2026-05-10 21:42:00,2026-05-10 21:32:13.000,2026-05-10 21:53:44.000,train,validation
2026-05-10 21:45:00,2026-05-10 21:35:13.000,2026-05-10 21:56:44.000,train,validation
2026-05-10 21:48:00,2026-05-10 21:38:13.000,2026-05-10 21:59:44.000,validation,validation
2026-05-10 21:51:00,2026-05-10 21:41:13.000,2026-05-10 22:02:45.000,train,validation
2026-05-10 21:54:00,2026-05-10 21:44:13.000,2026-05-10 22:05:45.000,train,validation
2026-05-10 21:57:00,2026-05-10 21:47:13.000,2026-05-10 22:08:45.000,train,validation
2026-05-10 22:00:00,2026-05-10 21:50:13.000,2026-05-10 22:11:45.000,train,validation
2026-05-10 22:03:00,2026-05-10 21:53:13.000,2026-05-10 22:14:45.000,train,validation
2026-05-10 22:06:00,2026-05-10 21:56:13.000,2026-05-10 22:17:45.000,train,validation
2026-05-10 22:09:00,2026-05-10 21:59:13.000,2026-05-10 22:20:45.000,train,validation
2026-05-10 22:12:00,2026-05-10 22:02:14.000,2026-05-10 22:23:45.000,train,validation
2026-05-10 22:15:00,2026-05-10 22:05:14.000,2026-05-10 22:26:45.000,train,validation
2026-05-10 22:18:00,2026-05-10 22:08:14.000,2026-05-10 22:29:45.000,train,validation
2026-05-10 22:21:00,2026-05-10 22:11:14.000,2026-05-10 22:32:45.000,train,validation
2026-05-10 22:24:00,2026-05-10 22:14:14.000,2026-05-10 22:35:45.000,train,validation
2026-05-10 22:27:00,2026-05-10 22:17:14.000,2026-05-10 22:38:45.000,validation,validation
2026-05-10 22:30:00,2026-05-10 22:20:14.000,2026-05-10 22:41:45.000,validation,validation
2026-05-10 22:33:00,2026-05-10 22:23:14.000,2026-05-10 22:44:45.000,train,validation
2026-05-10 22:36:00,2026-05-10 22:26:14.000,2026-05-10 22:47:45.000,train,validation
2026-05-10 22:39:00,2026-05-10 22:29:14.000,2026-05-10 22:50:45.000,train,validation
2026-05-10 22:42:00,2026-05-10 22:32:14.000,2026-05-10 22:53:45.000,train,validation
2026-05-10 22:45:00,2026-05-10 22:35:14.000,2026-05-10 22:56:45.000,train,validation
2026-05-10 22:48:00,2026-05-10 22:38:14.000,2026-05-10 22:59:45.000,train,validation
2026-05-10 22:51:00,2026-05-10 22:41:14.000,2026-05-10 23:02:45.000,train,validation
2026-05-10 22:54:00,2026-05-10 22:44:14.000,2026-05-10 23:05:45.000,train,validation
2026-05-10 22:57:00,2026-05-10 22:47:14.000,2026-05-10 23:08:45.000,validation,validation
2026-05-10 23:00:00,2026-05-10 22:50:14.000,2026-05-10 23:11:45.000,train,validation
2026-05-10 23:03:00,2026-05-10 22:53:14.000,2026-05-10 23:14:45.000,train,validation
2026-05-10 23:06:00,2026-05-10 22:56:14.000,2026-05-10 23:17:46.000,train,validation
2026-05-10 23:09:00,2026-05-10 22:59:14.000,2026-05-10 23:20:46.000,train,validation
2026-05-10 23:12:00,2026-05-10 23:02:14.000,2026-05-10 23:23:46.000,validation,validation
2026-05-10 23:15:00,2026-05-10 23:05:14.000,2026-05-10 23:26:46.000,train,validation
2026-05-10 23:18:00,2026-05-10 23:08:14.000,2026-05-10 23:29:46.000,train,validation
2026-05-10 23:21:00,2026-05-10 23:11:14.000,2026-05-10 23:32:46.000,train,validation
2026-05-10 23:24:00,2026-05-10 23:14:14.000,2026-05-10 23:35:46.000,train,validation
2026-05-10 23:27:00,2026-05-10 23:17:14.000,2026-05-10 23:38:46.000,train,validation
2026-05-10 23:30:00,2026-05-10 23:20:14.000,2026-05-10 23:41:46.000,train,validation
2026-05-10 23:33:00,2026-05-10 23:23:14.000,2026-05-10 23:44:46.000,train,validation
2026-05-10 23:36:00,2026-05-10 23:26:14.000,2026-05-10 23:47:46.000,train,validation
2026-05-10 23:39:00,2026-05-10 23:29:14.000,2026-05-10 23:50:46.000,train,validation
2026-05-10 23:42:00,2026-05-10 23:32:14.000,2026-05-10 23:53:46.000,train,validation
2026-05-10 23:45:00,2026-05-10 23:35:14.000,2026-05-10 23:56:46.000,train,validation
2026-05-10 23:48:00,2026-05-10 23:38:14.000,2026-05-10 23:59:46.000,train,validation
2026-05-10 23:51:00,2026-05-10 23:41:14.000,2026-05-11 00:02:46.000,validation,validation
2026-05-10 23:54:00,2026-05-10 23:44:14.000,2026-05-11 00:05:46.000,train,validation
2026-05-10 23:57:00,2026-05-10 23:47:14.000,2026-05-11 00:08:46.000,train,validation
2026-05-11 00:00:00,2026-05-10 23:50:14.000,2026-05-11 00:11:46.000,validation,validation
2026-05-11 00:03:00,2026-05-10 23:53:14.000,2026-05-11 00:14:46.000,train,validation
2026-05-11 00:06:00,2026-05-10 23:56:14.000,2026-05-11 00:17:46.000,train,validation
2026-05-11 00:09:00,2026-05-10 23:59:14.000,2026-05-11 00:20:46.000,train,validation
2026-05-11 00:12:00,2026-05-11 00:02:14.000,2026-05-11 00:23:47.000,train,validation
2026-05-11 00:15:00,2026-05-11 00:05:14.000,2026-05-11 00:26:47.000,train,validation
2026-05-11 00:18:00,2026-05-11 00:08:14.000,2026-05-11 00:29:47.000,validation,validation
2026-05-11 00:21:00,2026-05-11 00:11:14.000,2026-05-11 00:32:47.000,train,validation
2026-05-11 00:24:00,2026-05-11 00:14:14.000,2026-05-11 00:35:47.000,train,validation
2026-05-11 00:27:00,2026-05-11 00:17:14.000,2026-05-11 00:38:47.000,train,validation
2026-05-11 00:30:00,2026-05-11 00:20:14.000,2026-05-11 00:41:47.000,train,validation
2026-05-11 00:33:00,2026-05-11 00:23:14.000,2026-05-11 00:44:47.000,train,validation
2026-05-11 00:36:00,2026-05-11 00:26:14.000,2026-05-11 00:47:47.000,train,validation
2026-05-11 00:39:00,2026-05-11 00:29:14.000,2026-05-11 00:50:47.000,train,validation
2026-05-11 00:42:00,2026-05-11 00:32:14.000,2026-05-11 00:53:47.000,train,validation
2026-05-11 00:45:00,2026-05-11 00:35:14.000,2026-05-11 00:56:47.000,train,validation
2026-05-11 00:48:00,2026-05-11 00:38:14.000,2026-05-11 00:59:47.000,train,validation
2026-05-11 00:51:00,2026-05-11 00:41:14.000,2026-05-11 01:02:47.000,train,validation
2026-05-11 00:54:00,2026-05-11 00:44:14.000,2026-05-11 01:05:47.000,train,validation
2026-05-11 00:57:00,2026-05-11 00:47:14.000,2026-05-11 01:08:47.000,train,validation
2026-05-11 01:00:00,2026-05-11 00:50:14.000,2026-05-11 01:11:47.000,train,validation
2026-05-11 01:03:00,2026-05-11 00:53:14.000,2026-05-11 01:14:47.000,validation,validation
2026-05-11 01:06:00,2026-05-11 00:56:14.000,2026-05-11 01:17:47.000,train,validation
2026-05-11 01:09:00,2026-05-11 00:59:14.000,2026-05-11 01:20:47.000,train,validation
2026-05-11 01:12:00,2026-05-11 01:02:14.000,2026-05-11 01:23:47.000,train,validation
2026-05-11 01:15:00,2026-05-11 01:05:14.000,2026-05-11 01:26:48.000,train,validation
2026-05-11 01:18:00,2026-05-11 01:08:14.000,2026-05-11 01:29:48.000,validation,validation
2026-05-11 01:21:00,2026-05-11 01:11:14.000,2026-05-11 01:32:48.000,train,validation
2026-05-11 01:24:00,2026-05-11 01:14:14.000,2026-05-11 01:35:48.000,train,validation
2026-05-11 01:27:00,2026-05-11 01:17:14.000,2026-05-11 01:38:48.000,train,validation
2026-05-11 01:30:00,2026-05-11 01:20:14.000,2026-05-11 01:41:48.000,train,validation
2026-05-11 01:33:00,2026-05-11 01:23:14.000,2026-05-11 01:44:48.000,train,validation
2026-05-11 01:36:00,2026-05-11 01:26:14.000,2026-05-11 01:47:48.000,train,validation
2026-05-11 01:39:00,2026-05-11 01:29:14.000,2026-05-11 01:50:48.000,train,validation
2026-05-11 01:42:00,2026-05-11 01:32:14.000,2026-05-11 01:53:48.000,validation,validation
2026-05-11 01:45:00,2026-05-11 01:35:14.000,2026-05-11 01:56:48.000,train,validation
2026-05-11 01:48:00,2026-05-11 01:38:14.000,2026-05-11 01:59:48.000,train,validation
2026-05-11 01:51:00,2026-05-11 01:41:14.000,2026-05-11 02:02:48.000,train,validation
2026-05-11 01:54:00,2026-05-11 01:44:14.000,2026-05-11 02:05:48.000,validation,validation
2026-05-11 01:57:00,2026-05-11 01:47:14.000,2026-05-11 02:08:48.000,train,validation
2026-05-11 02:00:00,2026-05-11 01:50:14.000,2026-05-11 02:11:48.000,train,validation
2026-05-11 02:03:00,2026-05-11 01:53:14.000,2026-05-11 02:14:48.000,train,validation
2026-05-11 02:06:00,2026-05-11 01:56:14.000,2026-05-11 02:17:48.000,train,validation
2026-05-11 02:09:00,2026-05-11 01:59:14.000,2026-05-11 02:20:48.000,train,validation
2026-05-11 02:12:00,2026-05-11 02:02:14.000,2026-05-11 02:23:48.000,train,validation
2026-05-11 02:15:00,2026-05-11 02:05:14.000,2026-05-11 02:26:48.000,validation,validation
2026-05-11 02:18:00,2026-05-11 02:08:14.000,2026-05-11 02:29:48.000,train,validation
2026-05-11 02:21:00,2026-05-11 02:11:14.000,2026-05-11 02:32:49.000,train,validation
2026-05-11 02:24:00,2026-05-11 02:14:14.000,2026-05-11 02:35:49.000,train,validation
2026-05-11 02:27:00,2026-05-11 02:17:14.000,2026-05-11 02:38:49.000,validation,validation
2026-05-11 02:30:00,2026-05-11 02:20:14.000,2026-05-11 02:41:49.000,train,validation
2026-05-11 02:33:00,2026-05-11 02:23:14.000,2026-05-11 02:44:49.000,validation,validation
2026-05-11 02:36:00,2026-05-11 02:26:14.000,2026-05-11 02:47:49.000,train,validation
2026-05-11 02:39:00,2026-05-11 02:29:14.000,2026-05-11 02:50:49.000,train,validation
2026-05-11 02:42:00,2026-05-11 02:32:14.000,2026-05-11 02:53:49.000,validation,validation
2026-05-11 02:45:00,2026-05-11 02:35:14.000,2026-05-11 02:56:49.000,train,validation
2026-05-11 02:48:00,2026-05-11 02:38:14.000,2026-05-11 02:59:49.000,train,validation
2026-05-11 02:51:00,2026-05-11 02:41:14.000,2026-05-11 03:02:49.000,train,validation
2026-05-11 02:54:00,2026-05-11 02:44:14.000,2026-05-11 03:05:49.000,train,validation
2026-05-11 02:57:00,2026-05-11 02:47:14.000,2026-05-11 03:08:49.000,train,validation
2026-05-11 03:00:00,2026-05-11 02:50:14.000,2026-05-11 03:11:49.000,train,validation
2026-05-11 03:03:00,2026-05-11 02:53:14.000,2026-05-11 03:14:49.000,validation,validation
2026-05-11 03:06:00,2026-05-11 02:56:14.000,2026-05-11 03:17:49.000,train,validation
2026-05-11 03:09:00,2026-05-11 02:59:14.000,2026-05-11 03:20:49.000,train,validation
2026-05-11 03:12:00,2026-05-11 03:02:14.000,2026-05-11 03:23:49.000,train,validation
2026-05-11 03:15:00,2026-05-11 03:05:14.000,2026-05-11 03:26:49.000,train,validation
2026-05-11 03:18:00,2026-05-11 03:08:14.000,2026-05-11 03:29:49.000,validation,validation
2026-05-11 03:21:00,2026-05-11 03:11:14.000,2026-05-11 03:32:49.000,train,validation
2026-05-11 03:24:00,2026-05-11 03:14:14.000,2026-05-11 03:35:49.000,train,validation
2026-05-11 03:27:00,2026-05-11 03:17:14.000,2026-05-11 03:38:50.000,train,validation
2026-05-11 03:30:00,2026-05-11 03:20:14.000,2026-05-11 03:41:50.000,validation,validation
2026-05-11 03:33:00,2026-05-11 03:23:14.000,2026-05-11 03:44:50.000,validation,validation
2026-05-11 03:36:00,2026-05-11 03:26:14.000,2026-05-11 03:47:50.000,validation,validation
2026-05-11 03:39:00,2026-05-11 03:29:14.000,2026-05-11 03:50:50.000,train,validation
2026-05-11 03:42:00,2026-05-11 03:32:14.000,2026-05-11 03:53:50.000,train,validation
2026-05-11 03:45:00,2026-05-11 03:35:14.000,2026-05-11 03:56:50.000,train,validation
2026-05-11 03:48:00,2026-05-11 03:38:14.000,2026-05-11 03:59:50.000,train,validation
2026-05-11 03:51:00,2026-05-11 03:41:14.000,2026-05-11 04:02:50.000,train,validation
2026-05-11 03:54:00,2026-05-11 03:44:14.000,2026-05-11 04:05:50.000,train,validation
2026-05-11 03:57:00,2026-05-11 03:47:14.000,2026-05-11 04:08:50.000,train,validation
2026-05-11 04:00:00,2026-05-11 03:50:14.000,2026-05-11 04:11:50.000,train,validation
2026-05-11 04:03:00,2026-05-11 03:53:14.000,2026-05-11 04:14:50.000,validation,validation
2026-05-11 04:06:00,2026-05-11 03:56:14.000,2026-05-11 04:17:50.000,train,validation
2026-05-11 04:09:00,2026-05-11 03:59:14.000,2026-05-11 04:20:50.000,train,validation
2026-05-11 04:12:00,2026-05-11 04:02:14.000,2026-05-11 04:23:50.000,train,validation
2026-05-11 04:15:00,2026-05-11 04:05:14.000,2026-05-11 04:26:50.000,train,validation
2026-05-11 04:18:00,2026-05-11 04:08:14.000,2026-05-11 04:29:50.000,validation,validation
2026-05-11 04:21:00,2026-05-11 04:11:14.000,2026-05-11 04:32:50.000,train,validation
2026-05-11 04:24:00,2026-05-11 04:14:14.000,2026-05-11 04:35:50.000,train,validation
2026-05-11 04:27:00,2026-05-11 04:17:14.000,2026-05-11 04:38:50.000,train,validation
2026-05-11 04:30:00,2026-05-11 04:20:14.000,2026-05-11 04:41:50.000,validation,validation
2026-05-11 04:33:00,2026-05-11 04:23:14.000,2026-05-11 04:44:51.000,train,validation
2026-05-11 04:36:00,2026-05-11 04:26:14.000,2026-05-11 04:47:51.000,train,validation
2026-05-11 04:39:00,2026-05-11 04:29:14.000,2026-05-11 04:50:51.000,validation,validation
2026-05-11 04:42:00,2026-05-11 04:32:14.000,2026-05-11 04:53:51.000,train,validation
2026-05-11 04:45:00,2026-05-11 04:35:14.000,2026-05-11 04:56:51.000,train,validation
2026-05-11 04:48:00,2026-05-11 04:38:14.000,2026-05-11 04:59:51.000,train,validation
2026-05-11 04:51:00,2026-05-11 04:41:14.000,2026-05-11 05:02:51.000,train,validation
2026-05-11 04:54:00,2026-05-11 04:44:14.000,2026-05-11 05:05:51.000,train,validation
2026-05-11 04:57:00,2026-05-11 04:47:14.000,2026-05-11 05:08:51.000,train,validation
2026-05-11 05:00:00,2026-05-11 04:50:14.000,2026-05-11 05:11:51.000,train,validation
2026-05-11 05:03:00,2026-05-11 04:53:14.000,2026-05-11 05:14:51.000,train,validation
2026-05-11 05:06:00,2026-05-11 04:56:14.000,2026-05-11 05:17:51.000,train,validation
2026-05-11 05:09:00,2026-05-11 04:59:14.000,2026-05-11 05:20:51.000,train,validation
2026-05-11 05:12:00,2026-05-11 05:02:14.000,2026-05-11 05:23:51.000,train,validation
2026-05-11 05:15:00,2026-05-11 05:05:14.000,2026-05-11 05:26:51.000,train,validation
2026-05-11 05:18:00,2026-05-11 05:08:14.000,2026-05-11 05:29:51.000,train,validation
2026-05-11 05:21:00,2026-05-11 05:11:14.000,2026-05-11 05:32:51.000,validation,validation
2026-05-11 05:24:00,2026-05-11 05:14:14.000,2026-05-11 05:35:51.000,train,validation
2026-05-11 05:27:00,2026-05-11 05:17:14.000,2026-05-11 05:38:51.000,train,validation
2026-05-11 05:30:00,2026-05-11 05:20:14.000,2026-05-11 05:41:51.000,train,validation
2026-05-11 05:33:00,2026-05-11 05:23:14.000,2026-05-11 05:44:51.000,validation,validation
2026-05-11 05:36:00,2026-05-11 05:26:14.000,2026-05-11 05:47:52.000,validation,validation
2026-05-11 05:39:00,2026-05-11 05:29:14.000,2026-05-11 05:50:52.000,train,validation
2026-05-11 05:42:00,2026-05-11 05:32:14.000,2026-05-11 05:53:52.000,train,validation
2026-05-11 05:45:00,2026-05-11 05:35:14.000,2026-05-11 05:56:52.000,train,validation
2026-05-11 05:48:00,2026-05-11 05:38:14.000,2026-05-11 05:59:52.000,train,validation
2026-05-11 05:51:00,2026-05-11 05:41:14.000,2026-05-11 06:02:52.000,train,validation
2026-05-11 05:54:00,2026-05-11 05:44:14.000,2026-05-11 06:05:52.000,train,validation
2026-05-11 05:57:00,2026-05-11 05:47:14.000,2026-05-11 06:08:52.000,validation,validation
2026-05-11 06:00:00,2026-05-11 05:50:14.000,2026-05-11 06:11:52.000,train,validation
2026-05-11 06:03:00,2026-05-11 05:53:14.000,2026-05-11 06:14:52.000,train,validation
2026-05-11 06:06:00,2026-05-11 05:56:14.000,2026-05-11 06:17:52.000,validation,validation
2026-05-11 06:09:00,2026-05-11 05:59:14.000,2026-05-11 06:20:52.000,validation,validation
2026-05-11 06:12:00,2026-05-11 06:02:14.000,2026-05-11 06:23:52.000,train,validation
2026-05-11 06:15:00,2026-05-11 06:05:14.000,2026-05-11 06:26:52.000,validation,validation
2026-05-11 06:18:00,2026-05-11 06:08:14.000,2026-05-11 06:29:52.000,train,validation
2026-05-11 06:21:00,2026-05-11 06:11:14.000,2026-05-11 06:32:52.000,validation,validation
2026-05-11 06:24:00,2026-05-11 06:14:14.000,2026-05-11 06:35:52.000,train,validation
2026-05-11 06:27:00,2026-05-11 06:17:14.000,2026-05-11 06:38:52.000,train,validation
2026-05-11 06:30:00,2026-05-11 06:20:14.000,2026-05-11 06:41:52.000,train,validation
2026-05-11 06:33:00,2026-05-11 06:23:14.000,2026-05-11 06:44:52.000,validation,validation
2026-05-11 06:36:00,2026-05-11 06:26:14.000,2026-05-11 06:47:52.000,validation,validation
2026-05-11 06:39:00,2026-05-11 06:29:14.000,2026-05-11 06:50:52.000,train,validation
2026-05-11 06:42:00,2026-05-11 06:32:14.000,2026-05-11 06:53:53.000,train,validation
2026-05-11 06:45:00,2026-05-11 06:35:14.000,2026-05-11 06:56:53.000,train,validation
2026-05-11 06:48:00,2026-05-11 06:38:14.000,2026-05-11 06:59:53.000,train,validation
2026-05-11 06:51:00,2026-05-11 06:41:14.000,2026-05-11 07:02:53.000,validation,validation
2026-05-11 06:54:00,2026-05-11 06:44:14.000,2026-05-11 07:05:53.000,train,validation
2026-05-11 06:57:00,2026-05-11 06:47:14.000,2026-05-11 07:08:53.000,train,validation
2026-05-11 07:00:00,2026-05-11 06:50:14.000,2026-05-11 07:11:53.000,train,validation
2026-05-11 07:03:00,2026-05-11 06:53:14.000,2026-05-11 07:14:53.000,validation,validation
2026-05-11 07:06:00,2026-05-11 06:56:14.000,2026-05-11 07:17:53.000,train,validation
2026-05-11 07:09:00,2026-05-11 06:59:14.000,2026-05-11 07:20:53.000,train,validation
2026-05-11 07:12:00,2026-05-11 07:02:14.000,2026-05-11 07:23:53.000,train,validation
2026-05-11 07:15:00,2026-05-11 07:05:14.000,2026-05-11 07:26:53.000,validation,validation
2026-05-11 07:18:00,2026-05-11 07:08:14.000,2026-05-11 07:29:53.000,train,validation
2026-05-11 07:21:00,2026-05-11 07:11:14.000,2026-05-11 07:32:53.000,train,validation
2026-05-11 07:24:00,2026-05-11 07:14:14.000,2026-05-11 07:35:53.000,train,validation
2026-05-11 07:27:00,2026-05-11 07:17:14.000,2026-05-11 07:38:53.000,train,validation
2026-05-11 07:30:00,2026-05-11 07:20:14.000,2026-05-11 07:41:53.000,train,validation
2026-05-11 07:33:00,2026-05-11 07:23:14.000,2026-05-11 07:44:53.000,train,validation
2026-05-11 07:36:00,2026-05-11 07:26:14.000,2026-05-11 07:47:53.000,train,validation
2026-05-11 07:39:00,2026-05-11 07:29:14.000,2026-05-11 07:50:53.000,validation,validation
2026-05-11 07:42:00,2026-05-11 07:32:14.000,2026-05-11 07:53:53.000,train,validation
2026-05-11 07:45:00,2026-05-11 07:35:14.000,2026-05-11 07:56:53.000,train,validation
2026-05-11 07:48:00,2026-05-11 07:38:14.000,2026-05-11 07:59:54.000,validation,validation
2026-05-11 07:51:00,2026-05-11 07:41:14.000,2026-05-11 08:02:54.000,train,validation
2026-05-11 07:54:00,2026-05-11 07:44:14.000,2026-05-11 08:05:54.000,train,validation
2026-05-11 07:57:00,2026-05-11 07:47:14.000,2026-05-11 08:08:54.000,validation,validation
2026-05-11 08:00:00,2026-05-11 07:50:14.000,2026-05-11 08:11:54.000,train,validation
2026-05-11 08:03:00,2026-05-11 07:53:14.000,2026-05-11 08:14:54.000,train,validation
2026-05-11 08:06:00,2026-05-11 07:56:14.000,2026-05-11 08:17:54.000,validation,validation
2026-05-11 08:09:00,2026-05-11 07:59:14.000,2026-05-11 08:20:54.000,train,validation
2026-05-11 08:12:00,2026-05-11 08:02:14.000,2026-05-11 08:23:54.000,train,validation
2026-05-11 08:15:00,2026-05-11 08:05:14.000,2026-05-11 08:26:54.000,validation,validation
2026-05-11 08:18:00,2026-05-11 08:08:14.000,2026-05-11 08:29:54.000,train,validation
2026-05-11 08:21:00,2026-05-11 08:11:14.000,2026-05-11 08:32:54.000,train,validation
2026-05-11 08:24:00,2026-05-11 08:14:14.000,2026-05-11 08:35:54.000,validation,validation
2026-05-11 08:27:00,2026-05-11 08:17:14.000,2026-05-11 08:38:54.000,train,validation
2026-05-11 08:30:00,2026-05-11 08:20:14.000,2026-05-11 08:41:54.000,validation,validation
2026-05-11 08:33:00,2026-05-11 08:23:14.000,2026-05-11 08:44:54.000,train,validation
2026-05-11 08:36:00,2026-05-11 08:26:14.000,2026-05-11 08:47:54.000,validation,validation
2026-05-11 08:39:00,2026-05-11 08:29:14.000,2026-05-11 08:50:54.000,train,validation
2026-05-11 08:42:00,2026-05-11 08:32:14.000,2026-05-11 08:53:54.000,train,validation
2026-05-11 08:45:00,2026-05-11 08:35:14.000,2026-05-11 08:56:54.000,train,validation
2026-05-11 08:48:00,2026-05-11 08:38:14.000,2026-05-11 08:59:54.000,train,validation
2026-05-11 08:51:00,2026-05-11 08:41:14.000,2026-05-11 09:02:55.000,train,validation
2026-05-11 08:54:00,2026-05-11 08:44:14.000,2026-05-11 09:05:55.000,validation,validation
2026-05-11 08:57:00,2026-05-11 08:47:14.000,2026-05-11 09:08:55.000,train,validation
2026-05-11 09:00:00,2026-05-11 08:50:14.000,2026-05-11 09:11:55.000,train,validation
2026-05-11 09:03:00,2026-05-11 08:53:14.000,2026-05-11 09:14:55.000,train,validation
2026-05-11 09:06:00,2026-05-11 08:56:14.000,2026-05-11 09:17:55.000,train,validation
2026-05-11 09:09:00,2026-05-11 08:59:14.000,2026-05-11 09:20:55.000,train,validation
2026-05-11 09:12:00,2026-05-11 09:02:14.000,2026-05-11 09:23:55.000,train,validation
2026-05-11 09:15:00,2026-05-11 09:05:14.000,2026-05-11 09:26:55.000,validation,validation
2026-05-11 09:18:00,2026-05-11 09:08:14.000,2026-05-11 09:29:55.000,train,validation
2026-05-11 09:21:00,2026-05-11 09:11:14.000,2026-05-11 09:32:55.000,train,validation
2026-05-11 09:24:00,2026-05-11 09:14:14.000,2026-05-11 09:35:55.000,train,validation
2026-05-11 09:27:00,2026-05-11 09:17:14.000,2026-05-11 09:38:55.000,train,validation
2026-05-11 09:30:00,2026-05-11 09:20:14.000,2026-05-11 09:41:55.000,train,validation
2026-05-11 09:33:00,2026-05-11 09:23:14.000,2026-05-11 09:44:55.000,validation,validation
2026-05-11 09:36:00,2026-05-11 09:26:14.000,2026-05-11 09:47:55.000,train,validation
2026-05-11 09:39:00,2026-05-11 09:29:14.000,2026-05-11 09:50:55.000,train,validation
2026-05-11 09:42:00,2026-05-11 09:32:14.000,2026-05-11 09:53:55.000,train,validation
2026-05-11 09:45:00,2026-05-11 09:35:14.000,2026-05-11 09:56:55.000,train,validation
2026-05-11 09:48:00,2026-05-11 09:38:14.000,2026-05-11 09:59:55.000,train,validation
2026-05-11 09:51:00,2026-05-11 09:41:14.000,2026-05-11 10:02:55.000,train,validation
2026-05-11 09:54:00,2026-05-11 09:44:14.000,2026-05-11 10:05:56.000,validation,validation
2026-05-11 09:57:00,2026-05-11 09:47:14.000,2026-05-11 10:08:56.000,train,validation
2026-05-11 10:00:00,2026-05-11 09:50:14.000,2026-05-11 10:11:56.000,train,validation
2026-05-11 10:03:00,2026-05-11 09:53:14.000,2026-05-11 10:14:56.000,train,validation
2026-05-11 10:06:00,2026-05-11 09:56:14.000,2026-05-11 10:17:56.000,train,validation
2026-05-11 10:09:00,2026-05-11 09:59:14.000,2026-05-11 10:20:56.000,train,validation
2026-05-11 10:12:00,2026-05-11 10:02:14.000,2026-05-11 10:23:56.000,train,validation
2026-05-11 10:15:00,2026-05-11 10:05:14.000,2026-05-11 10:26:56.000,train,validation
2026-05-11 10:18:00,2026-05-11 10:08:14.000,2026-05-11 10:29:56.000,train,validation
2026-05-11 10:21:00,2026-05-11 10:11:14.000,2026-05-11 10:32:56.000,validation,validation
2026-05-11 10:24:00,2026-05-11 10:14:14.000,2026-05-11 10:35:56.000,train,validation
2026-05-11 10:27:00,2026-05-11 10:17:14.000,2026-05-11 10:38:56.000,validation,validation
2026-05-11 10:30:00,2026-05-11 10:20:14.000,2026-05-11 10:41:56.000,validation,validation
2026-05-11 10:33:00,2026-05-11 10:23:14.000,2026-05-11 10:44:56.000,train,validation
2026-05-11 10:36:00,2026-05-11 10:26:14.000,2026-05-11 10:47:56.000,train,validation
2026-05-11 10:39:00,2026-05-11 10:29:14.000,2026-05-11 10:50:56.000,train,validation
2026-05-11 10:42:00,2026-05-11 10:32:14.000,2026-05-11 10:53:56.000,train,validation
2026-05-11 10:45:00,2026-05-11 10:35:14.000,2026-05-11 10:56:56.000,validation,validation
2026-05-11 10:48:00,2026-05-11 10:38:14.000,2026-05-11 10:59:56.000,train,validation
2026-05-11 10:51:00,2026-05-11 10:41:14.000,2026-05-11 11:02:56.000,train,validation
2026-05-11 10:54:00,2026-05-11 10:44:14.000,2026-05-11 11:05:56.000,train,validation
2026-05-11 10:57:00,2026-05-11 10:47:14.000,2026-05-11 11:08:56.000,train,validation
2026-05-11 11:00:00,2026-05-11 10:50:14.000,2026-05-11 11:11:57.000,validation,validation
2026-05-11 11:03:00,2026-05-11 10:53:14.000,2026-05-11 11:14:57.000,train,validation
2026-05-11 11:06:00,2026-05-11 10:56:14.000,2026-05-11 11:17:57.000,train,validation
2026-05-11 11:09:00,2026-05-11 10:59:14.000,2026-05-11 11:20:57.000,train,validation
2026-05-11 11:12:00,2026-05-11 11:02:14.000,2026-05-11 11:23:57.000,train,validation
2026-05-11 11:15:00,2026-05-11 11:05:14.000,2026-05-11 11:26:57.000,train,validation
2026-05-11 11:18:00,2026-05-11 11:08:14.000,2026-05-11 11:29:57.000,train,validation
2026-05-11 11:21:00,2026-05-11 11:11:14.000,2026-05-11 11:32:57.000,train,validation
2026-05-11 11:24:00,2026-05-11 11:14:14.000,2026-05-11 11:35:57.000,train,validation
2026-05-11 11:27:00,2026-05-11 11:17:14.000,2026-05-11 11:38:57.000,validation,validation
2026-05-11 11:30:00,2026-05-11 11:20:14.000,2026-05-11 11:41:57.000,train,validation
2026-05-11 11:33:00,2026-05-11 11:23:14.000,2026-05-11 11:45:01.000,validation,validation
2026-05-11 11:36:00,2026-05-11 11:26:14.000,2026-05-11 11:48:01.000,validation,validation
2026-05-11 11:39:00,2026-05-11 11:29:14.000,2026-05-11 11:51:01.000,train,validation
2026-05-11 11:42:00,2026-05-11 11:32:14.000,2026-05-11 11:53:45.000,train,validation
2026-05-11 11:45:00,2026-05-11 11:34:57.000,2026-05-11 11:56:45.000,train,validation
2026-05-11 11:48:00,2026-05-11 11:37:57.000,2026-05-11 11:59:45.000,validation,validation
2026-05-11 11:51:00,2026-05-11 11:40:57.000,2026-05-11 12:02:45.000,train,validation
2026-05-11 11:54:00,2026-05-11 11:44:01.000,2026-05-11 12:05:45.000,validation,validation
2026-05-11 11:57:00,2026-05-11 11:47:01.000,2026-05-11 12:08:45.000,train,validation
2026-05-11 12:00:00,2026-05-11 11:50:01.000,2026-05-11 12:11:45.000,train,validation
2026-05-11 12:03:00,2026-05-11 11:53:01.000,2026-05-11 12:14:45.000,train,validation
2026-05-11 12:06:00,2026-05-11 11:56:01.000,2026-05-11 12:17:45.000,train,validation
2026-05-11 12:09:00,2026-05-11 11:59:01.000,2026-05-11 12:20:45.000,train,validation
2026-05-11 12:12:00,2026-05-11 12:02:01.000,2026-05-11 12:23:45.000,train,validation
2026-05-11 12:15:00,2026-05-11 12:05:01.000,2026-05-11 12:26:45.000,train,validation
2026-05-11 12:18:00,2026-05-11 12:08:01.000,2026-05-11 12:29:45.000,train,validation
2026-05-11 12:21:00,2026-05-11 12:11:01.000,2026-05-11 12:32:45.000,train,validation
2026-05-11 12:24:00,2026-05-11 12:14:01.000,2026-05-11 12:35:45.000,train,validation
2026-05-11 12:27:00,2026-05-11 12:17:01.000,2026-05-11 12:38:45.000,train,validation
2026-05-11 12:30:00,2026-05-11 12:20:01.000,2026-05-11 12:41:45.000,train,validation
2026-05-11 12:33:00,2026-05-11 12:23:01.000,2026-05-11 12:44:45.000,train,validation
2026-05-11 12:36:00,2026-05-11 12:26:01.000,2026-05-11 12:47:45.000,validation,validation
2026-05-11 12:39:00,2026-05-11 12:29:01.000,2026-05-11 12:50:45.000,train,validation
2026-05-11 12:42:00,2026-05-11 12:32:02.000,2026-05-11 12:53:45.000,train,validation
2026-05-11 12:45:00,2026-05-11 12:35:02.000,2026-05-11 12:56:45.000,train,validation
2026-05-11 12:48:00,2026-05-11 12:38:02.000,2026-05-11 12:59:45.000,train,validation
2026-05-11 12:51:00,2026-05-11 12:41:02.000,2026-05-11 13:02:45.000,train,validation
2026-05-11 12:54:00,2026-05-11 12:44:02.000,2026-05-11 13:05:45.000,train,validation
2026-05-11 12:57:00,2026-05-11 12:47:02.000,2026-05-11 13:08:45.000,train,validation
2026-05-11 13:00:00,2026-05-11 12:50:02.000,2026-05-11 13:11:45.000,train,validation
2026-05-11 13:03:00,2026-05-11 12:53:02.000,2026-05-11 13:14:45.000,train,validation
2026-05-11 13:06:00,2026-05-11 12:56:02.000,2026-05-11 13:17:45.000,train,validation
2026-05-11 13:09:00,2026-05-11 12:59:02.000,2026-05-11 13:20:45.000,train,validation
2026-05-11 13:12:00,2026-05-11 13:02:02.000,2026-05-11 13:23:45.000,train,validation
2026-05-11 13:15:00,2026-05-11 13:05:02.000,2026-05-11 13:26:45.000,train,validation
2026-05-11 13:18:00,2026-05-11 13:08:02.000,2026-05-11 13:29:45.000,train,validation
2026-05-11 13:21:00,2026-05-11 13:11:02.000,2026-05-11 13:32:45.000,train,validation
2026-05-11 13:24:00,2026-05-11 13:14:02.000,2026-05-11 13:35:45.000,train,validation
2026-05-11 13:27:00,2026-05-11 13:17:02.000,2026-05-11 13:38:45.000,train,validation
2026-05-11 13:30:00,2026-05-11 13:20:02.000,2026-05-11 13:41:45.000,train,validation
2026-05-11 13:33:00,2026-05-11 13:23:02.000,2026-05-11 13:44:45.000,train,validation
2026-05-11 13:36:00,2026-05-11 13:26:02.000,2026-05-11 13:47:45.000,train,validation
2026-05-11 13:39:00,2026-05-11 13:29:02.000,2026-05-11 13:50:45.000,train,validation
2026-05-11 13:42:00,2026-05-11 13:32:02.000,2026-05-11 13:53:45.000,train,validation
2026-05-11 13:45:00,2026-05-11 13:35:02.000,2026-05-11 13:56:45.000,validation,validation
2026-05-11 13:48:00,2026-05-11 13:38:03.000,2026-05-11 13:59:45.000,train,validation
2026-05-11 13:51:00,2026-05-11 13:41:03.000,2026-05-11 14:02:45.000,train,validation
2026-05-11 13:54:00,2026-05-11 13:44:03.000,2026-05-11 14:05:45.000,train,validation
2026-05-11 13:57:00,2026-05-11 13:47:03.000,2026-05-11 14:08:45.000,validation,validation
2026-05-11 14:00:00,2026-05-11 13:50:03.000,2026-05-11 14:11:45.000,train,validation
2026-05-11 14:03:00,2026-05-11 13:53:03.000,2026-05-11 14:14:45.000,train,validation
2026-05-11 14:06:00,2026-05-11 13:56:03.000,2026-05-11 14:17:45.000,train,validation
2026-05-11 14:09:00,2026-05-11 13:59:03.000,2026-05-11 14:20:45.000,train,validation
2026-05-11 14:12:00,2026-05-11 14:02:03.000,2026-05-11 14:23:45.000,train,validation
2026-05-11 14:15:00,2026-05-11 14:05:03.000,2026-05-11 14:26:45.000,train,validation
2026-05-11 14:18:00,2026-05-11 14:08:03.000,2026-05-11 14:29:45.000,train,validation
2026-05-11 14:21:00,2026-05-11 14:11:03.000,2026-05-11 14:32:45.000,train,validation
2026-05-11 14:24:00,2026-05-11 14:14:03.000,2026-05-11 14:35:45.000,train,validation
2026-05-11 14:27:00,2026-05-11 14:17:03.000,2026-05-11 14:38:45.000,train,validation
2026-05-11 14:30:00,2026-05-11 14:20:03.000,2026-05-11 14:41:45.000,train,validation
2026-05-11 14:33:00,2026-05-11 14:23:03.000,2026-05-11 14:44:45.000,train,validation
2026-05-11 14:36:00,2026-05-11 14:26:03.000,2026-05-11 14:47:45.000,validation,validation
2026-05-11 14:39:00,2026-05-11 14:29:03.000,2026-05-11 14:50:45.000,train,validation
2026-05-11 14:42:00,2026-05-11 14:32:03.000,2026-05-11 14:53:45.000,validation,validation
2026-05-11 14:45:00,2026-05-11 14:35:03.000,2026-05-11 14:56:45.000,train,validation
2026-05-11 14:48:00,2026-05-11 14:38:03.000,2026-05-11 14:59:45.000,train,validation
2026-05-11 14:51:00,2026-05-11 14:41:03.000,2026-05-11 15:02:45.000,validation,validation
2026-05-11 14:54:00,2026-05-11 14:44:04.000,2026-05-11 15:05:45.000,train,validation
2026-05-11 14:57:00,2026-05-11 14:47:04.000,2026-05-11 15:08:45.000,validation,validation
2026-05-11 15:00:00,2026-05-11 14:50:04.000,2026-05-11 15:11:45.000,train,validation
2026-05-11 15:03:00,2026-05-11 14:53:04.000,2026-05-11 15:14:45.000,validation,validation
2026-05-11 15:06:00,2026-05-11 14:56:04.000,2026-05-11 15:17:45.000,train,validation
2026-05-11 15:09:00,2026-05-11 14:59:04.000,2026-05-11 15:20:45.000,train,validation
2026-05-11 15:12:00,2026-05-11 15:02:04.000,2026-05-11 15:23:45.000,train,validation
2026-05-11 15:15:00,2026-05-11 15:05:04.000,2026-05-11 15:26:45.000,train,validation
2026-05-11 15:18:00,2026-05-11 15:08:04.000,2026-05-11 15:29:45.000,train,validation
2026-05-11 15:21:00,2026-05-11 15:11:04.000,2026-05-11 15:32:45.000,train,validation
2026-05-11 15:24:00,2026-05-11 15:14:04.000,2026-05-11 15:35:45.000,train,validation
2026-05-11 15:27:00,2026-05-11 15:17:04.000,2026-05-11 15:38:45.000,train,validation
2026-05-11 15:30:00,2026-05-11 15:20:04.000,2026-05-11 15:41:45.000,train,validation
2026-05-11 15:33:00,2026-05-11 15:23:04.000,2026-05-11 15:44:45.000,train,validation
2026-05-11 15:36:00,2026-05-11 15:26:04.000,2026-05-11 15:47:45.000,train,validation
2026-05-11 15:39:00,2026-05-11 15:29:04.000,2026-05-11 15:50:45.000,validation,validation
2026-05-11 15:42:00,2026-05-11 15:32:04.000,2026-05-11 15:53:45.000,train,validation
2026-05-11 15:45:00,2026-05-11 15:35:04.000,2026-05-11 15:56:45.000,train,validation
2026-05-11 15:48:00,2026-05-11 15:38:04.000,2026-05-11 15:59:45.000,train,validation
2026-05-11 15:51:00,2026-05-11 15:41:04.000,2026-05-11 16:02:45.000,train,validation
2026-05-11 15:54:00,2026-05-11 15:44:04.000,2026-05-11 16:05:45.000,train,validation
2026-05-11 15:57:00,2026-05-11 15:47:04.000,2026-05-11 16:08:45.000,train,validation
2026-05-11 16:00:00,2026-05-11 15:50:05.000,2026-05-11 16:11:45.000,validation,validation
2026-05-11 16:03:00,2026-05-11 15:53:05.000,2026-05-11 16:14:45.000,train,validation
2026-05-11 16:06:00,2026-05-11 15:56:05.000,2026-05-11 16:17:45.000,train,validation
2026-05-11 16:09:00,2026-05-11 15:59:05.000,2026-05-11 16:20:45.000,train,validation
2026-05-11 16:12:00,2026-05-11 16:02:05.000,2026-05-11 16:23:45.000,train,validation
2026-05-11 16:15:00,2026-05-11 16:05:05.000,2026-05-11 16:26:45.000,train,validation
2026-05-11 16:18:00,2026-05-11 16:08:05.000,2026-05-11 16:29:45.000,train,validation
2026-05-11 16:21:00,2026-05-11 16:11:05.000,2026-05-11 16:32:45.000,train,validation
2026-05-11 16:24:00,2026-05-11 16:14:05.000,2026-05-11 16:35:45.000,train,validation
2026-05-11 16:27:00,2026-05-11 16:17:05.000,2026-05-11 16:38:45.000,validation,validation
2026-05-11 16:30:00,2026-05-11 16:20:05.000,2026-05-11 16:41:45.000,train,validation
2026-05-11 16:33:00,2026-05-11 16:23:05.000,2026-05-11 16:44:45.000,train,validation
2026-05-11 16:36:00,2026-05-11 16:26:05.000,2026-05-11 16:47:45.000,train,validation
2026-05-11 16:39:00,2026-05-11 16:29:05.000,2026-05-11 16:50:45.000,train,validation
2026-05-11 16:42:00,2026-05-11 16:32:05.000,2026-05-11 16:53:45.000,train,validation
2026-05-11 16:45:00,2026-05-11 16:35:05.000,2026-05-11 16:56:45.000,validation,validation
2026-05-11 16:48:00,2026-05-11 16:38:05.000,2026-05-11 16:59:45.000,train,validation
2026-05-11 16:51:00,2026-05-11 16:41:05.000,2026-05-11 17:02:45.000,validation,validation
2026-05-11 16:54:00,2026-05-11 16:44:05.000,2026-05-11 17:05:45.000,validation,validation
2026-05-11 16:57:00,2026-05-11 16:47:05.000,2026-05-11 17:08:45.000,train,validation
2026-05-11 17:00:00,2026-05-11 16:50:05.000,2026-05-11 17:11:45.000,train,validation
2026-05-11 17:03:00,2026-05-11 16:53:05.000,2026-05-11 17:14:45.000,validation,validation
2026-05-11 17:06:00,2026-05-11 16:56:06.000,2026-05-11 17:17:45.000,train,validation
2026-05-11 17:09:00,2026-05-11 16:59:06.000,2026-05-11 17:20:45.000,train,validation
2026-05-11 17:12:00,2026-05-11 17:02:06.000,2026-05-11 17:23:45.000,validation,validation
2026-05-11 17:15:00,2026-05-11 17:05:06.000,2026-05-11 17:26:45.000,train,validation
2026-05-11 17:18:00,2026-05-11 17:08:06.000,2026-05-11 17:29:45.000,train,validation
2026-05-11 17:21:00,2026-05-11 17:11:06.000,2026-05-11 17:32:45.000,train,validation
2026-05-11 17:24:00,2026-05-11 17:14:06.000,2026-05-11 17:35:45.000,train,validation
2026-05-11 17:27:00,2026-05-11 17:17:06.000,2026-05-11 17:38:45.000,validation,validation
2026-05-11 17:30:00,2026-05-11 17:20:06.000,2026-05-11 17:41:45.000,train,validation
2026-05-11 17:33:00,2026-05-11 17:23:06.000,2026-05-11 17:44:45.000,train,validation
2026-05-11 17:36:00,2026-05-11 17:26:06.000,2026-05-11 17:47:45.000,train,validation
2026-05-11 17:39:00,2026-05-11 17:29:06.000,2026-05-11 17:50:45.000,train,validation
2026-05-11 17:42:00,2026-05-11 17:32:06.000,2026-05-11 17:53:45.000,train,validation
2026-05-11 17:45:00,2026-05-11 17:35:06.000,2026-05-11 17:56:45.000,train,validation
2026-05-11 17:48:00,2026-05-11 17:38:06.000,2026-05-11 17:59:45.000,train,validation
2026-05-11 17:51:00,2026-05-11 17:41:06.000,2026-05-11 18:02:45.000,train,validation
2026-05-11 17:54:00,2026-05-11 17:44:06.000,2026-05-11 18:05:45.000,train,validation
2026-05-11 17:57:00,2026-05-11 17:47:06.000,2026-05-11 18:08:45.000,train,validation
2026-05-11 18:00:00,2026-05-11 17:50:06.000,2026-05-11 18:11:45.000,train,validation
2026-05-11 18:03:00,2026-05-11 17:53:06.000,2026-05-11 18:14:45.000,train,validation
2026-05-11 18:06:00,2026-05-11 17:56:06.000,2026-05-11 18:17:45.000,train,validation
2026-05-11 18:09:00,2026-05-11 17:59:06.000,2026-05-11 18:20:45.000,train,validation
2026-05-11 18:12:00,2026-05-11 18:02:07.000,2026-05-11 18:23:45.000,train,validation
2026-05-11 18:15:00,2026-05-11 18:05:07.000,2026-05-11 18:26:45.000,train,validation
2026-05-11 18:18:00,2026-05-11 18:08:07.000,2026-05-11 18:29:45.000,train,validation
2026-05-11 18:21:00,2026-05-11 18:11:07.000,2026-05-11 18:32:45.000,train,validation
2026-05-11 18:24:00,2026-05-11 18:14:07.000,2026-05-11 18:35:45.000,train,validation
2026-05-11 18:27:00,2026-05-11 18:17:07.000,2026-05-11 18:38:45.000,train,validation
2026-05-11 18:30:00,2026-05-11 18:20:07.000,2026-05-11 18:41:45.000,train,validation
2026-05-11 18:33:00,2026-05-11 18:23:07.000,2026-05-11 18:44:45.000,train,validation
2026-05-11 18:36:00,2026-05-11 18:26:07.000,2026-05-11 18:47:45.000,train,validation
2026-05-11 18:39:00,2026-05-11 18:29:07.000,2026-05-11 18:50:45.000,train,validation
2026-05-11 18:42:00,2026-05-11 18:32:07.000,2026-05-11 18:53:45.000,train,validation
2026-05-11 18:45:00,2026-05-11 18:35:07.000,2026-05-11 18:56:45.000,train,validation
2026-05-11 18:48:00,2026-05-11 18:38:07.000,2026-05-11 18:59:45.000,train,validation
2026-05-11 18:51:00,2026-05-11 18:41:07.000,2026-05-11 19:02:45.000,train,validation
2026-05-11 18:54:00,2026-05-11 18:44:07.000,2026-05-11 19:05:45.000,validation,validation
2026-05-11 18:57:00,2026-05-11 18:47:07.000,2026-05-11 19:08:45.000,train,validation
2026-05-11 19:00:00,2026-05-11 18:50:07.000,2026-05-11 19:11:45.000,train,validation
2026-05-11 19:03:00,2026-05-11 18:53:07.000,2026-05-11 19:14:45.000,train,validation
2026-05-11 19:06:00,2026-05-11 18:56:07.000,2026-05-11 19:17:45.000,train,validation
2026-05-11 19:09:00,2026-05-11 18:59:07.000,2026-05-11 19:20:45.000,train,validation
2026-05-11 19:12:00,2026-05-11 19:02:07.000,2026-05-11 19:23:45.000,train,validation
2026-05-11 19:15:00,2026-05-11 19:05:07.000,2026-05-11 19:26:45.000,validation,validation
2026-05-11 19:18:00,2026-05-11 19:08:08.000,2026-05-11 19:29:45.000,train,validation
2026-05-11 19:21:00,2026-05-11 19:11:08.000,2026-05-11 19:32:45.000,validation,validation
2026-05-11 19:24:00,2026-05-11 19:14:08.000,2026-05-11 19:35:45.000,validation,validation
2026-05-11 19:27:00,2026-05-11 19:17:08.000,2026-05-11 19:38:45.000,validation,validation
2026-05-11 19:30:00,2026-05-11 19:20:08.000,2026-05-11 19:41:45.000,train,validation
2026-05-11 19:33:00,2026-05-11 19:23:08.000,2026-05-11 19:44:45.000,train,validation
2026-05-11 19:36:00,2026-05-11 19:26:08.000,2026-05-11 19:47:45.000,train,validation
2026-05-11 19:39:00,2026-05-11 19:29:08.000,2026-05-11 19:50:45.000,train,validation
2026-05-11 19:42:00,2026-05-11 19:32:08.000,2026-05-11 19:53:45.000,validation,validation
2026-05-11 19:45:00,2026-05-11 19:35:08.000,2026-05-11 19:56:45.000,validation,validation
2026-05-11 19:48:00,2026-05-11 19:38:08.000,2026-05-11 19:59:45.000,train,validation
2026-05-11 19:51:00,2026-05-11 19:41:08.000,2026-05-11 20:02:45.000,train,validation
2026-05-11 19:54:00,2026-05-11 19:44:08.000,2026-05-11 20:05:45.000,train,validation
2026-05-11 19:57:00,2026-05-11 19:47:08.000,2026-05-11 20:08:45.000,train,validation
2026-05-11 20:00:00,2026-05-11 19:50:08.000,2026-05-11 20:11:45.000,validation,validation
2026-05-11 20:03:00,2026-05-11 19:53:08.000,2026-05-11 20:14:45.000,train,validation
2026-05-11 20:06:00,2026-05-11 19:56:08.000,2026-05-11 20:17:45.000,validation,validation
2026-05-11 20:09:00,2026-05-11 19:59:08.000,2026-05-11 20:20:45.000,train,validation
2026-05-11 20:12:00,2026-05-11 20:02:08.000,2026-05-11 20:23:45.000,train,validation
2026-05-11 20:15:00,2026-05-11 20:05:08.000,2026-05-11 20:26:45.000,train,validation
2026-05-11 20:18:00,2026-05-11 20:08:08.000,2026-05-11 20:29:45.000,train,validation
2026-05-11 20:21:00,2026-05-11 20:11:08.000,2026-05-11 20:32:45.000,validation,validation
2026-05-11 20:24:00,2026-05-11 20:14:09.000,2026-05-11 20:35:45.000,train,validation
2026-05-11 20:27:00,2026-05-11 20:17:09.000,2026-05-11 20:38:45.000,train,validation
2026-05-11 20:30:00,2026-05-11 20:20:09.000,2026-05-11 20:41:45.000,validation,validation
2026-05-11 20:33:00,2026-05-11 20:23:09.000,2026-05-11 20:44:45.000,train,validation
2026-05-11 20:36:00,2026-05-11 20:26:09.000,2026-05-11 20:47:45.000,validation,validation
2026-05-11 20:39:00,2026-05-11 20:29:09.000,2026-05-11 20:50:45.000,validation,validation
2026-05-11 20:42:00,2026-05-11 20:32:09.000,2026-05-11 20:53:45.000,train,validation
2026-05-11 20:45:00,2026-05-11 20:35:09.000,2026-05-11 20:56:45.000,train,validation
2026-05-11 20:48:00,2026-05-11 20:38:09.000,2026-05-11 20:59:45.000,validation,validation
2026-05-11 20:51:00,2026-05-11 20:41:09.000,2026-05-11 21:02:45.000,train,validation
2026-05-11 20:54:00,2026-05-11 20:44:09.000,2026-05-11 21:05:45.000,train,validation
2026-05-11 20:57:00,2026-05-11 20:47:09.000,2026-05-11 21:08:45.000,train,validation
2026-05-11 21:00:00,2026-05-11 20:50:09.000,2026-05-11 21:11:45.000,train,validation
2026-05-11 21:03:00,2026-05-11 20:53:09.000,2026-05-11 21:14:45.000,validation,validation
2026-05-11 21:06:00,2026-05-11 20:56:09.000,2026-05-11 21:17:45.000,train,validation
2026-05-11 21:09:00,2026-05-11 20:59:09.000,2026-05-11 21:20:45.000,train,validation
2026-05-11 21:12:00,2026-05-11 21:02:09.000,2026-05-11 21:23:45.000,train,validation
2026-05-11 21:15:00,2026-05-11 21:05:09.000,2026-05-11 21:26:45.000,train,validation
2026-05-11 21:18:00,2026-05-11 21:08:09.000,2026-05-11 21:29:45.000,train,validation
2026-05-11 21:21:00,2026-05-11 21:11:09.000,2026-05-11 21:32:45.000,train,validation
2026-05-11 21:24:00,2026-05-11 21:14:09.000,2026-05-11 21:35:45.000,train,validation
2026-05-11 21:27:00,2026-05-11 21:17:09.000,2026-05-11 21:38:45.000,train,validation
2026-05-11 21:30:00,2026-05-11 21:20:10.000,2026-05-11 21:41:45.000,train,validation
2026-05-11 21:33:00,2026-05-11 21:23:10.000,2026-05-11 21:44:45.000,validation,validation
2026-05-11 21:36:00,2026-05-11 21:26:10.000,2026-05-11 21:47:45.000,train,validation
2026-05-11 21:39:00,2026-05-11 21:29:10.000,2026-05-11 21:50:45.000,train,validation
2026-05-11 21:42:00,2026-05-11 21:32:10.000,2026-05-11 21:53:45.000,train,validation
2026-05-11 21:45:00,2026-05-11 21:35:10.000,2026-05-11 21:56:45.000,train,validation
2026-05-11 21:48:00,2026-05-11 21:38:10.000,2026-05-11 21:59:45.000,train,validation
2026-05-11 21:51:00,2026-05-11 21:41:10.000,2026-05-11 22:02:45.000,train,validation
2026-05-11 21:54:00,2026-05-11 21:44:10.000,2026-05-11 22:05:45.000,train,validation
2026-05-11 21:57:00,2026-05-11 21:47:10.000,2026-05-11 22:08:45.000,validation,validation
2026-05-11 22:00:00,2026-05-11 21:50:10.000,2026-05-11 22:11:45.000,train,validation
2026-05-11 22:03:00,2026-05-11 21:53:10.000,2026-05-11 22:14:45.000,train,validation
2026-05-11 22:06:00,2026-05-11 21:56:10.000,2026-05-11 22:17:45.000,train,validation
2026-05-11 22:09:00,2026-05-11 21:59:10.000,2026-05-11 22:20:45.000,train,validation
2026-05-11 22:12:00,2026-05-11 22:02:10.000,2026-05-11 22:23:45.000,train,validation
2026-05-11 22:15:00,2026-05-11 22:05:10.000,2026-05-11 22:26:45.000,train,validation
2026-05-11 22:18:00,2026-05-11 22:08:10.000,2026-05-11 22:29:45.000,train,validation
2026-05-11 22:21:00,2026-05-11 22:11:10.000,2026-05-11 22:32:45.000,train,validation
2026-05-11 22:24:00,2026-05-11 22:14:10.000,2026-05-11 22:35:45.000,train,validation
2026-05-11 22:27:00,2026-05-11 22:17:10.000,2026-05-11 22:38:45.000,validation,validation
2026-05-11 22:30:00,2026-05-11 22:20:10.000,2026-05-11 22:41:45.000,train,validation
2026-05-11 22:33:00,2026-05-11 22:23:10.000,2026-05-11 22:44:45.000,train,validation
2026-05-11 22:36:00,2026-05-11 22:26:11.000,2026-05-11 22:47:45.000,validation,validation
2026-05-11 22:39:00,2026-05-11 22:29:11.000,2026-05-11 22:50:45.000,train,validation
2026-05-11 22:42:00,2026-05-11 22:32:11.000,2026-05-11 22:53:45.000,validation,validation
2026-05-11 22:45:00,2026-05-11 22:35:11.000,2026-05-11 22:56:45.000,train,validation
2026-05-11 22:48:00,2026-05-11 22:38:11.000,2026-05-11 22:59:45.000,validation,validation
2026-05-11 22:51:00,2026-05-11 22:41:11.000,2026-05-11 23:02:45.000,train,validation
2026-05-11 22:54:00,2026-05-11 22:44:11.000,2026-05-11 23:05:45.000,train,validation
2026-05-11 22:57:00,2026-05-11 22:47:11.000,2026-05-11 23:08:45.000,train,validation
2026-05-11 23:00:00,2026-05-11 22:50:11.000,2026-05-11 23:11:45.000,train,validation
2026-05-11 23:03:00,2026-05-11 22:53:11.000,2026-05-11 23:14:45.000,train,validation
2026-05-11 23:06:00,2026-05-11 22:56:11.000,2026-05-11 23:17:45.000,validation,validation
2026-05-11 23:09:00,2026-05-11 22:59:11.000,2026-05-11 23:20:45.000,train,validation
2026-05-11 23:12:00,2026-05-11 23:02:11.000,2026-05-11 23:23:45.000,validation,validation
2026-05-11 23:15:00,2026-05-11 23:05:11.000,2026-05-11 23:26:45.000,train,validation
2026-05-11 23:18:00,2026-05-11 23:08:11.000,2026-05-11 23:29:45.000,train,validation
2026-05-11 23:21:00,2026-05-11 23:11:11.000,2026-05-11 23:32:45.000,train,validation
2026-05-11 23:24:00,2026-05-11 23:14:11.000,2026-05-11 23:35:45.000,train,validation
2026-05-11 23:27:00,2026-05-11 23:17:11.000,2026-05-11 23:38:45.000,train,validation
2026-05-11 23:30:00,2026-05-11 23:20:11.000,2026-05-11 23:41:45.000,train,validation
2026-05-11 23:33:00,2026-05-11 23:23:11.000,2026-05-11 23:44:45.000,train,validation
2026-05-11 23:36:00,2026-05-11 23:26:11.000,2026-05-11 23:47:45.000,train,validation
2026-05-11 23:39:00,2026-05-11 23:29:12.000,2026-05-11 23:50:45.000,train,validation
2026-05-11 23:42:00,2026-05-11 23:32:12.000,2026-05-11 23:53:45.000,train,validation
2026-05-11 23:45:00,2026-05-11 23:35:12.000,2026-05-11 23:56:45.000,train,validation
2026-05-11 23:48:00,2026-05-11 23:38:12.000,2026-05-11 23:59:45.000,validation,validation
2026-05-11 23:51:00,2026-05-11 23:41:12.000,2026-05-12 00:02:45.000,train,validation
2026-05-11 23:54:00,2026-05-11 23:44:12.000,2026-05-12 00:05:45.000,train,validation
2026-05-11 23:57:00,2026-05-11 23:47:12.000,2026-05-12 00:08:45.000,train,validation
2026-05-12 00:00:00,2026-05-11 23:50:12.000,2026-05-12 00:11:45.000,train,validation
2026-05-12 00:03:00,2026-05-11 23:53:12.000,2026-05-12 00:14:45.000,train,validation
2026-05-12 00:06:00,2026-05-11 23:56:12.000,2026-05-12 00:17:45.000,train,validation
2026-05-12 00:09:00,2026-05-11 23:59:12.000,2026-05-12 00:20:45.000,validation,validation
2026-05-12 00:12:00,2026-05-12 00:02:12.000,2026-05-12 00:23:45.000,validation,validation
2026-05-12 00:15:00,2026-05-12 00:05:12.000,2026-05-12 00:26:45.000,train,validation
2026-05-12 00:18:00,2026-05-12 00:08:12.000,2026-05-12 00:29:45.000,train,validation
2026-05-12 00:21:00,2026-05-12 00:11:12.000,2026-05-12 00:32:45.000,train,validation
2026-05-12 00:24:00,2026-05-12 00:14:12.000,2026-05-12 00:35:45.000,validation,validation
2026-05-12 00:27:00,2026-05-12 00:17:12.000,2026-05-12 00:38:45.000,validation,validation
2026-05-12 00:30:00,2026-05-12 00:20:12.000,2026-05-12 00:41:45.000,train,validation
2026-05-12 00:33:00,2026-05-12 00:23:12.000,2026-05-12 00:44:45.000,train,validation
2026-05-12 00:36:00,2026-05-12 00:26:12.000,2026-05-12 00:47:45.000,validation,validation
2026-05-12 00:39:00,2026-05-12 00:29:12.000,2026-05-12 00:50:45.000,train,validation
2026-05-12 00:42:00,2026-05-12 00:32:12.000,2026-05-12 00:53:45.000,train,validation
2026-05-12 00:45:00,2026-05-12 00:35:13.000,2026-05-12 00:56:45.000,train,validation
2026-05-12 00:48:00,2026-05-12 00:38:13.000,2026-05-12 00:59:45.000,train,validation
2026-05-12 00:51:00,2026-05-12 00:41:13.000,2026-05-12 01:02:45.000,train,validation
2026-05-12 00:54:00,2026-05-12 00:44:13.000,2026-05-12 01:05:45.000,train,validation
2026-05-12 00:57:00,2026-05-12 00:47:13.000,2026-05-12 01:08:45.000,validation,validation
2026-05-12 01:00:00,2026-05-12 00:50:13.000,2026-05-12 01:11:45.000,train,validation
2026-05-12 01:03:00,2026-05-12 00:53:13.000,2026-05-12 01:14:45.000,train,validation
2026-05-12 01:06:00,2026-05-12 00:56:13.000,2026-05-12 01:17:45.000,train,validation
2026-05-12 01:09:00,2026-05-12 00:59:13.000,2026-05-12 01:20:45.000,train,validation
2026-05-12 01:12:00,2026-05-12 01:02:13.000,2026-05-12 01:23:45.000,train,validation
2026-05-12 01:15:00,2026-05-12 01:05:13.000,2026-05-12 01:26:45.000,validation,validation
2026-05-12 01:18:00,2026-05-12 01:08:13.000,2026-05-12 01:29:45.000,train,validation
2026-05-12 01:21:00,2026-05-12 01:11:13.000,2026-05-12 01:32:45.000,train,validation
2026-05-12 01:24:00,2026-05-12 01:14:13.000,2026-05-12 01:35:45.000,train,validation
2026-05-12 01:27:00,2026-05-12 01:17:13.000,2026-05-12 01:38:45.000,validation,validation
2026-05-12 01:30:00,2026-05-12 01:20:13.000,2026-05-12 01:41:45.000,train,validation
2026-05-12 01:33:00,2026-05-12 01:23:13.000,2026-05-12 01:44:45.000,train,validation
2026-05-12 01:36:00,2026-05-12 01:26:13.000,2026-05-12 01:47:45.000,train,validation
2026-05-12 01:39:00,2026-05-12 01:29:13.000,2026-05-12 01:50:45.000,train,validation
2026-05-12 01:42:00,2026-05-12 01:32:13.000,2026-05-12 01:53:45.000,train,validation
2026-05-12 01:45:00,2026-05-12 01:35:13.000,2026-05-12 01:56:45.000,train,validation
2026-05-12 01:48:00,2026-05-12 01:38:13.000,2026-05-12 01:59:45.000,train,validation
2026-05-12 01:51:00,2026-05-12 01:41:14.000,2026-05-12 02:02:45.000,train,validation
2026-05-12 01:54:00,2026-05-12 01:44:14.000,2026-05-12 02:05:45.000,train,validation
2026-05-12 01:57:00,2026-05-12 01:47:14.000,2026-05-12 02:08:45.000,train,validation
2026-05-12 02:00:00,2026-05-12 01:50:14.000,2026-05-12 02:11:45.000,train,validation
2026-05-12 02:03:00,2026-05-12 01:53:14.000,2026-05-12 02:14:45.000,train,validation
2026-05-12 02:06:00,2026-05-12 01:56:14.000,2026-05-12 02:17:45.000,validation,validation
2026-05-12 02:09:00,2026-05-12 01:59:14.000,2026-05-12 02:20:45.000,train,validation
2026-05-12 02:12:00,2026-05-12 02:02:14.000,2026-05-12 02:23:45.000,train,validation
2026-05-12 02:15:00,2026-05-12 02:05:14.000,2026-05-12 02:26:45.000,train,validation
2026-05-12 02:18:00,2026-05-12 02:08:14.000,2026-05-12 02:29:45.000,train,validation
2026-05-12 02:21:00,2026-05-12 02:11:14.000,2026-05-12 02:32:45.000,train,validation
2026-05-12 02:24:00,2026-05-12 02:14:14.000,2026-05-12 02:35:45.000,train,validation
2026-05-12 02:27:00,2026-05-12 02:17:15.000,2026-05-12 02:38:45.000,train,validation
2026-05-12 02:30:00,2026-05-12 02:20:15.000,2026-05-12 02:41:45.000,train,validation
2026-05-12 02:33:00,2026-05-12 02:23:15.000,2026-05-12 02:44:45.000,train,validation
2026-05-12 02:36:00,2026-05-12 02:26:15.000,2026-05-12 02:47:45.000,train,validation
2026-05-12 02:39:00,2026-05-12 02:29:15.000,2026-05-12 02:50:45.000,validation,validation
2026-05-12 02:42:00,2026-05-12 02:32:15.000,2026-05-12 02:53:45.000,train,validation
2026-05-12 02:45:00,2026-05-12 02:35:15.000,2026-05-12 02:56:45.000,validation,validation
2026-05-12 02:48:00,2026-05-12 02:38:15.000,2026-05-12 02:59:45.000,train,validation
2026-05-12 02:51:00,2026-05-12 02:41:15.000,2026-05-12 03:02:45.000,train,validation
2026-05-12 02:54:00,2026-05-12 02:44:15.000,2026-05-12 03:05:45.000,train,validation
2026-05-12 02:57:00,2026-05-12 02:47:15.000,2026-05-12 03:08:45.000,validation,validation
2026-05-12 03:00:00,2026-05-12 02:50:15.000,2026-05-12 03:11:45.000,train,validation
2026-05-12 03:03:00,2026-05-12 02:53:15.000,2026-05-12 03:14:45.000,train,validation
2026-05-12 03:06:00,2026-05-12 02:56:15.000,2026-05-12 03:17:45.000,train,validation
2026-05-12 03:09:00,2026-05-12 02:59:15.000,2026-05-12 03:20:45.000,train,validation
2026-05-12 03:12:00,2026-05-12 03:02:15.000,2026-05-12 03:23:45.000,validation,validation
2026-05-12 03:15:00,2026-05-12 03:05:15.000,2026-05-12 03:26:45.000,train,validation
2026-05-12 03:18:00,2026-05-12 03:08:15.000,2026-05-12 03:29:45.000,train,validation
2026-05-12 03:21:00,2026-05-12 03:11:15.000,2026-05-12 03:32:45.000,validation,validation
2026-05-12 03:24:00,2026-05-12 03:14:15.000,2026-05-12 03:35:45.000,train,validation
2026-05-12 03:27:00,2026-05-12 03:17:15.000,2026-05-12 03:38:45.000,train,validation
2026-05-12 03:30:00,2026-05-12 03:20:15.000,2026-05-12 03:41:45.000,validation,validation
2026-05-12 03:33:00,2026-05-12 03:23:16.000,2026-05-12 03:44:45.000,train,validation
2026-05-12 03:36:00,2026-05-12 03:26:16.000,2026-05-12 03:47:45.000,train,validation
2026-05-12 03:39:00,2026-05-12 03:29:16.000,2026-05-12 03:50:45.000,train,validation
2026-05-12 03:42:00,2026-05-12 03:32:16.000,2026-05-12 03:53:45.000,train,validation
2026-05-12 03:45:00,2026-05-12 03:35:16.000,2026-05-12 03:56:45.000,validation,validation
2026-05-12 03:48:00,2026-05-12 03:38:16.000,2026-05-12 03:59:45.000,validation,validation
2026-05-12 03:51:00,2026-05-12 03:41:16.000,2026-05-12 04:02:45.000,train,validation
2026-05-12 03:54:00,2026-05-12 03:44:16.000,2026-05-12 04:05:45.000,validation,validation
2026-05-12 03:57:00,2026-05-12 03:47:16.000,2026-05-12 04:08:45.000,train,validation
2026-05-12 04:00:00,2026-05-12 03:50:16.000,2026-05-12 04:11:45.000,train,validation
2026-05-12 04:03:00,2026-05-12 03:53:16.000,2026-05-12 04:14:45.000,train,validation
2026-05-12 04:06:00,2026-05-12 03:56:16.000,2026-05-12 04:17:45.000,train,validation
2026-05-12 04:09:00,2026-05-12 03:59:16.000,2026-05-12 04:20:45.000,train,validation
2026-05-12 04:12:00,2026-05-12 04:02:16.000,2026-05-12 04:23:45.000,train,validation
2026-05-12 04:15:00,2026-05-12 04:05:16.000,2026-05-12 04:26:45.000,train,validation
2026-05-12 04:18:00,2026-05-12 04:08:16.000,2026-05-12 04:29:45.000,train,validation
2026-05-12 04:21:00,2026-05-12 04:11:16.000,2026-05-12 04:32:45.000,train,validation
2026-05-12 04:24:00,2026-05-12 04:14:16.000,2026-05-12 04:35:45.000,validation,validation
2026-05-12 04:27:00,2026-05-12 04:17:16.000,2026-05-12 04:38:45.000,train,validation
2026-05-12 04:30:00,2026-05-12 04:20:16.000,2026-05-12 04:41:45.000,train,validation
2026-05-12 04:33:00,2026-05-12 04:23:16.000,2026-05-12 04:44:45.000,train,validation
2026-05-12 04:36:00,2026-05-12 04:26:16.000,2026-05-12 04:47:45.000,train,validation
2026-05-12 04:39:00,2026-05-12 04:29:17.000,2026-05-12 04:50:45.000,validation,validation
2026-05-12 04:42:00,2026-05-12 04:32:17.000,2026-05-12 04:53:45.000,validation,validation
2026-05-12 04:45:00,2026-05-12 04:35:17.000,2026-05-12 04:56:45.000,train,validation
2026-05-12 04:48:00,2026-05-12 04:38:17.000,2026-05-12 04:59:45.000,train,validation
2026-05-12 04:51:00,2026-05-12 04:41:17.000,2026-05-12 05:02:45.000,train,validation
2026-05-12 04:54:00,2026-05-12 04:44:17.000,2026-05-12 05:05:45.000,validation,validation
2026-05-12 04:57:00,2026-05-12 04:47:17.000,2026-05-12 05:08:45.000,train,validation
2026-05-12 05:00:00,2026-05-12 04:50:17.000,2026-05-12 05:11:45.000,train,validation
2026-05-12 05:03:00,2026-05-12 04:53:17.000,2026-05-12 05:14:45.000,train,validation
2026-05-12 05:06:00,2026-05-12 04:56:17.000,2026-05-12 05:17:45.000,train,validation
2026-05-12 05:09:00,2026-05-12 04:59:17.000,2026-05-12 05:20:45.000,train,validation
2026-05-12 05:12:00,2026-05-12 05:02:17.000,2026-05-12 05:23:45.000,train,validation
2026-05-12 05:15:00,2026-05-12 05:05:17.000,2026-05-12 05:26:45.000,validation,validation
2026-05-12 05:18:00,2026-05-12 05:08:17.000,2026-05-12 05:29:45.000,validation,validation
2026-05-12 05:21:00,2026-05-12 05:11:17.000,2026-05-12 05:32:45.000,train,validation
2026-05-12 05:24:00,2026-05-12 05:14:17.000,2026-05-12 05:35:45.000,validation,validation
2026-05-12 05:27:00,2026-05-12 05:17:17.000,2026-05-12 05:38:45.000,train,validation
2026-05-12 05:30:00,2026-05-12 05:20:17.000,2026-05-12 05:41:45.000,validation,validation
2026-05-12 05:33:00,2026-05-12 05:23:17.000,2026-05-12 05:44:45.000,train,validation
2026-05-12 05:36:00,2026-05-12 05:26:17.000,2026-05-12 05:47:45.000,validation,validation
2026-05-12 05:39:00,2026-05-12 05:29:17.000,2026-05-12 05:50:45.000,validation,validation
2026-05-12 05:42:00,2026-05-12 05:32:17.000,2026-05-12 05:53:45.000,train,validation
2026-05-12 05:45:00,2026-05-12 05:35:18.000,2026-05-12 05:56:45.000,train,validation
2026-05-12 05:48:00,2026-05-12 05:38:18.000,2026-05-12 05:59:45.000,train,validation
2026-05-12 05:51:00,2026-05-12 05:41:18.000,2026-05-12 06:02:45.000,validation,validation
2026-05-12 05:54:00,2026-05-12 05:44:18.000,2026-05-12 06:05:45.000,train,validation
2026-05-12 05:57:00,2026-05-12 05:47:18.000,2026-05-12 06:08:45.000,train,validation
2026-05-12 06:00:00,2026-05-12 05:50:18.000,2026-05-12 06:11:45.000,validation,validation
2026-05-12 06:03:00,2026-05-12 05:53:18.000,2026-05-12 06:14:45.000,train,validation
2026-05-12 06:06:00,2026-05-12 05:56:18.000,2026-05-12 06:17:45.000,train,validation
2026-05-12 06:09:00,2026-05-12 05:59:18.000,2026-05-12 06:20:45.000,train,validation
2026-05-12 06:12:00,2026-05-12 06:02:18.000,2026-05-12 06:23:45.000,validation,validation
2026-05-12 06:15:00,2026-05-12 06:05:18.000,2026-05-12 06:26:45.000,train,validation
2026-05-12 06:18:00,2026-05-12 06:08:18.000,2026-05-12 06:29:45.000,train,validation
2026-05-12 06:21:00,2026-05-12 06:11:18.000,2026-05-12 06:32:45.000,train,validation
2026-05-12 06:24:00,2026-05-12 06:14:18.000,2026-05-12 06:35:45.000,train,validation
2026-05-12 06:27:00,2026-05-12 06:17:18.000,2026-05-12 06:38:45.000,validation,validation
2026-05-12 06:30:00,2026-05-12 06:20:18.000,2026-05-12 06:41:45.000,validation,validation
2026-05-12 06:33:00,2026-05-12 06:23:18.000,2026-05-12 06:44:45.000,train,validation
2026-05-12 06:36:00,2026-05-12 06:26:18.000,2026-05-12 06:47:45.000,train,validation
2026-05-12 06:39:00,2026-05-12 06:29:18.000,2026-05-12 06:50:45.000,validation,validation
2026-05-12 06:42:00,2026-05-12 06:32:18.000,2026-05-12 06:53:45.000,train,validation
2026-05-12 06:45:00,2026-05-12 06:35:18.000,2026-05-12 06:56:45.000,train,validation
2026-05-12 06:48:00,2026-05-12 06:38:18.000,2026-05-12 06:59:45.000,train,validation
2026-05-12 06:51:00,2026-05-12 06:41:19.000,2026-05-12 07:02:45.000,train,validation
2026-05-12 06:54:00,2026-05-12 06:44:19.000,2026-05-12 07:05:45.000,train,validation
2026-05-12 06:57:00,2026-05-12 06:47:19.000,2026-05-12 07:08:45.000,validation,validation
2026-05-12 07:00:00,2026-05-12 06:50:19.000,2026-05-12 07:11:45.000,train,validation
2026-05-12 07:03:00,2026-05-12 06:53:19.000,2026-05-12 07:14:45.000,train,validation
2026-05-12 07:06:00,2026-05-12 06:56:19.000,2026-05-12 07:17:45.000,train,validation
2026-05-12 07:09:00,2026-05-12 06:59:19.000,2026-05-12 07:20:45.000,train,validation
2026-05-12 07:12:00,2026-05-12 07:02:19.000,2026-05-12 07:23:45.000,train,validation
2026-05-12 07:15:00,2026-05-12 07:05:19.000,2026-05-12 07:26:45.000,train,validation
2026-05-12 07:18:00,2026-05-12 07:08:19.000,2026-05-12 07:29:45.000,train,validation
2026-05-12 07:21:00,2026-05-12 07:11:19.000,2026-05-12 07:32:45.000,train,validation
2026-05-12 07:24:00,2026-05-12 07:14:19.000,2026-05-12 07:35:45.000,validation,validation
2026-05-12 07:27:00,2026-05-12 07:17:19.000,2026-05-12 07:38:45.000,train,validation
2026-05-12 07:30:00,2026-05-12 07:20:19.000,2026-05-12 07:41:45.000,train,validation
2026-05-12 07:33:00,2026-05-12 07:23:19.000,2026-05-12 07:44:45.000,train,validation
2026-05-12 07:36:00,2026-05-12 07:26:19.000,2026-05-12 07:47:45.000,train,validation
2026-05-12 07:39:00,2026-05-12 07:29:19.000,2026-05-12 07:50:45.000,train,validation
2026-05-12 07:42:00,2026-05-12 07:32:19.000,2026-05-12 07:53:45.000,train,validation
2026-05-12 07:45:00,2026-05-12 07:35:19.000,2026-05-12 07:56:45.000,train,validation
2026-05-12 07:48:00,2026-05-12 07:38:19.000,2026-05-12 07:59:45.000,train,validation
2026-05-12 07:51:00,2026-05-12 07:41:19.000,2026-05-12 08:02:45.000,train,validation
2026-05-12 07:54:00,2026-05-12 07:44:19.000,2026-05-12 08:05:45.000,train,validation
2026-05-12 07:57:00,2026-05-12 07:47:20.000,2026-05-12 08:08:45.000,train,validation
2026-05-12 08:00:00,2026-05-12 07:50:20.000,2026-05-12 08:11:45.000,train,validation
2026-05-12 08:03:00,2026-05-12 07:53:20.000,2026-05-12 08:14:45.000,validation,validation
2026-05-12 08:06:00,2026-05-12 07:56:20.000,2026-05-12 08:17:45.000,train,validation
2026-05-12 08:09:00,2026-05-12 07:59:20.000,2026-05-12 08:20:45.000,validation,validation
2026-05-12 08:12:00,2026-05-12 08:02:20.000,2026-05-12 08:23:45.000,train,validation
2026-05-12 08:15:00,2026-05-12 08:05:20.000,2026-05-12 08:26:45.000,train,validation
2026-05-12 08:18:00,2026-05-12 08:08:20.000,2026-05-12 08:29:45.000,train,validation
2026-05-12 08:21:00,2026-05-12 08:11:20.000,2026-05-12 08:32:45.000,train,validation
2026-05-12 08:24:00,2026-05-12 08:14:20.000,2026-05-12 08:35:45.000,train,validation
2026-05-12 08:27:00,2026-05-12 08:17:20.000,2026-05-12 08:38:45.000,train,validation
2026-05-12 08:30:00,2026-05-12 08:20:20.000,2026-05-12 08:41:45.000,train,validation
2026-05-12 08:33:00,2026-05-12 08:23:20.000,2026-05-12 08:44:45.000,train,validation
2026-05-12 08:36:00,2026-05-12 08:26:20.000,2026-05-12 08:47:45.000,train,validation
2026-05-12 08:39:00,2026-05-12 08:29:20.000,2026-05-12 08:50:45.000,validation,validation
2026-05-12 08:42:00,2026-05-12 08:32:20.000,2026-05-12 08:53:45.000,train,validation
2026-05-12 08:45:00,2026-05-12 08:35:20.000,2026-05-12 08:56:45.000,train,validation
2026-05-12 08:48:00,2026-05-12 08:38:20.000,2026-05-12 08:59:45.000,train,validation
2026-05-12 08:51:00,2026-05-12 08:41:20.000,2026-05-12 09:02:45.000,train,validation
2026-05-12 08:54:00,2026-05-12 08:44:20.000,2026-05-12 09:05:45.000,validation,validation
2026-05-12 08:57:00,2026-05-12 08:47:20.000,2026-05-12 09:08:45.000,validation,validation
2026-05-12 09:00:00,2026-05-12 08:50:20.000,2026-05-12 09:11:45.000,train,validation
2026-05-12 09:03:00,2026-05-12 08:53:21.000,2026-05-12 09:14:45.000,validation,validation
2026-05-12 09:06:00,2026-05-12 08:56:21.000,2026-05-12 09:17:45.000,train,validation
2026-05-12 09:09:00,2026-05-12 08:59:21.000,2026-05-12 09:20:45.000,validation,validation
2026-05-12 09:12:00,2026-05-12 09:02:21.000,2026-05-12 09:23:45.000,train,validation
2026-05-12 09:15:00,2026-05-12 09:05:21.000,2026-05-12 09:26:45.000,train,validation
2026-05-12 09:18:00,2026-05-12 09:08:21.000,2026-05-12 09:29:45.000,train,validation
2026-05-12 09:21:00,2026-05-12 09:11:21.000,2026-05-12 09:32:45.000,train,validation
2026-05-12 09:24:00,2026-05-12 09:14:21.000,2026-05-12 09:35:45.000,train,validation
2026-05-12 09:27:00,2026-05-12 09:17:21.000,2026-05-12 09:38:45.000,train,validation
2026-05-12 09:30:00,2026-05-12 09:20:21.000,2026-05-12 09:41:45.000,train,validation
2026-05-12 09:33:00,2026-05-12 09:23:21.000,2026-05-12 09:44:45.000,train,validation
2026-05-12 09:36:00,2026-05-12 09:26:21.000,2026-05-12 09:47:45.000,train,validation
2026-05-12 09:39:00,2026-05-12 09:29:21.000,2026-05-12 09:50:45.000,train,validation
2026-05-12 09:42:00,2026-05-12 09:32:21.000,2026-05-12 09:53:45.000,validation,validation
2026-05-12 09:45:00,2026-05-12 09:35:21.000,2026-05-12 09:56:45.000,train,validation
2026-05-12 09:48:00,2026-05-12 09:38:21.000,2026-05-12 09:59:45.000,train,validation
2026-05-12 09:51:00,2026-05-12 09:41:21.000,2026-05-12 10:02:45.000,train,validation
2026-05-12 09:54:00,2026-05-12 09:44:21.000,2026-05-12 10:05:45.000,validation,validation
2026-05-12 09:57:00,2026-05-12 09:47:21.000,2026-05-12 10:08:45.000,train,validation
2026-05-12 10:00:00,2026-05-12 09:50:21.000,2026-05-12 10:11:45.000,validation,validation
2026-05-12 10:03:00,2026-05-12 09:53:21.000,2026-05-12 10:14:45.000,train,validation
2026-05-12 10:06:00,2026-05-12 09:56:21.000,2026-05-12 10:17:45.000,validation,validation
2026-05-12 10:09:00,2026-05-12 09:59:21.000,2026-05-12 10:20:45.000,train,validation
2026-05-12 10:12:00,2026-05-12 10:02:21.000,2026-05-12 10:23:45.000,train,validation
2026-05-12 10:15:00,2026-05-12 10:05:21.000,2026-05-12 10:26:45.000,train,validation
2026-05-12 10:18:00,2026-05-12 10:08:21.000,2026-05-12 10:29:45.000,train,validation
2026-05-12 10:21:00,2026-05-12 10:11:21.000,2026-05-12 10:32:45.000,train,validation
2026-05-12 10:24:00,2026-05-12 10:14:21.000,2026-05-12 10:35:45.000,train,validation
2026-05-12 10:27:00,2026-05-12 10:17:21.000,2026-05-12 10:38:45.000,train,validation
2026-05-12 10:30:00,2026-05-12 10:20:21.000,2026-05-12 10:41:45.000,train,validation
2026-05-12 10:33:00,2026-05-12 10:23:21.000,2026-05-12 10:44:45.000,train,validation
2026-05-12 10:36:00,2026-05-12 10:26:21.000,2026-05-12 10:47:45.000,train,validation
2026-05-12 10:39:00,2026-05-12 10:29:21.000,2026-05-12 10:50:45.000,train,validation
2026-05-12 10:42:00,2026-05-12 10:32:21.000,2026-05-12 10:53:45.000,train,validation
2026-05-12 10:45:00,2026-05-12 10:35:21.000,2026-05-12 10:56:45.000,train,validation
2026-05-12 10:48:00,2026-05-12 10:38:21.000,2026-05-12 10:59:45.000,train,validation
2026-05-12 10:51:00,2026-05-12 10:41:21.000,2026-05-12 11:02:45.000,train,validation
2026-05-12 10:54:00,2026-05-12 10:44:21.000,2026-05-12 11:05:45.000,train,validation
2026-05-12 10:57:00,2026-05-12 10:47:21.000,2026-05-12 11:08:45.000,validation,validation
2026-05-12 11:00:00,2026-05-12 10:50:21.000,2026-05-12 11:11:45.000,train,validation
2026-05-12 11:03:00,2026-05-12 10:53:21.000,2026-05-12 11:14:45.000,validation,validation
2026-05-12 11:06:00,2026-05-12 10:56:21.000,2026-05-12 11:17:45.000,validation,validation
2026-05-12 11:09:00,2026-05-12 10:59:21.000,2026-05-12 11:20:45.000,train,validation
2026-05-12 11:12:00,2026-05-12 11:02:21.000,2026-05-12 11:23:45.000,train,validation
2026-05-12 11:15:00,2026-05-12 11:05:21.000,2026-05-12 11:26:45.000,train,validation
2026-05-12 11:18:00,2026-05-12 11:08:21.000,2026-05-12 11:29:45.000,train,validation
2026-05-12 11:21:00,2026-05-12 11:11:21.000,2026-05-12 11:32:45.000,train,validation
2026-05-12 11:24:00,2026-05-12 11:14:21.000,2026-05-12 11:35:45.000,train,validation
2026-05-12 11:27:00,2026-05-12 11:17:21.000,2026-05-12 11:38:45.000,train,validation
2026-05-12 11:30:00,2026-05-12 11:20:21.000,2026-05-12 11:41:45.000,train,validation
2026-05-12 11:33:00,2026-05-12 11:23:21.000,2026-05-12 11:44:45.000,train,validation
2026-05-12 11:36:00,2026-05-12 11:26:21.000,2026-05-12 11:47:45.000,train,validation
2026-05-12 11:39:00,2026-05-12 11:29:21.000,2026-05-12 11:50:45.000,train,validation
2026-05-12 11:42:00,2026-05-12 11:32:21.000,2026-05-12 11:53:45.000,train,validation
2026-05-12 11:45:00,2026-05-12 11:35:21.000,2026-05-12 11:56:45.000,train,validation
2026-05-12 11:48:00,2026-05-12 11:38:21.000,2026-05-12 11:59:45.000,train,validation
2026-05-12 11:51:00,2026-05-12 11:41:21.000,2026-05-12 12:02:45.000,train,validation
2026-05-12 11:54:00,2026-05-12 11:44:21.000,2026-05-12 12:05:45.000,train,validation
2026-05-12 11:57:00,2026-05-12 11:47:21.000,2026-05-12 12:08:45.000,train,validation
2026-05-12 12:00:00,2026-05-12 11:50:21.000,2026-05-12 12:11:45.000,train,validation
2026-05-12 12:03:00,2026-05-12 11:53:21.000,2026-05-12 12:14:45.000,train,validation
2026-05-12 12:06:00,2026-05-12 11:56:21.000,2026-05-12 12:17:45.000,validation,validation
2026-05-12 12:09:00,2026-05-12 11:59:21.000,2026-05-12 12:20:45.000,validation,validation
2026-05-12 12:12:00,2026-05-12 12:02:21.000,2026-05-12 12:23:45.000,train,validation
2026-05-12 12:15:00,2026-05-12 12:05:21.000,2026-05-12 12:26:45.000,validation,validation
2026-05-12 12:18:00,2026-05-12 12:08:21.000,2026-05-12 12:29:45.000,train,validation
2026-05-12 12:21:00,2026-05-12 12:11:21.000,2026-05-12 12:32:45.000,train,validation
2026-05-12 12:24:00,2026-05-12 12:14:21.000,2026-05-12 12:35:45.000,train,validation
2026-05-12 12:27:00,2026-05-12 12:17:21.000,2026-05-12 12:38:45.000,train,validation
2026-05-12 12:30:00,2026-05-12 12:20:21.000,2026-05-12 12:41:45.000,train,validation
2026-05-12 12:33:00,2026-05-12 12:23:21.000,2026-05-12 12:44:45.000,train,validation
2026-05-12 12:36:00,2026-05-12 12:26:21.000,2026-05-12 12:47:45.000,train,validation
2026-05-12 12:39:00,2026-05-12 12:29:21.000,2026-05-12 12:50:45.000,train,validation
2026-05-12 12:42:00,2026-05-12 12:32:21.000,2026-05-12 12:53:45.000,train,validation
2026-05-12 12:45:00,2026-05-12 12:35:21.000,2026-05-12 12:56:45.000,train,validation
2026-05-12 12:48:00,2026-05-12 12:38:21.000,2026-05-12 12:59:45.000,validation,validation
2026-05-12 12:51:00,2026-05-12 12:41:21.000,2026-05-12 13:02:45.000,train,validation
2026-05-12 12:54:00,2026-05-12 12:44:21.000,2026-05-12 13:05:45.000,train,validation
2026-05-12 12:57:00,2026-05-12 12:47:21.000,2026-05-12 13:08:45.000,train,validation
2026-05-12 13:00:00,2026-05-12 12:50:21.000,2026-05-12 13:11:45.000,train,validation
2026-05-12 13:03:00,2026-05-12 12:53:21.000,2026-05-12 13:14:45.000,train,validation
2026-05-12 13:06:00,2026-05-12 12:56:21.000,2026-05-12 13:17:45.000,train,validation
2026-05-12 13:09:00,2026-05-12 12:59:21.000,2026-05-12 13:20:45.000,validation,validation
2026-05-12 13:12:00,2026-05-12 13:02:21.000,2026-05-12 13:23:45.000,train,validation
2026-05-12 13:15:00,2026-05-12 13:05:21.000,2026-05-12 13:26:45.000,train,validation
2026-05-12 13:18:00,2026-05-12 13:08:21.000,2026-05-12 13:29:45.000,train,validation
2026-05-12 13:21:00,2026-05-12 13:11:21.000,2026-05-12 13:32:45.000,train,validation
2026-05-12 13:24:00,2026-05-12 13:14:21.000,2026-05-12 13:35:45.000,train,validation
2026-05-12 13:27:00,2026-05-12 13:17:21.000,2026-05-12 13:38:45.000,train,validation
2026-05-12 13:30:00,2026-05-12 13:20:21.000,2026-05-12 13:41:45.000,train,validation
2026-05-12 13:33:00,2026-05-12 13:23:21.000,2026-05-12 13:44:45.000,train,validation
2026-05-12 13:36:00,2026-05-12 13:26:21.000,2026-05-12 13:47:45.000,train,validation
2026-05-12 13:39:00,2026-05-12 13:29:21.000,2026-05-12 13:50:45.000,train,validation
2026-05-12 13:42:00,2026-05-12 13:32:21.000,2026-05-12 13:53:45.000,train,validation
2026-05-12 13:45:00,2026-05-12 13:35:21.000,2026-05-12 13:56:45.000,train,validation
2026-05-12 13:48:00,2026-05-12 13:38:21.000,2026-05-12 13:59:45.000,train,validation
2026-05-12 13:51:00,2026-05-12 13:41:21.000,2026-05-12 14:02:45.000,validation,validation
2026-05-12 13:54:00,2026-05-12 13:44:21.000,2026-05-12 14:05:45.000,train,validation
2026-05-12 13:57:00,2026-05-12 13:47:21.000,2026-05-12 14:08:45.000,train,validation
2026-05-12 14:00:00,2026-05-12 13:50:21.000,2026-05-12 14:11:45.000,train,validation
2026-05-12 14:03:00,2026-05-12 13:53:21.000,2026-05-12 14:14:45.000,train,validation
2026-05-12 14:06:00,2026-05-12 13:56:21.000,2026-05-12 14:17:45.000,validation,validation
2026-05-12 14:09:00,2026-05-12 13:59:21.000,2026-05-12 14:20:45.000,train,validation
2026-05-12 14:12:00,2026-05-12 14:02:21.000,2026-05-12 14:23:45.000,train,validation
2026-05-12 14:15:00,2026-05-12 14:05:21.000,2026-05-12 14:26:45.000,train,validation
2026-05-12 14:18:00,2026-05-12 14:08:21.000,2026-05-12 14:29:45.000,train,validation
2026-05-12 14:21:00,2026-05-12 14:11:21.000,2026-05-12 14:32:45.000,train,validation
2026-05-12 14:24:00,2026-05-12 14:14:21.000,2026-05-12 14:35:45.000,train,validation
2026-05-12 14:27:00,2026-05-12 14:17:21.000,2026-05-12 14:38:45.000,validation,validation
2026-05-12 14:30:00,2026-05-12 14:20:21.000,2026-05-12 14:41:45.000,train,validation
2026-05-12 14:33:00,2026-05-12 14:23:21.000,2026-05-12 14:44:45.000,train,validation
2026-05-12 14:36:00,2026-05-12 14:26:21.000,2026-05-12 14:47:45.000,train,validation
2026-05-12 14:39:00,2026-05-12 14:29:21.000,2026-05-12 14:50:45.000,train,validation
2026-05-12 14:42:00,2026-05-12 14:32:21.000,2026-05-12 14:53:45.000,train,validation
2026-05-12 14:45:00,2026-05-12 14:35:21.000,2026-05-12 14:56:45.000,train,validation
2026-05-12 14:48:00,2026-05-12 14:38:21.000,2026-05-12 14:59:45.000,train,validation
2026-05-12 14:51:00,2026-05-12 14:41:21.000,2026-05-12 15:02:45.000,train,validation
2026-05-12 14:54:00,2026-05-12 14:44:21.000,2026-05-12 15:05:45.000,train,validation
2026-05-12 14:57:00,2026-05-12 14:47:21.000,2026-05-12 15:08:45.000,train,validation
2026-05-12 15:00:00,2026-05-12 14:50:21.000,2026-05-12 15:11:45.000,validation,validation
2026-05-12 15:03:00,2026-05-12 14:53:21.000,2026-05-12 15:14:45.000,train,validation
2026-05-12 15:06:00,2026-05-12 14:56:21.000,2026-05-12 15:17:45.000,validation,validation
2026-05-12 15:09:00,2026-05-12 14:59:21.000,2026-05-12 15:20:45.000,train,validation
2026-05-12 15:12:00,2026-05-12 15:02:21.000,2026-05-12 15:23:45.000,train,validation
2026-05-12 15:15:00,2026-05-12 15:05:21.000,2026-05-12 15:26:45.000,train,validation
2026-05-12 15:18:00,2026-05-12 15:08:21.000,2026-05-12 15:29:45.000,validation,validation
2026-05-12 15:21:00,2026-05-12 15:11:21.000,2026-05-12 15:32:45.000,train,validation
2026-05-12 15:24:00,2026-05-12 15:14:21.000,2026-05-12 15:35:45.000,train,validation
2026-05-12 15:27:00,2026-05-12 15:17:21.000,2026-05-12 15:38:45.000,train,validation
2026-05-12 15:30:00,2026-05-12 15:20:21.000,2026-05-12 15:41:45.000,train,validation
2026-05-12 15:33:00,2026-05-12 15:23:21.000,2026-05-12 15:44:45.000,train,validation
2026-05-12 15:36:00,2026-05-12 15:26:21.000,2026-05-12 15:47:45.000,train,validation
2026-05-12 15:39:00,2026-05-12 15:29:21.000,2026-05-12 15:50:45.000,validation,validation
2026-05-12 15:42:00,2026-05-12 15:32:21.000,2026-05-12 15:53:45.000,train,validation
2026-05-12 15:45:00,2026-05-12 15:35:21.000,2026-05-12 15:56:45.000,train,validation
2026-05-12 15:48:00,2026-05-12 15:38:21.000,2026-05-12 15:59:45.000,train,validation
2026-05-12 15:51:00,2026-05-12 15:41:21.000,2026-05-12 16:02:45.000,train,validation
2026-05-12 15:54:00,2026-05-12 15:44:21.000,2026-05-12 16:05:45.000,validation,validation
2026-05-12 15:57:00,2026-05-12 15:47:21.000,2026-05-12 16:08:45.000,train,validation
2026-05-12 16:00:00,2026-05-12 15:50:21.000,2026-05-12 16:11:45.000,train,validation
2026-05-12 16:03:00,2026-05-12 15:53:21.000,2026-05-12 16:14:45.000,train,validation
2026-05-12 16:06:00,2026-05-12 15:56:21.000,2026-05-12 16:17:45.000,validation,validation
2026-05-12 16:09:00,2026-05-12 15:59:21.000,2026-05-12 16:20:45.000,train,validation
2026-05-12 16:12:00,2026-05-12 16:02:21.000,2026-05-12 16:23:45.000,train,validation
2026-05-12 16:15:00,2026-05-12 16:05:21.000,2026-05-12 16:26:45.000,train,validation
2026-05-12 16:18:00,2026-05-12 16:08:21.000,2026-05-12 16:29:45.000,train,validation
2026-05-12 16:21:00,2026-05-12 16:11:21.000,2026-05-12 16:32:45.000,train,validation
2026-05-12 16:24:00,2026-05-12 16:14:21.000,2026-05-12 16:35:45.000,train,validation
2026-05-12 16:27:00,2026-05-12 16:17:21.000,2026-05-12 16:38:45.000,train,validation
2026-05-12 16:30:00,2026-05-12 16:20:21.000,2026-05-12 16:41:45.000,train,validation
2026-05-12 16:33:00,2026-05-12 16:23:21.000,2026-05-12 16:44:45.000,validation,validation
2026-05-12 16:36:00,2026-05-12 16:26:21.000,2026-05-12 16:47:45.000,validation,validation
2026-05-12 16:39:00,2026-05-12 16:29:21.000,2026-05-12 16:50:45.000,train,validation
2026-05-12 16:42:00,2026-05-12 16:32:21.000,2026-05-12 16:53:45.000,train,validation
2026-05-12 16:45:00,2026-05-12 16:35:21.000,2026-05-12 16:56:45.000,train,validation
2026-05-12 16:48:00,2026-05-12 16:38:21.000,2026-05-12 16:59:45.000,validation,validation
2026-05-12 16:51:00,2026-05-12 16:41:21.000,2026-05-12 17:02:45.000,train,validation
2026-05-12 16:54:00,2026-05-12 16:44:21.000,2026-05-12 17:05:45.000,train,validation
2026-05-12 16:57:00,2026-05-12 16:47:21.000,2026-05-12 17:08:45.000,train,validation
2026-05-12 17:00:00,2026-05-12 16:50:21.000,2026-05-12 17:11:45.000,train,validation
2026-05-12 17:03:00,2026-05-12 16:53:21.000,2026-05-12 17:14:45.000,validation,validation
2026-05-12 17:06:00,2026-05-12 16:56:21.000,2026-05-12 17:17:45.000,train,validation
2026-05-12 17:09:00,2026-05-12 16:59:21.000,2026-05-12 17:20:45.000,train,validation
2026-05-12 17:12:00,2026-05-12 17:02:21.000,2026-05-12 17:23:45.000,train,validation
2026-05-12 17:15:00,2026-05-12 17:05:21.000,2026-05-12 17:26:45.000,train,validation
2026-05-12 17:18:00,2026-05-12 17:08:21.000,2026-05-12 17:29:45.000,train,validation
2026-05-12 17:21:00,2026-05-12 17:11:21.000,2026-05-12 17:32:45.000,validation,validation
2026-05-12 17:24:00,2026-05-12 17:14:21.000,2026-05-12 17:35:45.000,train,validation
2026-05-12 17:27:00,2026-05-12 17:17:21.000,2026-05-12 17:38:45.000,train,validation
2026-05-12 17:30:00,2026-05-12 17:20:21.000,2026-05-12 17:41:45.000,train,validation
2026-05-12 17:33:00,2026-05-12 17:23:21.000,2026-05-12 17:44:45.000,train,validation
2026-05-12 17:36:00,2026-05-12 17:26:21.000,2026-05-12 17:47:45.000,train,validation
2026-05-12 17:39:00,2026-05-12 17:29:21.000,2026-05-12 17:50:45.000,train,validation
2026-05-12 17:42:00,2026-05-12 17:32:21.000,2026-05-12 17:53:45.000,train,validation
2026-05-12 17:45:00,2026-05-12 17:35:21.000,2026-05-12 17:56:45.000,train,validation
2026-05-12 17:48:00,2026-05-12 17:38:21.000,2026-05-12 17:59:45.000,train,validation
2026-05-12 17:51:00,2026-05-12 17:41:21.000,2026-05-12 18:02:45.000,train,validation
2026-05-12 17:54:00,2026-05-12 17:44:21.000,2026-05-12 18:05:45.000,train,validation
2026-05-12 17:57:00,2026-05-12 17:47:21.000,2026-05-12 18:08:45.000,train,validation
2026-05-12 18:00:00,2026-05-12 17:50:21.000,2026-05-12 18:11:45.000,train,validation
2026-05-12 18:03:00,2026-05-12 17:53:21.000,2026-05-12 18:14:45.000,train,validation
2026-05-12 18:06:00,2026-05-12 17:56:21.000,2026-05-12 18:17:45.000,train,validation
2026-05-12 18:09:00,2026-05-12 17:59:21.000,2026-05-12 18:20:45.000,train,validation
2026-05-12 18:12:00,2026-05-12 18:02:21.000,2026-05-12 18:23:45.000,train,validation
2026-05-12 18:15:00,2026-05-12 18:05:21.000,2026-05-12 18:26:45.000,validation,validation
2026-05-12 18:18:00,2026-05-12 18:08:21.000,2026-05-12 18:29:45.000,train,validation
2026-05-12 18:21:00,2026-05-12 18:11:21.000,2026-05-12 18:32:45.000,train,validation
2026-05-12 18:24:00,2026-05-12 18:14:21.000,2026-05-12 18:35:45.000,validation,validation
2026-05-12 18:27:00,2026-05-12 18:17:21.000,2026-05-12 18:38:45.000,train,validation
2026-05-12 18:30:00,2026-05-12 18:20:21.000,2026-05-12 18:41:45.000,validation,validation
2026-05-12 18:33:00,2026-05-12 18:23:21.000,2026-05-12 18:44:45.000,train,validation
2026-05-12 18:36:00,2026-05-12 18:26:21.000,2026-05-12 18:47:45.000,validation,validation
2026-05-12 18:39:00,2026-05-12 18:29:21.000,2026-05-12 18:50:45.000,train,validation
2026-05-12 18:42:00,2026-05-12 18:32:21.000,2026-05-12 18:53:45.000,train,validation
2026-05-12 18:45:00,2026-05-12 18:35:21.000,2026-05-12 18:56:45.000,train,validation
2026-05-12 18:48:00,2026-05-12 18:38:21.000,2026-05-12 18:59:45.000,train,validation
2026-05-12 18:51:00,2026-05-12 18:41:21.000,2026-05-12 19:02:45.000,train,validation
2026-05-12 18:54:00,2026-05-12 18:44:21.000,2026-05-12 19:05:45.000,train,validation
2026-05-12 18:57:00,2026-05-12 18:47:21.000,2026-05-12 19:08:45.000,validation,validation
2026-05-12 19:00:00,2026-05-12 18:50:21.000,2026-05-12 19:11:45.000,train,validation
2026-05-12 19:03:00,2026-05-12 18:53:21.000,2026-05-12 19:14:45.000,train,validation
2026-05-12 19:06:00,2026-05-12 18:56:21.000,2026-05-12 19:17:45.000,train,validation
2026-05-12 19:09:00,2026-05-12 18:59:21.000,2026-05-12 19:20:45.000,train,validation
2026-05-12 19:12:00,2026-05-12 19:02:21.000,2026-05-12 19:23:45.000,train,validation
2026-05-12 19:15:00,2026-05-12 19:05:21.000,2026-05-12 19:26:45.000,train,validation
2026-05-12 19:18:00,2026-05-12 19:08:21.000,2026-05-12 19:29:45.000,train,validation
2026-05-12 19:21:00,2026-05-12 19:11:21.000,2026-05-12 19:32:45.000,train,validation
2026-05-12 19:24:00,2026-05-12 19:14:21.000,2026-05-12 19:35:45.000,train,validation
2026-05-12 19:27:00,2026-05-12 19:17:21.000,2026-05-12 19:38:45.000,train,validation
2026-05-12 19:30:00,2026-05-12 19:20:21.000,2026-05-12 19:41:45.000,train,validation
2026-05-12 19:33:00,2026-05-12 19:23:21.000,2026-05-12 19:44:45.000,train,validation
2026-05-12 19:36:00,2026-05-12 19:26:21.000,2026-05-12 19:47:45.000,train,validation
2026-05-12 19:39:00,2026-05-12 19:29:21.000,2026-05-12 19:50:45.000,train,validation
2026-05-12 19:42:00,2026-05-12 19:32:21.000,2026-05-12 19:53:45.000,train,validation
2026-05-12 19:45:00,2026-05-12 19:35:21.000,2026-05-12 19:56:45.000,train,validation
2026-05-12 19:48:00,2026-05-12 19:38:21.000,2026-05-12 19:59:45.000,validation,validation
2026-05-12 19:51:00,2026-05-12 19:41:21.000,2026-05-12 20:02:45.000,train,validation
2026-05-12 19:54:00,2026-05-12 19:44:21.000,2026-05-12 20:05:45.000,train,validation
2026-05-12 19:57:00,2026-05-12 19:47:21.000,2026-05-12 20:08:45.000,train,validation
2026-05-12 20:00:00,2026-05-12 19:50:21.000,2026-05-12 20:11:45.000,train,validation
2026-05-12 20:03:00,2026-05-12 19:53:21.000,2026-05-12 20:14:45.000,train,validation
2026-05-12 20:06:00,2026-05-12 19:56:21.000,2026-05-12 20:17:45.000,train,validation
2026-05-12 20:09:00,2026-05-12 19:59:21.000,2026-05-12 20:20:45.000,train,validation
2026-05-12 20:12:00,2026-05-12 20:02:21.000,2026-05-12 20:23:45.000,train,validation
2026-05-12 20:15:00,2026-05-12 20:05:21.000,2026-05-12 20:26:45.000,train,validation
2026-05-12 20:18:00,2026-05-12 20:08:21.000,2026-05-12 20:29:45.000,train,validation
2026-05-12 20:21:00,2026-05-12 20:11:21.000,2026-05-12 20:32:45.000,train,validation
2026-05-12 20:24:00,2026-05-12 20:14:21.000,2026-05-12 20:35:45.000,train,validation
2026-05-12 20:27:00,2026-05-12 20:17:21.000,2026-05-12 20:38:45.000,train,validation
2026-05-12 20:30:00,2026-05-12 20:20:21.000,2026-05-12 20:41:45.000,train,validation
2026-05-12 20:33:00,2026-05-12 20:23:21.000,2026-05-12 20:44:45.000,train,validation
2026-05-12 20:36:00,2026-05-12 20:26:21.000,2026-05-12 20:47:45.000,train,validation
2026-05-12 20:39:00,2026-05-12 20:29:21.000,2026-05-12 20:50:45.000,validation,validation
2026-05-12 20:42:00,2026-05-12 20:32:21.000,2026-05-12 20:53:45.000,train,validation
2026-05-12 20:45:00,2026-05-12 20:35:21.000,2026-05-12 20:56:45.000,train,validation
2026-05-12 20:48:00,2026-05-12 20:38:21.000,2026-05-12 20:59:45.000,train,validation
2026-05-12 20:51:00,2026-05-12 20:41:21.000,2026-05-12 21:02:45.000,validation,validation
2026-05-12 20:54:00,2026-05-12 20:44:21.000,2026-05-12 21:05:45.000,train,validation
2026-05-12 20:57:00,2026-05-12 20:47:21.000,2026-05-12 21:08:45.000,train,validation
2026-05-12 21:00:00,2026-05-12 20:50:21.000,2026-05-12 21:11:45.000,train,validation
2026-05-12 21:03:00,2026-05-12 20:53:21.000,2026-05-12 21:14:45.000,train,validation
2026-05-12 21:06:00,2026-05-12 20:56:21.000,2026-05-12 21:17:45.000,train,validation
2026-05-12 21:09:00,2026-05-12 20:59:21.000,2026-05-12 21:20:45.000,train,validation
2026-05-12 21:12:00,2026-05-12 21:02:21.000,2026-05-12 21:23:45.000,train,validation
2026-05-12 21:15:00,2026-05-12 21:05:21.000,2026-05-12 21:26:45.000,train,validation
2026-05-12 21:18:00,2026-05-12 21:08:21.000,2026-05-12 21:29:45.000,train,validation
2026-05-12 21:21:00,2026-05-12 21:11:21.000,2026-05-12 21:32:45.000,train,validation
2026-05-12 21:24:00,2026-05-12 21:14:21.000,2026-05-12 21:35:45.000,train,validation
2026-05-12 21:27:00,2026-05-12 21:17:21.000,2026-05-12 21:38:45.000,train,validation
2026-05-12 21:30:00,2026-05-12 21:20:21.000,2026-05-12 21:41:45.000,train,validation
2026-05-12 21:33:00,2026-05-12 21:23:21.000,2026-05-12 21:44:45.000,train,validation
2026-05-12 21:36:00,2026-05-12 21:26:21.000,2026-05-12 21:47:45.000,train,validation
2026-05-12 21:39:00,2026-05-12 21:29:21.000,2026-05-12 21:50:45.000,train,validation
2026-05-12 21:42:00,2026-05-12 21:32:21.000,2026-05-12 21:53:45.000,train,validation
2026-05-12 21:45:00,2026-05-12 21:35:21.000,2026-05-12 21:56:45.000,train,validation
2026-05-12 21:48:00,2026-05-12 21:38:21.000,2026-05-12 21:59:45.000,validation,validation
2026-05-12 21:51:00,2026-05-12 21:41:21.000,2026-05-12 22:02:45.000,validation,validation
2026-05-12 21:54:00,2026-05-12 21:44:21.000,2026-05-12 22:05:45.000,train,validation
2026-05-12 21:57:00,2026-05-12 21:47:21.000,2026-05-12 22:08:45.000,validation,validation
2026-05-12 22:00:00,2026-05-12 21:50:21.000,2026-05-12 22:11:45.000,validation,validation
2026-05-12 22:03:00,2026-05-12 21:53:21.000,2026-05-12 22:14:45.000,validation,validation
2026-05-12 22:06:00,2026-05-12 21:56:21.000,2026-05-12 22:17:45.000,train,validation
2026-05-12 22:09:00,2026-05-12 21:59:21.000,2026-05-12 22:20:45.000,train,validation
2026-05-12 22:12:00,2026-05-12 22:02:21.000,2026-05-12 22:23:45.000,train,validation
2026-05-12 22:15:00,2026-05-12 22:05:21.000,2026-05-12 22:26:45.000,train,validation
2026-05-12 22:18:00,2026-05-12 22:08:21.000,2026-05-12 22:29:45.000,train,validation
2026-05-12 22:21:00,2026-05-12 22:11:21.000,2026-05-12 22:32:45.000,validation,validation
2026-05-12 22:24:00,2026-05-12 22:14:21.000,2026-05-12 22:35:45.000,train,validation
2026-05-12 22:27:00,2026-05-12 22:17:21.000,2026-05-12 22:38:45.000,train,validation
2026-05-12 22:30:00,2026-05-12 22:20:21.000,2026-05-12 22:41:45.000,train,validation
2026-05-12 22:33:00,2026-05-12 22:23:21.000,2026-05-12 22:44:45.000,train,validation
2026-05-12 22:36:00,2026-05-12 22:26:21.000,2026-05-12 22:47:45.000,validation,validation
2026-05-12 22:39:00,2026-05-12 22:29:21.000,2026-05-12 22:50:45.000,train,validation
2026-05-12 22:42:00,2026-05-12 22:32:21.000,2026-05-12 22:53:45.000,train,validation
2026-05-12 22:45:00,2026-05-12 22:35:21.000,2026-05-12 22:56:45.000,train,validation
2026-05-12 22:48:00,2026-05-12 22:38:21.000,2026-05-12 22:59:45.000,train,validation
2026-05-12 22:51:00,2026-05-12 22:41:21.000,2026-05-12 23:02:45.000,train,validation
2026-05-12 22:54:00,2026-05-12 22:44:21.000,2026-05-12 23:05:45.000,train,validation
2026-05-12 22:57:00,2026-05-12 22:47:21.000,2026-05-12 23:08:45.000,train,validation
2026-05-12 23:00:00,2026-05-12 22:50:21.000,2026-05-12 23:11:45.000,train,validation
2026-05-12 23:03:00,2026-05-12 22:53:21.000,2026-05-12 23:14:45.000,train,validation
2026-05-12 23:06:00,2026-05-12 22:56:21.000,2026-05-12 23:17:45.000,train,validation
2026-05-12 23:09:00,2026-05-12 22:59:21.000,2026-05-12 23:20:45.000,train,validation
2026-05-12 23:12:00,2026-05-12 23:02:21.000,2026-05-12 23:23:45.000,validation,validation
2026-05-12 23:15:00,2026-05-12 23:05:21.000,2026-05-12 23:26:45.000,validation,validation
2026-05-12 23:18:00,2026-05-12 23:08:21.000,2026-05-12 23:29:45.000,train,validation
2026-05-12 23:21:00,2026-05-12 23:11:21.000,2026-05-12 23:32:45.000,validation,validation
2026-05-12 23:24:00,2026-05-12 23:14:21.000,2026-05-12 23:35:45.000,train,validation
2026-05-12 23:27:00,2026-05-12 23:17:21.000,2026-05-12 23:38:45.000,train,validation
2026-05-12 23:30:00,2026-05-12 23:20:21.000,2026-05-12 23:41:45.000,train,validation
2026-05-12 23:33:00,2026-05-12 23:23:21.000,2026-05-12 23:44:45.000,train,validation
2026-05-12 23:36:00,2026-05-12 23:26:21.000,2026-05-12 23:47:45.000,validation,validation
2026-05-12 23:39:00,2026-05-12 23:29:21.000,2026-05-12 23:50:45.000,validation,validation
2026-05-12 23:42:00,2026-05-12 23:32:21.000,2026-05-12 23:53:45.000,train,validation
2026-05-12 23:45:00,2026-05-12 23:35:21.000,2026-05-12 23:56:45.000,train,validation
2026-05-12 23:48:00,2026-05-12 23:38:21.000,2026-05-12 23:59:45.000,validation,validation
2026-05-12 23:51:00,2026-05-12 23:41:21.000,2026-05-13 00:02:45.000,validation,validation
2026-05-12 23:54:00,2026-05-12 23:44:21.000,2026-05-13 00:05:45.000,validation,validation
2026-05-12 23:57:00,2026-05-12 23:47:21.000,2026-05-13 00:08:45.000,train,validation
2026-05-13 00:00:00,2026-05-12 23:50:21.000,2026-05-13 00:11:45.000,train,validation
2026-05-13 00:03:00,2026-05-12 23:53:21.000,2026-05-13 00:14:45.000,train,validation
2026-05-13 00:06:00,2026-05-12 23:56:21.000,2026-05-13 00:17:45.000,validation,validation
2026-05-13 00:09:00,2026-05-12 23:59:21.000,2026-05-13 00:20:45.000,train,validation
2026-05-13 00:12:00,2026-05-13 00:02:21.000,2026-05-13 00:23:45.000,validation,validation
2026-05-13 00:15:00,2026-05-13 00:05:21.000,2026-05-13 00:26:45.000,train,validation
2026-05-13 00:18:00,2026-05-13 00:08:21.000,2026-05-13 00:29:45.000,train,validation
2026-05-13 00:21:00,2026-05-13 00:11:21.000,2026-05-13 00:32:45.000,train,validation
2026-05-13 00:24:00,2026-05-13 00:14:21.000,2026-05-13 00:35:45.000,train,validation
2026-05-13 00:27:00,2026-05-13 00:17:21.000,2026-05-13 00:38:45.000,train,validation
2026-05-13 00:30:00,2026-05-13 00:20:21.000,2026-05-13 00:41:45.000,train,validation
2026-05-13 00:33:00,2026-05-13 00:23:21.000,2026-05-13 00:44:45.000,validation,validation
2026-05-13 00:36:00,2026-05-13 00:26:21.000,2026-05-13 00:47:45.000,train,validation
2026-05-13 00:39:00,2026-05-13 00:29:21.000,2026-05-13 00:50:45.000,train,validation
2026-05-13 00:42:00,2026-05-13 00:32:21.000,2026-05-13 00:53:45.000,train,validation
2026-05-13 00:45:00,2026-05-13 00:35:21.000,2026-05-13 00:56:45.000,train,validation
2026-05-13 00:48:00,2026-05-13 00:38:21.000,2026-05-13 00:59:45.000,validation,validation
2026-05-13 00:51:00,2026-05-13 00:41:21.000,2026-05-13 01:02:45.000,train,validation
2026-05-13 00:54:00,2026-05-13 00:44:21.000,2026-05-13 01:05:45.000,train,validation
2026-05-13 00:57:00,2026-05-13 00:47:21.000,2026-05-13 01:08:45.000,train,validation
2026-05-13 01:00:00,2026-05-13 00:50:21.000,2026-05-13 01:11:45.000,train,validation
2026-05-13 01:03:00,2026-05-13 00:53:21.000,2026-05-13 01:14:45.000,train,validation
2026-05-13 01:06:00,2026-05-13 00:56:21.000,2026-05-13 01:17:45.000,validation,validation
2026-05-13 01:09:00,2026-05-13 00:59:21.000,2026-05-13 01:20:45.000,train,validation
2026-05-13 01:12:00,2026-05-13 01:02:21.000,2026-05-13 01:23:45.000,train,validation
2026-05-13 01:15:00,2026-05-13 01:05:21.000,2026-05-13 01:26:45.000,train,validation
2026-05-13 01:18:00,2026-05-13 01:08:21.000,2026-05-13 01:29:45.000,train,validation
2026-05-13 01:21:00,2026-05-13 01:11:21.000,2026-05-13 01:32:45.000,train,validation
2026-05-13 01:24:00,2026-05-13 01:14:21.000,2026-05-13 01:35:45.000,train,validation
2026-05-13 01:27:00,2026-05-13 01:17:21.000,2026-05-13 01:38:45.000,train,validation
2026-05-13 01:30:00,2026-05-13 01:20:21.000,2026-05-13 01:41:45.000,validation,validation
2026-05-13 01:33:00,2026-05-13 01:23:21.000,2026-05-13 01:44:45.000,train,validation
2026-05-13 01:36:00,2026-05-13 01:26:21.000,2026-05-13 01:47:45.000,train,validation
2026-05-13 01:39:00,2026-05-13 01:29:21.000,2026-05-13 01:50:45.000,validation,validation
2026-05-13 01:42:00,2026-05-13 01:32:21.000,2026-05-13 01:53:45.000,train,validation
2026-05-13 01:45:00,2026-05-13 01:35:21.000,2026-05-13 01:56:45.000,train,validation
2026-05-13 01:48:00,2026-05-13 01:38:21.000,2026-05-13 01:59:45.000,train,validation
2026-05-13 01:51:00,2026-05-13 01:41:21.000,2026-05-13 02:02:45.000,train,validation
2026-05-13 01:54:00,2026-05-13 01:44:21.000,2026-05-13 02:05:45.000,train,validation
2026-05-13 01:57:00,2026-05-13 01:47:21.000,2026-05-13 02:08:45.000,validation,validation
2026-05-13 02:00:00,2026-05-13 01:50:21.000,2026-05-13 02:11:45.000,train,validation
2026-05-13 02:03:00,2026-05-13 01:53:21.000,2026-05-13 02:14:45.000,validation,validation
2026-05-13 02:06:00,2026-05-13 01:56:21.000,2026-05-13 02:17:45.000,validation,validation
2026-05-13 02:09:00,2026-05-13 01:59:21.000,2026-05-13 02:20:45.000,train,validation
2026-05-13 02:12:00,2026-05-13 02:02:21.000,2026-05-13 02:23:45.000,train,validation
2026-05-13 02:15:00,2026-05-13 02:05:21.000,2026-05-13 02:26:45.000,validation,validation
2026-05-13 02:18:00,2026-05-13 02:08:21.000,2026-05-13 02:29:45.000,train,validation
2026-05-13 02:21:00,2026-05-13 02:11:21.000,2026-05-13 02:32:45.000,train,validation
2026-05-13 02:24:00,2026-05-13 02:14:21.000,2026-05-13 02:35:45.000,train,validation
2026-05-13 02:27:00,2026-05-13 02:17:21.000,2026-05-13 02:38:45.000,train,validation
2026-05-13 02:30:00,2026-05-13 02:20:21.000,2026-05-13 02:41:45.000,train,validation
2026-05-13 02:33:00,2026-05-13 02:23:21.000,2026-05-13 02:44:45.000,train,validation
2026-05-13 02:36:00,2026-05-13 02:26:21.000,2026-05-13 02:47:45.000,train,validation
2026-05-13 02:39:00,2026-05-13 02:29:21.000,2026-05-13 02:50:45.000,train,validation
2026-05-13 02:42:00,2026-05-13 02:32:21.000,2026-05-13 02:53:45.000,train,validation
2026-05-13 02:45:00,2026-05-13 02:35:21.000,2026-05-13 02:56:45.000,train,validation
2026-05-13 02:48:00,2026-05-13 02:38:21.000,2026-05-13 02:59:45.000,train,validation
2026-05-13 02:51:00,2026-05-13 02:41:21.000,2026-05-13 03:02:45.000,train,validation
2026-05-13 02:54:00,2026-05-13 02:44:21.000,2026-05-13 03:05:45.000,train,validation
2026-05-13 02:57:00,2026-05-13 02:47:21.000,2026-05-13 03:08:45.000,train,validation
2026-05-13 03:00:00,2026-05-13 02:50:21.000,2026-05-13 03:11:45.000,train,validation
2026-05-13 03:03:00,2026-05-13 02:53:21.000,2026-05-13 03:14:45.000,train,validation
2026-05-13 03:06:00,2026-05-13 02:56:21.000,2026-05-13 03:17:45.000,train,validation
2026-05-13 03:09:00,2026-05-13 02:59:21.000,2026-05-13 03:20:45.000,train,validation
2026-05-13 03:12:00,2026-05-13 03:02:21.000,2026-05-13 03:23:45.000,train,validation
2026-05-13 03:15:00,2026-05-13 03:05:21.000,2026-05-13 03:26:45.000,validation,validation
2026-05-13 03:18:00,2026-05-13 03:08:21.000,2026-05-13 03:29:45.000,train,validation
2026-05-13 03:21:00,2026-05-13 03:11:21.000,2026-05-13 03:32:45.000,train,validation
2026-05-13 03:24:00,2026-05-13 03:14:21.000,2026-05-13 03:35:45.000,train,validation
2026-05-13 03:27:00,2026-05-13 03:17:21.000,2026-05-13 03:38:45.000,train,validation
2026-05-13 03:30:00,2026-05-13 03:20:21.000,2026-05-13 03:41:45.000,train,validation
2026-05-13 03:33:00,2026-05-13 03:23:21.000,2026-05-13 03:44:45.000,validation,validation
2026-05-13 03:36:00,2026-05-13 03:26:21.000,2026-05-13 03:47:45.000,train,validation
2026-05-13 03:39:00,2026-05-13 03:29:21.000,2026-05-13 03:50:45.000,train,validation
2026-05-13 03:42:00,2026-05-13 03:32:21.000,2026-05-13 03:53:45.000,train,validation
2026-05-13 03:45:00,2026-05-13 03:35:21.000,2026-05-13 03:56:45.000,train,validation
2026-05-13 03:48:00,2026-05-13 03:38:21.000,2026-05-13 03:59:45.000,train,validation
2026-05-13 03:51:00,2026-05-13 03:41:21.000,2026-05-13 04:02:45.000,train,validation
2026-05-13 03:54:00,2026-05-13 03:44:21.000,2026-05-13 04:05:45.000,validation,validation
2026-05-13 03:57:00,2026-05-13 03:47:21.000,2026-05-13 04:08:45.000,train,validation
2026-05-13 04:00:00,2026-05-13 03:50:21.000,2026-05-13 04:11:45.000,train,validation
2026-05-13 04:03:00,2026-05-13 03:53:21.000,2026-05-13 04:14:45.000,train,validation
2026-05-13 04:06:00,2026-05-13 03:56:21.000,2026-05-13 04:17:45.000,train,validation
2026-05-13 04:09:00,2026-05-13 03:59:21.000,2026-05-13 04:20:45.000,train,validation
2026-05-13 04:12:00,2026-05-13 04:02:21.000,2026-05-13 04:23:45.000,train,validation
2026-05-13 04:15:00,2026-05-13 04:05:21.000,2026-05-13 04:26:45.000,validation,validation
2026-05-13 04:18:00,2026-05-13 04:08:21.000,2026-05-13 04:29:45.000,train,validation
2026-05-13 04:21:00,2026-05-13 04:11:21.000,2026-05-13 04:32:45.000,train,validation
2026-05-13 04:24:00,2026-05-13 04:14:21.000,2026-05-13 04:35:45.000,train,validation
2026-05-13 04:27:00,2026-05-13 04:17:21.000,2026-05-13 04:38:45.000,train,validation
2026-05-13 04:30:00,2026-05-13 04:20:21.000,2026-05-13 04:41:45.000,train,validation
2026-05-13 04:33:00,2026-05-13 04:23:21.000,2026-05-13 04:44:45.000,train,validation
2026-05-13 04:36:00,2026-05-13 04:26:21.000,2026-05-13 04:47:45.000,validation,validation
2026-05-13 04:39:00,2026-05-13 04:29:21.000,2026-05-13 04:50:45.000,validation,validation
2026-05-13 04:42:00,2026-05-13 04:32:21.000,2026-05-13 04:53:45.000,train,validation
2026-05-13 04:45:00,2026-05-13 04:35:21.000,2026-05-13 04:56:45.000,train,validation
2026-05-13 04:48:00,2026-05-13 04:38:21.000,2026-05-13 04:59:45.000,train,validation
2026-05-13 04:51:00,2026-05-13 04:41:21.000,2026-05-13 05:02:45.000,train,validation
2026-05-13 04:54:00,2026-05-13 04:44:21.000,2026-05-13 05:05:45.000,train,validation
2026-05-13 04:57:00,2026-05-13 04:47:21.000,2026-05-13 05:08:45.000,train,validation
2026-05-13 05:00:00,2026-05-13 04:50:21.000,2026-05-13 05:11:45.000,train,validation
2026-05-13 05:03:00,2026-05-13 04:53:21.000,2026-05-13 05:14:45.000,train,validation
2026-05-13 05:06:00,2026-05-13 04:56:21.000,2026-05-13 05:17:45.000,validation,validation
2026-05-13 05:09:00,2026-05-13 04:59:21.000,2026-05-13 05:20:45.000,validation,validation
2026-05-13 05:12:00,2026-05-13 05:02:21.000,2026-05-13 05:23:45.000,train,validation
2026-05-13 05:15:00,2026-05-13 05:05:21.000,2026-05-13 05:26:45.000,train,validation
2026-05-13 05:18:00,2026-05-13 05:08:21.000,2026-05-13 05:29:45.000,train,validation
2026-05-13 05:21:00,2026-05-13 05:11:21.000,2026-05-13 05:32:45.000,train,validation
2026-05-13 05:24:00,2026-05-13 05:14:21.000,2026-05-13 05:35:45.000,train,validation
2026-05-13 05:27:00,2026-05-13 05:17:21.000,2026-05-13 05:38:45.000,train,validation
2026-05-13 05:30:00,2026-05-13 05:20:21.000,2026-05-13 05:41:45.000,validation,validation
2026-05-13 05:33:00,2026-05-13 05:23:21.000,2026-05-13 05:44:45.000,train,validation
2026-05-13 05:36:00,2026-05-13 05:26:21.000,2026-05-13 05:47:45.000,train,validation
2026-05-13 05:39:00,2026-05-13 05:29:21.000,2026-05-13 05:50:45.000,validation,validation
2026-05-13 05:42:00,2026-05-13 05:32:21.000,2026-05-13 05:53:45.000,validation,validation
2026-05-13 05:45:00,2026-05-13 05:35:21.000,2026-05-13 05:56:45.000,train,validation
2026-05-13 05:48:00,2026-05-13 05:38:21.000,2026-05-13 05:59:45.000,train,validation
2026-05-13 05:51:00,2026-05-13 05:41:21.000,2026-05-13 06:02:45.000,validation,validation
2026-05-13 05:54:00,2026-05-13 05:44:21.000,2026-05-13 06:05:45.000,train,validation
2026-05-13 05:57:00,2026-05-13 05:47:21.000,2026-05-13 06:08:45.000,validation,validation
2026-05-13 06:00:00,2026-05-13 05:50:21.000,2026-05-13 06:11:45.000,train,validation
2026-05-13 06:03:00,2026-05-13 05:53:21.000,2026-05-13 06:14:45.000,train,validation
2026-05-13 06:06:00,2026-05-13 05:56:21.000,2026-05-13 06:17:45.000,train,validation
2026-05-13 06:09:00,2026-05-13 05:59:21.000,2026-05-13 06:20:45.000,train,validation
2026-05-13 06:12:00,2026-05-13 06:02:21.000,2026-05-13 06:23:45.000,train,validation
2026-05-13 06:15:00,2026-05-13 06:05:21.000,2026-05-13 06:26:45.000,validation,validation
2026-05-13 06:18:00,2026-05-13 06:08:21.000,2026-05-13 06:29:45.000,train,validation
2026-05-13 06:21:00,2026-05-13 06:11:21.000,2026-05-13 06:32:45.000,train,validation
2026-05-13 06:24:00,2026-05-13 06:14:21.000,2026-05-13 06:35:45.000,train,validation
2026-05-13 06:27:00,2026-05-13 06:17:21.000,2026-05-13 06:38:45.000,train,validation
2026-05-13 06:30:00,2026-05-13 06:20:21.000,2026-05-13 06:41:45.000,train,validation
2026-05-13 06:33:00,2026-05-13 06:23:21.000,2026-05-13 06:44:45.000,validation,validation
2026-05-13 06:36:00,2026-05-13 06:26:21.000,2026-05-13 06:47:45.000,train,validation
2026-05-13 06:39:00,2026-05-13 06:29:21.000,2026-05-13 06:50:45.000,train,validation
2026-05-13 06:42:00,2026-05-13 06:32:21.000,2026-05-13 06:53:45.000,train,validation
2026-05-13 06:45:00,2026-05-13 06:35:21.000,2026-05-13 06:56:45.000,validation,validation
2026-05-13 06:48:00,2026-05-13 06:38:21.000,2026-05-13 06:59:45.000,train,validation
2026-05-13 06:51:00,2026-05-13 06:41:21.000,2026-05-13 07:02:45.000,train,validation
2026-05-13 06:54:00,2026-05-13 06:44:21.000,2026-05-13 07:05:45.000,train,validation
2026-05-13 06:57:00,2026-05-13 06:47:21.000,2026-05-13 07:08:45.000,train,validation
2026-05-13 07:00:00,2026-05-13 06:50:21.000,2026-05-13 07:11:45.000,train,validation
2026-05-13 07:03:00,2026-05-13 06:53:21.000,2026-05-13 07:14:45.000,train,validation
2026-05-13 07:06:00,2026-05-13 06:56:21.000,2026-05-13 07:17:45.000,train,validation
2026-05-13 07:09:00,2026-05-13 06:59:21.000,2026-05-13 07:20:45.000,train,validation
2026-05-13 07:12:00,2026-05-13 07:02:21.000,2026-05-13 07:23:45.000,train,validation
2026-05-13 07:15:00,2026-05-13 07:05:21.000,2026-05-13 07:26:45.000,train,validation
2026-05-13 07:18:00,2026-05-13 07:08:21.000,2026-05-13 07:29:45.000,train,validation
2026-05-13 07:21:00,2026-05-13 07:11:21.000,2026-05-13 07:32:45.000,train,validation
2026-05-13 07:24:00,2026-05-13 07:14:21.000,2026-05-13 07:35:45.000,train,validation
2026-05-13 07:27:00,2026-05-13 07:17:21.000,2026-05-13 07:38:45.000,train,validation
2026-05-13 07:30:00,2026-05-13 07:20:21.000,2026-05-13 07:41:45.000,train,validation
2026-05-13 07:33:00,2026-05-13 07:23:21.000,2026-05-13 07:44:45.000,train,validation
2026-05-13 07:36:00,2026-05-13 07:26:21.000,2026-05-13 07:47:45.000,validation,validation
2026-05-13 07:39:00,2026-05-13 07:29:21.000,2026-05-13 07:50:45.000,train,validation
2026-05-13 07:42:00,2026-05-13 07:32:21.000,2026-05-13 07:53:45.000,train,validation
2026-05-13 07:45:00,2026-05-13 07:35:21.000,2026-05-13 07:56:45.000,validation,validation
2026-05-13 07:48:00,2026-05-13 07:38:21.000,2026-05-13 07:59:45.000,train,validation
2026-05-13 07:51:00,2026-05-13 07:41:21.000,2026-05-13 08:02:45.000,train,validation
2026-05-13 07:54:00,2026-05-13 07:44:21.000,2026-05-13 08:05:45.000,train,validation
2026-05-13 07:57:00,2026-05-13 07:47:21.000,2026-05-13 08:08:45.000,train,validation
2026-05-13 08:00:00,2026-05-13 07:50:21.000,2026-05-13 08:11:45.000,train,validation
2026-05-13 08:03:00,2026-05-13 07:53:21.000,2026-05-13 08:14:45.000,train,validation
2026-05-13 08:06:00,2026-05-13 07:56:21.000,2026-05-13 08:17:45.000,train,validation
2026-05-13 08:09:00,2026-05-13 07:59:21.000,2026-05-13 08:20:45.000,train,validation
2026-05-13 08:12:00,2026-05-13 08:02:21.000,2026-05-13 08:23:45.000,train,validation
2026-05-13 08:15:00,2026-05-13 08:05:21.000,2026-05-13 08:26:45.000,validation,validation
2026-05-13 08:18:00,2026-05-13 08:08:21.000,2026-05-13 08:29:45.000,train,validation
2026-05-13 08:21:00,2026-05-13 08:11:21.000,2026-05-13 08:32:45.000,validation,validation
2026-05-13 08:24:00,2026-05-13 08:14:21.000,2026-05-13 08:35:45.000,validation,validation
2026-05-13 08:27:00,2026-05-13 08:17:21.000,2026-05-13 08:38:45.000,train,validation
2026-05-13 08:30:00,2026-05-13 08:20:21.000,2026-05-13 08:41:45.000,train,validation
2026-05-13 08:33:00,2026-05-13 08:23:21.000,2026-05-13 08:44:45.000,train,validation
2026-05-13 08:36:00,2026-05-13 08:26:21.000,2026-05-13 08:47:45.000,validation,validation
2026-05-13 08:39:00,2026-05-13 08:29:21.000,2026-05-13 08:50:45.000,train,validation
2026-05-13 08:42:00,2026-05-13 08:32:21.000,2026-05-13 08:53:45.000,train,validation
2026-05-13 08:45:00,2026-05-13 08:35:21.000,2026-05-13 08:56:45.000,train,validation
2026-05-13 08:48:00,2026-05-13 08:38:21.000,2026-05-13 08:59:45.000,train,validation
2026-05-13 08:51:00,2026-05-13 08:41:21.000,2026-05-13 09:02:45.000,validation,validation
2026-05-13 08:54:00,2026-05-13 08:44:21.000,2026-05-13 09:05:45.000,validation,validation
2026-05-13 08:57:00,2026-05-13 08:47:21.000,2026-05-13 09:08:45.000,train,validation
2026-05-13 09:00:00,2026-05-13 08:50:21.000,2026-05-13 09:11:45.000,train,validation
2026-05-13 09:03:00,2026-05-13 08:53:21.000,2026-05-13 09:14:45.000,train,validation
2026-05-13 09:06:00,2026-05-13 08:56:21.000,2026-05-13 09:17:45.000,validation,validation
2026-05-13 09:09:00,2026-05-13 08:59:21.000,2026-05-13 09:20:45.000,train,validation
2026-05-13 09:12:00,2026-05-13 09:02:21.000,2026-05-13 09:23:45.000,train,validation
2026-05-13 09:15:00,2026-05-13 09:05:21.000,2026-05-13 09:26:45.000,train,validation
2026-05-13 09:18:00,2026-05-13 09:08:21.000,2026-05-13 09:29:45.000,validation,validation
2026-05-13 09:21:00,2026-05-13 09:11:21.000,2026-05-13 09:32:45.000,validation,validation
2026-05-13 09:24:00,2026-05-13 09:14:21.000,2026-05-13 09:35:45.000,train,validation
2026-05-13 09:27:00,2026-05-13 09:17:21.000,2026-05-13 09:38:45.000,validation,validation
2026-05-13 09:30:00,2026-05-13 09:20:21.000,2026-05-13 09:41:45.000,train,validation
2026-05-13 09:33:00,2026-05-13 09:23:21.000,2026-05-13 09:44:45.000,train,validation
2026-05-13 09:36:00,2026-05-13 09:26:21.000,2026-05-13 09:47:45.000,train,validation
2026-05-13 09:39:00,2026-05-13 09:29:21.000,2026-05-13 09:50:45.000,train,validation
2026-05-13 09:42:00,2026-05-13 09:32:21.000,2026-05-13 09:53:45.000,train,validation
2026-05-13 09:45:00,2026-05-13 09:35:21.000,2026-05-13 09:56:45.000,train,validation
2026-05-13 09:48:00,2026-05-13 09:38:21.000,2026-05-13 09:59:45.000,validation,validation
2026-05-13 09:51:00,2026-05-13 09:41:21.000,2026-05-13 10:02:45.000,train,validation
2026-05-13 09:54:00,2026-05-13 09:44:21.000,2026-05-13 10:05:45.000,train,validation
2026-05-13 09:57:00,2026-05-13 09:47:21.000,2026-05-13 10:08:45.000,validation,validation
2026-05-13 10:00:00,2026-05-13 09:50:21.000,2026-05-13 10:11:45.000,train,validation
2026-05-13 10:03:00,2026-05-13 09:53:21.000,2026-05-13 10:14:45.000,train,validation
2026-05-13 10:06:00,2026-05-13 09:56:21.000,2026-05-13 10:17:45.000,train,validation
2026-05-13 10:09:00,2026-05-13 09:59:21.000,2026-05-13 10:20:45.000,train,validation
2026-05-13 10:12:00,2026-05-13 10:02:21.000,2026-05-13 10:23:45.000,train,validation
2026-05-13 10:15:00,2026-05-13 10:05:21.000,2026-05-13 10:26:45.000,train,validation
2026-05-13 10:18:00,2026-05-13 10:08:21.000,2026-05-13 10:29:45.000,validation,validation
2026-05-13 10:21:00,2026-05-13 10:11:21.000,2026-05-13 10:32:45.000,train,validation
2026-05-13 10:24:00,2026-05-13 10:14:21.000,2026-05-13 10:35:45.000,train,validation
2026-05-13 10:27:00,2026-05-13 10:17:21.000,2026-05-13 10:38:45.000,train,validation
2026-05-13 10:30:00,2026-05-13 10:20:21.000,2026-05-13 10:41:45.000,train,validation
2026-05-13 10:33:00,2026-05-13 10:23:21.000,2026-05-13 10:44:45.000,train,validation
2026-05-13 10:36:00,2026-05-13 10:26:21.000,2026-05-13 10:47:45.000,train,validation
2026-05-13 10:39:00,2026-05-13 10:29:21.000,2026-05-13 10:50:45.000,train,validation
2026-05-13 10:42:00,2026-05-13 10:32:21.000,2026-05-13 10:53:45.000,train,validation
2026-05-13 10:45:00,2026-05-13 10:35:21.000,2026-05-13 10:56:45.000,train,validation
2026-05-13 10:48:00,2026-05-13 10:38:21.000,2026-05-13 10:59:45.000,train,validation
2026-05-13 10:51:00,2026-05-13 10:41:21.000,2026-05-13 11:02:45.000,train,validation
2026-05-13 10:54:00,2026-05-13 10:44:21.000,2026-05-13 11:05:45.000,train,validation
2026-05-13 10:57:00,2026-05-13 10:47:21.000,2026-05-13 11:08:45.000,validation,validation
2026-05-13 11:00:00,2026-05-13 10:50:21.000,2026-05-13 11:11:45.000,train,validation
2026-05-13 11:03:00,2026-05-13 10:53:21.000,2026-05-13 11:14:45.000,train,validation
2026-05-13 11:06:00,2026-05-13 10:56:21.000,2026-05-13 11:17:45.000,validation,validation
2026-05-13 11:09:00,2026-05-13 10:59:21.000,2026-05-13 11:20:45.000,train,validation
2026-05-13 11:12:00,2026-05-13 11:02:21.000,2026-05-13 11:23:45.000,train,validation
2026-05-13 11:15:00,2026-05-13 11:05:21.000,2026-05-13 11:26:45.000,train,validation
2026-05-13 11:18:00,2026-05-13 11:08:21.000,2026-05-13 11:29:45.000,train,validation
2026-05-13 11:21:00,2026-05-13 11:11:21.000,2026-05-13 11:32:45.000,train,validation
2026-05-13 11:24:00,2026-05-13 11:14:21.000,2026-05-13 11:35:45.000,train,validation
2026-05-13 11:27:00,2026-05-13 11:17:21.000,2026-05-13 11:38:45.000,train,validation
2026-05-13 11:30:00,2026-05-13 11:20:21.000,2026-05-13 11:41:45.000,train,validation
2026-05-13 11:33:00,2026-05-13 11:23:21.000,2026-05-13 11:44:45.000,train,validation
2026-05-13 11:36:00,2026-05-13 11:26:21.000,2026-05-13 11:47:45.000,validation,validation
2026-05-13 11:39:00,2026-05-13 11:29:21.000,2026-05-13 11:50:45.000,train,validation
2026-05-13 11:42:00,2026-05-13 11:32:21.000,2026-05-13 11:53:45.000,train,validation
2026-05-13 11:45:00,2026-05-13 11:35:21.000,2026-05-13 11:56:45.000,validation,validation
2026-05-13 11:48:00,2026-05-13 11:38:21.000,2026-05-13 11:59:45.000,train,validation
2026-05-13 11:51:00,2026-05-13 11:41:21.000,2026-05-13 12:02:45.000,validation,validation
2026-05-13 11:54:00,2026-05-13 11:44:21.000,2026-05-13 12:05:45.000,train,validation
2026-05-13 11:57:00,2026-05-13 11:47:21.000,2026-05-13 12:08:45.000,train,validation
2026-05-13 12:00:00,2026-05-13 11:50:21.000,2026-05-13 12:11:45.000,train,validation
2026-05-13 12:03:00,2026-05-13 11:53:21.000,2026-05-13 12:14:46.000,validation,validation
2026-05-13 12:06:00,2026-05-13 11:56:21.000,2026-05-13 12:17:46.000,train,validation
2026-05-13 12:09:00,2026-05-13 11:59:21.000,2026-05-13 12:20:46.000,train,validation
2026-05-13 12:12:00,2026-05-13 12:02:21.000,2026-05-13 12:23:46.000,train,validation
2026-05-13 12:15:00,2026-05-13 12:05:21.000,2026-05-13 12:26:46.000,validation,validation
2026-05-13 12:18:00,2026-05-13 12:08:21.000,2026-05-13 12:29:46.000,train,validation
2026-05-13 12:21:00,2026-05-13 12:11:21.000,2026-05-13 12:32:46.000,train,validation
2026-05-13 12:24:00,2026-05-13 12:14:21.000,2026-05-13 12:35:46.000,train,validation
2026-05-13 12:27:00,2026-05-13 12:17:21.000,2026-05-13 12:38:46.000,train,validation
2026-05-13 12:30:00,2026-05-13 12:20:21.000,2026-05-13 12:41:46.000,train,validation
2026-05-13 12:33:00,2026-05-13 12:23:21.000,2026-05-13 12:44:46.000,validation,validation
2026-05-13 12:36:00,2026-05-13 12:26:21.000,2026-05-13 12:47:46.000,validation,validation
2026-05-13 12:39:00,2026-05-13 12:29:21.000,2026-05-13 12:50:46.000,train,validation
2026-05-13 12:42:00,2026-05-13 12:32:21.000,2026-05-13 12:53:46.000,train,validation
2026-05-13 12:45:00,2026-05-13 12:35:21.000,2026-05-13 12:56:46.000,train,validation
2026-05-13 12:48:00,2026-05-13 12:38:21.000,2026-05-13 12:59:46.000,validation,validation
2026-05-13 12:51:00,2026-05-13 12:41:21.000,2026-05-13 13:02:46.000,validation,validation
2026-05-13 12:54:00,2026-05-13 12:44:21.000,2026-05-13 13:05:46.000,train,validation
2026-05-13 12:57:00,2026-05-13 12:47:21.000,2026-05-13 13:08:46.000,train,validation
2026-05-13 13:00:00,2026-05-13 12:50:21.000,2026-05-13 13:11:46.000,train,validation
2026-05-13 13:03:00,2026-05-13 12:53:21.000,2026-05-13 13:14:46.000,train,validation
2026-05-13 13:06:00,2026-05-13 12:56:21.000,2026-05-13 13:17:46.000,validation,validation
2026-05-13 13:09:00,2026-05-13 12:59:21.000,2026-05-13 13:20:47.000,validation,validation
2026-05-13 13:12:00,2026-05-13 13:02:21.000,2026-05-13 13:23:47.000,train,validation
2026-05-13 13:15:00,2026-05-13 13:05:21.000,2026-05-13 13:26:47.000,train,validation
2026-05-13 13:18:00,2026-05-13 13:08:21.000,2026-05-13 13:29:47.000,validation,validation
2026-05-13 13:21:00,2026-05-13 13:11:21.000,2026-05-13 13:32:47.000,train,validation
2026-05-13 13:24:00,2026-05-13 13:14:21.000,2026-05-13 13:35:47.000,train,validation
2026-05-13 13:27:00,2026-05-13 13:17:21.000,2026-05-13 13:38:47.000,validation,validation
2026-05-13 13:30:00,2026-05-13 13:20:21.000,2026-05-13 13:41:47.000,validation,validation
2026-05-13 13:33:00,2026-05-13 13:23:21.000,2026-05-13 13:44:47.000,train,validation
2026-05-13 13:36:00,2026-05-13 13:26:21.000,2026-05-13 13:47:47.000,train,validation
2026-05-13 13:39:00,2026-05-13 13:29:21.000,2026-05-13 13:50:47.000,validation,validation
2026-05-13 13:42:00,2026-05-13 13:32:21.000,2026-05-13 13:53:47.000,train,validation
2026-05-13 13:45:00,2026-05-13 13:35:21.000,2026-05-13 13:56:47.000,train,validation
2026-05-13 13:48:00,2026-05-13 13:38:21.000,2026-05-13 13:59:47.000,validation,validation
2026-05-13 13:51:00,2026-05-13 13:41:21.000,2026-05-13 14:02:47.000,train,validation
2026-05-13 13:54:00,2026-05-13 13:44:21.000,2026-05-13 14:05:47.000,train,validation
2026-05-13 13:57:00,2026-05-13 13:47:21.000,2026-05-13 14:08:47.000,train,validation
2026-05-13 14:00:00,2026-05-13 13:50:21.000,2026-05-13 14:11:47.000,train,validation
2026-05-13 14:03:00,2026-05-13 13:53:21.000,2026-05-13 14:14:47.000,train,validation
2026-05-13 14:06:00,2026-05-13 13:56:21.000,2026-05-13 14:17:47.000,validation,validation
2026-05-13 14:09:00,2026-05-13 13:59:21.000,2026-05-13 14:20:47.000,validation,validation
2026-05-13 14:12:00,2026-05-13 14:02:21.000,2026-05-13 14:23:47.000,validation,validation
2026-05-13 14:15:00,2026-05-13 14:05:21.000,2026-05-13 14:26:48.000,train,validation
2026-05-13 14:18:00,2026-05-13 14:08:21.000,2026-05-13 14:29:48.000,train,validation
2026-05-13 14:21:00,2026-05-13 14:11:21.000,2026-05-13 14:32:48.000,train,validation
2026-05-13 14:24:00,2026-05-13 14:14:21.000,2026-05-13 14:35:48.000,train,validation
2026-05-13 14:27:00,2026-05-13 14:17:21.000,2026-05-13 14:38:48.000,train,validation
2026-05-13 14:30:00,2026-05-13 14:20:21.000,2026-05-13 14:41:48.000,train,validation
2026-05-13 14:33:00,2026-05-13 14:23:21.000,2026-05-13 14:44:48.000,validation,validation
2026-05-13 14:36:00,2026-05-13 14:26:21.000,2026-05-13 14:47:48.000,validation,validation
2026-05-13 14:39:00,2026-05-13 14:29:21.000,2026-05-13 14:50:48.000,train,validation
2026-05-13 14:42:00,2026-05-13 14:32:21.000,2026-05-13 14:53:48.000,train,validation
2026-05-13 14:45:00,2026-05-13 14:35:21.000,2026-05-13 14:56:48.000,train,validation
2026-05-13 14:48:00,2026-05-13 14:38:21.000,2026-05-13 14:59:48.000,validation,validation
2026-05-13 14:51:00,2026-05-13 14:41:21.000,2026-05-13 15:02:48.000,validation,validation
2026-05-13 14:54:00,2026-05-13 14:44:21.000,2026-05-13 15:05:48.000,train,validation
2026-05-13 14:57:00,2026-05-13 14:47:21.000,2026-05-13 15:08:48.000,train,validation
2026-05-13 15:00:00,2026-05-13 14:50:21.000,2026-05-13 15:11:48.000,train,validation
2026-05-13 15:03:00,2026-05-13 14:53:21.000,2026-05-13 15:14:48.000,train,validation
2026-05-13 15:06:00,2026-05-13 14:56:21.000,2026-05-13 15:17:48.000,train,validation
2026-05-13 15:09:00,2026-05-13 14:59:21.000,2026-05-13 15:20:48.000,train,validation
2026-05-13 15:12:00,2026-05-13 15:02:21.000,2026-05-13 15:23:48.000,train,validation
2026-05-13 15:15:00,2026-05-13 15:05:21.000,2026-05-13 15:26:48.000,train,validation
2026-05-13 15:18:00,2026-05-13 15:08:21.000,2026-05-13 15:29:48.000,validation,validation
2026-05-13 15:21:00,2026-05-13 15:11:21.000,2026-05-13 15:32:49.000,train,validation
2026-05-13 15:24:00,2026-05-13 15:14:21.000,2026-05-13 15:35:49.000,validation,validation
2026-05-13 15:27:00,2026-05-13 15:17:21.000,2026-05-13 15:38:49.000,train,validation
2026-05-13 15:30:00,2026-05-13 15:20:21.000,2026-05-13 15:41:49.000,train,validation
2026-05-13 15:33:00,2026-05-13 15:23:21.000,2026-05-13 15:44:49.000,validation,validation
2026-05-13 15:36:00,2026-05-13 15:26:21.000,2026-05-13 15:47:49.000,train,validation
2026-05-13 15:39:00,2026-05-13 15:29:21.000,2026-05-13 15:50:49.000,train,validation
2026-05-13 15:42:00,2026-05-13 15:32:21.000,2026-05-13 15:53:49.000,train,validation
2026-05-13 15:45:00,2026-05-13 15:35:21.000,2026-05-13 15:56:49.000,train,validation
2026-05-13 15:48:00,2026-05-13 15:38:21.000,2026-05-13 15:59:49.000,train,validation
2026-05-13 15:51:00,2026-05-13 15:41:21.000,2026-05-13 16:02:49.000,train,validation
2026-05-13 15:54:00,2026-05-13 15:44:21.000,2026-05-13 16:05:49.000,train,validation
2026-05-13 15:57:00,2026-05-13 15:47:21.000,2026-05-13 16:08:49.000,validation,validation
2026-05-13 16:00:00,2026-05-13 15:50:21.000,2026-05-13 16:11:49.000,train,validation
2026-05-13 16:03:00,2026-05-13 15:53:21.000,2026-05-13 16:14:49.000,train,validation
2026-05-13 16:06:00,2026-05-13 15:56:21.000,2026-05-13 16:17:49.000,validation,validation
2026-05-13 16:09:00,2026-05-13 15:59:21.000,2026-05-13 16:20:49.000,train,validation
2026-05-13 16:12:00,2026-05-13 16:02:21.000,2026-05-13 16:23:49.000,train,validation
2026-05-13 16:15:00,2026-05-13 16:05:21.000,2026-05-13 16:26:49.000,train,validation
2026-05-13 16:18:00,2026-05-13 16:08:21.000,2026-05-13 16:29:49.000,train,validation
2026-05-13 16:21:00,2026-05-13 16:11:21.000,2026-05-13 16:32:49.000,validation,validation
2026-05-13 16:24:00,2026-05-13 16:14:21.000,2026-05-13 16:35:49.000,train,validation
2026-05-13 16:27:00,2026-05-13 16:17:21.000,2026-05-13 16:38:50.000,train,validation
2026-05-13 16:30:00,2026-05-13 16:20:21.000,2026-05-13 16:41:50.000,train,validation
2026-05-13 16:33:00,2026-05-13 16:23:21.000,2026-05-13 16:44:50.000,train,validation
2026-05-13 16:36:00,2026-05-13 16:26:21.000,2026-05-13 16:47:50.000,train,validation
2026-05-13 16:39:00,2026-05-13 16:29:21.000,2026-05-13 16:50:50.000,train,validation
2026-05-13 16:42:00,2026-05-13 16:32:21.000,2026-05-13 16:53:50.000,train,validation
2026-05-13 16:45:00,2026-05-13 16:35:21.000,2026-05-13 16:56:50.000,train,validation
2026-05-13 16:48:00,2026-05-13 16:38:21.000,2026-05-13 16:59:50.000,validation,validation
2026-05-13 16:51:00,2026-05-13 16:41:21.000,2026-05-13 17:02:51.000,train,validation
2026-05-13 16:54:00,2026-05-13 16:44:21.000,2026-05-13 17:05:51.000,train,validation
2026-05-13 16:57:00,2026-05-13 16:47:21.000,2026-05-13 17:08:51.000,validation,validation
2026-05-13 17:00:00,2026-05-13 16:50:21.000,2026-05-13 17:11:51.000,train,validation
2026-05-13 17:03:00,2026-05-13 16:53:21.000,2026-05-13 17:14:51.000,train,validation
2026-05-13 17:06:00,2026-05-13 16:56:21.000,2026-05-13 17:17:51.000,validation,validation
2026-05-13 17:09:00,2026-05-13 16:59:21.000,2026-05-13 17:20:51.000,train,validation
2026-05-13 17:12:00,2026-05-13 17:02:21.000,2026-05-13 17:23:51.000,train,validation
2026-05-13 17:15:00,2026-05-13 17:05:21.000,2026-05-13 17:26:51.000,train,validation
2026-05-13 17:18:00,2026-05-13 17:08:21.000,2026-05-13 17:29:51.000,train,validation
2026-05-13 17:21:00,2026-05-13 17:11:21.000,2026-05-13 17:32:51.000,train,validation
2026-05-13 17:24:00,2026-05-13 17:14:21.000,2026-05-13 17:35:51.000,train,validation
2026-05-13 17:27:00,2026-05-13 17:17:21.000,2026-05-13 17:38:51.000,train,validation
2026-05-13 17:30:00,2026-05-13 17:20:21.000,2026-05-13 17:41:51.000,train,validation
2026-05-13 17:33:00,2026-05-13 17:23:21.000,2026-05-13 17:44:51.000,train,validation
2026-05-13 17:36:00,2026-05-13 17:26:21.000,2026-05-13 17:47:51.000,train,validation
2026-05-13 17:39:00,2026-05-13 17:29:21.000,2026-05-13 17:50:51.000,train,validation
2026-05-13 17:42:00,2026-05-13 17:32:21.000,2026-05-13 17:53:51.000,train,validation
2026-05-13 17:45:00,2026-05-13 17:35:21.000,2026-05-13 17:56:51.000,train,validation
2026-05-13 17:48:00,2026-05-13 17:38:21.000,2026-05-13 17:59:51.000,train,validation
2026-05-13 17:51:00,2026-05-13 17:41:21.000,2026-05-13 18:02:51.000,validation,validation
2026-05-13 17:54:00,2026-05-13 17:44:21.000,2026-05-13 18:05:52.000,train,validation
2026-05-13 17:57:00,2026-05-13 17:47:21.000,2026-05-13 18:08:52.000,train,validation
2026-05-13 18:00:00,2026-05-13 17:50:21.000,2026-05-13 18:11:52.000,train,validation
2026-05-13 18:03:00,2026-05-13 17:53:21.000,2026-05-13 18:14:52.000,validation,validation
2026-05-13 18:06:00,2026-05-13 17:56:21.000,2026-05-13 18:17:52.000,train,validation
2026-05-13 18:09:00,2026-05-13 17:59:21.000,2026-05-13 18:20:52.000,train,validation
2026-05-13 18:12:00,2026-05-13 18:02:21.000,2026-05-13 18:23:52.000,train,validation
2026-05-13 18:15:00,2026-05-13 18:05:21.000,2026-05-13 18:26:52.000,validation,validation
2026-05-13 18:18:00,2026-05-13 18:08:21.000,2026-05-13 18:29:52.000,train,validation
2026-05-13 18:21:00,2026-05-13 18:11:21.000,2026-05-13 18:32:52.000,train,validation
2026-05-13 18:24:00,2026-05-13 18:14:21.000,2026-05-13 18:35:52.000,train,validation
2026-05-13 18:27:00,2026-05-13 18:17:21.000,2026-05-13 18:38:52.000,train,validation
2026-05-13 18:30:00,2026-05-13 18:20:21.000,2026-05-13 18:41:52.000,train,validation
2026-05-13 18:33:00,2026-05-13 18:23:21.000,2026-05-13 18:44:52.000,train,validation
2026-05-13 18:36:00,2026-05-13 18:26:21.000,2026-05-13 18:47:52.000,train,validation
2026-05-13 18:39:00,2026-05-13 18:29:21.000,2026-05-13 18:50:52.000,train,validation
2026-05-13 18:42:00,2026-05-13 18:32:21.000,2026-05-13 18:53:52.000,train,validation
2026-05-13 18:45:00,2026-05-13 18:35:21.000,2026-05-13 18:56:52.000,train,validation
2026-05-13 18:48:00,2026-05-13 18:38:21.000,2026-05-13 18:59:52.000,train,validation
2026-05-13 18:51:00,2026-05-13 18:41:21.000,2026-05-13 19:02:52.000,train,validation
2026-05-13 18:54:00,2026-05-13 18:44:21.000,2026-05-13 19:05:52.000,validation,validation
2026-05-13 18:57:00,2026-05-13 18:47:21.000,2026-05-13 19:08:52.000,train,validation
2026-05-13 19:00:00,2026-05-13 18:50:21.000,2026-05-13 19:11:52.000,train,validation
2026-05-13 19:03:00,2026-05-13 18:53:21.000,2026-05-13 19:14:53.000,train,validation
2026-05-13 19:06:00,2026-05-13 18:56:21.000,2026-05-13 19:17:53.000,train,validation
2026-05-13 19:09:00,2026-05-13 18:59:21.000,2026-05-13 19:20:53.000,train,validation
2026-05-13 19:12:00,2026-05-13 19:02:21.000,2026-05-13 19:23:53.000,train,validation
2026-05-13 19:15:00,2026-05-13 19:05:21.000,2026-05-13 19:26:53.000,train,validation
2026-05-13 19:18:00,2026-05-13 19:08:21.000,2026-05-13 19:29:53.000,train,validation
2026-05-13 19:21:00,2026-05-13 19:11:21.000,2026-05-13 19:32:53.000,train,validation
2026-05-13 19:24:00,2026-05-13 19:14:21.000,2026-05-13 19:35:53.000,train,validation
2026-05-13 19:27:00,2026-05-13 19:17:21.000,2026-05-13 19:38:53.000,validation,validation
2026-05-13 19:30:00,2026-05-13 19:20:21.000,2026-05-13 19:41:53.000,train,validation
2026-05-13 19:33:00,2026-05-13 19:23:21.000,2026-05-13 19:44:53.000,train,validation
2026-05-13 19:36:00,2026-05-13 19:26:21.000,2026-05-13 19:47:53.000,train,validation
2026-05-13 19:39:00,2026-05-13 19:29:21.000,2026-05-13 19:50:53.000,train,validation
2026-05-13 19:42:00,2026-05-13 19:32:21.000,2026-05-13 19:53:53.000,validation,validation
2026-05-13 19:45:00,2026-05-13 19:35:21.000,2026-05-13 19:56:53.000,train,validation
2026-05-13 19:48:00,2026-05-13 19:38:21.000,2026-05-13 19:59:53.000,train,validation
2026-05-13 19:51:00,2026-05-13 19:41:21.000,2026-05-13 20:02:53.000,train,validation
2026-05-13 19:54:00,2026-05-13 19:44:21.000,2026-05-13 20:05:53.000,train,validation
2026-05-13 19:57:00,2026-05-13 19:47:21.000,2026-05-13 20:08:53.000,validation,validation
2026-05-13 20:00:00,2026-05-13 19:50:21.000,2026-05-13 20:11:53.000,train,validation
2026-05-13 20:03:00,2026-05-13 19:53:21.000,2026-05-13 20:14:53.000,validation,validation
2026-05-13 20:06:00,2026-05-13 19:56:21.000,2026-05-13 20:17:53.000,train,validation
2026-05-13 20:09:00,2026-05-13 19:59:21.000,2026-05-13 20:20:54.000,train,validation
2026-05-13 20:12:00,2026-05-13 20:02:21.000,2026-05-13 20:23:54.000,train,validation
2026-05-13 20:15:00,2026-05-13 20:05:21.000,2026-05-13 20:26:54.000,train,validation
2026-05-13 20:18:00,2026-05-13 20:08:21.000,2026-05-13 20:29:54.000,train,validation
2026-05-13 20:21:00,2026-05-13 20:11:21.000,2026-05-13 20:32:54.000,train,validation
2026-05-13 20:24:00,2026-05-13 20:14:21.000,2026-05-13 20:35:54.000,train,validation
2026-05-13 20:27:00,2026-05-13 20:17:21.000,2026-05-13 20:38:54.000,train,validation
2026-05-13 20:30:00,2026-05-13 20:20:21.000,2026-05-13 20:41:54.000,validation,validation
2026-05-13 20:33:00,2026-05-13 20:23:21.000,2026-05-13 20:44:54.000,train,validation
2026-05-13 20:36:00,2026-05-13 20:26:21.000,2026-05-13 20:47:54.000,train,validation
2026-05-13 20:39:00,2026-05-13 20:29:21.000,2026-05-13 20:50:54.000,train,validation
2026-05-13 20:42:00,2026-05-13 20:32:21.000,2026-05-13 20:53:54.000,train,validation
2026-05-13 20:45:00,2026-05-13 20:35:21.000,2026-05-13 20:56:54.000,train,validation
2026-05-13 20:48:00,2026-05-13 20:38:21.000,2026-05-13 20:59:54.000,train,validation
2026-05-13 20:51:00,2026-05-13 20:41:21.000,2026-05-13 21:02:54.000,train,validation
2026-05-13 20:54:00,2026-05-13 20:44:21.000,2026-05-13 21:05:54.000,train,validation
2026-05-13 20:57:00,2026-05-13 20:47:21.000,2026-05-13 21:08:54.000,train,validation
2026-05-13 21:00:00,2026-05-13 20:50:21.000,2026-05-13 21:11:54.000,train,validation
2026-05-13 21:03:00,2026-05-13 20:53:21.000,2026-05-13 21:14:54.000,train,validation
2026-05-13 21:06:00,2026-05-13 20:56:21.000,2026-05-13 21:17:54.000,train,validation
2026-05-13 21:09:00,2026-05-13 20:59:21.000,2026-05-13 21:20:54.000,train,validation
2026-05-13 21:12:00,2026-05-13 21:02:21.000,2026-05-13 21:23:54.000,train,validation
2026-05-13 21:15:00,2026-05-13 21:05:21.000,2026-05-13 21:26:55.000,train,validation
2026-05-13 21:18:00,2026-05-13 21:08:21.000,2026-05-13 21:29:55.000,train,validation
2026-05-13 21:21:00,2026-05-13 21:11:21.000,2026-05-13 21:32:55.000,train,validation
2026-05-13 21:24:00,2026-05-13 21:14:21.000,2026-05-13 21:35:55.000,train,validation
2026-05-13 21:27:00,2026-05-13 21:17:21.000,2026-05-13 21:38:55.000,validation,validation
2026-05-13 21:30:00,2026-05-13 21:20:21.000,2026-05-13 21:41:55.000,train,validation
2026-05-13 21:33:00,2026-05-13 21:23:21.000,2026-05-13 21:44:55.000,train,validation
2026-05-13 21:36:00,2026-05-13 21:26:21.000,2026-05-13 21:47:55.000,validation,validation
2026-05-13 21:39:00,2026-05-13 21:29:21.000,2026-05-13 21:50:55.000,train,validation
2026-05-13 21:42:00,2026-05-13 21:32:21.000,2026-05-13 21:53:55.000,train,validation
2026-05-13 21:45:00,2026-05-13 21:35:21.000,2026-05-13 21:56:55.000,validation,validation
2026-05-13 21:48:00,2026-05-13 21:38:21.000,2026-05-13 21:59:55.000,train,validation
2026-05-13 21:51:00,2026-05-13 21:41:21.000,2026-05-13 22:02:57.000,train,validation
2026-05-13 21:54:00,2026-05-13 21:44:21.000,2026-05-13 22:05:57.000,train,validation
2026-05-13 21:57:00,2026-05-13 21:47:21.000,2026-05-13 22:08:57.000,validation,validation
2026-05-13 22:00:00,2026-05-13 21:50:21.000,2026-05-13 22:11:57.000,train,validation
2026-05-13 22:03:00,2026-05-13 21:53:21.000,2026-05-13 22:14:57.000,train,validation
2026-05-13 22:06:00,2026-05-13 21:56:21.000,2026-05-13 22:17:57.000,train,validation
2026-05-13 22:09:00,2026-05-13 21:59:21.000,2026-05-13 22:20:57.000,train,validation
2026-05-13 22:12:00,2026-05-13 22:02:23.000,2026-05-13 22:23:57.000,train,validation
2026-05-13 22:15:00,2026-05-13 22:05:23.000,2026-05-13 22:26:57.000,train,validation
2026-05-13 22:18:00,2026-05-13 22:08:23.000,2026-05-13 22:29:57.000,train,validation
2026-05-13 22:21:00,2026-05-13 22:11:23.000,2026-05-13 22:32:57.000,train,validation
2026-05-13 22:24:00,2026-05-13 22:14:23.000,2026-05-13 22:35:57.000,train,validation
2026-05-13 22:27:00,2026-05-13 22:17:23.000,2026-05-13 22:38:57.000,train,validation
2026-05-13 22:30:00,2026-05-13 22:20:23.000,2026-05-13 22:41:57.000,train,validation
2026-05-13 22:33:00,2026-05-13 22:23:23.000,2026-05-13 22:44:57.000,train,validation
2026-05-13 22:36:00,2026-05-13 22:26:23.000,2026-05-13 22:47:58.000,train,validation
2026-05-13 22:39:00,2026-05-13 22:29:23.000,2026-05-13 22:50:58.000,train,validation
2026-05-13 22:42:00,2026-05-13 22:32:23.000,2026-05-13 22:53:58.000,train,validation
2026-05-13 22:45:00,2026-05-13 22:35:23.000,2026-05-13 22:56:58.000,train,validation
2026-05-13 22:48:00,2026-05-13 22:38:23.000,2026-05-13 22:59:58.000,train,validation
2026-05-13 22:51:00,2026-05-13 22:41:23.000,2026-05-13 23:02:58.000,train,validation
2026-05-13 22:54:00,2026-05-13 22:44:23.000,2026-05-13 23:05:58.000,train,validation
2026-05-13 22:57:00,2026-05-13 22:47:23.000,2026-05-13 23:08:58.000,train,validation
2026-05-13 23:00:00,2026-05-13 22:50:23.000,2026-05-13 23:11:58.000,train,validation
2026-05-13 23:03:00,2026-05-13 22:53:23.000,2026-05-13 23:14:58.000,train,validation
2026-05-13 23:06:00,2026-05-13 22:56:23.000,2026-05-13 23:17:58.000,train,validation
2026-05-13 23:09:00,2026-05-13 22:59:23.000,2026-05-13 23:20:58.000,train,validation
2026-05-13 23:12:00,2026-05-13 23:02:23.000,2026-05-13 23:23:58.000,train,validation
2026-05-13 23:15:00,2026-05-13 23:05:23.000,2026-05-13 23:26:58.000,train,validation
2026-05-13 23:18:00,2026-05-13 23:08:23.000,2026-05-13 23:29:58.000,train,validation
2026-05-13 23:21:00,2026-05-13 23:11:23.000,2026-05-13 23:32:58.000,train,validation
2026-05-13 23:24:00,2026-05-13 23:14:23.000,2026-05-13 23:35:58.000,train,validation
2026-05-13 23:27:00,2026-05-13 23:17:23.000,2026-05-13 23:38:58.000,train,validation
2026-05-13 23:30:00,2026-05-13 23:20:23.000,2026-05-13 23:41:58.000,validation,validation
2026-05-13 23:33:00,2026-05-13 23:23:23.000,2026-05-13 23:44:58.000,validation,validation
2026-05-13 23:36:00,2026-05-13 23:26:23.000,2026-05-13 23:47:58.000,train,validation
2026-05-13 23:39:00,2026-05-13 23:29:23.000,2026-05-13 23:50:58.000,train,validation
2026-05-13 23:42:00,2026-05-13 23:32:23.000,2026-05-13 23:53:59.000,train,validation
2026-05-13 23:45:00,2026-05-13 23:35:23.000,2026-05-13 23:56:59.000,train,validation
2026-05-13 23:48:00,2026-05-13 23:38:23.000,2026-05-13 23:59:59.000,train,validation
2026-05-13 23:51:00,2026-05-13 23:41:23.000,2026-05-14 00:02:59.000,validation,validation
2026-05-13 23:54:00,2026-05-13 23:44:23.000,2026-05-14 00:05:59.000,train,validation
2026-05-13 23:57:00,2026-05-13 23:47:23.000,2026-05-14 00:08:59.000,train,validation
2026-05-14 00:00:00,2026-05-13 23:50:23.000,2026-05-14 00:11:59.000,train,validation
2026-05-14 00:03:00,2026-05-13 23:53:23.000,2026-05-14 00:14:59.000,train,validation
2026-05-14 00:06:00,2026-05-13 23:56:23.000,2026-05-14 00:17:59.000,validation,validation
2026-05-14 00:09:00,2026-05-13 23:59:23.000,2026-05-14 00:20:59.000,validation,validation
2026-05-14 00:12:00,2026-05-14 00:02:23.000,2026-05-14 00:23:59.000,train,validation
2026-05-14 00:15:00,2026-05-14 00:05:23.000,2026-05-14 00:26:59.000,train,validation
2026-05-14 00:18:00,2026-05-14 00:08:23.000,2026-05-14 00:29:59.000,train,validation
2026-05-14 00:21:00,2026-05-14 00:11:23.000,2026-05-14 00:32:59.000,train,validation
2026-05-14 00:24:00,2026-05-14 00:14:23.000,2026-05-14 00:35:59.000,train,validation
2026-05-14 00:27:00,2026-05-14 00:17:23.000,2026-05-14 00:38:59.000,validation,validation
2026-05-14 00:30:00,2026-05-14 00:20:23.000,2026-05-14 00:41:59.000,train,validation
2026-05-14 00:33:00,2026-05-14 00:23:23.000,2026-05-14 00:44:59.000,train,validation
2026-05-14 00:36:00,2026-05-14 00:26:23.000,2026-05-14 00:47:59.000,train,validation
2026-05-14 00:39:00,2026-05-14 00:29:23.000,2026-05-14 00:50:59.000,validation,validation
2026-05-14 00:42:00,2026-05-14 00:32:23.000,2026-05-14 00:53:59.000,train,validation
2026-05-14 00:45:00,2026-05-14 00:35:23.000,2026-05-14 00:57:00.000,train,validation
2026-05-14 00:48:00,2026-05-14 00:38:23.000,2026-05-14 01:00:00.000,train,validation
2026-05-14 00:51:00,2026-05-14 00:41:23.000,2026-05-14 01:03:00.000,train,validation
2026-05-14 00:54:00,2026-05-14 00:44:23.000,2026-05-14 01:05:46.000,train,validation
2026-05-14 00:57:00,2026-05-14 00:46:59.000,2026-05-14 01:08:46.000,train,validation
2026-05-14 01:00:00,2026-05-14 00:49:59.000,2026-05-14 01:11:46.000,train,validation
2026-05-14 01:03:00,2026-05-14 00:52:59.000,2026-05-14 01:14:46.000,train,validation
2026-05-14 01:06:00,2026-05-14 00:55:59.000,2026-05-14 01:17:46.000,train,validation
2026-05-14 01:09:00,2026-05-14 00:59:00.000,2026-05-14 01:20:46.000,train,validation
2026-05-14 01:12:00,2026-05-14 01:02:00.000,2026-05-14 01:23:46.000,train,validation
2026-05-14 01:15:00,2026-05-14 01:05:00.000,2026-05-14 01:26:46.000,train,validation
2026-05-14 01:18:00,2026-05-14 01:08:00.000,2026-05-14 01:29:46.000,train,validation
2026-05-14 01:21:00,2026-05-14 01:11:00.000,2026-05-14 01:32:46.000,train,validation
2026-05-14 01:24:00,2026-05-14 01:14:00.000,2026-05-14 01:35:46.000,train,validation
2026-05-14 01:27:00,2026-05-14 01:17:00.000,2026-05-14 01:38:46.000,train,validation
2026-05-14 01:30:00,2026-05-14 01:20:00.000,2026-05-14 01:41:46.000,train,validation
2026-05-14 01:33:00,2026-05-14 01:23:00.000,2026-05-14 01:44:46.000,train,validation
2026-05-14 01:36:00,2026-05-14 01:26:00.000,2026-05-14 01:47:46.000,train,validation
2026-05-14 01:39:00,2026-05-14 01:29:00.000,2026-05-14 01:50:46.000,train,validation
2026-05-14 01:42:00,2026-05-14 01:32:00.000,2026-05-14 01:53:46.000,train,validation
2026-05-14 01:45:00,2026-05-14 01:35:00.000,2026-05-14 01:56:46.000,train,validation
2026-05-14 01:48:00,2026-05-14 01:38:00.000,2026-05-14 01:59:46.000,train,validation
2026-05-14 01:51:00,2026-05-14 01:41:00.000,2026-05-14 02:02:46.000,validation,validation
2026-05-14 01:54:00,2026-05-14 01:44:00.000,2026-05-14 02:05:46.000,validation,validation
2026-05-14 01:57:00,2026-05-14 01:47:00.000,2026-05-14 02:08:46.000,train,validation
2026-05-14 02:00:00,2026-05-14 01:50:00.000,2026-05-14 02:11:46.000,validation,validation
2026-05-14 02:03:00,2026-05-14 01:53:00.000,2026-05-14 02:14:46.000,train,validation
2026-05-14 02:06:00,2026-05-14 01:56:00.000,2026-05-14 02:17:46.000,train,validation
2026-05-14 02:09:00,2026-05-14 01:59:00.000,2026-05-14 02:20:46.000,train,validation
2026-05-14 02:12:00,2026-05-14 02:02:00.000,2026-05-14 02:23:46.000,train,validation
2026-05-14 02:15:00,2026-05-14 02:05:01.000,2026-05-14 02:26:46.000,train,validation
2026-05-14 02:18:00,2026-05-14 02:08:01.000,2026-05-14 02:29:46.000,validation,validation
2026-05-14 02:21:00,2026-05-14 02:11:01.000,2026-05-14 02:32:46.000,train,validation
2026-05-14 02:24:00,2026-05-14 02:14:01.000,2026-05-14 02:35:46.000,validation,validation
2026-05-14 02:27:00,2026-05-14 02:17:01.000,2026-05-14 02:38:46.000,train,validation
2026-05-14 02:30:00,2026-05-14 02:20:01.000,2026-05-14 02:41:46.000,train,validation
2026-05-14 02:33:00,2026-05-14 02:23:01.000,2026-05-14 02:44:46.000,validation,validation
2026-05-14 02:36:00,2026-05-14 02:26:01.000,2026-05-14 02:47:46.000,train,validation
2026-05-14 02:39:00,2026-05-14 02:29:01.000,2026-05-14 02:50:46.000,validation,validation
2026-05-14 02:42:00,2026-05-14 02:32:01.000,2026-05-14 02:53:46.000,validation,validation
2026-05-14 02:45:00,2026-05-14 02:35:01.000,2026-05-14 02:56:46.000,train,validation
2026-05-14 02:48:00,2026-05-14 02:38:01.000,2026-05-14 02:59:46.000,train,validation
2026-05-14 02:51:00,2026-05-14 02:41:01.000,2026-05-14 03:02:46.000,train,validation
2026-05-14 02:54:00,2026-05-14 02:44:01.000,2026-05-14 03:05:46.000,train,validation
2026-05-14 02:57:00,2026-05-14 02:47:01.000,2026-05-14 03:08:46.000,train,validation
2026-05-14 03:00:00,2026-05-14 02:50:01.000,2026-05-14 03:11:46.000,train,validation
2026-05-14 03:03:00,2026-05-14 02:53:01.000,2026-05-14 03:14:46.000,validation,validation
2026-05-14 03:06:00,2026-05-14 02:56:01.000,2026-05-14 03:17:46.000,train,validation
2026-05-14 03:09:00,2026-05-14 02:59:01.000,2026-05-14 03:20:46.000,train,validation
2026-05-14 03:12:00,2026-05-14 03:02:01.000,2026-05-14 03:23:46.000,train,validation
2026-05-14 03:15:00,2026-05-14 03:05:01.000,2026-05-14 03:26:46.000,train,validation
2026-05-14 03:18:00,2026-05-14 03:08:01.000,2026-05-14 03:29:46.000,validation,validation
2026-05-14 03:21:00,2026-05-14 03:11:02.000,2026-05-14 03:32:46.000,train,validation
2026-05-14 03:24:00,2026-05-14 03:14:02.000,2026-05-14 03:35:46.000,train,validation
2026-05-14 03:27:00,2026-05-14 03:17:02.000,2026-05-14 03:38:46.000,train,validation
2026-05-14 03:30:00,2026-05-14 03:20:02.000,2026-05-14 03:41:46.000,train,validation
2026-05-14 03:33:00,2026-05-14 03:23:02.000,2026-05-14 03:44:46.000,train,validation
2026-05-14 03:36:00,2026-05-14 03:26:02.000,2026-05-14 03:47:46.000,train,validation
2026-05-14 03:39:00,2026-05-14 03:29:02.000,2026-05-14 03:50:46.000,train,validation
2026-05-14 03:42:00,2026-05-14 03:32:02.000,2026-05-14 03:53:46.000,train,validation
2026-05-14 03:45:00,2026-05-14 03:35:02.000,2026-05-14 03:56:46.000,train,validation
2026-05-14 03:48:00,2026-05-14 03:38:02.000,2026-05-14 03:59:46.000,train,validation
2026-05-14 03:51:00,2026-05-14 03:41:02.000,2026-05-14 04:02:46.000,train,validation
2026-05-14 03:54:00,2026-05-14 03:44:02.000,2026-05-14 04:05:46.000,train,validation
2026-05-14 03:57:00,2026-05-14 03:47:02.000,2026-05-14 04:08:46.000,validation,validation
2026-05-14 04:00:00,2026-05-14 03:50:02.000,2026-05-14 04:11:46.000,train,validation
2026-05-14 04:03:00,2026-05-14 03:53:02.000,2026-05-14 04:14:46.000,train,validation
2026-05-14 04:06:00,2026-05-14 03:56:02.000,2026-05-14 04:17:46.000,train,validation
2026-05-14 04:09:00,2026-05-14 03:59:02.000,2026-05-14 04:20:46.000,train,validation
2026-05-14 04:12:00,2026-05-14 04:02:02.000,2026-05-14 04:23:46.000,train,validation
2026-05-14 04:15:00,2026-05-14 04:05:02.000,2026-05-14 04:26:46.000,train,validation
2026-05-14 04:18:00,2026-05-14 04:08:02.000,2026-05-14 04:29:46.000,train,validation
2026-05-14 04:21:00,2026-05-14 04:11:02.000,2026-05-14 04:32:46.000,train,validation
2026-05-14 04:24:00,2026-05-14 04:14:02.000,2026-05-14 04:35:46.000,train,validation
2026-05-14 04:27:00,2026-05-14 04:17:03.000,2026-05-14 04:38:46.000,train,validation
2026-05-14 04:30:00,2026-05-14 04:20:03.000,2026-05-14 04:41:46.000,train,validation
2026-05-14 04:33:00,2026-05-14 04:23:03.000,2026-05-14 04:44:46.000,train,validation
2026-05-14 04:36:00,2026-05-14 04:26:03.000,2026-05-14 04:47:46.000,train,validation
2026-05-14 04:39:00,2026-05-14 04:29:03.000,2026-05-14 04:50:46.000,train,validation
2026-05-14 04:42:00,2026-05-14 04:32:03.000,2026-05-14 04:53:46.000,train,validation
2026-05-14 04:45:00,2026-05-14 04:35:03.000,2026-05-14 04:56:46.000,train,validation
2026-05-14 04:48:00,2026-05-14 04:38:03.000,2026-05-14 04:59:46.000,validation,validation
2026-05-14 04:51:00,2026-05-14 04:41:03.000,2026-05-14 05:02:46.000,validation,validation
2026-05-14 04:54:00,2026-05-14 04:44:03.000,2026-05-14 05:05:46.000,train,validation
2026-05-14 04:57:00,2026-05-14 04:47:03.000,2026-05-14 05:08:46.000,train,validation
2026-05-14 05:00:00,2026-05-14 04:50:03.000,2026-05-14 05:11:46.000,validation,validation
2026-05-14 05:03:00,2026-05-14 04:53:03.000,2026-05-14 05:14:46.000,train,validation
2026-05-14 05:06:00,2026-05-14 04:56:03.000,2026-05-14 05:17:46.000,train,validation
2026-05-14 05:09:00,2026-05-14 04:59:03.000,2026-05-14 05:20:46.000,train,validation
2026-05-14 05:12:00,2026-05-14 05:02:03.000,2026-05-14 05:23:46.000,train,validation
2026-05-14 05:15:00,2026-05-14 05:05:03.000,2026-05-14 05:26:46.000,train,validation
2026-05-14 05:18:00,2026-05-14 05:08:03.000,2026-05-14 05:29:46.000,train,validation
2026-05-14 05:21:00,2026-05-14 05:11:03.000,2026-05-14 05:32:46.000,train,validation
2026-05-14 05:24:00,2026-05-14 05:14:03.000,2026-05-14 05:35:46.000,train,validation
2026-05-14 05:27:00,2026-05-14 05:17:03.000,2026-05-14 05:38:46.000,train,validation
2026-05-14 05:30:00,2026-05-14 05:20:03.000,2026-05-14 05:41:46.000,train,validation
2026-05-14 05:33:00,2026-05-14 05:23:04.000,2026-05-14 05:44:46.000,train,validation
2026-05-14 05:36:00,2026-05-14 05:26:04.000,2026-05-14 05:47:46.000,train,validation
2026-05-14 05:39:00,2026-05-14 05:29:04.000,2026-05-14 05:50:46.000,validation,validation
2026-05-14 05:42:00,2026-05-14 05:32:04.000,2026-05-14 05:53:46.000,train,validation
2026-05-14 05:45:00,2026-05-14 05:35:04.000,2026-05-14 05:56:46.000,train,validation
2026-05-14 05:48:00,2026-05-14 05:38:04.000,2026-05-14 05:59:46.000,train,validation
2026-05-14 05:51:00,2026-05-14 05:41:04.000,2026-05-14 06:02:46.000,train,validation
2026-05-14 05:54:00,2026-05-14 05:44:04.000,2026-05-14 06:05:46.000,validation,validation
2026-05-14 05:57:00,2026-05-14 05:47:04.000,2026-05-14 06:08:46.000,validation,validation
2026-05-14 06:00:00,2026-05-14 05:50:04.000,2026-05-14 06:11:46.000,validation,validation
2026-05-14 06:03:00,2026-05-14 05:53:04.000,2026-05-14 06:14:46.000,train,validation
2026-05-14 06:06:00,2026-05-14 05:56:04.000,2026-05-14 06:17:46.000,train,validation
2026-05-14 06:09:00,2026-05-14 05:59:04.000,2026-05-14 06:20:46.000,train,validation
2026-05-14 06:12:00,2026-05-14 06:02:04.000,2026-05-14 06:23:46.000,train,validation
2026-05-14 06:15:00,2026-05-14 06:05:04.000,2026-05-14 06:26:46.000,train,validation
2026-05-14 06:18:00,2026-05-14 06:08:04.000,2026-05-14 06:29:46.000,train,validation
2026-05-14 06:21:00,2026-05-14 06:11:04.000,2026-05-14 06:32:46.000,train,validation
2026-05-14 06:24:00,2026-05-14 06:14:04.000,2026-05-14 06:35:46.000,train,validation
2026-05-14 06:27:00,2026-05-14 06:17:04.000,2026-05-14 06:38:46.000,validation,validation
2026-05-14 06:30:00,2026-05-14 06:20:04.000,2026-05-14 06:41:46.000,train,validation
2026-05-14 06:33:00,2026-05-14 06:23:04.000,2026-05-14 06:44:46.000,train,validation
2026-05-14 06:36:00,2026-05-14 06:26:04.000,2026-05-14 06:47:46.000,train,validation
2026-05-14 06:39:00,2026-05-14 06:29:05.000,2026-05-14 06:50:46.000,train,validation
2026-05-14 06:42:00,2026-05-14 06:32:05.000,2026-05-14 06:53:46.000,validation,validation
2026-05-14 06:45:00,2026-05-14 06:35:05.000,2026-05-14 06:56:46.000,train,validation
2026-05-14 06:48:00,2026-05-14 06:38:05.000,2026-05-14 06:59:46.000,train,validation
2026-05-14 06:51:00,2026-05-14 06:41:05.000,2026-05-14 07:02:46.000,train,validation
2026-05-14 06:54:00,2026-05-14 06:44:05.000,2026-05-14 07:05:46.000,train,validation
2026-05-14 06:57:00,2026-05-14 06:47:05.000,2026-05-14 07:08:46.000,train,validation
2026-05-14 07:00:00,2026-05-14 06:50:05.000,2026-05-14 07:11:46.000,train,validation
2026-05-14 07:03:00,2026-05-14 06:53:05.000,2026-05-14 07:14:46.000,train,validation
2026-05-14 07:06:00,2026-05-14 06:56:05.000,2026-05-14 07:17:46.000,train,validation
2026-05-14 07:09:00,2026-05-14 06:59:05.000,2026-05-14 07:20:46.000,train,validation
2026-05-14 07:12:00,2026-05-14 07:02:05.000,2026-05-14 07:23:46.000,train,validation
2026-05-14 07:15:00,2026-05-14 07:05:05.000,2026-05-14 07:26:46.000,train,validation
2026-05-14 07:18:00,2026-05-14 07:08:05.000,2026-05-14 07:29:46.000,train,validation
2026-05-14 07:21:00,2026-05-14 07:11:05.000,2026-05-14 07:32:46.000,train,validation
2026-05-14 07:24:00,2026-05-14 07:14:05.000,2026-05-14 07:35:46.000,train,validation
2026-05-14 07:27:00,2026-05-14 07:17:05.000,2026-05-14 07:38:46.000,train,validation
2026-05-14 07:30:00,2026-05-14 07:20:05.000,2026-05-14 07:41:46.000,train,validation
2026-05-14 07:33:00,2026-05-14 07:23:05.000,2026-05-14 07:44:46.000,train,validation
2026-05-14 07:36:00,2026-05-14 07:26:05.000,2026-05-14 07:47:46.000,train,validation
2026-05-14 07:39:00,2026-05-14 07:29:05.000,2026-05-14 07:50:46.000,train,validation
2026-05-14 07:42:00,2026-05-14 07:32:05.000,2026-05-14 07:53:46.000,train,validation
2026-05-14 07:45:00,2026-05-14 07:35:06.000,2026-05-14 07:56:46.000,train,validation
2026-05-14 07:48:00,2026-05-14 07:38:06.000,2026-05-14 07:59:46.000,train,validation
2026-05-14 07:51:00,2026-05-14 07:41:06.000,2026-05-14 08:02:46.000,train,validation
2026-05-14 07:54:00,2026-05-14 07:44:06.000,2026-05-14 08:05:46.000,train,validation
2026-05-14 07:57:00,2026-05-14 07:47:06.000,2026-05-14 08:08:46.000,train,validation
2026-05-14 08:00:00,2026-05-14 07:50:06.000,2026-05-14 08:11:46.000,train,validation
2026-05-14 08:03:00,2026-05-14 07:53:06.000,2026-05-14 08:14:46.000,train,validation
2026-05-14 08:06:00,2026-05-14 07:56:06.000,2026-05-14 08:17:46.000,train,validation
2026-05-14 08:09:00,2026-05-14 07:59:06.000,2026-05-14 08:20:46.000,train,validation
2026-05-14 08:12:00,2026-05-14 08:02:06.000,2026-05-14 08:23:46.000,train,validation
2026-05-14 08:15:00,2026-05-14 08:05:06.000,2026-05-14 08:26:46.000,train,validation
2026-05-14 08:18:00,2026-05-14 08:08:06.000,2026-05-14 08:29:46.000,train,validation
2026-05-14 08:21:00,2026-05-14 08:11:06.000,2026-05-14 08:32:46.000,train,validation
2026-05-14 08:24:00,2026-05-14 08:14:06.000,2026-05-14 08:35:46.000,train,validation
2026-05-14 08:27:00,2026-05-14 08:17:06.000,2026-05-14 08:38:46.000,train,validation
2026-05-14 08:30:00,2026-05-14 08:20:06.000,2026-05-14 08:41:46.000,train,validation
2026-05-14 08:33:00,2026-05-14 08:23:06.000,2026-05-14 08:44:46.000,validation,validation
2026-05-14 08:36:00,2026-05-14 08:26:06.000,2026-05-14 08:47:46.000,train,validation
2026-05-14 08:39:00,2026-05-14 08:29:06.000,2026-05-14 08:50:46.000,train,validation
2026-05-14 08:42:00,2026-05-14 08:32:06.000,2026-05-14 08:53:46.000,train,validation
2026-05-14 08:45:00,2026-05-14 08:35:06.000,2026-05-14 08:56:46.000,validation,validation
2026-05-14 08:48:00,2026-05-14 08:38:06.000,2026-05-14 08:59:46.000,train,validation
2026-05-14 08:51:00,2026-05-14 08:41:07.000,2026-05-14 09:02:46.000,train,validation
2026-05-14 08:54:00,2026-05-14 08:44:07.000,2026-05-14 09:05:46.000,train,validation
2026-05-14 08:57:00,2026-05-14 08:47:07.000,2026-05-14 09:08:46.000,train,validation
2026-05-14 09:00:00,2026-05-14 08:50:07.000,2026-05-14 09:11:46.000,train,validation
2026-05-14 09:03:00,2026-05-14 08:53:07.000,2026-05-14 09:14:46.000,train,validation
2026-05-14 09:06:00,2026-05-14 08:56:07.000,2026-05-14 09:17:46.000,train,validation
2026-05-14 09:09:00,2026-05-14 08:59:07.000,2026-05-14 09:20:46.000,train,validation
2026-05-14 09:12:00,2026-05-14 09:02:07.000,2026-05-14 09:23:46.000,train,validation
2026-05-14 09:15:00,2026-05-14 09:05:07.000,2026-05-14 09:26:46.000,validation,validation
2026-05-14 09:18:00,2026-05-14 09:08:07.000,2026-05-14 09:29:46.000,validation,validation
2026-05-14 09:21:00,2026-05-14 09:11:07.000,2026-05-14 09:32:46.000,train,validation
2026-05-14 09:24:00,2026-05-14 09:14:07.000,2026-05-14 09:35:46.000,train,validation
2026-05-14 09:27:00,2026-05-14 09:17:07.000,2026-05-14 09:38:46.000,validation,validation
2026-05-14 09:30:00,2026-05-14 09:20:07.000,2026-05-14 09:41:46.000,train,validation
2026-05-14 09:33:00,2026-05-14 09:23:07.000,2026-05-14 09:44:46.000,train,validation
2026-05-14 09:36:00,2026-05-14 09:26:07.000,2026-05-14 09:47:46.000,train,validation
2026-05-14 09:39:00,2026-05-14 09:29:07.000,2026-05-14 09:50:46.000,train,validation
2026-05-14 09:42:00,2026-05-14 09:32:07.000,2026-05-14 09:53:46.000,validation,validation
2026-05-14 09:45:00,2026-05-14 09:35:07.000,2026-05-14 09:56:46.000,train,validation
2026-05-14 09:48:00,2026-05-14 09:38:07.000,2026-05-14 09:59:46.000,train,validation
2026-05-14 09:51:00,2026-05-14 09:41:07.000,2026-05-14 10:02:46.000,validation,validation
2026-05-14 09:54:00,2026-05-14 09:44:07.000,2026-05-14 10:05:46.000,train,validation
2026-05-14 09:57:00,2026-05-14 09:47:08.000,2026-05-14 10:08:46.000,validation,validation
2026-05-14 10:00:00,2026-05-14 09:50:08.000,2026-05-14 10:11:46.000,train,validation
2026-05-14 10:03:00,2026-05-14 09:53:08.000,2026-05-14 10:14:46.000,train,validation
2026-05-14 10:06:00,2026-05-14 09:56:08.000,2026-05-14 10:17:46.000,train,validation
2026-05-14 10:09:00,2026-05-14 09:59:08.000,2026-05-14 10:20:46.000,validation,validation
2026-05-14 10:12:00,2026-05-14 10:02:08.000,2026-05-14 10:23:46.000,validation,validation
2026-05-14 10:15:00,2026-05-14 10:05:08.000,2026-05-14 10:26:46.000,train,validation
2026-05-14 10:18:00,2026-05-14 10:08:08.000,2026-05-14 10:29:46.000,train,validation
2026-05-14 10:21:00,2026-05-14 10:11:08.000,2026-05-14 10:32:46.000,train,validation
2026-05-14 10:24:00,2026-05-14 10:14:08.000,2026-05-14 10:35:46.000,train,validation
2026-05-14 10:27:00,2026-05-14 10:17:08.000,2026-05-14 10:38:46.000,train,validation
2026-05-14 10:30:00,2026-05-14 10:20:08.000,2026-05-14 10:41:46.000,train,validation
2026-05-14 10:33:00,2026-05-14 10:23:08.000,2026-05-14 10:44:46.000,train,validation
2026-05-14 10:36:00,2026-05-14 10:26:08.000,2026-05-14 10:47:46.000,train,validation
2026-05-14 10:39:00,2026-05-14 10:29:08.000,2026-05-14 10:50:46.000,train,validation
2026-05-14 10:42:00,2026-05-14 10:32:08.000,2026-05-14 10:53:46.000,train,validation
2026-05-14 10:45:00,2026-05-14 10:35:08.000,2026-05-14 10:56:46.000,train,validation
2026-05-14 10:48:00,2026-05-14 10:38:08.000,2026-05-14 10:59:46.000,validation,validation
2026-05-14 10:51:00,2026-05-14 10:41:08.000,2026-05-14 11:02:46.000,train,validation
2026-05-14 10:54:00,2026-05-14 10:44:08.000,2026-05-14 11:05:46.000,train,validation
2026-05-14 10:57:00,2026-05-14 10:47:08.000,2026-05-14 11:08:46.000,train,validation
2026-05-14 11:00:00,2026-05-14 10:50:08.000,2026-05-14 11:11:46.000,train,validation
2026-05-14 11:03:00,2026-05-14 10:53:09.000,2026-05-14 11:14:46.000,train,validation
2026-05-14 11:06:00,2026-05-14 10:56:09.000,2026-05-14 11:17:46.000,train,validation
2026-05-14 11:09:00,2026-05-14 10:59:09.000,2026-05-14 11:20:46.000,train,validation
2026-05-14 11:12:00,2026-05-14 11:02:09.000,2026-05-14 11:23:46.000,train,validation
2026-05-14 11:15:00,2026-05-14 11:05:09.000,2026-05-14 11:26:46.000,train,validation
2026-05-14 11:18:00,2026-05-14 11:08:09.000,2026-05-14 11:29:46.000,train,validation
2026-05-14 11:21:00,2026-05-14 11:11:09.000,2026-05-14 11:32:46.000,train,validation
2026-05-14 11:24:00,2026-05-14 11:14:09.000,2026-05-14 11:35:46.000,train,validation
2026-05-14 11:27:00,2026-05-14 11:17:09.000,2026-05-14 11:38:46.000,train,validation
2026-05-14 11:30:00,2026-05-14 11:20:09.000,2026-05-14 11:41:46.000,train,validation
2026-05-14 11:33:00,2026-05-14 11:23:09.000,2026-05-14 11:44:46.000,train,validation
2026-05-14 11:36:00,2026-05-14 11:26:09.000,2026-05-14 11:47:46.000,train,validation
2026-05-14 11:39:00,2026-05-14 11:29:09.000,2026-05-14 11:50:46.000,train,validation
2026-05-14 11:42:00,2026-05-14 11:32:09.000,2026-05-14 11:53:46.000,train,validation
2026-05-14 11:45:00,2026-05-14 11:35:09.000,2026-05-14 11:56:46.000,train,validation
2026-05-14 11:48:00,2026-05-14 11:38:09.000,2026-05-14 11:59:46.000,validation,validation
2026-05-14 11:51:00,2026-05-14 11:41:09.000,2026-05-14 12:02:46.000,train,validation
2026-05-14 11:54:00,2026-05-14 11:44:09.000,2026-05-14 12:05:46.000,train,validation
2026-05-14 11:57:00,2026-05-14 11:47:09.000,2026-05-14 12:08:46.000,train,validation
2026-05-14 12:00:00,2026-05-14 11:50:09.000,2026-05-14 12:11:46.000,train,validation
2026-05-14 12:03:00,2026-05-14 11:53:09.000,2026-05-14 12:14:46.000,validation,validation
2026-05-14 12:06:00,2026-05-14 11:56:10.000,2026-05-14 12:17:46.000,validation,validation
2026-05-14 12:09:00,2026-05-14 11:59:10.000,2026-05-14 12:20:46.000,train,validation
2026-05-14 12:12:00,2026-05-14 12:02:10.000,2026-05-14 12:23:46.000,validation,validation
2026-05-14 12:15:00,2026-05-14 12:05:10.000,2026-05-14 12:26:46.000,train,validation
2026-05-14 12:18:00,2026-05-14 12:08:10.000,2026-05-14 12:29:46.000,train,validation
2026-05-14 12:21:00,2026-05-14 12:11:10.000,2026-05-14 12:32:46.000,train,validation
2026-05-14 12:24:00,2026-05-14 12:14:10.000,2026-05-14 12:35:46.000,train,validation
2026-05-14 12:27:00,2026-05-14 12:17:10.000,2026-05-14 12:38:46.000,train,validation
2026-05-14 12:30:00,2026-05-14 12:20:10.000,2026-05-14 12:41:46.000,train,validation
2026-05-14 12:33:00,2026-05-14 12:23:10.000,2026-05-14 12:44:46.000,train,validation
2026-05-14 12:36:00,2026-05-14 12:26:10.000,2026-05-14 12:47:46.000,train,validation
2026-05-14 12:39:00,2026-05-14 12:29:10.000,2026-05-14 12:50:46.000,train,validation
2026-05-14 12:42:00,2026-05-14 12:32:10.000,2026-05-14 12:53:46.000,train,validation
2026-05-14 12:45:00,2026-05-14 12:35:10.000,2026-05-14 12:56:46.000,train,validation
2026-05-14 12:48:00,2026-05-14 12:38:10.000,2026-05-14 12:59:46.000,train,validation
2026-05-14 12:51:00,2026-05-14 12:41:10.000,2026-05-14 13:02:46.000,train,validation
2026-05-14 12:54:00,2026-05-14 12:44:10.000,2026-05-14 13:05:46.000,train,validation
2026-05-14 12:57:00,2026-05-14 12:47:10.000,2026-05-14 13:08:46.000,train,validation
2026-05-14 13:00:00,2026-05-14 12:50:10.000,2026-05-14 13:11:46.000,train,validation
2026-05-14 13:03:00,2026-05-14 12:53:10.000,2026-05-14 13:14:46.000,validation,validation
2026-05-14 13:06:00,2026-05-14 12:56:10.000,2026-05-14 13:17:46.000,validation,validation
2026-05-14 13:09:00,2026-05-14 12:59:10.000,2026-05-14 13:20:46.000,train,validation
2026-05-14 13:12:00,2026-05-14 13:02:11.000,2026-05-14 13:23:46.000,train,validation
2026-05-14 13:15:00,2026-05-14 13:05:11.000,2026-05-14 13:26:46.000,train,validation
2026-05-14 13:18:00,2026-05-14 13:08:11.000,2026-05-14 13:29:46.000,validation,validation
2026-05-14 13:21:00,2026-05-14 13:11:11.000,2026-05-14 13:32:46.000,train,validation
2026-05-14 13:24:00,2026-05-14 13:14:11.000,2026-05-14 13:35:46.000,train,validation
2026-05-14 13:27:00,2026-05-14 13:17:11.000,2026-05-14 13:38:46.000,train,validation
2026-05-14 13:30:00,2026-05-14 13:20:11.000,2026-05-14 13:41:46.000,train,validation
2026-05-14 13:33:00,2026-05-14 13:23:11.000,2026-05-14 13:44:46.000,train,validation
2026-05-14 13:36:00,2026-05-14 13:26:11.000,2026-05-14 13:47:46.000,train,validation
2026-05-14 13:39:00,2026-05-14 13:29:11.000,2026-05-14 13:50:46.000,train,validation
2026-05-14 13:42:00,2026-05-14 13:32:11.000,2026-05-14 13:53:46.000,train,validation
2026-05-14 13:45:00,2026-05-14 13:35:11.000,2026-05-14 13:56:46.000,train,validation
2026-05-14 13:48:00,2026-05-14 13:38:11.000,2026-05-14 13:59:46.000,train,validation
2026-05-14 13:51:00,2026-05-14 13:41:11.000,2026-05-14 14:02:46.000,validation,validation
2026-05-14 13:54:00,2026-05-14 13:44:11.000,2026-05-14 14:05:46.000,validation,validation
2026-05-14 13:57:00,2026-05-14 13:47:11.000,2026-05-14 14:08:46.000,train,validation
2026-05-14 14:00:00,2026-05-14 13:50:11.000,2026-05-14 14:11:46.000,train,validation
2026-05-14 14:03:00,2026-05-14 13:53:11.000,2026-05-14 14:14:46.000,train,validation
2026-05-14 14:06:00,2026-05-14 13:56:11.000,2026-05-14 14:17:46.000,validation,validation
2026-05-14 14:09:00,2026-05-14 13:59:11.000,2026-05-14 14:20:46.000,train,validation
2026-05-14 14:12:00,2026-05-14 14:02:11.000,2026-05-14 14:23:46.000,train,validation
2026-05-14 14:15:00,2026-05-14 14:05:11.000,2026-05-14 14:26:46.000,train,validation
2026-05-14 14:18:00,2026-05-14 14:08:12.000,2026-05-14 14:29:46.000,train,validation
2026-05-14 14:21:00,2026-05-14 14:11:12.000,2026-05-14 14:32:46.000,train,validation
2026-05-14 14:24:00,2026-05-14 14:14:12.000,2026-05-14 14:35:46.000,validation,validation
2026-05-14 14:27:00,2026-05-14 14:17:12.000,2026-05-14 14:38:46.000,train,validation
2026-05-14 14:30:00,2026-05-14 14:20:12.000,2026-05-14 14:41:46.000,validation,validation
2026-05-14 14:33:00,2026-05-14 14:23:12.000,2026-05-14 14:44:46.000,validation,validation
2026-05-14 14:36:00,2026-05-14 14:26:12.000,2026-05-14 14:47:46.000,validation,validation
2026-05-14 14:39:00,2026-05-14 14:29:12.000,2026-05-14 14:50:46.000,train,validation
2026-05-14 14:42:00,2026-05-14 14:32:12.000,2026-05-14 14:53:46.000,validation,validation
2026-05-14 14:45:00,2026-05-14 14:35:12.000,2026-05-14 14:56:46.000,validation,validation
2026-05-14 14:48:00,2026-05-14 14:38:12.000,2026-05-14 14:59:46.000,validation,validation
2026-05-14 14:51:00,2026-05-14 14:41:12.000,2026-05-14 15:02:46.000,validation,validation
2026-05-14 14:54:00,2026-05-14 14:44:12.000,2026-05-14 15:05:46.000,train,validation
2026-05-14 14:57:00,2026-05-14 14:47:12.000,2026-05-14 15:08:46.000,train,validation
2026-05-14 15:00:00,2026-05-14 14:50:12.000,2026-05-14 15:11:46.000,train,validation
2026-05-14 15:03:00,2026-05-14 14:53:12.000,2026-05-14 15:14:46.000,train,validation
2026-05-14 15:06:00,2026-05-14 14:56:12.000,2026-05-14 15:17:46.000,train,validation
2026-05-14 15:09:00,2026-05-14 14:59:12.000,2026-05-14 15:20:46.000,train,validation
2026-05-14 15:12:00,2026-05-14 15:02:12.000,2026-05-14 15:23:46.000,train,validation
2026-05-14 15:15:00,2026-05-14 15:05:12.000,2026-05-14 15:26:46.000,validation,validation
2026-05-14 15:18:00,2026-05-14 15:08:12.000,2026-05-14 15:29:46.000,train,validation
2026-05-14 15:21:00,2026-05-14 15:11:12.000,2026-05-14 15:32:46.000,train,validation
2026-05-14 15:24:00,2026-05-14 15:14:13.000,2026-05-14 15:35:46.000,validation,validation
2026-05-14 15:27:00,2026-05-14 15:17:13.000,2026-05-14 15:38:46.000,train,validation
2026-05-14 15:30:00,2026-05-14 15:20:13.000,2026-05-14 15:41:46.000,train,validation
2026-05-14 15:33:00,2026-05-14 15:23:13.000,2026-05-14 15:44:46.000,train,validation
2026-05-14 15:36:00,2026-05-14 15:26:13.000,2026-05-14 15:47:46.000,validation,validation
2026-05-14 15:39:00,2026-05-14 15:29:13.000,2026-05-14 15:50:46.000,train,validation
2026-05-14 15:42:00,2026-05-14 15:32:13.000,2026-05-14 15:53:46.000,train,validation
2026-05-14 15:45:00,2026-05-14 15:35:13.000,2026-05-14 15:56:46.000,validation,validation
2026-05-14 15:48:00,2026-05-14 15:38:13.000,2026-05-14 15:59:46.000,train,validation
2026-05-14 15:51:00,2026-05-14 15:41:13.000,2026-05-14 16:02:46.000,train,validation
2026-05-14 15:54:00,2026-05-14 15:44:13.000,2026-05-14 16:05:46.000,train,validation
2026-05-14 15:57:00,2026-05-14 15:47:13.000,2026-05-14 16:08:46.000,train,validation
2026-05-14 16:00:00,2026-05-14 15:50:13.000,2026-05-14 16:11:46.000,train,validation
2026-05-14 16:03:00,2026-05-14 15:53:13.000,2026-05-14 16:14:46.000,validation,validation
2026-05-14 16:06:00,2026-05-14 15:56:13.000,2026-05-14 16:17:46.000,train,validation
2026-05-14 16:09:00,2026-05-14 15:59:13.000,2026-05-14 16:20:46.000,train,validation
2026-05-14 16:12:00,2026-05-14 16:02:13.000,2026-05-14 16:23:46.000,train,validation
2026-05-14 16:15:00,2026-05-14 16:05:13.000,2026-05-14 16:26:46.000,train,validation
2026-05-14 16:18:00,2026-05-14 16:08:13.000,2026-05-14 16:29:46.000,train,validation
2026-05-14 16:21:00,2026-05-14 16:11:13.000,2026-05-14 16:32:46.000,train,validation
2026-05-14 16:24:00,2026-05-14 16:14:13.000,2026-05-14 16:35:46.000,validation,validation
2026-05-14 16:27:00,2026-05-14 16:17:13.000,2026-05-14 16:38:46.000,train,validation
2026-05-14 16:30:00,2026-05-14 16:20:14.000,2026-05-14 16:41:46.000,train,validation
2026-05-14 16:33:00,2026-05-14 16:23:14.000,2026-05-14 16:44:46.000,train,validation
2026-05-14 16:36:00,2026-05-14 16:26:14.000,2026-05-14 16:47:46.000,train,validation
2026-05-14 16:39:00,2026-05-14 16:29:14.000,2026-05-14 16:50:46.000,train,validation
2026-05-14 16:42:00,2026-05-14 16:32:14.000,2026-05-14 16:53:46.000,train,validation
2026-05-14 16:45:00,2026-05-14 16:35:14.000,2026-05-14 16:56:46.000,validation,validation
2026-05-14 16:48:00,2026-05-14 16:38:14.000,2026-05-14 16:59:46.000,train,validation
2026-05-14 16:51:00,2026-05-14 16:41:14.000,2026-05-14 17:02:46.000,train,validation
2026-05-14 16:54:00,2026-05-14 16:44:14.000,2026-05-14 17:05:46.000,train,validation
2026-05-14 16:57:00,2026-05-14 16:47:14.000,2026-05-14 17:08:46.000,validation,validation
2026-05-14 17:00:00,2026-05-14 16:50:14.000,2026-05-14 17:11:46.000,train,validation
2026-05-14 17:03:00,2026-05-14 16:53:14.000,2026-05-14 17:14:46.000,validation,validation
2026-05-14 17:06:00,2026-05-14 16:56:14.000,2026-05-14 17:17:46.000,train,validation
2026-05-14 17:09:00,2026-05-14 16:59:14.000,2026-05-14 17:20:46.000,train,validation
2026-05-14 17:12:00,2026-05-14 17:02:14.000,2026-05-14 17:23:46.000,train,validation
2026-05-14 17:15:00,2026-05-14 17:05:14.000,2026-05-14 17:26:46.000,train,validation
2026-05-14 17:18:00,2026-05-14 17:08:14.000,2026-05-14 17:29:46.000,train,validation
2026-05-14 17:21:00,2026-05-14 17:11:14.000,2026-05-14 17:32:46.000,train,validation
2026-05-14 17:24:00,2026-05-14 17:14:14.000,2026-05-14 17:35:46.000,train,validation
2026-05-14 17:27:00,2026-05-14 17:17:14.000,2026-05-14 17:38:46.000,train,validation
2026-05-14 17:30:00,2026-05-14 17:20:14.000,2026-05-14 17:41:46.000,train,validation
2026-05-14 17:33:00,2026-05-14 17:23:14.000,2026-05-14 17:44:46.000,train,validation
2026-05-14 17:36:00,2026-05-14 17:26:15.000,2026-05-14 17:47:46.000,train,validation
2026-05-14 17:39:00,2026-05-14 17:29:15.000,2026-05-14 17:50:46.000,train,validation
2026-05-14 17:42:00,2026-05-14 17:32:15.000,2026-05-14 17:53:46.000,train,validation
2026-05-14 17:45:00,2026-05-14 17:35:15.000,2026-05-14 17:56:46.000,train,validation
2026-05-14 17:48:00,2026-05-14 17:38:15.000,2026-05-14 17:59:46.000,validation,validation
2026-05-14 17:51:00,2026-05-14 17:41:15.000,2026-05-14 18:02:46.000,validation,validation
2026-05-14 17:54:00,2026-05-14 17:44:15.000,2026-05-14 18:05:46.000,train,validation
2026-05-14 17:57:00,2026-05-14 17:47:15.000,2026-05-14 18:08:46.000,validation,validation
2026-05-14 18:00:00,2026-05-14 17:50:15.000,2026-05-14 18:11:46.000,train,validation
2026-05-14 18:03:00,2026-05-14 17:53:15.000,2026-05-14 18:14:46.000,train,validation
2026-05-14 18:06:00,2026-05-14 17:56:15.000,2026-05-14 18:17:46.000,train,validation
2026-05-14 18:09:00,2026-05-14 17:59:15.000,2026-05-14 18:20:46.000,train,validation
2026-05-14 18:12:00,2026-05-14 18:02:15.000,2026-05-14 18:23:46.000,validation,validation
2026-05-14 18:15:00,2026-05-14 18:05:15.000,2026-05-14 18:26:46.000,validation,validation
2026-05-14 18:18:00,2026-05-14 18:08:15.000,2026-05-14 18:29:46.000,train,validation
2026-05-14 18:21:00,2026-05-14 18:11:15.000,2026-05-14 18:32:46.000,train,validation
2026-05-14 18:24:00,2026-05-14 18:14:15.000,2026-05-14 18:35:46.000,train,validation
2026-05-14 18:27:00,2026-05-14 18:17:15.000,2026-05-14 18:38:46.000,train,validation
2026-05-14 18:30:00,2026-05-14 18:20:15.000,2026-05-14 18:41:46.000,train,validation
2026-05-14 18:33:00,2026-05-14 18:23:15.000,2026-05-14 18:44:46.000,train,validation
2026-05-14 18:36:00,2026-05-14 18:26:15.000,2026-05-14 18:47:46.000,train,validation
2026-05-14 18:39:00,2026-05-14 18:29:15.000,2026-05-14 18:50:46.000,validation,validation
2026-05-14 18:42:00,2026-05-14 18:32:16.000,2026-05-14 18:53:46.000,train,validation
2026-05-14 18:45:00,2026-05-14 18:35:16.000,2026-05-14 18:56:46.000,train,validation
2026-05-14 18:48:00,2026-05-14 18:38:16.000,2026-05-14 18:59:46.000,validation,validation
2026-05-14 18:51:00,2026-05-14 18:41:16.000,2026-05-14 19:02:46.000,validation,validation
2026-05-14 18:54:00,2026-05-14 18:44:16.000,2026-05-14 19:05:46.000,train,validation
2026-05-14 18:57:00,2026-05-14 18:47:16.000,2026-05-14 19:08:46.000,train,validation
2026-05-14 19:00:00,2026-05-14 18:50:16.000,2026-05-14 19:11:46.000,validation,validation
2026-05-14 19:03:00,2026-05-14 18:53:16.000,2026-05-14 19:14:46.000,train,validation
2026-05-14 19:06:00,2026-05-14 18:56:16.000,2026-05-14 19:17:46.000,train,validation
2026-05-14 19:09:00,2026-05-14 18:59:16.000,2026-05-14 19:20:46.000,train,validation
2026-05-14 19:12:00,2026-05-14 19:02:16.000,2026-05-14 19:23:46.000,validation,validation
2026-05-14 19:15:00,2026-05-14 19:05:16.000,2026-05-14 19:26:46.000,train,validation
2026-05-14 19:18:00,2026-05-14 19:08:16.000,2026-05-14 19:29:46.000,validation,validation
2026-05-14 19:21:00,2026-05-14 19:11:16.000,2026-05-14 19:32:46.000,train,validation
2026-05-14 19:24:00,2026-05-14 19:14:16.000,2026-05-14 19:35:46.000,train,validation
2026-05-14 19:27:00,2026-05-14 19:17:16.000,2026-05-14 19:38:46.000,train,validation
2026-05-14 19:30:00,2026-05-14 19:20:16.000,2026-05-14 19:41:46.000,train,validation
2026-05-14 19:33:00,2026-05-14 19:23:16.000,2026-05-14 19:44:46.000,train,validation
2026-05-14 19:36:00,2026-05-14 19:26:16.000,2026-05-14 19:47:46.000,validation,validation
2026-05-14 19:39:00,2026-05-14 19:29:16.000,2026-05-14 19:50:46.000,train,validation
2026-05-14 19:42:00,2026-05-14 19:32:16.000,2026-05-14 19:53:46.000,train,validation
2026-05-14 19:45:00,2026-05-14 19:35:16.000,2026-05-14 19:56:46.000,train,validation
2026-05-14 19:48:00,2026-05-14 19:38:17.000,2026-05-14 19:59:46.000,train,validation
2026-05-14 19:51:00,2026-05-14 19:41:17.000,2026-05-14 20:02:46.000,train,validation
2026-05-14 19:54:00,2026-05-14 19:44:17.000,2026-05-14 20:05:46.000,train,validation
2026-05-14 19:57:00,2026-05-14 19:47:17.000,2026-05-14 20:08:46.000,train,validation
2026-05-14 20:00:00,2026-05-14 19:50:17.000,2026-05-14 20:11:46.000,validation,validation
2026-05-14 20:03:00,2026-05-14 19:53:17.000,2026-05-14 20:14:46.000,train,validation
2026-05-14 20:06:00,2026-05-14 19:56:17.000,2026-05-14 20:17:46.000,train,validation
2026-05-14 20:09:00,2026-05-14 19:59:17.000,2026-05-14 20:20:46.000,train,validation
2026-05-14 20:12:00,2026-05-14 20:02:17.000,2026-05-14 20:23:46.000,train,validation
2026-05-14 20:15:00,2026-05-14 20:05:17.000,2026-05-14 20:26:46.000,train,validation
2026-05-14 20:18:00,2026-05-14 20:08:17.000,2026-05-14 20:29:46.000,train,validation
2026-05-14 20:21:00,2026-05-14 20:11:17.000,2026-05-14 20:32:46.000,train,validation
2026-05-14 20:24:00,2026-05-14 20:14:17.000,2026-05-14 20:35:46.000,train,validation
2026-05-14 20:27:00,2026-05-14 20:17:17.000,2026-05-14 20:38:46.000,validation,validation
2026-05-14 20:30:00,2026-05-14 20:20:17.000,2026-05-14 20:41:46.000,train,validation
2026-05-14 20:33:00,2026-05-14 20:23:17.000,2026-05-14 20:44:46.000,train,validation
2026-05-14 20:36:00,2026-05-14 20:26:17.000,2026-05-14 20:47:46.000,validation,validation
2026-05-14 20:39:00,2026-05-14 20:29:17.000,2026-05-14 20:50:46.000,train,validation
2026-05-14 20:42:00,2026-05-14 20:32:17.000,2026-05-14 20:53:46.000,train,validation
2026-05-14 20:45:00,2026-05-14 20:35:17.000,2026-05-14 20:56:46.000,train,validation
2026-05-14 20:48:00,2026-05-14 20:38:17.000,2026-05-14 20:59:46.000,train,validation
2026-05-14 20:51:00,2026-05-14 20:41:17.000,2026-05-14 21:02:46.000,train,validation
2026-05-14 20:54:00,2026-05-14 20:44:18.000,2026-05-14 21:05:46.000,train,validation
2026-05-14 20:57:00,2026-05-14 20:47:18.000,2026-05-14 21:08:46.000,train,validation
2026-05-14 21:00:00,2026-05-14 20:50:18.000,2026-05-14 21:11:46.000,validation,validation
2026-05-14 21:03:00,2026-05-14 20:53:18.000,2026-05-14 21:14:46.000,validation,validation
2026-05-14 21:06:00,2026-05-14 20:56:18.000,2026-05-14 21:17:46.000,train,validation
2026-05-14 21:09:00,2026-05-14 20:59:18.000,2026-05-14 21:20:46.000,train,validation
2026-05-14 21:12:00,2026-05-14 21:02:18.000,2026-05-14 21:23:46.000,train,validation
2026-05-14 21:15:00,2026-05-14 21:05:18.000,2026-05-14 21:26:46.000,train,validation
2026-05-14 21:18:00,2026-05-14 21:08:18.000,2026-05-14 21:29:46.000,train,validation
2026-05-14 21:21:00,2026-05-14 21:11:18.000,2026-05-14 21:32:46.000,train,validation
2026-05-14 21:24:00,2026-05-14 21:14:18.000,2026-05-14 21:35:46.000,train,validation
2026-05-14 21:27:00,2026-05-14 21:17:18.000,2026-05-14 21:38:46.000,train,validation
2026-05-14 21:30:00,2026-05-14 21:20:18.000,2026-05-14 21:41:46.000,train,validation
2026-05-14 21:33:00,2026-05-14 21:23:18.000,2026-05-14 21:44:46.000,validation,validation
2026-05-14 21:36:00,2026-05-14 21:26:18.000,2026-05-14 21:47:46.000,train,validation
2026-05-14 21:39:00,2026-05-14 21:29:18.000,2026-05-14 21:50:46.000,validation,validation
2026-05-14 21:42:00,2026-05-14 21:32:18.000,2026-05-14 21:53:46.000,train,validation
2026-05-14 21:45:00,2026-05-14 21:35:18.000,2026-05-14 21:56:46.000,train,validation
2026-05-14 21:48:00,2026-05-14 21:38:18.000,2026-05-14 21:59:46.000,validation,validation
2026-05-14 21:51:00,2026-05-14 21:41:18.000,2026-05-14 22:02:46.000,train,validation
2026-05-14 21:54:00,2026-05-14 21:44:18.000,2026-05-14 22:05:46.000,train,validation
2026-05-14 21:57:00,2026-05-14 21:47:18.000,2026-05-14 22:08:46.000,train,validation
2026-05-14 22:00:00,2026-05-14 21:50:19.000,2026-05-14 22:11:46.000,train,validation
2026-05-14 22:03:00,2026-05-14 21:53:19.000,2026-05-14 22:14:46.000,validation,validation
2026-05-14 22:06:00,2026-05-14 21:56:19.000,2026-05-14 22:17:46.000,train,validation
2026-05-14 22:09:00,2026-05-14 21:59:19.000,2026-05-14 22:20:46.000,train,validation
2026-05-14 22:12:00,2026-05-14 22:02:19.000,2026-05-14 22:23:46.000,train,validation
2026-05-14 22:15:00,2026-05-14 22:05:19.000,2026-05-14 22:26:46.000,validation,validation
2026-05-14 22:18:00,2026-05-14 22:08:19.000,2026-05-14 22:29:46.000,validation,validation
2026-05-14 22:21:00,2026-05-14 22:11:19.000,2026-05-14 22:32:46.000,train,validation
2026-05-14 22:24:00,2026-05-14 22:14:19.000,2026-05-14 22:35:46.000,train,validation
2026-05-14 22:27:00,2026-05-14 22:17:19.000,2026-05-14 22:38:46.000,train,validation
2026-05-14 22:30:00,2026-05-14 22:20:19.000,2026-05-14 22:41:46.000,train,validation
2026-05-14 22:33:00,2026-05-14 22:23:19.000,2026-05-14 22:44:46.000,train,validation
2026-05-14 22:36:00,2026-05-14 22:26:19.000,2026-05-14 22:47:46.000,validation,validation
2026-05-14 22:39:00,2026-05-14 22:29:19.000,2026-05-14 22:50:46.000,train,validation
2026-05-14 22:42:00,2026-05-14 22:32:19.000,2026-05-14 22:53:46.000,train,validation
2026-05-14 22:45:00,2026-05-14 22:35:19.000,2026-05-14 22:56:46.000,train,validation
2026-05-14 22:48:00,2026-05-14 22:38:19.000,2026-05-14 22:59:46.000,validation,validation
2026-05-14 22:51:00,2026-05-14 22:41:19.000,2026-05-14 23:02:46.000,train,validation
2026-05-14 22:54:00,2026-05-14 22:44:19.000,2026-05-14 23:05:46.000,validation,validation
2026-05-14 22:57:00,2026-05-14 22:47:19.000,2026-05-14 23:08:46.000,train,validation
2026-05-14 23:00:00,2026-05-14 22:50:19.000,2026-05-14 23:11:46.000,train,validation
2026-05-14 23:03:00,2026-05-14 22:53:20.000,2026-05-14 23:14:46.000,train,validation
2026-05-14 23:06:00,2026-05-14 22:56:20.000,2026-05-14 23:17:46.000,validation,validation
2026-05-14 23:09:00,2026-05-14 22:59:20.000,2026-05-14 23:20:46.000,train,validation
2026-05-14 23:12:00,2026-05-14 23:02:20.000,2026-05-14 23:23:46.000,train,validation
2026-05-14 23:15:00,2026-05-14 23:05:20.000,2026-05-14 23:26:46.000,train,validation
2026-05-14 23:18:00,2026-05-14 23:08:20.000,2026-05-14 23:29:46.000,train,validation
2026-05-14 23:21:00,2026-05-14 23:11:20.000,2026-05-14 23:32:46.000,validation,validation
2026-05-14 23:24:00,2026-05-14 23:14:20.000,2026-05-14 23:35:46.000,train,validation
2026-05-14 23:27:00,2026-05-14 23:17:20.000,2026-05-14 23:38:46.000,validation,validation
2026-05-14 23:30:00,2026-05-14 23:20:20.000,2026-05-14 23:41:46.000,train,validation
2026-05-14 23:33:00,2026-05-14 23:23:20.000,2026-05-14 23:44:46.000,train,validation
2026-05-14 23:36:00,2026-05-14 23:26:20.000,2026-05-14 23:47:46.000,train,validation
2026-05-14 23:39:00,2026-05-14 23:29:20.000,2026-05-14 23:50:46.000,train,validation
2026-05-14 23:42:00,2026-05-14 23:32:20.000,2026-05-14 23:53:46.000,validation,validation
2026-05-14 23:45:00,2026-05-14 23:35:20.000,2026-05-14 23:56:46.000,validation,validation
2026-05-14 23:48:00,2026-05-14 23:38:20.000,2026-05-14 23:59:46.000,train,validation
2026-05-14 23:51:00,2026-05-14 23:41:20.000,2026-05-15 00:02:46.000,train,validation
2026-05-14 23:54:00,2026-05-14 23:44:20.000,2026-05-15 00:05:46.000,train,validation
2026-05-14 23:57:00,2026-05-14 23:47:20.000,2026-05-15 00:08:46.000,train,validation
2026-05-15 00:00:00,2026-05-14 23:50:20.000,2026-05-15 00:11:46.000,validation,validation
2026-05-15 00:03:00,2026-05-14 23:53:20.000,2026-05-15 00:14:46.000,train,validation
2026-05-15 00:06:00,2026-05-14 23:56:21.000,2026-05-15 00:17:46.000,train,validation
2026-05-15 00:09:00,2026-05-14 23:59:21.000,2026-05-15 00:20:46.000,train,validation
2026-05-15 00:12:00,2026-05-15 00:02:21.000,2026-05-15 00:23:46.000,train,validation
2026-05-15 00:15:00,2026-05-15 00:05:21.000,2026-05-15 00:26:46.000,train,validation
2026-05-15 00:18:00,2026-05-15 00:08:21.000,2026-05-15 00:29:46.000,train,validation
2026-05-15 00:21:00,2026-05-15 00:11:21.000,2026-05-15 00:32:46.000,train,validation
2026-05-15 00:24:00,2026-05-15 00:14:21.000,2026-05-15 00:35:46.000,train,validation
2026-05-15 00:27:00,2026-05-15 00:17:21.000,2026-05-15 00:38:46.000,train,validation
2026-05-15 00:30:00,2026-05-15 00:20:21.000,2026-05-15 00:41:46.000,train,validation
2026-05-15 00:33:00,2026-05-15 00:23:21.000,2026-05-15 00:44:46.000,train,validation
2026-05-15 00:36:00,2026-05-15 00:26:21.000,2026-05-15 00:47:46.000,train,validation
2026-05-15 00:39:00,2026-05-15 00:29:21.000,2026-05-15 00:50:46.000,train,validation
2026-05-15 00:42:00,2026-05-15 00:32:21.000,2026-05-15 00:53:46.000,train,validation
2026-05-15 00:45:00,2026-05-15 00:35:21.000,2026-05-15 00:56:46.000,train,validation
2026-05-15 00:48:00,2026-05-15 00:38:21.000,2026-05-15 00:59:46.000,train,validation
2026-05-15 00:51:00,2026-05-15 00:41:21.000,2026-05-15 01:02:46.000,train,validation
2026-05-15 00:54:00,2026-05-15 00:44:21.000,2026-05-15 01:05:46.000,train,validation
2026-05-15 00:57:00,2026-05-15 00:47:21.000,2026-05-15 01:08:46.000,train,validation
2026-05-15 01:00:00,2026-05-15 00:50:21.000,2026-05-15 01:11:46.000,train,validation
2026-05-15 01:03:00,2026-05-15 00:53:21.000,2026-05-15 01:14:46.000,train,validation
2026-05-15 01:06:00,2026-05-15 00:56:21.000,2026-05-15 01:17:46.000,train,validation
2026-05-15 01:09:00,2026-05-15 00:59:21.000,2026-05-15 01:20:46.000,validation,validation
2026-05-15 01:12:00,2026-05-15 01:02:22.000,2026-05-15 01:23:46.000,validation,validation
2026-05-15 01:15:00,2026-05-15 01:05:22.000,2026-05-15 01:26:46.000,train,validation
2026-05-15 01:18:00,2026-05-15 01:08:22.000,2026-05-15 01:29:46.000,train,validation
2026-05-15 01:21:00,2026-05-15 01:11:22.000,2026-05-15 01:32:46.000,validation,validation
2026-05-15 01:24:00,2026-05-15 01:14:22.000,2026-05-15 01:35:46.000,train,validation
2026-05-15 01:27:00,2026-05-15 01:17:22.000,2026-05-15 01:38:46.000,train,validation
2026-05-15 01:30:00,2026-05-15 01:20:22.000,2026-05-15 01:41:46.000,train,validation
2026-05-15 01:33:00,2026-05-15 01:23:22.000,2026-05-15 01:44:46.000,train,validation
2026-05-15 01:36:00,2026-05-15 01:26:22.000,2026-05-15 01:47:46.000,train,validation
2026-05-15 01:39:00,2026-05-15 01:29:22.000,2026-05-15 01:50:46.000,validation,validation
2026-05-15 01:42:00,2026-05-15 01:32:22.000,2026-05-15 01:53:46.000,validation,validation
2026-05-15 01:45:00,2026-05-15 01:35:22.000,2026-05-15 01:56:46.000,train,validation
2026-05-15 01:48:00,2026-05-15 01:38:22.000,2026-05-15 01:59:46.000,train,validation
2026-05-15 01:51:00,2026-05-15 01:41:22.000,2026-05-15 02:02:46.000,train,validation
2026-05-15 01:54:00,2026-05-15 01:44:22.000,2026-05-15 02:05:46.000,train,validation
2026-05-15 01:57:00,2026-05-15 01:47:22.000,2026-05-15 02:08:46.000,train,validation
2026-05-15 02:00:00,2026-05-15 01:50:22.000,2026-05-15 02:11:46.000,train,validation
2026-05-15 02:03:00,2026-05-15 01:53:22.000,2026-05-15 02:14:46.000,train,validation
2026-05-15 02:06:00,2026-05-15 01:56:22.000,2026-05-15 02:17:46.000,validation,validation
2026-05-15 02:09:00,2026-05-15 01:59:23.000,2026-05-15 02:20:46.000,validation,validation
2026-05-15 02:12:00,2026-05-15 02:02:23.000,2026-05-15 02:23:46.000,train,validation
2026-05-15 02:15:00,2026-05-15 02:05:23.000,2026-05-15 02:26:46.000,train,validation
2026-05-15 02:18:00,2026-05-15 02:08:23.000,2026-05-15 02:29:46.000,train,validation
2026-05-15 02:21:00,2026-05-15 02:11:23.000,2026-05-15 02:32:46.000,train,validation
2026-05-15 02:24:00,2026-05-15 02:14:23.000,2026-05-15 02:35:46.000,train,validation
2026-05-15 02:27:00,2026-05-15 02:17:23.000,2026-05-15 02:38:46.000,validation,validation
2026-05-15 02:30:00,2026-05-15 02:20:23.000,2026-05-15 02:41:46.000,train,validation
2026-05-15 02:33:00,2026-05-15 02:23:23.000,2026-05-15 02:44:46.000,train,validation
2026-05-15 02:36:00,2026-05-15 02:26:23.000,2026-05-15 02:47:46.000,train,validation
2026-05-15 02:39:00,2026-05-15 02:29:23.000,2026-05-15 02:50:46.000,train,validation
2026-05-15 02:42:00,2026-05-15 02:32:23.000,2026-05-15 02:53:46.000,train,validation
2026-05-15 02:45:00,2026-05-15 02:35:23.000,2026-05-15 02:56:46.000,train,validation
2026-05-15 02:48:00,2026-05-15 02:38:23.000,2026-05-15 02:59:46.000,train,validation
2026-05-15 02:51:00,2026-05-15 02:41:23.000,2026-05-15 03:02:46.000,train,validation
2026-05-15 02:54:00,2026-05-15 02:44:23.000,2026-05-15 03:05:46.000,validation,validation
2026-05-15 02:57:00,2026-05-15 02:47:23.000,2026-05-15 03:08:46.000,train,validation
2026-05-15 03:00:00,2026-05-15 02:50:23.000,2026-05-15 03:11:46.000,validation,validation
2026-05-15 03:03:00,2026-05-15 02:53:23.000,2026-05-15 03:14:46.000,train,validation
2026-05-15 03:06:00,2026-05-15 02:56:23.000,2026-05-15 03:17:46.000,train,validation
2026-05-15 03:09:00,2026-05-15 02:59:23.000,2026-05-15 03:20:46.000,train,validation
2026-05-15 03:12:00,2026-05-15 03:02:23.000,2026-05-15 03:23:46.000,train,validation
2026-05-15 03:15:00,2026-05-15 03:05:23.000,2026-05-15 03:26:46.000,train,validation
2026-05-15 03:18:00,2026-05-15 03:08:23.000,2026-05-15 03:29:46.000,train,validation
2026-05-15 03:21:00,2026-05-15 03:11:23.000,2026-05-15 03:32:46.000,train,validation
2026-05-15 03:24:00,2026-05-15 03:14:23.000,2026-05-15 03:35:46.000,validation,validation
2026-05-15 03:27:00,2026-05-15 03:17:23.000,2026-05-15 03:38:46.000,train,validation
2026-05-15 03:30:00,2026-05-15 03:20:23.000,2026-05-15 03:41:46.000,train,validation
2026-05-15 03:33:00,2026-05-15 03:23:23.000,2026-05-15 03:44:46.000,validation,validation
2026-05-15 03:36:00,2026-05-15 03:26:23.000,2026-05-15 03:47:46.000,train,validation
2026-05-15 03:39:00,2026-05-15 03:29:23.000,2026-05-15 03:50:46.000,train,validation
2026-05-15 03:42:00,2026-05-15 03:32:23.000,2026-05-15 03:53:46.000,train,validation
2026-05-15 03:45:00,2026-05-15 03:35:23.000,2026-05-15 03:56:46.000,train,validation
2026-05-15 03:48:00,2026-05-15 03:38:23.000,2026-05-15 03:59:46.000,train,validation
2026-05-15 03:51:00,2026-05-15 03:41:23.000,2026-05-15 04:02:46.000,train,validation
2026-05-15 03:54:00,2026-05-15 03:44:23.000,2026-05-15 04:05:46.000,train,validation
2026-05-15 03:57:00,2026-05-15 03:47:23.000,2026-05-15 04:08:46.000,train,validation
2026-05-15 04:00:00,2026-05-15 03:50:23.000,2026-05-15 04:11:46.000,train,validation
2026-05-15 04:03:00,2026-05-15 03:53:23.000,2026-05-15 04:14:46.000,train,validation
2026-05-15 04:06:00,2026-05-15 03:56:23.000,2026-05-15 04:17:46.000,validation,validation
2026-05-15 04:09:00,2026-05-15 03:59:23.000,2026-05-15 04:20:46.000,train,validation
2026-05-15 04:12:00,2026-05-15 04:02:23.000,2026-05-15 04:23:46.000,train,validation
2026-05-15 04:15:00,2026-05-15 04:05:23.000,2026-05-15 04:26:46.000,train,validation
2026-05-15 04:18:00,2026-05-15 04:08:23.000,2026-05-15 04:29:46.000,train,validation
2026-05-15 04:21:00,2026-05-15 04:11:23.000,2026-05-15 04:32:46.000,validation,validation
2026-05-15 04:24:00,2026-05-15 04:14:23.000,2026-05-15 04:35:46.000,train,validation
2026-05-15 04:27:00,2026-05-15 04:17:23.000,2026-05-15 04:38:46.000,train,validation
2026-05-15 04:30:00,2026-05-15 04:20:23.000,2026-05-15 04:41:46.000,train,validation
2026-05-15 04:33:00,2026-05-15 04:23:23.000,2026-05-15 04:44:46.000,train,validation
2026-05-15 04:36:00,2026-05-15 04:26:23.000,2026-05-15 04:47:46.000,validation,validation
2026-05-15 04:39:00,2026-05-15 04:29:23.000,2026-05-15 04:50:46.000,train,validation
2026-05-15 04:42:00,2026-05-15 04:32:23.000,2026-05-15 04:53:46.000,train,validation
2026-05-15 04:45:00,2026-05-15 04:35:23.000,2026-05-15 04:56:46.000,validation,validation
2026-05-15 04:48:00,2026-05-15 04:38:23.000,2026-05-15 04:59:46.000,train,validation
2026-05-15 04:51:00,2026-05-15 04:41:23.000,2026-05-15 05:02:46.000,train,validation
2026-05-15 04:54:00,2026-05-15 04:44:23.000,2026-05-15 05:05:46.000,train,validation
2026-05-15 04:57:00,2026-05-15 04:47:23.000,2026-05-15 05:08:46.000,train,validation
2026-05-15 05:00:00,2026-05-15 04:50:23.000,2026-05-15 05:11:46.000,train,validation
2026-05-15 05:03:00,2026-05-15 04:53:23.000,2026-05-15 05:14:46.000,validation,validation
2026-05-15 05:06:00,2026-05-15 04:56:23.000,2026-05-15 05:17:46.000,train,validation
2026-05-15 05:09:00,2026-05-15 04:59:23.000,2026-05-15 05:20:46.000,validation,validation
2026-05-15 05:12:00,2026-05-15 05:02:23.000,2026-05-15 05:23:46.000,train,validation
2026-05-15 05:15:00,2026-05-15 05:05:23.000,2026-05-15 05:26:46.000,train,validation
2026-05-15 05:18:00,2026-05-15 05:08:23.000,2026-05-15 05:29:46.000,train,validation
2026-05-15 05:21:00,2026-05-15 05:11:23.000,2026-05-15 05:32:46.000,train,validation
2026-05-15 05:24:00,2026-05-15 05:14:23.000,2026-05-15 05:35:46.000,validation,validation
2026-05-15 05:27:00,2026-05-15 05:17:23.000,2026-05-15 05:38:46.000,train,validation
2026-05-15 05:30:00,2026-05-15 05:20:23.000,2026-05-15 05:41:46.000,train,validation
2026-05-15 05:33:00,2026-05-15 05:23:23.000,2026-05-15 05:44:46.000,train,validation
2026-05-15 05:36:00,2026-05-15 05:26:23.000,2026-05-15 05:47:46.000,validation,validation
2026-05-15 05:39:00,2026-05-15 05:29:23.000,2026-05-15 05:50:46.000,train,validation
2026-05-15 05:42:00,2026-05-15 05:32:23.000,2026-05-15 05:53:46.000,train,validation
2026-05-15 05:45:00,2026-05-15 05:35:23.000,2026-05-15 05:56:46.000,train,validation
2026-05-15 05:48:00,2026-05-15 05:38:23.000,2026-05-15 05:59:46.000,train,validation
2026-05-15 05:51:00,2026-05-15 05:41:23.000,2026-05-15 06:02:46.000,train,validation
2026-05-15 05:54:00,2026-05-15 05:44:23.000,2026-05-15 06:05:46.000,train,validation
2026-05-15 05:57:00,2026-05-15 05:47:23.000,2026-05-15 06:08:46.000,train,validation
2026-05-15 06:00:00,2026-05-15 05:50:23.000,2026-05-15 06:11:46.000,train,validation
2026-05-15 06:03:00,2026-05-15 05:53:23.000,2026-05-15 06:14:46.000,train,validation
2026-05-15 06:06:00,2026-05-15 05:56:23.000,2026-05-15 06:17:46.000,train,validation
2026-05-15 06:09:00,2026-05-15 05:59:23.000,2026-05-15 06:20:46.000,validation,validation
2026-05-15 06:12:00,2026-05-15 06:02:23.000,2026-05-15 06:23:46.000,train,validation
2026-05-15 06:15:00,2026-05-15 06:05:23.000,2026-05-15 06:26:46.000,validation,validation
2026-05-15 06:18:00,2026-05-15 06:08:23.000,2026-05-15 06:29:46.000,train,validation
2026-05-15 06:21:00,2026-05-15 06:11:23.000,2026-05-15 06:32:46.000,train,validation
2026-05-15 06:24:00,2026-05-15 06:14:23.000,2026-05-15 06:35:46.000,train,validation
2026-05-15 06:27:00,2026-05-15 06:17:23.000,2026-05-15 06:38:46.000,train,validation
2026-05-15 06:30:00,2026-05-15 06:20:23.000,2026-05-15 06:41:46.000,train,validation
2026-05-15 06:33:00,2026-05-15 06:23:23.000,2026-05-15 06:44:46.000,train,validation
2026-05-15 06:36:00,2026-05-15 06:26:23.000,2026-05-15 06:47:46.000,train,validation
2026-05-15 06:39:00,2026-05-15 06:29:23.000,2026-05-15 06:50:46.000,train,validation
2026-05-15 06:42:00,2026-05-15 06:32:23.000,2026-05-15 06:53:46.000,validation,validation
2026-05-15 06:45:00,2026-05-15 06:35:23.000,2026-05-15 06:56:46.000,train,validation
2026-05-15 06:48:00,2026-05-15 06:38:23.000,2026-05-15 06:59:46.000,train,validation
2026-05-15 06:51:00,2026-05-15 06:41:23.000,2026-05-15 07:02:46.000,train,validation
2026-05-15 06:54:00,2026-05-15 06:44:23.000,2026-05-15 07:05:46.000,train,validation
2026-05-15 06:57:00,2026-05-15 06:47:23.000,2026-05-15 07:08:46.000,train,validation
2026-05-15 07:00:00,2026-05-15 06:50:23.000,2026-05-15 07:11:46.000,train,validation
2026-05-15 07:03:00,2026-05-15 06:53:23.000,2026-05-15 07:14:46.000,train,validation
2026-05-15 07:06:00,2026-05-15 06:56:23.000,2026-05-15 07:17:46.000,train,validation
2026-05-15 07:09:00,2026-05-15 06:59:23.000,2026-05-15 07:20:46.000,train,validation
2026-05-15 07:12:00,2026-05-15 07:02:23.000,2026-05-15 07:23:46.000,train,validation
2026-05-15 07:15:00,2026-05-15 07:05:23.000,2026-05-15 07:26:46.000,train,validation
2026-05-15 07:18:00,2026-05-15 07:08:23.000,2026-05-15 07:29:46.000,validation,validation
2026-05-15 07:21:00,2026-05-15 07:11:23.000,2026-05-15 07:32:46.000,train,validation
2026-05-15 07:24:00,2026-05-15 07:14:23.000,2026-05-15 07:35:46.000,train,validation
2026-05-15 07:27:00,2026-05-15 07:17:23.000,2026-05-15 07:38:46.000,validation,validation
2026-05-15 07:30:00,2026-05-15 07:20:23.000,2026-05-15 07:41:46.000,train,validation
2026-05-15 07:33:00,2026-05-15 07:23:23.000,2026-05-15 07:44:46.000,train,validation
2026-05-15 07:36:00,2026-05-15 07:26:23.000,2026-05-15 07:47:46.000,validation,validation
2026-05-15 07:39:00,2026-05-15 07:29:23.000,2026-05-15 07:50:46.000,train,validation
2026-05-15 07:42:00,2026-05-15 07:32:23.000,2026-05-15 07:53:46.000,train,validation
2026-05-15 07:45:00,2026-05-15 07:35:23.000,2026-05-15 07:56:46.000,train,validation
2026-05-15 07:48:00,2026-05-15 07:38:23.000,2026-05-15 07:59:46.000,train,validation
2026-05-15 07:51:00,2026-05-15 07:41:23.000,2026-05-15 08:02:46.000,train,validation
2026-05-15 07:54:00,2026-05-15 07:44:23.000,2026-05-15 08:05:46.000,train,validation
2026-05-15 07:57:00,2026-05-15 07:47:23.000,2026-05-15 08:08:46.000,train,validation
2026-05-15 08:00:00,2026-05-15 07:50:23.000,2026-05-15 08:11:46.000,train,validation
2026-05-15 08:03:00,2026-05-15 07:53:23.000,2026-05-15 08:14:46.000,train,validation
2026-05-15 08:06:00,2026-05-15 07:56:23.000,2026-05-15 08:17:46.000,train,validation
2026-05-15 08:09:00,2026-05-15 07:59:23.000,2026-05-15 08:20:46.000,train,validation
2026-05-15 08:12:00,2026-05-15 08:02:23.000,2026-05-15 08:23:46.000,train,validation
2026-05-15 08:15:00,2026-05-15 08:05:23.000,2026-05-15 08:26:46.000,train,validation
2026-05-15 08:18:00,2026-05-15 08:08:23.000,2026-05-15 08:29:46.000,validation,validation
2026-05-15 08:21:00,2026-05-15 08:11:23.000,2026-05-15 08:32:46.000,train,validation
2026-05-15 08:24:00,2026-05-15 08:14:23.000,2026-05-15 08:35:46.000,train,validation
2026-05-15 08:27:00,2026-05-15 08:17:23.000,2026-05-15 08:38:46.000,validation,validation
2026-05-15 08:30:00,2026-05-15 08:20:23.000,2026-05-15 08:41:46.000,train,validation
2026-05-15 08:33:00,2026-05-15 08:23:23.000,2026-05-15 08:44:46.000,validation,validation
2026-05-15 08:36:00,2026-05-15 08:26:23.000,2026-05-15 08:47:46.000,train,validation
2026-05-15 08:39:00,2026-05-15 08:29:23.000,2026-05-15 08:50:46.000,train,validation
2026-05-15 08:42:00,2026-05-15 08:32:23.000,2026-05-15 08:53:46.000,train,validation
2026-05-15 08:45:00,2026-05-15 08:35:23.000,2026-05-15 08:56:46.000,train,validation
2026-05-15 08:48:00,2026-05-15 08:38:23.000,2026-05-15 08:59:46.000,train,validation
2026-05-15 08:51:00,2026-05-15 08:41:23.000,2026-05-15 09:02:46.000,train,validation
2026-05-15 08:54:00,2026-05-15 08:44:23.000,2026-05-15 09:05:46.000,validation,validation
2026-05-15 08:57:00,2026-05-15 08:47:23.000,2026-05-15 09:08:46.000,train,validation
2026-05-15 09:00:00,2026-05-15 08:50:23.000,2026-05-15 09:11:46.000,train,validation
2026-05-15 09:03:00,2026-05-15 08:53:23.000,2026-05-15 09:14:46.000,train,validation
2026-05-15 09:06:00,2026-05-15 08:56:23.000,2026-05-15 09:17:46.000,train,validation
2026-05-15 09:09:00,2026-05-15 08:59:23.000,2026-05-15 09:20:46.000,train,validation
2026-05-15 09:12:00,2026-05-15 09:02:23.000,2026-05-15 09:23:46.000,train,validation
2026-05-15 09:15:00,2026-05-15 09:05:23.000,2026-05-15 09:26:46.000,validation,validation
2026-05-15 09:18:00,2026-05-15 09:08:23.000,2026-05-15 09:29:46.000,train,validation
2026-05-15 09:21:00,2026-05-15 09:11:23.000,2026-05-15 09:32:46.000,train,validation
2026-05-15 09:24:00,2026-05-15 09:14:23.000,2026-05-15 09:35:46.000,train,validation
2026-05-15 09:27:00,2026-05-15 09:17:23.000,2026-05-15 09:38:46.000,train,validation
2026-05-15 09:30:00,2026-05-15 09:20:23.000,2026-05-15 09:41:46.000,train,validation
2026-05-15 09:33:00,2026-05-15 09:23:23.000,2026-05-15 09:44:46.000,train,validation
2026-05-15 09:36:00,2026-05-15 09:26:23.000,2026-05-15 09:47:46.000,train,validation
2026-05-15 09:39:00,2026-05-15 09:29:23.000,2026-05-15 09:50:46.000,train,validation
2026-05-15 09:42:00,2026-05-15 09:32:23.000,2026-05-15 09:53:46.000,train,validation
2026-05-15 09:45:00,2026-05-15 09:35:23.000,2026-05-15 09:56:46.000,train,validation
2026-05-15 09:48:00,2026-05-15 09:38:23.000,2026-05-15 09:59:46.000,train,validation
2026-05-15 09:51:00,2026-05-15 09:41:23.000,2026-05-15 10:02:46.000,train,validation
2026-05-15 09:54:00,2026-05-15 09:44:23.000,2026-05-15 10:05:46.000,train,validation
2026-05-15 09:57:00,2026-05-15 09:47:23.000,2026-05-15 10:08:46.000,validation,validation
2026-05-15 10:00:00,2026-05-15 09:50:23.000,2026-05-15 10:11:46.000,validation,validation
2026-05-15 10:03:00,2026-05-15 09:53:23.000,2026-05-15 10:14:46.000,validation,validation
2026-05-15 10:06:00,2026-05-15 09:56:23.000,2026-05-15 10:17:46.000,validation,validation
2026-05-15 10:09:00,2026-05-15 09:59:23.000,2026-05-15 10:20:46.000,train,validation
2026-05-15 10:12:00,2026-05-15 10:02:23.000,2026-05-15 10:23:46.000,train,validation
2026-05-15 10:15:00,2026-05-15 10:05:23.000,2026-05-15 10:26:46.000,train,validation
2026-05-15 10:18:00,2026-05-15 10:08:23.000,2026-05-15 10:29:46.000,validation,validation
2026-05-15 10:21:00,2026-05-15 10:11:23.000,2026-05-15 10:32:46.000,train,validation
2026-05-15 10:24:00,2026-05-15 10:14:23.000,2026-05-15 10:35:46.000,validation,validation
2026-05-15 10:27:00,2026-05-15 10:17:23.000,2026-05-15 10:38:46.000,train,validation
2026-05-15 10:30:00,2026-05-15 10:20:23.000,2026-05-15 10:41:46.000,validation,validation
2026-05-15 10:33:00,2026-05-15 10:23:23.000,2026-05-15 10:44:46.000,validation,validation
2026-05-15 10:36:00,2026-05-15 10:26:23.000,2026-05-15 10:47:46.000,train,validation
2026-05-15 10:39:00,2026-05-15 10:29:23.000,2026-05-15 10:50:46.000,train,validation
2026-05-15 10:42:00,2026-05-15 10:32:23.000,2026-05-15 10:53:46.000,train,validation
2026-05-15 10:45:00,2026-05-15 10:35:23.000,2026-05-15 10:56:46.000,train,validation
2026-05-15 10:48:00,2026-05-15 10:38:23.000,2026-05-15 10:59:46.000,train,validation
2026-05-15 10:51:00,2026-05-15 10:41:23.000,2026-05-15 11:02:46.000,train,validation
2026-05-15 10:54:00,2026-05-15 10:44:23.000,2026-05-15 11:05:46.000,train,validation
2026-05-15 10:57:00,2026-05-15 10:47:23.000,2026-05-15 11:08:46.000,train,validation
2026-05-15 11:00:00,2026-05-15 10:50:23.000,2026-05-15 11:11:46.000,train,validation
2026-05-15 11:03:00,2026-05-15 10:53:23.000,2026-05-15 11:14:46.000,train,validation
2026-05-15 11:06:00,2026-05-15 10:56:23.000,2026-05-15 11:17:46.000,train,validation
2026-05-15 11:09:00,2026-05-15 10:59:23.000,2026-05-15 11:20:46.000,train,validation
2026-05-15 11:12:00,2026-05-15 11:02:23.000,2026-05-15 11:23:46.000,train,validation
2026-05-15 11:15:00,2026-05-15 11:05:23.000,2026-05-15 11:26:46.000,train,validation
2026-05-15 11:18:00,2026-05-15 11:08:23.000,2026-05-15 11:29:46.000,train,validation
2026-05-15 11:21:00,2026-05-15 11:11:23.000,2026-05-15 11:32:46.000,train,validation
2026-05-15 11:24:00,2026-05-15 11:14:23.000,2026-05-15 11:35:46.000,train,validation
2026-05-15 11:27:00,2026-05-15 11:17:23.000,2026-05-15 11:38:46.000,validation,validation
2026-05-15 11:30:00,2026-05-15 11:20:23.000,2026-05-15 11:41:46.000,train,validation
2026-05-15 11:33:00,2026-05-15 11:23:23.000,2026-05-15 11:44:46.000,train,validation
2026-05-15 11:36:00,2026-05-15 11:26:23.000,2026-05-15 11:47:46.000,validation,validation
2026-05-15 11:39:00,2026-05-15 11:29:23.000,2026-05-15 11:50:46.000,train,validation
2026-05-15 11:42:00,2026-05-15 11:32:23.000,2026-05-15 11:53:46.000,train,validation
2026-05-15 11:45:00,2026-05-15 11:35:23.000,2026-05-15 11:56:46.000,train,validation
2026-05-15 11:48:00,2026-05-15 11:38:23.000,2026-05-15 11:59:46.000,train,validation
2026-05-15 11:51:00,2026-05-15 11:41:23.000,2026-05-15 11:59:46.000,train,validation
2026-05-15 11:54:00,2026-05-15 11:44:23.000,2026-05-15 11:59:46.000,validation,validation
2026-05-15 11:57:00,2026-05-15 11:47:23.000,2026-05-15 11:59:46.000,train,validation
